record_id,person_id,entity_id
R000001,P006582,E006582
R000002,P000514,E000514
R000003,P003286,E003286
R000004,P002745,E002745
R000005,P001905,E001905
R000006,P006171,E006171
R000007,P006127,E006127
R000008,P006926,E006926
R000009,P000241,E000241
R000010,P005264,E005264
R000011,P002900,E002900
R000012,P000900,E000900
R000013,P002007,E002007
R000014,P000029,E000029
R000015,P004500,E004500
R000016,P003513,E003513
R000017,P004547,E004547
R000018,P002651,E002651
R000019,P003424,E003424
R000020,P005534,E005534
R000021,P001510,E001510
R000022,P000219,E000219
R000023,P004948,E004948
R000024,P004916,E004916
R000025,P001657,E001657
R000026,P006833,E006833
R000027,P004239,E004239
R000028,P001585,E001585
R000029,P001118,E001118
R000030,P002347,E002347
R000031,P003247,E003247
R000032,P004722,E004722
R000033,P001595,E001595
R000034,P001496,E001496
R000035,P001720,E001720
R000036,P003166,E003166
R000037,P005039,E005039
R000038,P002545,E002545
R000039,P006870,E006870
R000040,P006852,E006852
R000041,P001940,E001940
R000042,P001486,E001486
R000043,P003531,E003531
R000044,P003413,E003413
R000045,P004631,E004631
R000046,P002430,E002430
R000047,P006739,E006739
R000048,P004740,E004740
R000049,P001627,E001627
R000050,P004057,E004057
R000051,P003300,E003300
R000052,P000224,E000224
R000053,P003005,E003005
R000054,P004332,E004332
R000055,P004351,E004351
R000056,P000939,E000939
R000057,P002136,E002136
R000058,P002419,E002419
R000059,P001415,E001415
R000060,P000872,E000872
R000061,P007000,E007000
R000062,P001400,E001400
R000063,P004641,E004641
R000064,P003559,E003559
R000065,P000283,E000283
R000066,P000930,E000930
R000067,P003839,E003839
R000068,P006023,E006023
R000069,P001453,E001453
R000070,P001337,E001337
R000071,P002568,E002568
R000072,P001815,E001815
R000073,P003774,E003774
R000074,P000384,E000384
R000075,P004789,E004789
R000076,P005471,E005471
R000077,P006608,E006608
R000078,P001828,E001828
R000079,P002417,E002417
R000080,P005225,E005225
R000081,P003775,E003775
R000082,P000752,E000752
R000083,P003524,E003524
R000084,P005848,E005848
R000085,P000415,E000415
R000086,P005072,E005072
R000087,P005206,E005206
R000088,P006537,E006537
R000089,P004992,E004992
R000090,P000915,E000915
R000091,P002405,E002405
R000092,P004683,E004683
R000093,P002404,E002404
R000094,P000113,E000113
R000095,P000646,E000646
R000096,P003012,E003012
R000097,P001081,E001081
R000098,P004967,E004967
R000099,P000103,E000103
R000100,P001205,E001205
R000101,P002061,E002061
R000102,P004463,E004463
R000103,P002085,E002085
R000104,P003773,E003773
R000105,P001577,E001577
R000106,P003541,E003541
R000107,P002311,E002311
R000108,P004800,E004800
R000109,P004685,E004685
R000110,P004966,E004966
R000111,P004931,E004931
R000112,P000586,E000586
R000113,P005950,E005950
R000114,P006955,E006955
R000115,P004963,E004963
R000116,P000594,E000594
R000117,P003286,E003286
R000118,P002666,E002666
R000119,P005921,E005921
R000120,P006764,E006764
R000121,P000899,E000899
R000122,P006156,E006156
R000123,P003936,E003936
R000124,P006542,E006542
R000125,P001824,E001824
R000126,P006358,E006358
R000127,P006771,E006771
R000128,P000986,E000986
R000129,P000979,E000979
R000130,P006496,E006496
R000131,P006894,E006894
R000132,P002766,E002766
R000133,P006627,E006627
R000134,P006648,E006648
R000135,P000151,E000151
R000136,P003103,E003103
R000137,P002580,E002580
R000138,P003829,E003829
R000139,P001422,E001422
R000140,P005702,E005702
R000141,P006474,E006474
R000142,P000448,E000448
R000143,P002555,E002555
R000144,P003506,E003506
R000145,P002198,E002198
R000146,P002898,E002898
R000147,P003050,E003050
R000148,P001387,E001387
R000149,P000524,E000524
R000150,P002203,E002203
R000151,P006586,E006586
R000152,P005851,E005851
R000153,P002382,E002382
R000154,P004807,E004807
R000155,P002658,E002658
R000156,P000494,E000494
R000157,P005500,E005500
R000158,P004114,E004114
R000159,P006675,E006675
R000160,P000521,E000521
R000161,P001844,E001844
R000162,P005855,E005855
R000163,P006112,E006112
R000164,P001080,E001080
R000165,P000966,E000966
R000166,P003589,E003589
R000167,P001901,E001901
R000168,P004783,E004783
R000169,P003753,E003753
R000170,P006308,E006308
R000171,P004844,E004844
R000172,P000416,E000416
R000173,P004000,E004000
R000174,P005036,E005036
R000175,P000728,E000728
R000176,P003924,E003924
R000177,P003451,E003451
R000178,P006410,E006410
R000179,P003072,E003072
R000180,P002902,E002902
R000181,P002338,E002338
R000182,P005400,E005400
R000183,P005639,E005639
R000184,P002553,E002553
R000185,P002107,E002107
R000186,P005422,E005422
R000187,P001542,E001542
R000188,P002963,E002963
R000189,P004383,E004383
R000190,P001722,E001722
R000191,P005396,E005396
R000192,P004483,E004483
R000193,P002231,E002231
R000194,P005457,E005457
R000195,P005925,E005925
R000196,P000288,E000288
R000197,P002406,E002406
R000198,P002756,E002756
R000199,P005487,E005487
R000200,P000242,E000242
R000201,P001129,E001129
R000202,P004538,E004538
R000203,P003912,E003912
R000204,P005513,E005513
R000205,P006959,E006959
R000206,P003876,E003876
R000207,P003199,E003199
R000208,P003715,E003715
R000209,P006848,E006848
R000210,P006345,E006345
R000211,P000761,E000761
R000212,P002516,E002516
R000213,P004610,E004610
R000214,P003363,E003363
R000215,P002297,E002297
R000216,P002841,E002841
R000217,P004523,E004523
R000218,P004896,E004896
R000219,P005197,E005197
R000220,P001017,E001017
R000221,P005968,E005968
R000222,P004368,E004368
R000223,P005921,E005921
R000224,P003873,E003873
R000225,P000978,E000978
R000226,P006469,E006469
R000227,P004487,E004487
R000228,P003743,E003743
R000229,P000202,E000202
R000230,P000348,E000348
R000231,P001862,E001862
R000232,P000189,E000189
R000233,P006340,E006340
R000234,P003393,E003393
R000235,P001381,E001381
R000236,P003519,E003519
R000237,P002184,E002184
R000238,P003667,E003667
R000239,P000837,E000837
R000240,P004824,E004824
R000241,P003698,E003698
R000242,P001580,E001580
R000243,P001019,E001019
R000244,P006117,E006117
R000245,P004360,E004360
R000246,P002763,E002763
R000247,P004768,E004768
R000248,P002968,E002968
R000249,P005584,E005584
R000250,P001885,E001885
R000251,P000841,E000841
R000252,P000664,E000664
R000253,P004123,E004123
R000254,P000802,E000802
R000255,P001460,E001460
R000256,P005172,E005172
R000257,P001661,E001661
R000258,P005604,E005604
R000259,P004925,E004925
R000260,P006197,E006197
R000261,P000259,E000259
R000262,P005587,E005587
R000263,P002245,E002245
R000264,P003406,E003406
R000265,P002863,E002863
R000266,P002461,E002461
R000267,P000637,E000637
R000268,P005326,E005326
R000269,P003428,E003428
R000270,P000048,E000048
R000271,P000964,E000964
R000272,P001642,E001642
R000273,P003013,E003013
R000274,P000976,E000976
R000275,P000676,E000676
R000276,P005833,E005833
R000277,P002113,E002113
R000278,P003216,E003216
R000279,P002321,E002321
R000280,P000462,E000462
R000281,P001417,E001417
R000282,P004868,E004868
R000283,P002227,E002227
R000284,P000450,E000450
R000285,P003910,E003910
R000286,P002276,E002276
R000287,P004031,E004031
R000288,P005247,E005247
R000289,P005722,E005722
R000290,P006103,E006103
R000291,P004238,E004238
R000292,P006039,E006039
R000293,P006494,E006494
R000294,P004990,E004990
R000295,P003402,E003402
R000296,P003857,E003857
R000297,P006976,E006976
R000298,P000603,E000603
R000299,P003229,E003229
R000300,P006259,E006259
R000301,P002093,E002093
R000302,P001292,E001292
R000303,P002237,E002237
R000304,P006529,E006529
R000305,P001066,E001066
R000306,P002056,E002056
R000307,P003423,E003423
R000308,P003370,E003370
R000309,P006092,E006092
R000310,P004542,E004542
R000311,P001881,E001881
R000312,P002583,E002583
R000313,P001825,E001825
R000314,P001014,E001014
R000315,P000752,E000752
R000316,P004401,E004401
R000317,P001835,E001835
R000318,P003171,E003171
R000319,P005554,E005554
R000320,P002219,E002219
R000321,P006909,E006909
R000322,P000715,E000715
R000323,P003562,E003562
R000324,P006257,E006257
R000325,P000682,E000682
R000326,P004326,E004326
R000327,P001972,E001972
R000328,P000667,E000667
R000329,P005733,E005733
R000330,P002783,E002783
R000331,P005746,E005746
R000332,P003935,E003935
R000333,P004565,E004565
R000334,P006528,E006528
R000335,P003754,E003754
R000336,P004630,E004630
R000337,P003401,E003401
R000338,P002725,E002725
R000339,P004470,E004470
R000340,P002079,E002079
R000341,P000778,E000778
R000342,P005099,E005099
R000343,P001016,E001016
R000344,P003886,E003886
R000345,P004866,E004866
R000346,P004077,E004077
R000347,P006914,E006914
R000348,P002533,E002533
R000349,P003185,E003185
R000350,P003323,E003323
R000351,P003116,E003116
R000352,P001481,E001481
R000353,P002682,E002682
R000354,P006025,E006025
R000355,P006202,E006202
R000356,P000456,E000456
R000357,P005876,E005876
R000358,P002259,E002259
R000359,P004582,E004582
R000360,P001633,E001633
R000361,P003312,E003312
R000362,P003684,E003684
R000363,P003604,E003604
R000364,P004891,E004891
R000365,P005232,E005232
R000366,P006068,E006068
R000367,P001709,E001709
R000368,P003354,E003354
R000369,P003895,E003895
R000370,P000354,E000354
R000371,P002130,E002130
R000372,P005694,E005694
R000373,P002506,E002506
R000374,P002081,E002081
R000375,P001807,E001807
R000376,P004724,E004724
R000377,P004855,E004855
R000378,P005421,E005421
R000379,P005632,E005632
R000380,P002644,E002644
R000381,P002102,E002102
R000382,P005333,E005333
R000383,P003844,E003844
R000384,P003949,E003949
R000385,P000965,E000965
R000386,P000142,E000142
R000387,P005591,E005591
R000388,P000422,E000422
R000389,P001314,E001314
R000390,P005126,E005126
R000391,P001519,E001519
R000392,P006020,E006020
R000393,P004121,E004121
R000394,P003189,E003189
R000395,P005827,E005827
R000396,P001880,E001880
R000397,P006730,E006730
R000398,P005547,E005547
R000399,P000176,E000176
R000400,P002052,E002052
R000401,P002588,E002588
R000402,P004627,E004627
R000403,P006406,E006406
R000404,P006975,E006975
R000405,P005038,E005038
R000406,P005983,E005983
R000407,P000788,E000788
R000408,P003584,E003584
R000409,P003647,E003647
R000410,P004241,E004241
R000411,P004072,E004072
R000412,P000814,E000814
R000413,P000399,E000399
R000414,P001842,E001842
R000415,P005044,E005044
R000416,P001919,E001919
R000417,P005372,E005372
R000418,P003706,E003706
R000419,P006450,E006450
R000420,P006217,E006217
R000421,P003688,E003688
R000422,P003244,E003244
R000423,P006773,E006773
R000424,P000292,E000292
R000425,P000455,E000455
R000426,P002086,E002086
R000427,P002446,E002446
R000428,P000221,E000221
R000429,P000859,E000859
R000430,P004431,E004431
R000431,P002470,E002470
R000432,P003007,E003007
R000433,P001368,E001368
R000434,P001148,E001148
R000435,P000819,E000819
R000436,P002267,E002267
R000437,P003023,E003023
R000438,P001583,E001583
R000439,P005480,E005480
R000440,P003537,E003537
R000441,P006191,E006191
R000442,P002543,E002543
R000443,P000933,E000933
R000444,P001487,E001487
R000445,P001587,E001587
R000446,P005883,E005883
R000447,P001766,E001766
R000448,P003101,E003101
R000449,P006701,E006701
R000450,P005298,E005298
R000451,P000251,E000251
R000452,P001095,E001095
R000453,P005139,E005139
R000454,P002141,E002141
R000455,P004600,E004600
R000456,P003021,E003021
R000457,P005100,E005100
R000458,P004725,E004725
R000459,P005446,E005446
R000460,P001128,E001128
R000461,P001535,E001535
R000462,P003480,E003480
R000463,P005891,E005891
R000464,P006918,E006918
R000465,P001885,E001885
R000466,P001350,E001350
R000467,P000612,E000612
R000468,P003569,E003569
R000469,P002609,E002609
R000470,P002180,E002180
R000471,P003905,E003905
R000472,P003894,E003894
R000473,P002925,E002925
R000474,P002991,E002991
R000475,P001189,E001189
R000476,P005856,E005856
R000477,P004503,E004503
R000478,P004477,E004477
R000479,P001411,E001411
R000480,P004388,E004388
R000481,P000440,E000440
R000482,P005309,E005309
R000483,P004675,E004675
R000484,P004721,E004721
R000485,P005821,E005821
R000486,P004459,E004459
R000487,P002616,E002616
R000488,P005440,E005440
R000489,P006428,E006428
R000490,P002799,E002799
R000491,P000632,E000632
R000492,P005598,E005598
R000493,P002621,E002621
R000494,P004712,E004712
R000495,P003135,E003135
R000496,P004865,E004865
R000497,P000271,E000271
R000498,P001197,E001197
R000499,P002004,E002004
R000500,P005357,E005357
R000501,P000402,E000402
R000502,P005648,E005648
R000503,P004223,E004223
R000504,P002150,E002150
R000505,P004202,E004202
R000506,P004394,E004394
R000507,P006096,E006096
R000508,P003811,E003811
R000509,P000220,E000220
R000510,P006267,E006267
R000511,P003777,E003777
R000512,P006557,E006557
R000513,P003620,E003620
R000514,P002635,E002635
R000515,P004370,E004370
R000516,P002397,E002397
R000517,P002962,E002962
R000518,P000140,E000140
R000519,P000866,E000866
R000520,P004701,E004701
R000521,P005290,E005290
R000522,P001852,E001852
R000523,P006038,E006038
R000524,P005737,E005737
R000525,P002785,E002785
R000526,P001346,E001346
R000527,P005380,E005380
R000528,P000998,E000998
R000529,P002986,E002986
R000530,P005475,E005475
R000531,P001431,E001431
R000532,P000357,E000357
R000533,P000674,E000674
R000534,P000607,E000607
R000535,P002808,E002808
R000536,P005680,E005680
R000537,P000923,E000923
R000538,P006812,E006812
R000539,P006005,E006005
R000540,P006190,E006190
R000541,P002786,E002786
R000542,P003623,E003623
R000543,P000006,E000006
R000544,P002853,E002853
R000545,P004589,E004589
R000546,P000167,E000167
R000547,P001406,E001406
R000548,P001572,E001572
R000549,P004689,E004689
R000550,P003333,E003333
R000551,P002635,E002635
R000552,P004669,E004669
R000553,P006752,E006752
R000554,P001665,E001665
R000555,P000683,E000683
R000556,P000131,E000131
R000557,P006162,E006162
R000558,P006878,E006878
R000559,P000373,E000373
R000560,P006403,E006403
R000561,P005120,E005120
R000562,P001681,E001681
R000563,P004881,E004881
R000564,P003387,E003387
R000565,P003047,E003047
R000566,P005945,E005945
R000567,P004205,E004205
R000568,P003133,E003133
R000569,P003055,E003055
R000570,P000856,E000856
R000571,P004281,E004281
R000572,P001209,E001209
R000573,P001450,E001450
R000574,P000138,E000138
R000575,P003074,E003074
R000576,P006055,E006055
R000577,P002915,E002915
R000578,P004110,E004110
R000579,P000249,E000249
R000580,P003167,E003167
R000581,P006887,E006887
R000582,P002138,E002138
R000583,P006985,E006985
R000584,P001194,E001194
R000585,P000620,E000620
R000586,P003746,E003746
R000587,P006572,E006572
R000588,P003845,E003845
R000589,P001659,E001659
R000590,P000003,E000003
R000591,P006006,E006006
R000592,P004897,E004897
R000593,P001196,E001196
R000594,P004827,E004827
R000595,P000738,E000738
R000596,P001092,E001092
R000597,P005711,E005711
R000598,P000512,E000512
R000599,P006591,E006591
R000600,P000272,E000272
R000601,P002360,E002360
R000602,P000916,E000916
R000603,P006510,E006510
R000604,P005766,E005766
R000605,P006517,E006517
R000606,P000032,E000032
R000607,P002003,E002003
R000608,P000134,E000134
R000609,P001144,E001144
R000610,P005442,E005442
R000611,P003553,E003553
R000612,P001877,E001877
R000613,P005292,E005292
R000614,P002041,E002041
R000615,P000189,E000189
R000616,P001053,E001053
R000617,P005730,E005730
R000618,P005373,E005373
R000619,P004172,E004172
R000620,P006304,E006304
R000621,P001199,E001199
R000622,P006670,E006670
R000623,P004099,E004099
R000624,P006476,E006476
R000625,P000246,E000246
R000626,P006789,E006789
R000627,P002422,E002422
R000628,P001367,E001367
R000629,P000998,E000998
R000630,P002268,E002268
R000631,P003057,E003057
R000632,P006214,E006214
R000633,P002421,E002421
R000634,P000543,E000543
R000635,P005317,E005317
R000636,P005804,E005804
R000637,P002256,E002256
R000638,P002439,E002439
R000639,P004020,E004020
R000640,P004938,E004938
R000641,P004185,E004185
R000642,P002412,E002412
R000643,P004312,E004312
R000644,P000999,E000999
R000645,P003635,E003635
R000646,P004105,E004105
R000647,P001796,E001796
R000648,P001691,E001691
R000649,P006189,E006189
R000650,P002073,E002073
R000651,P000887,E000887
R000652,P001060,E001060
R000653,P006280,E006280
R000654,P005990,E005990
R000655,P000779,E000779
R000656,P001176,E001176
R000657,P006485,E006485
R000658,P003290,E003290
R000659,P000446,E000446
R000660,P006555,E006555
R000661,P002483,E002483
R000662,P004781,E004781
R000663,P002019,E002019
R000664,P006737,E006737
R000665,P003201,E003201
R000666,P001153,E001153
R000667,P002200,E002200
R000668,P003641,E003641
R000669,P004536,E004536
R000670,P004025,E004025
R000671,P004848,E004848
R000672,P006974,E006974
R000673,P006514,E006514
R000674,P003440,E003440
R000675,P002487,E002487
R000676,P000943,E000943
R000677,P006564,E006564
R000678,P001578,E001578
R000679,P004546,E004546
R000680,P001026,E001026
R000681,P005429,E005429
R000682,P003947,E003947
R000683,P006083,E006083
R000684,P004623,E004623
R000685,P003042,E003042
R000686,P002725,E002725
R000687,P001797,E001797
R000688,P005510,E005510
R000689,P003860,E003860
R000690,P004621,E004621
R000691,P001085,E001085
R000692,P005928,E005928
R000693,P003263,E003263
R000694,P005998,E005998
R000695,P001084,E001084
R000696,P004590,E004590
R000697,P002807,E002807
R000698,P001226,E001226
R000699,P002691,E002691
R000700,P004858,E004858
R000701,P002264,E002264
R000702,P001855,E001855
R000703,P003272,E003272
R000704,P002790,E002790
R000705,P006723,E006723
R000706,P002763,E002763
R000707,P003475,E003475
R000708,P001654,E001654
R000709,P000315,E000315
R000710,P006211,E006211
R000711,P006782,E006782
R000712,P004169,E004169
R000713,P000125,E000125
R000714,P001652,E001652
R000715,P004148,E004148
R000716,P006583,E006583
R000717,P004399,E004399
R000718,P004403,E004403
R000719,P000539,E000539
R000720,P006584,E006584
R000721,P002502,E002502
R000722,P003893,E003893
R000723,P006734,E006734
R000724,P001734,E001734
R000725,P001486,E001486
R000726,P000001,E000001
R000727,P002669,E002669
R000728,P002088,E002088
R000729,P004376,E004376
R000730,P004257,E004257
R000731,P002935,E002935
R000732,P006748,E006748
R000733,P005098,E005098
R000734,P002590,E002590
R000735,P006956,E006956
R000736,P002294,E002294
R000737,P000313,E000313
R000738,P000898,E000898
R000739,P006882,E006882
R000740,P003320,E003320
R000741,P006282,E006282
R000742,P005003,E005003
R000743,P004395,E004395
R000744,P000457,E000457
R000745,P003557,E003557
R000746,P004174,E004174
R000747,P000912,E000912
R000748,P001412,E001412
R000749,P001135,E001135
R000750,P002919,E002919
R000751,P000652,E000652
R000752,P000557,E000557
R000753,P006900,E006900
R000754,P001247,E001247
R000755,P000054,E000054
R000756,P001636,E001636
R000757,P005381,E005381
R000758,P003848,E003848
R000759,P006100,E006100
R000760,P002794,E002794
R000761,P001809,E001809
R000762,P005582,E005582
R000763,P000769,E000769
R000764,P000941,E000941
R000765,P004428,E004428
R000766,P005706,E005706
R000767,P003131,E003131
R000768,P004498,E004498
R000769,P001975,E001975
R000770,P003166,E003166
R000771,P002138,E002138
R000772,P002249,E002249
R000773,P006053,E006053
R000774,P003848,E003848
R000775,P004822,E004822
R000776,P003653,E003653
R000777,P006379,E006379
R000778,P003002,E003002
R000779,P002721,E002721
R000780,P002751,E002751
R000781,P001341,E001341
R000782,P004318,E004318
R000783,P001535,E001535
R000784,P005195,E005195
R000785,P003701,E003701
R000786,P004999,E004999
R000787,P005149,E005149
R000788,P001035,E001035
R000789,P002065,E002065
R000790,P006607,E006607
R000791,P002909,E002909
R000792,P005211,E005211
R000793,P004208,E004208
R000794,P005842,E005842
R000795,P001346,E001346
R000796,P004289,E004289
R000797,P003412,E003412
R000798,P005576,E005576
R000799,P004536,E004536
R000800,P004288,E004288
R000801,P005228,E005228
R000802,P001748,E001748
R000803,P000517,E000517
R000804,P002204,E002204
R000805,P004952,E004952
R000806,P004447,E004447
R000807,P004875,E004875
R000808,P002147,E002147
R000809,P003852,E003852
R000810,P002715,E002715
R000811,P000594,E000594
R000812,P006549,E006549
R000813,P000990,E000990
R000814,P003226,E003226
R000815,P001841,E001841
R000816,P002604,E002604
R000817,P002850,E002850
R000818,P005119,E005119
R000819,P004397,E004397
R000820,P001407,E001407
R000821,P002278,E002278
R000822,P001541,E001541
R000823,P001467,E001467
R000824,P004282,E004282
R000825,P000836,E000836
R000826,P004986,E004986
R000827,P002781,E002781
R000828,P006229,E006229
R000829,P004925,E004925
R000830,P003417,E003417
R000831,P006119,E006119
R000832,P000676,E000676
R000833,P003751,E003751
R000834,P001231,E001231
R000835,P004941,E004941
R000836,P004686,E004686
R000837,P003389,E003389
R000838,P002692,E002692
R000839,P000398,E000398
R000840,P003571,E003571
R000841,P001649,E001649
R000842,P000074,E000074
R000843,P000308,E000308
R000844,P000628,E000628
R000845,P002298,E002298
R000846,P005474,E005474
R000847,P002460,E002460
R000848,P001473,E001473
R000849,P002982,E002982
R000850,P000770,E000770
R000851,P006176,E006176
R000852,P000356,E000356
R000853,P000227,E000227
R000854,P001161,E001161
R000855,P003329,E003329
R000856,P006235,E006235
R000857,P005352,E005352
R000858,P001576,E001576
R000859,P005189,E005189
R000860,P004507,E004507
R000861,P006423,E006423
R000862,P001664,E001664
R000863,P002300,E002300
R000864,P003303,E003303
R000865,P006619,E006619
R000866,P002030,E002030
R000867,P002720,E002720
R000868,P003749,E003749
R000869,P000030,E000030
R000870,P000484,E000484
R000871,P000891,E000891
R000872,P003719,E003719
R000873,P005400,E005400
R000874,P001269,E001269
R000875,P005027,E005027
R000876,P005427,E005427
R000877,P006944,E006944
R000878,P003547,E003547
R000879,P001780,E001780
R000880,P000781,E000781
R000881,P005351,E005351
R000882,P000235,E000235
R000883,P004946,E004946
R000884,P003362,E003362
R000885,P002185,E002185
R000886,P002091,E002091
R000887,P003113,E003113
R000888,P005049,E005049
R000889,P006998,E006998
R000890,P002552,E002552
R000891,P002069,E002069
R000892,P002302,E002302
R000893,P003392,E003392
R000894,P002006,E002006
R000895,P000233,E000233
R000896,P002608,E002608
R000897,P001746,E001746
R000898,P004330,E004330
R000899,P001459,E001459
R000900,P006746,E006746
R000901,P004044,E004044
R000902,P000805,E000805
R000903,P006293,E006293
R000904,P005210,E005210
R000905,P001803,E001803
R000906,P002494,E002494
R000907,P005540,E005540
R000908,P001938,E001938
R000909,P005383,E005383
R000910,P002122,E002122
R000911,P004275,E004275
R000912,P004599,E004599
R000913,P005458,E005458
R000914,P006195,E006195
R000915,P002976,E002976
R000916,P005874,E005874
R000917,P000686,E000686
R000918,P004169,E004169
R000919,P004059,E004059
R000920,P005725,E005725
R000921,P001892,E001892
R000922,P000785,E000785
R000923,P002817,E002817
R000924,P000548,E000548
R000925,P005938,E005938
R000926,P000652,E000652
R000927,P001602,E001602
R000928,P004338,E004338
R000929,P004931,E004931
R000930,P004958,E004958
R000931,P003987,E003987
R000932,P006538,E006538
R000933,P004911,E004911
R000934,P006289,E006289
R000935,P001928,E001928
R000936,P001149,E001149
R000937,P003073,E003073
R000938,P005714,E005714
R000939,P002134,E002134
R000940,P005291,E005291
R000941,P004985,E004985
R000942,P004871,E004871
R000943,P005818,E005818
R000944,P005688,E005688
R000945,P003593,E003593
R000946,P005880,E005880
R000947,P005184,E005184
R000948,P000276,E000276
R000949,P003479,E003479
R000950,P004924,E004924
R000951,P002072,E002072
R000952,P002021,E002021
R000953,P006022,E006022
R000954,P002698,E002698
R000955,P005908,E005908
R000956,P002819,E002819
R000957,P005983,E005983
R000958,P002568,E002568
R000959,P001127,E001127
R000960,P002070,E002070
R000961,P004805,E004805
R000962,P000452,E000452
R000963,P005063,E005063
R000964,P002033,E002033
R000965,P000156,E000156
R000966,P003056,E003056
R000967,P001109,E001109
R000968,P005829,E005829
R000969,P002222,E002222
R000970,P001134,E001134
R000971,P002497,E002497
R000972,P001354,E001354
R000973,P002218,E002218
R000974,P004834,E004834
R000975,P001392,E001392
R000976,P001617,E001617
R000977,P004768,E004768
R000978,P003821,E003821
R000979,P006620,E006620
R000980,P003071,E003071
R000981,P000482,E000482
R000982,P006898,E006898
R000983,P003102,E003102
R000984,P001923,E001923
R000985,P006126,E006126
R000986,P006543,E006543
R000987,P000801,E000801
R000988,P001273,E001273
R000989,P006123,E006123
R000990,P003630,E003630
R000991,P000234,E000234
R000992,P006768,E006768
R000993,P003357,E003357
R000994,P006664,E006664
R000995,P006461,E006461
R000996,P004566,E004566
R000997,P003622,E003622
R000998,P002174,E002174
R000999,P005125,E005125
R001000,P004878,E004878
R001001,P006985,E006985
R001002,P002955,E002955
R001003,P001987,E001987
R001004,P002137,E002137
R001005,P000057,E000057
R001006,P000841,E000841
R001007,P005739,E005739
R001008,P002388,E002388
R001009,P005464,E005464
R001010,P003176,E003176
R001011,P006445,E006445
R001012,P001755,E001755
R001013,P004781,E004781
R001014,P006136,E006136
R001015,P006756,E006756
R001016,P006169,E006169
R001017,P004414,E004414
R001018,P003891,E003891
R001019,P005985,E005985
R001020,P000599,E000599
R001021,P002463,E002463
R001022,P005759,E005759
R001023,P000843,E000843
R001024,P002111,E002111
R001025,P000541,E000541
R001026,P000750,E000750
R001027,P004862,E004862
R001028,P006931,E006931
R001029,P006898,E006898
R001030,P006377,E006377
R001031,P000736,E000736
R001032,P000633,E000633
R001033,P004118,E004118
R001034,P000716,E000716
R001035,P002792,E002792
R001036,P003874,E003874
R001037,P006783,E006783
R001038,P003822,E003822
R001039,P004052,E004052
R001040,P001591,E001591
R001041,P002408,E002408
R001042,P003909,E003909
R001043,P002757,E002757
R001044,P002697,E002697
R001045,P003157,E003157
R001046,P004688,E004688
R001047,P006713,E006713
R001048,P004618,E004618
R001049,P005258,E005258
R001050,P002039,E002039
R001051,P003598,E003598
R001052,P006300,E006300
R001053,P006452,E006452
R001054,P000009,E000009
R001055,P004399,E004399
R001056,P004555,E004555
R001057,P005828,E005828
R001058,P002271,E002271
R001059,P004581,E004581
R001060,P000077,E000077
R001061,P006475,E006475
R001062,P002814,E002814
R001063,P003230,E003230
R001064,P001926,E001926
R001065,P001614,E001614
R001066,P002312,E002312
R001067,P004267,E004267
R001068,P006877,E006877
R001069,P004956,E004956
R001070,P002383,E002383
R001071,P001465,E001465
R001072,P000569,E000569
R001073,P003597,E003597
R001074,P005910,E005910
R001075,P000971,E000971
R001076,P000862,E000862
R001077,P006571,E006571
R001078,P005504,E005504
R001079,P006947,E006947
R001080,P005128,E005128
R001081,P004772,E004772
R001082,P001560,E001560
R001083,P000307,E000307
R001084,P006306,E006306
R001085,P002206,E002206
R001086,P006820,E006820
R001087,P006418,E006418
R001088,P002937,E002937
R001089,P004985,E004985
R001090,P000390,E000390
R001091,P004396,E004396
R001092,P003450,E003450
R001093,P001594,E001594
R001094,P002686,E002686
R001095,P003561,E003561
R001096,P003369,E003369
R001097,P000270,E000270
R001098,P001839,E001839
R001099,P000430,E000430
R001100,P000542,E000542
R001101,P001724,E001724
R001102,P001355,E001355
R001103,P000526,E000526
R001104,P004517,E004517
R001105,P001846,E001846
R001106,P006973,E006973
R001107,P001817,E001817
R001108,P006716,E006716
R001109,P005878,E005878
R001110,P002967,E002967
R001111,P000661,E000661
R001112,P003900,E003900
R001113,P002264,E002264
R001114,P005736,E005736
R001115,P006762,E006762
R001116,P001332,E001332
R001117,P006436,E006436
R001118,P000489,E000489
R001119,P006509,E006509
R001120,P003916,E003916
R001121,P003483,E003483
R001122,P005987,E005987
R001123,P003396,E003396
R001124,P003742,E003742
R001125,P000984,E000984
R001126,P005764,E005764
R001127,P005651,E005651
R001128,P000734,E000734
R001129,P004651,E004651
R001130,P002842,E002842
R001131,P004709,E004709
R001132,P001437,E001437
R001133,P004928,E004928
R001134,P003036,E003036
R001135,P004921,E004921
R001136,P005251,E005251
R001137,P003989,E003989
R001138,P000561,E000561
R001139,P003466,E003466
R001140,P000376,E000376
R001141,P002958,E002958
R001142,P000771,E000771
R001143,P000379,E000379
R001144,P000960,E000960
R001145,P003798,E003798
R001146,P005234,E005234
R001147,P001954,E001954
R001148,P006946,E006946
R001149,P000747,E000747
R001150,P002223,E002223
R001151,P002557,E002557
R001152,P005233,E005233
R001153,P001287,E001287
R001154,P006861,E006861
R001155,P005438,E005438
R001156,P005255,E005255
R001157,P005530,E005530
R001158,P003629,E003629
R001159,P002627,E002627
R001160,P004646,E004646
R001161,P006037,E006037
R001162,P005424,E005424
R001163,P003732,E003732
R001164,P002732,E002732
R001165,P004607,E004607
R001166,P000632,E000632
R001167,P006890,E006890
R001168,P002341,E002341
R001169,P006685,E006685
R001170,P001031,E001031
R001171,P003634,E003634
R001172,P002346,E002346
R001173,P005007,E005007
R001174,P002985,E002985
R001175,P002046,E002046
R001176,P003865,E003865
R001177,P001048,E001048
R001178,P005846,E005846
R001179,P004625,E004625
R001180,P000510,E000510
R001181,P004530,E004530
R001182,P004949,E004949
R001183,P004894,E004894
R001184,P005658,E005658
R001185,P006109,E006109
R001186,P005816,E005816
R001187,P005635,E005635
R001188,P000469,E000469
R001189,P000708,E000708
R001190,P006072,E006072
R001191,P004629,E004629
R001192,P003470,E003470
R001193,P006597,E006597
R001194,P005157,E005157
R001195,P003735,E003735
R001196,P001816,E001816
R001197,P001970,E001970
R001198,P003613,E003613
R001199,P001911,E001911
R001200,P001438,E001438
R001201,P001977,E001977
R001202,P005334,E005334
R001203,P000877,E000877
R001204,P003046,E003046
R001205,P000737,E000737
R001206,P002142,E002142
R001207,P000591,E000591
R001208,P002930,E002930
R001209,P005217,E005217
R001210,P005451,E005451
R001211,P002590,E002590
R001212,P002325,E002325
R001213,P006508,E006508
R001214,P003851,E003851
R001215,P001324,E001324
R001216,P005220,E005220
R001217,P003896,E003896
R001218,P004158,E004158
R001219,P005913,E005913
R001220,P003032,E003032
R001221,P001517,E001517
R001222,P004682,E004682
R001223,P005151,E005151
R001224,P002220,E002220
R001225,P003409,E003409
R001226,P001982,E001982
R001227,P003356,E003356
R001228,P003570,E003570
R001229,P000952,E000952
R001230,P006159,E006159
R001231,P003446,E003446
R001232,P006323,E006323
R001233,P006536,E006536
R001234,P001273,E001273
R001235,P003227,E003227
R001236,P006338,E006338
R001237,P001153,E001153
R001238,P003453,E003453
R001239,P000344,E000344
R001240,P001347,E001347
R001241,P000422,E000422
R001242,P006294,E006294
R001243,P004965,E004965
R001244,P003491,E003491
R001245,P006284,E006284
R001246,P004661,E004661
R001247,P004308,E004308
R001248,P003075,E003075
R001249,P005506,E005506
R001250,P004049,E004049
R001251,P006173,E006173
R001252,P000327,E000327
R001253,P001043,E001043
R001254,P005600,E005600
R001255,P002920,E002920
R001256,P002714,E002714
R001257,P001309,E001309
R001258,P000014,E000014
R001259,P000837,E000837
R001260,P002323,E002323
R001261,P003181,E003181
R001262,P002798,E002798
R001263,P006765,E006765
R001264,P006723,E006723
R001265,P005108,E005108
R001266,P003314,E003314
R001267,P004203,E004203
R001268,P005348,E005348
R001269,P004596,E004596
R001270,P003164,E003164
R001271,P001793,E001793
R001272,P003954,E003954
R001273,P001916,E001916
R001274,P005844,E005844
R001275,P000547,E000547
R001276,P005867,E005867
R001277,P001698,E001698
R001278,P000946,E000946
R001279,P004364,E004364
R001280,P006431,E006431
R001281,P006729,E006729
R001282,P002171,E002171
R001283,P003291,E003291
R001284,P002075,E002075
R001285,P001912,E001912
R001286,P004221,E004221
R001287,P005308,E005308
R001288,P004818,E004818
R001289,P005179,E005179
R001290,P004030,E004030
R001291,P001517,E001517
R001292,P006766,E006766
R001293,P005596,E005596
R001294,P001042,E001042
R001295,P000973,E000973
R001296,P000476,E000476
R001297,P002081,E002081
R001298,P006561,E006561
R001299,P004304,E004304
R001300,P004171,E004171
R001301,P003187,E003187
R001302,P001072,E001072
R001303,P000600,E000600
R001304,P002854,E002854
R001305,P003090,E003090
R001306,P000109,E000109
R001307,P005508,E005508
R001308,P002669,E002669
R001309,P001602,E001602
R001310,P001397,E001397
R001311,P004087,E004087
R001312,P006404,E006404
R001313,P006419,E006419
R001314,P005068,E005068
R001315,P004679,E004679
R001316,P002935,E002935
R001317,P003273,E003273
R001318,P001139,E001139
R001319,P005018,E005018
R001320,P005665,E005665
R001321,P001579,E001579
R001322,P002029,E002029
R001323,P005875,E005875
R001324,P004354,E004354
R001325,P004154,E004154
R001326,P004520,E004520
R001327,P000961,E000961
R001328,P005895,E005895
R001329,P006936,E006936
R001330,P003671,E003671
R001331,P001606,E001606
R001332,P000477,E000477
R001333,P005624,E005624
R001334,P006666,E006666
R001335,P005405,E005405
R001336,P001607,E001607
R001337,P002675,E002675
R001338,P006012,E006012
R001339,P002504,E002504
R001340,P006138,E006138
R001341,P004440,E004440
R001342,P005919,E005919
R001343,P004815,E004815
R001344,P005893,E005893
R001345,P002686,E002686
R001346,P004657,E004657
R001347,P002824,E002824
R001348,P004742,E004742
R001349,P005023,E005023
R001350,P000247,E000247
R001351,P006397,E006397
R001352,P006317,E006317
R001353,P003973,E003973
R001354,P001866,E001866
R001355,P002789,E002789
R001356,P003897,E003897
R001357,P001433,E001433
R001358,P003003,E003003
R001359,P005000,E005000
R001360,P005120,E005120
R001361,P006145,E006145
R001362,P000838,E000838
R001363,P006356,E006356
R001364,P005605,E005605
R001365,P003960,E003960
R001366,P002445,E002445
R001367,P002777,E002777
R001368,P003282,E003282
R001369,P000768,E000768
R001370,P004467,E004467
R001371,P002577,E002577
R001372,P002036,E002036
R001373,P004966,E004966
R001374,P006203,E006203
R001375,P001143,E001143
R001376,P000300,E000300
R001377,P005252,E005252
R001378,P005970,E005970
R001379,P004850,E004850
R001380,P005903,E005903
R001381,P002437,E002437
R001382,P001327,E001327
R001383,P004116,E004116
R001384,P000413,E000413
R001385,P005765,E005765
R001386,P003456,E003456
R001387,P001694,E001694
R001388,P006520,E006520
R001389,P005017,E005017
R001390,P006310,E006310
R001391,P005738,E005738
R001392,P000862,E000862
R001393,P003948,E003948
R001394,P004639,E004639
R001395,P000563,E000563
R001396,P005940,E005940
R001397,P001050,E001050
R001398,P006222,E006222
R001399,P001448,E001448
R001400,P003461,E003461
R001401,P001763,E001763
R001402,P001618,E001618
R001403,P006218,E006218
R001404,P005570,E005570
R001405,P004795,E004795
R001406,P002747,E002747
R001407,P000565,E000565
R001408,P004294,E004294
R001409,P005394,E005394
R001410,P000616,E000616
R001411,P006350,E006350
R001412,P001686,E001686
R001413,P003849,E003849
R001414,P003632,E003632
R001415,P004545,E004545
R001416,P004647,E004647
R001417,P002365,E002365
R001418,P001865,E001865
R001419,P005426,E005426
R001420,P004039,E004039
R001421,P001321,E001321
R001422,P001643,E001643
R001423,P001874,E001874
R001424,P001597,E001597
R001425,P000643,E000643
R001426,P004055,E004055
R001427,P000564,E000564
R001428,P005170,E005170
R001429,P004277,E004277
R001430,P000467,E000467
R001431,P004846,E004846
R001432,P002834,E002834
R001433,P001802,E001802
R001434,P003030,E003030
R001435,P001922,E001922
R001436,P004117,E004117
R001437,P002851,E002851
R001438,P004518,E004518
R001439,P000502,E000502
R001440,P003170,E003170
R001441,P004552,E004552
R001442,P005470,E005470
R001443,P006599,E006599
R001444,P003377,E003377
R001445,P001236,E001236
R001446,P002143,E002143
R001447,P003352,E003352
R001448,P001963,E001963
R001449,P005812,E005812
R001450,P006504,E006504
R001451,P001619,E001619
R001452,P005914,E005914
R001453,P001420,E001420
R001454,P000169,E000169
R001455,P005096,E005096
R001456,P002168,E002168
R001457,P003427,E003427
R001458,P006105,E006105
R001459,P006106,E006106
R001460,P003142,E003142
R001461,P006981,E006981
R001462,P003322,E003322
R001463,P004948,E004948
R001464,P001848,E001848
R001465,P003821,E003821
R001466,P005055,E005055
R001467,P005082,E005082
R001468,P000608,E000608
R001469,P001333,E001333
R001470,P002641,E002641
R001471,P001727,E001727
R001472,P000541,E000541
R001473,P000425,E000425
R001474,P001244,E001244
R001475,P005752,E005752
R001476,P004069,E004069
R001477,P003144,E003144
R001478,P000899,E000899
R001479,P001369,E001369
R001480,P005328,E005328
R001481,P000516,E000516
R001482,P005069,E005069
R001483,P002291,E002291
R001484,P002424,E002424
R001485,P000152,E000152
R001486,P002155,E002155
R001487,P005019,E005019
R001488,P003525,E003525
R001489,P004508,E004508
R001490,P000358,E000358
R001491,P002543,E002543
R001492,P003493,E003493
R001493,P006111,E006111
R001494,P000024,E000024
R001495,P003499,E003499
R001496,P000531,E000531
R001497,P002152,E002152
R001498,P005985,E005985
R001499,P005374,E005374
R001500,P002042,E002042
R001501,P004748,E004748
R001502,P004204,E004204
R001503,P001692,E001692
R001504,P004369,E004369
R001505,P002929,E002929
R001506,P001556,E001556
R001507,P003487,E003487
R001508,P002341,E002341
R001509,P000150,E000150
R001510,P005356,E005356
R001511,P003928,E003928
R001512,P004854,E004854
R001513,P001000,E001000
R001514,P003573,E003573
R001515,P003827,E003827
R001516,P003291,E003291
R001517,P000795,E000795
R001518,P002331,E002331
R001519,P006474,E006474
R001520,P006299,E006299
R001521,P000080,E000080
R001522,P001238,E001238
R001523,P001436,E001436
R001524,P002441,E002441
R001525,P005529,E005529
R001526,P006049,E006049
R001527,P004573,E004573
R001528,P006507,E006507
R001529,P004929,E004929
R001530,P000760,E000760
R001531,P003409,E003409
R001532,P003580,E003580
R001533,P004340,E004340
R001534,P000285,E000285
R001535,P002015,E002015
R001536,P005972,E005972
R001537,P001405,E001405
R001538,P004874,E004874
R001539,P002637,E002637
R001540,P003330,E003330
R001541,P005960,E005960
R001542,P005830,E005830
R001543,P002629,E002629
R001544,P001725,E001725
R001545,P000333,E000333
R001546,P001445,E001445
R001547,P006916,E006916
R001548,P002677,E002677
R001549,P001903,E001903
R001550,P005224,E005224
R001551,P006414,E006414
R001552,P001166,E001166
R001553,P001939,E001939
R001554,P002626,E002626
R001555,P002645,E002645
R001556,P004677,E004677
R001557,P005814,E005814
R001558,P004608,E004608
R001559,P006208,E006208
R001560,P002415,E002415
R001561,P003750,E003750
R001562,P003352,E003352
R001563,P001131,E001131
R001564,P000228,E000228
R001565,P001549,E001549
R001566,P003984,E003984
R001567,P000321,E000321
R001568,P004695,E004695
R001569,P004080,E004080
R001570,P005076,E005076
R001571,P006687,E006687
R001572,P004462,E004462
R001573,P002020,E002020
R001574,P001691,E001691
R001575,P003060,E003060
R001576,P005484,E005484
R001577,P006813,E006813
R001578,P003448,E003448
R001579,P005246,E005246
R001580,P005042,E005042
R001581,P000329,E000329
R001582,P002369,E002369
R001583,P002265,E002265
R001584,P001883,E001883
R001585,P000270,E000270
R001586,P006404,E006404
R001587,P001974,E001974
R001588,P005045,E005045
R001589,P001886,E001886
R001590,P006285,E006285
R001591,P005521,E005521
R001592,P006560,E006560
R001593,P000228,E000228
R001594,P001574,E001574
R001595,P003590,E003590
R001596,P006478,E006478
R001597,P003248,E003248
R001598,P003914,E003914
R001599,P005691,E005691
R001600,P001401,E001401
R001601,P000996,E000996
R001602,P001871,E001871
R001603,P000337,E000337
R001604,P003652,E003652
R001605,P002182,E002182
R001606,P002032,E002032
R001607,P002084,E002084
R001608,P002325,E002325
R001609,P000168,E000168
R001610,P003340,E003340
R001611,P006198,E006198
R001612,P000608,E000608
R001613,P003675,E003675
R001614,P002973,E002973
R001615,P006061,E006061
R001616,P006015,E006015
R001617,P000465,E000465
R001618,P006164,E006164
R001619,P006930,E006930
R001620,P004555,E004555
R001621,P004356,E004356
R001622,P001724,E001724
R001623,P004475,E004475
R001624,P006208,E006208
R001625,P003152,E003152
R001626,P001563,E001563
R001627,P005534,E005534
R001628,P004203,E004203
R001629,P004642,E004642
R001630,P004321,E004321
R001631,P002510,E002510
R001632,P001888,E001888
R001633,P004529,E004529
R001634,P002194,E002194
R001635,P003718,E003718
R001636,P006339,E006339
R001637,P004135,E004135
R001638,P004533,E004533
R001639,P005727,E005727
R001640,P005869,E005869
R001641,P001375,E001375
R001642,P003447,E003447
R001643,P000707,E000707
R001644,P004391,E004391
R001645,P000936,E000936
R001646,P006357,E006357
R001647,P005537,E005537
R001648,P000978,E000978
R001649,P002238,E002238
R001650,P002560,E002560
R001651,P003510,E003510
R001652,P004561,E004561
R001653,P006413,E006413
R001654,P002736,E002736
R001655,P006387,E006387
R001656,P000129,E000129
R001657,P006019,E006019
R001658,P005953,E005953
R001659,P005888,E005888
R001660,P004201,E004201
R001661,P000124,E000124
R001662,P003407,E003407
R001663,P003878,E003878
R001664,P001786,E001786
R001665,P005499,E005499
R001666,P002954,E002954
R001667,P002508,E002508
R001668,P000439,E000439
R001669,P006219,E006219
R001670,P006019,E006019
R001671,P004271,E004271
R001672,P000945,E000945
R001673,P005280,E005280
R001674,P004611,E004611
R001675,P002278,E002278
R001676,P001705,E001705
R001677,P002025,E002025
R001678,P005501,E005501
R001679,P006515,E006515
R001680,P003659,E003659
R001681,P004059,E004059
R001682,P001991,E001991
R001683,P006146,E006146
R001684,P004537,E004537
R001685,P001223,E001223
R001686,P006524,E006524
R001687,P001745,E001745
R001688,P003831,E003831
R001689,P001196,E001196
R001690,P001123,E001123
R001691,P000061,E000061
R001692,P002611,E002611
R001693,P006711,E006711
R001694,P004788,E004788
R001695,P006790,E006790
R001696,P003676,E003676
R001697,P005311,E005311
R001698,P006367,E006367
R001699,P003054,E003054
R001700,P000956,E000956
R001701,P003963,E003963
R001702,P003621,E003621
R001703,P004097,E004097
R001704,P005316,E005316
R001705,P002536,E002536
R001706,P000441,E000441
R001707,P004308,E004308
R001708,P006740,E006740
R001709,P003582,E003582
R001710,P001426,E001426
R001711,P000289,E000289
R001712,P003824,E003824
R001713,P001114,E001114
R001714,P002620,E002620
R001715,P003474,E003474
R001716,P004390,E004390
R001717,P001439,E001439
R001718,P004600,E004600
R001719,P001211,E001211
R001720,P006759,E006759
R001721,P001750,E001750
R001722,P005148,E005148
R001723,P006143,E006143
R001724,P000351,E000351
R001725,P001980,E001980
R001726,P000312,E000312
R001727,P004130,E004130
R001728,P003182,E003182
R001729,P002308,E002308
R001730,P003445,E003445
R001731,P001697,E001697
R001732,P002628,E002628
R001733,P005338,E005338
R001734,P004560,E004560
R001735,P005760,E005760
R001736,P002828,E002828
R001737,P005175,E005175
R001738,P005892,E005892
R001739,P000070,E000070
R001740,P005190,E005190
R001741,P006807,E006807
R001742,P003104,E003104
R001743,P005439,E005439
R001744,P001119,E001119
R001745,P004764,E004764
R001746,P005129,E005129
R001747,P002805,E002805
R001748,P002054,E002054
R001749,P006131,E006131
R001750,P001937,E001937
R001751,P006669,E006669
R001752,P004270,E004270
R001753,P005266,E005266
R001754,P004219,E004219
R001755,P005508,E005508
R001756,P005392,E005392
R001757,P006522,E006522
R001758,P000103,E000103
R001759,P005259,E005259
R001760,P003912,E003912
R001761,P002466,E002466
R001762,P003475,E003475
R001763,P001523,E001523
R001764,P006036,E006036
R001765,P006653,E006653
R001766,P004041,E004041
R001767,P005130,E005130
R001768,P000446,E000446
R001769,P004209,E004209
R001770,P002370,E002370
R001771,P001993,E001993
R001772,P005963,E005963
R001773,P004235,E004235
R001774,P001304,E001304
R001775,P001546,E001546
R001776,P006747,E006747
R001777,P002475,E002475
R001778,P002270,E002270
R001779,P005324,E005324
R001780,P006996,E006996
R001781,P006276,E006276
R001782,P003316,E003316
R001783,P001372,E001372
R001784,P000836,E000836
R001785,P001266,E001266
R001786,P006656,E006656
R001787,P000800,E000800
R001788,P006750,E006750
R001789,P005312,E005312
R001790,P000298,E000298
R001791,P005006,E005006
R001792,P003365,E003365
R001793,P003224,E003224
R001794,P001870,E001870
R001795,P001695,E001695
R001796,P000507,E000507
R001797,P002814,E002814
R001798,P006212,E006212
R001799,P006236,E006236
R001800,P003400,E003400
R001801,P000596,E000596
R001802,P004329,E004329
R001803,P002938,E002938
R001804,P000700,E000700
R001805,P000793,E000793
R001806,P000407,E000407
R001807,P000296,E000296
R001808,P004548,E004548
R001809,P001740,E001740
R001810,P004853,E004853
R001811,P006986,E006986
R001812,P004060,E004060
R001813,P001794,E001794
R001814,P000263,E000263
R001815,P003269,E003269
R001816,P003265,E003265
R001817,P005939,E005939
R001818,P003437,E003437
R001819,P001027,E001027
R001820,P003277,E003277
R001821,P005336,E005336
R001822,P004247,E004247
R001823,P000191,E000191
R001824,P002765,E002765
R001825,P005078,E005078
R001826,P002715,E002715
R001827,P002467,E002467
R001828,P005571,E005571
R001829,P005183,E005183
R001830,P003403,E003403
R001831,P002917,E002917
R001832,P002491,E002491
R001833,P006178,E006178
R001834,P001805,E001805
R001835,P005532,E005532
R001836,P004064,E004064
R001837,P000640,E000640
R001838,P006739,E006739
R001839,P000334,E000334
R001840,P002319,E002319
R001841,P002029,E002029
R001842,P004411,E004411
R001843,P002952,E002952
R001844,P002704,E002704
R001845,P005823,E005823
R001846,P004035,E004035
R001847,P002135,E002135
R001848,P003578,E003578
R001849,P004755,E004755
R001850,P006296,E006296
R001851,P006537,E006537
R001852,P002847,E002847
R001853,P003341,E003341
R001854,P000372,E000372
R001855,P006314,E006314
R001856,P003225,E003225
R001857,P006587,E006587
R001858,P000581,E000581
R001859,P000076,E000076
R001860,P002689,E002689
R001861,P000705,E000705
R001862,P002773,E002773
R001863,P005163,E005163
R001864,P006201,E006201
R001865,P005671,E005671
R001866,P000188,E000188
R001867,P006062,E006062
R001868,P006596,E006596
R001869,P000374,E000374
R001870,P005778,E005778
R001871,P003118,E003118
R001872,P006824,E006824
R001873,P002127,E002127
R001874,P006128,E006128
R001875,P005882,E005882
R001876,P006564,E006564
R001877,P004794,E004794
R001878,P004350,E004350
R001879,P005637,E005637
R001880,P000232,E000232
R001881,P002400,E002400
R001882,P001855,E001855
R001883,P004729,E004729
R001884,P000906,E000906
R001885,P000829,E000829
R001886,P003228,E003228
R001887,P004652,E004652
R001888,P001924,E001924
R001889,P005396,E005396
R001890,P002804,E002804
R001891,P001100,E001100
R001892,P006133,E006133
R001893,P004713,E004713
R001894,P001342,E001342
R001895,P002654,E002654
R001896,P005350,E005350
R001897,P006758,E006758
R001898,P004785,E004785
R001899,P005649,E005649
R001900,P000518,E000518
R001901,P005602,E005602
R001902,P006936,E006936
R001903,P002084,E002084
R001904,P005114,E005114
R001905,P005004,E005004
R001906,P004556,E004556
R001907,P005779,E005779
R001908,P000263,E000263
R001909,P005007,E005007
R001910,P005728,E005728
R001911,P005806,E005806
R001912,P000905,E000905
R001913,P006883,E006883
R001914,P003876,E003876
R001915,P001158,E001158
R001916,P005360,E005360
R001917,P001605,E001605
R001918,P001039,E001039
R001919,P000805,E000805
R001920,P004970,E004970
R001921,P005568,E005568
R001922,P004995,E004995
R001923,P001182,E001182
R001924,P004793,E004793
R001925,P006507,E006507
R001926,P002981,E002981
R001927,P001213,E001213
R001928,P004017,E004017
R001929,P003650,E003650
R001930,P003572,E003572
R001931,P002810,E002810
R001932,P000383,E000383
R001933,P005058,E005058
R001934,P006798,E006798
R001935,P003494,E003494
R001936,P001155,E001155
R001937,P004197,E004197
R001938,P006827,E006827
R001939,P000892,E000892
R001940,P002809,E002809
R001941,P004468,E004468
R001942,P003073,E003073
R001943,P004109,E004109
R001944,P003034,E003034
R001945,P005788,E005788
R001946,P003977,E003977
R001947,P000279,E000279
R001948,P001610,E001610
R001949,P003143,E003143
R001950,P005189,E005189
R001951,P006584,E006584
R001952,P006635,E006635
R001953,P002482,E002482
R001954,P005906,E005906
R001955,P004195,E004195
R001956,P005301,E005301
R001957,P004603,E004603
R001958,P006745,E006745
R001959,P002186,E002186
R001960,P002630,E002630
R001961,P002236,E002236
R001962,P000043,E000043
R001963,P006420,E006420
R001964,P004012,E004012
R001965,P002429,E002429
R001966,P002317,E002317
R001967,P001878,E001878
R001968,P003490,E003490
R001969,P004440,E004440
R001970,P002788,E002788
R001971,P006274,E006274
R001972,P004681,E004681
R001973,P004540,E004540
R001974,P000523,E000523
R001975,P001751,E001751
R001976,P006612,E006612
R001977,P004162,E004162
R001978,P002317,E002317
R001979,P005661,E005661
R001980,P005194,E005194
R001981,P002601,E002601
R001982,P004821,E004821
R001983,P001998,E001998
R001984,P005793,E005793
R001985,P005022,E005022
R001986,P004840,E004840
R001987,P002501,E002501
R001988,P004065,E004065
R001989,P001277,E001277
R001990,P001550,E001550
R001991,P000177,E000177
R001992,P001794,E001794
R001993,P003626,E003626
R001994,P003274,E003274
R001995,P000071,E000071
R001996,P006741,E006741
R001997,P004561,E004561
R001998,P002260,E002260
R001999,P004378,E004378
R002000,P001623,E001623
R002001,P006996,E006996
R002002,P002982,E002982
R002003,P005214,E005214
R002004,P000187,E000187
R002005,P003443,E003443
R002006,P004825,E004825
R002007,P000680,E000680
R002008,P005249,E005249
R002009,P006581,E006581
R002010,P003177,E003177
R002011,P006977,E006977
R002012,P001610,E001610
R002013,P002049,E002049
R002014,P000563,E000563
R002015,P000839,E000839
R002016,P002739,E002739
R002017,P001459,E001459
R002018,P003082,E003082
R002019,P001675,E001675
R002020,P001979,E001979
R002021,P002192,E002192
R002022,P003679,E003679
R002023,P002846,E002846
R002024,P003355,E003355
R002025,P002454,E002454
R002026,P001988,E001988
R002027,P000466,E000466
R002028,P005495,E005495
R002029,P002746,E002746
R002030,P002459,E002459
R002031,P004814,E004814
R002032,P006513,E006513
R002033,P006234,E006234
R002034,P002579,E002579
R002035,P000889,E000889
R002036,P000947,E000947
R002037,P001762,E001762
R002038,P004511,E004511
R002039,P002690,E002690
R002040,P005218,E005218
R002041,P001385,E001385
R002042,P006295,E006295
R002043,P003393,E003393
R002044,P002112,E002112
R002045,P000357,E000357
R002046,P004539,E004539
R002047,P005485,E005485
R002048,P003953,E003953
R002049,P004095,E004095
R002050,P005103,E005103
R002051,P002954,E002954
R002052,P004644,E004644
R002053,P004806,E004806
R002054,P000241,E000241
R002055,P001583,E001583
R002056,P006431,E006431
R002057,P004661,E004661
R002058,P006470,E006470
R002059,P001069,E001069
R002060,P006082,E006082
R002061,P003920,E003920
R002062,P005527,E005527
R002063,P000784,E000784
R002064,P004769,E004769
R002065,P002153,E002153
R002066,P001004,E001004
R002067,P004606,E004606
R002068,P003673,E003673
R002069,P004263,E004263
R002070,P003786,E003786
R002071,P005085,E005085
R002072,P001034,E001034
R002073,P001902,E001902
R002074,P004263,E004263
R002075,P006071,E006071
R002076,P002623,E002623
R002077,P001224,E001224
R002078,P002657,E002657
R002079,P004043,E004043
R002080,P006144,E006144
R002081,P003183,E003183
R002082,P005882,E005882
R002083,P006087,E006087
R002084,P006098,E006098
R002085,P002204,E002204
R002086,P001633,E001633
R002087,P006670,E006670
R002088,P001615,E001615
R002089,P003238,E003238
R002090,P005941,E005941
R002091,P004002,E004002
R002092,P001770,E001770
R002093,P003650,E003650
R002094,P003211,E003211
R002095,P002997,E002997
R002096,P001934,E001934
R002097,P005134,E005134
R002098,P000240,E000240
R002099,P003375,E003375
R002100,P006698,E006698
R002101,P004754,E004754
R002102,P004073,E004073
R002103,P000817,E000817
R002104,P005580,E005580
R002105,P005318,E005318
R002106,P001060,E001060
R002107,P004219,E004219
R002108,P005917,E005917
R002109,P006879,E006879
R002110,P005085,E005085
R002111,P000436,E000436
R002112,P001054,E001054
R002113,P005342,E005342
R002114,P005918,E005918
R002115,P001390,E001390
R002116,P006259,E006259
R002117,P005335,E005335
R002118,P006003,E006003
R002119,P001834,E001834
R002120,P004585,E004585
R002121,P001590,E001590
R002122,P005037,E005037
R002123,P005741,E005741
R002124,P002255,E002255
R002125,P005911,E005911
R002126,P001712,E001712
R002127,P000787,E000787
R002128,P001399,E001399
R002129,P003759,E003759
R002130,P003318,E003318
R002131,P005538,E005538
R002132,P001408,E001408
R002133,P004292,E004292
R002134,P005725,E005725
R002135,P001910,E001910
R002136,P002455,E002455
R002137,P001705,E001705
R002138,P006592,E006592
R002139,P003376,E003376
R002140,P005243,E005243
R002141,P002469,E002469
R002142,P005604,E005604
R002143,P005729,E005729
R002144,P004755,E004755
R002145,P000372,E000372
R002146,P006560,E006560
R002147,P002727,E002727
R002148,P004047,E004047
R002149,P005815,E005815
R002150,P005384,E005384
R002151,P000840,E000840
R002152,P001316,E001316
R002153,P001125,E001125
R002154,P001570,E001570
R002155,P000537,E000537
R002156,P006799,E006799
R002157,P000040,E000040
R002158,P001090,E001090
R002159,P000804,E000804
R002160,P003151,E003151
R002161,P004488,E004488
R002162,P003533,E003533
R002163,P004603,E004603
R002164,P003518,E003518
R002165,P006963,E006963
R002166,P006770,E006770
R002167,P002266,E002266
R002168,P000097,E000097
R002169,P006594,E006594
R002170,P003657,E003657
R002171,P006068,E006068
R002172,P006995,E006995
R002173,P003619,E003619
R002174,P000694,E000694
R002175,P001424,E001424
R002176,P001457,E001457
R002177,P000226,E000226
R002178,P003618,E003618
R002179,P004410,E004410
R002180,P003546,E003546
R002181,P004866,E004866
R002182,P004021,E004021
R002183,P005263,E005263
R002184,P001892,E001892
R002185,P004569,E004569
R002186,P004838,E004838
R002187,P001946,E001946
R002188,P000527,E000527
R002189,P004357,E004357
R002190,P005307,E005307
R002191,P004042,E004042
R002192,P000871,E000871
R002193,P005290,E005290
R002194,P006998,E006998
R002195,P001013,E001013
R002196,P006002,E006002
R002197,P006705,E006705
R002198,P003999,E003999
R002199,P005430,E005430
R002200,P006367,E006367
R002201,P005867,E005867
R002202,P000162,E000162
R002203,P001005,E001005
R002204,P000139,E000139
R002205,P003823,E003823
R002206,P002660,E002660
R002207,P002602,E002602
R002208,P002896,E002896
R002209,P004597,E004597
R002210,P000064,E000064
R002211,P001268,E001268
R002212,P006547,E006547
R002213,P002646,E002646
R002214,P005999,E005999
R002215,P003284,E003284
R002216,P004839,E004839
R002217,P001200,E001200
R002218,P006007,E006007
R002219,P004149,E004149
R002220,P006943,E006943
R002221,P002922,E002922
R002222,P004592,E004592
R002223,P006991,E006991
R002224,P000343,E000343
R002225,P004166,E004166
R002226,P003441,E003441
R002227,P000568,E000568
R002228,P005261,E005261
R002229,P005755,E005755
R002230,P000554,E000554
R002231,P004226,E004226
R002232,P001606,E001606
R002233,P003360,E003360
R002234,P003603,E003603
R002235,P005250,E005250
R002236,P006839,E006839
R002237,P006639,E006639
R002238,P000739,E000739
R002239,P005062,E005062
R002240,P005358,E005358
R002241,P005710,E005710
R002242,P002410,E002410
R002243,P004810,E004810
R002244,P004526,E004526
R002245,P006652,E006652
R002246,P006056,E006056
R002247,P003929,E003929
R002248,P005167,E005167
R002249,P005708,E005708
R002250,P004184,E004184
R002251,P006912,E006912
R002252,P005471,E005471
R002253,P002733,E002733
R002254,P005490,E005490
R002255,P001638,E001638
R002256,P001889,E001889
R002257,P001191,E001191
R002258,P003438,E003438
R002259,P005505,E005505
R002260,P006743,E006743
R002261,P004010,E004010
R002262,P000274,E000274
R002263,P002674,E002674
R002264,P000819,E000819
R002265,P003652,E003652
R002266,P002486,E002486
R002267,P003281,E003281
R002268,P003772,E003772
R002269,P005196,E005196
R002270,P003088,E003088
R002271,P003702,E003702
R002272,P004465,E004465
R002273,P003481,E003481
R002274,P003472,E003472
R002275,P005050,E005050
R002276,P005802,E005802
R002277,P004771,E004771
R002278,P000897,E000897
R002279,P005924,E005924
R002280,P006907,E006907
R002281,P004181,E004181
R002282,P001389,E001389
R002283,P002120,E002120
R002284,P001604,E001604
R002285,P000474,E000474
R002286,P001581,E001581
R002287,P003491,E003491
R002288,P005201,E005201
R002289,P004728,E004728
R002290,P002334,E002334
R002291,P000034,E000034
R002292,P005284,E005284
R002293,P000255,E000255
R002294,P005180,E005180
R002295,P003554,E003554
R002296,P002641,E002641
R002297,P004775,E004775
R002298,P004888,E004888
R002299,P000090,E000090
R002300,P004856,E004856
R002301,P004272,E004272
R002302,P001303,E001303
R002303,P001425,E001425
R002304,P001760,E001760
R002305,P005864,E005864
R002306,P001429,E001429
R002307,P003230,E003230
R002308,P006231,E006231
R002309,P006808,E006808
R002310,P003058,E003058
R002311,P004186,E004186
R002312,P001765,E001765
R002313,P001872,E001872
R002314,P006626,E006626
R002315,P002196,E002196
R002316,P005366,E005366
R002317,P006758,E006758
R002318,P002530,E002530
R002319,P006732,E006732
R002320,P004584,E004584
R002321,P004655,E004655
R002322,P003254,E003254
R002323,P001061,E001061
R002324,P003707,E003707
R002325,P004353,E004353
R002326,P001403,E001403
R002327,P001092,E001092
R002328,P004907,E004907
R002329,P002865,E002865
R002330,P000662,E000662
R002331,P005323,E005323
R002332,P002398,E002398
R002333,P001368,E001368
R002334,P000713,E000713
R002335,P000896,E000896
R002336,P003898,E003898
R002337,P002503,E002503
R002338,P000774,E000774
R002339,P001441,E001441
R002340,P002014,E002014
R002341,P002943,E002943
R002342,P002345,E002345
R002343,P002236,E002236
R002344,P000491,E000491
R002345,P000225,E000225
R002346,P006157,E006157
R002347,P000988,E000988
R002348,P003347,E003347
R002349,P006105,E006105
R002350,P004904,E004904
R002351,P004799,E004799
R002352,P004315,E004315
R002353,P005687,E005687
R002354,P004412,E004412
R002355,P000349,E000349
R002356,P003261,E003261
R002357,P004126,E004126
R002358,P002195,E002195
R002359,P004516,E004516
R002360,P001816,E001816
R002361,P000360,E000360
R002362,P005231,E005231
R002363,P004756,E004756
R002364,P006285,E006285
R002365,P000130,E000130
R002366,P006558,E006558
R002367,P000954,E000954
R002368,P005346,E005346
R002369,P005219,E005219
R002370,P001010,E001010
R002371,P005786,E005786
R002372,P004200,E004200
R002373,P002540,E002540
R002374,P003424,E003424
R002375,P001049,E001049
R002376,P003004,E003004
R002377,P005294,E005294
R002378,P003978,E003978
R002379,P000905,E000905
R002380,P000079,E000079
R002381,P004146,E004146
R002382,P003747,E003747
R002383,P005838,E005838
R002384,P003814,E003814
R002385,P002716,E002716
R002386,P001044,E001044
R002387,P000049,E000049
R002388,P006453,E006453
R002389,P003870,E003870
R002390,P000059,E000059
R002391,P005693,E005693
R002392,P005519,E005519
R002393,P001378,E001378
R002394,P002775,E002775
R002395,P001616,E001616
R002396,P003145,E003145
R002397,P006601,E006601
R002398,P003218,E003218
R002399,P004061,E004061
R002400,P003497,E003497
R002401,P006097,E006097
R002402,P003853,E003853
R002403,P001732,E001732
R002404,P003193,E003193
R002405,P005899,E005899
R002406,P001797,E001797
R002407,P005747,E005747
R002408,P006337,E006337
R002409,P001932,E001932
R002410,P001163,E001163
R002411,P001281,E001281
R002412,P006713,E006713
R002413,P002375,E002375
R002414,P004267,E004267
R002415,P006546,E006546
R002416,P005092,E005092
R002417,P002869,E002869
R002418,P002574,E002574
R002419,P004682,E004682
R002420,P001466,E001466
R002421,P002125,E002125
R002422,P001641,E001641
R002423,P002852,E002852
R002424,P006669,E006669
R002425,P000972,E000972
R002426,P001921,E001921
R002427,P003789,E003789
R002428,P004174,E004174
R002429,P005609,E005609
R002430,P006634,E006634
R002431,P002546,E002546
R002432,P002765,E002765
R002433,P002261,E002261
R002434,P003426,E003426
R002435,P002667,E002667
R002436,P003524,E003524
R002437,P004214,E004214
R002438,P004257,E004257
R002439,P005958,E005958
R002440,P005191,E005191
R002441,P005954,E005954
R002442,P006666,E006666
R002443,P000509,E000509
R002444,P003648,E003648
R002445,P000460,E000460
R002446,P001271,E001271
R002447,P003121,E003121
R002448,P005071,E005071
R002449,P004507,E004507
R002450,P005863,E005863
R002451,P003292,E003292
R002452,P001260,E001260
R002453,P006889,E006889
R002454,P002694,E002694
R002455,P001628,E001628
R002456,P000026,E000026
R002457,P003986,E003986
R002458,P006265,E006265
R002459,P003110,E003110
R002460,P002349,E002349
R002461,P002934,E002934
R002462,P005360,E005360
R002463,P006483,E006483
R002464,P004979,E004979
R002465,P003974,E003974
R002466,P003026,E003026
R002467,P001228,E001228
R002468,P003544,E003544
R002469,P004918,E004918
R002470,P003656,E003656
R002471,P001790,E001790
R002472,P005835,E005835
R002473,P000738,E000738
R002474,P005682,E005682
R002475,P003992,E003992
R002476,P003111,E003111
R002477,P005583,E005583
R002478,P002398,E002398
R002479,P004916,E004916
R002480,P004300,E004300
R002481,P005084,E005084
R002482,P006631,E006631
R002483,P003499,E003499
R002484,P002823,E002823
R002485,P001744,E001744
R002486,P001032,E001032
R002487,P005028,E005028
R002488,P006188,E006188
R002489,P000842,E000842
R002490,P005803,E005803
R002491,P004347,E004347
R002492,P005276,E005276
R002493,P004803,E004803
R002494,P004981,E004981
R002495,P002131,E002131
R002496,P001340,E001340
R002497,P000319,E000319
R002498,P002878,E002878
R002499,P001558,E001558
R002500,P003950,E003950
R002501,P005820,E005820
R002502,P003890,E003890
R002503,P000166,E000166
R002504,P001023,E001023
R002505,P001260,E001260
R002506,P005789,E005789
R002507,P004446,E004446
R002508,P003862,E003862
R002509,P003613,E003613
R002510,P006186,E006186
R002511,P002734,E002734
R002512,P000334,E000334
R002513,P006299,E006299
R002514,P000684,E000684
R002515,P004343,E004343
R002516,P003926,E003926
R002517,P006952,E006952
R002518,P000178,E000178
R002519,P004686,E004686
R002520,P005822,E005822
R002521,P001374,E001374
R002522,P003526,E003526
R002523,P001468,E001468
R002524,P003583,E003583
R002525,P004870,E004870
R002526,P006672,E006672
R002527,P006316,E006316
R002528,P004715,E004715
R002529,P000483,E000483
R002530,P001569,E001569
R002531,P006432,E006432
R002532,P006333,E006333
R002533,P004471,E004471
R002534,P004231,E004231
R002535,P003646,E003646
R002536,P001814,E001814
R002537,P006795,E006795
R002538,P006094,E006094
R002539,P003622,E003622
R002540,P005533,E005533
R002541,P005662,E005662
R002542,P002710,E002710
R002543,P001834,E001834
R002544,P005034,E005034
R002545,P004953,E004953
R002546,P005840,E005840
R002547,P006997,E006997
R002548,P000725,E000725
R002549,P002393,E002393
R002550,P005068,E005068
R002551,P001774,E001774
R002552,P000155,E000155
R002553,P001878,E001878
R002554,P004730,E004730
R002555,P001788,E001788
R002556,P003714,E003714
R002557,P000335,E000335
R002558,P005420,E005420
R002559,P001753,E001753
R002560,P005002,E005002
R002561,P005656,E005656
R002562,P005982,E005982
R002563,P003610,E003610
R002564,P006979,E006979
R002565,P005806,E005806
R002566,P002868,E002868
R002567,P006385,E006385
R002568,P006441,E006441
R002569,P003614,E003614
R002570,P002798,E002798
R002571,P005332,E005332
R002572,P006130,E006130
R002573,P001463,E001463
R002574,P001038,E001038
R002575,P006774,E006774
R002576,P001296,E001296
R002577,P002787,E002787
R002578,P006057,E006057
R002579,P002890,E002890
R002580,P005273,E005273
R002581,P005409,E005409
R002582,P003639,E003639
R002583,P002260,E002260
R002584,P002966,E002966
R002585,P001706,E001706
R002586,P005931,E005931
R002587,P003728,E003728
R002588,P005946,E005946
R002589,P005784,E005784
R002590,P003979,E003979
R002591,P001734,E001734
R002592,P002549,E002549
R002593,P006455,E006455
R002594,P002520,E002520
R002595,P004075,E004075
R002596,P001461,E001461
R002597,P005995,E005995
R002598,P002658,E002658
R002599,P001626,E001626
R002600,P006055,E006055
R002601,P000755,E000755
R002602,P002619,E002619
R002603,P002162,E002162
R002604,P000144,E000144
R002605,P006699,E006699
R002606,P004936,E004936
R002607,P005312,E005312
R002608,P003749,E003749
R002609,P005776,E005776
R002610,P002224,E002224
R002611,P002674,E002674
R002612,P001262,E001262
R002613,P004522,E004522
R002614,P000143,E000143
R002615,P006480,E006480
R002616,P000102,E000102
R002617,P003484,E003484
R002618,P003687,E003687
R002619,P000447,E000447
R002620,P003639,E003639
R002621,P003163,E003163
R002622,P003430,E003430
R002623,P000895,E000895
R002624,P003696,E003696
R002625,P001782,E001782
R002626,P000970,E000970
R002627,P004882,E004882
R002628,P005223,E005223
R002629,P000697,E000697
R002630,P002274,E002274
R002631,P004660,E004660
R002632,P005266,E005266
R002633,P000916,E000916
R002634,P004433,E004433
R002635,P000176,E000176
R002636,P000088,E000088
R002637,P004484,E004484
R002638,P004640,E004640
R002639,P002852,E002852
R002640,P005244,E005244
R002641,P005118,E005118
R002642,P003099,E003099
R002643,P000721,E000721
R002644,P001140,E001140
R002645,P005945,E005945
R002646,P005273,E005273
R002647,P001118,E001118
R002648,P000588,E000588
R002649,P004893,E004893
R002650,P002834,E002834
R002651,P005831,E005831
R002652,P001464,E001464
R002653,P006962,E006962
R002654,P001380,E001380
R002655,P003381,E003381
R002656,P005853,E005853
R002657,P002035,E002035
R002658,P000928,E000928
R002659,P001077,E001077
R002660,P006979,E006979
R002661,P001725,E001725
R002662,P006881,E006881
R002663,P002161,E002161
R002664,P000423,E000423
R002665,P004414,E004414
R002666,P006589,E006589
R002667,P006035,E006035
R002668,P005856,E005856
R002669,P003234,E003234
R002670,P002741,E002741
R002671,P001462,E001462
R002672,P002050,E002050
R002673,P005215,E005215
R002674,P000700,E000700
R002675,P003175,E003175
R002676,P005028,E005028
R002677,P001544,E001544
R002678,P003418,E003418
R002679,P006119,E006119
R002680,P006352,E006352
R002681,P002631,E002631
R002682,P004247,E004247
R002683,P003198,E003198
R002684,P004798,E004798
R002685,P004451,E004451
R002686,P004900,E004900
R002687,P006769,E006769
R002688,P005559,E005559
R002689,P003160,E003160
R002690,P000389,E000389
R002691,P000722,E000722
R002692,P000367,E000367
R002693,P002044,E002044
R002694,P006751,E006751
R002695,P001327,E001327
R002696,P004797,E004797
R002697,P003500,E003500
R002698,P005834,E005834
R002699,P001882,E001882
R002700,P006782,E006782
R002701,P005368,E005368
R002702,P003776,E003776
R002703,P006867,E006867
R002704,P002156,E002156
R002705,P006999,E006999
R002706,P004295,E004295
R002707,P001397,E001397
R002708,P001342,E001342
R002709,P001918,E001918
R002710,P004409,E004409
R002711,P005424,E005424
R002712,P006957,E006957
R002713,P004634,E004634
R002714,P005618,E005618
R002715,P000792,E000792
R002716,P005480,E005480
R002717,P002679,E002679
R002718,P003097,E003097
R002719,P004820,E004820
R002720,P005337,E005337
R002721,P004438,E004438
R002722,P005371,E005371
R002723,P001056,E001056
R002724,P006724,E006724
R002725,P003594,E003594
R002726,P000894,E000894
R002727,P003002,E003002
R002728,P000661,E000661
R002729,P005422,E005422
R002730,P005145,E005145
R002731,P003817,E003817
R002732,P006193,E006193
R002733,P004782,E004782
R002734,P003520,E003520
R002735,P002243,E002243
R002736,P000277,E000277
R002737,P002577,E002577
R002738,P004657,E004657
R002739,P002812,E002812
R002740,P003287,E003287
R002741,P001295,E001295
R002742,P000691,E000691
R002743,P006885,E006885
R002744,P006539,E006539
R002745,P002699,E002699
R002746,P005205,E005205
R002747,P002395,E002395
R002748,P004970,E004970
R002749,P001850,E001850
R002750,P002082,E002082
R002751,P001036,E001036
R002752,P001003,E001003
R002753,P004246,E004246
R002754,P004934,E004934
R002755,P000718,E000718
R002756,P002117,E002117
R002757,P002790,E002790
R002758,P004601,E004601
R002759,P005854,E005854
R002760,P001738,E001738
R002761,P006652,E006652
R002762,P002993,E002993
R002763,P002252,E002252
R002764,P005805,E005805
R002765,P003038,E003038
R002766,P003516,E003516
R002767,P003224,E003224
R002768,P003474,E003474
R002769,P005479,E005479
R002770,P000874,E000874
R002771,P006046,E006046
R002772,P001434,E001434
R002773,P006930,E006930
R002774,P006206,E006206
R002775,P001339,E001339
R002776,P001683,E001683
R002777,P002967,E002967
R002778,P004012,E004012
R002779,P005363,E005363
R002780,P000739,E000739
R002781,P003897,E003897
R002782,P002396,E002396
R002783,P003788,E003788
R002784,P001733,E001733
R002785,P003556,E003556
R002786,P000622,E000622
R002787,P003317,E003317
R002788,P005260,E005260
R002789,P000806,E000806
R002790,P000716,E000716
R002791,P002333,E002333
R002792,P006565,E006565
R002793,P006628,E006628
R002794,P004365,E004365
R002795,P001132,E001132
R002796,P004140,E004140
R002797,P000284,E000284
R002798,P000545,E000545
R002799,P000500,E000500
R002800,P004101,E004101
R002801,P003761,E003761
R002802,P003341,E003341
R002803,P006093,E006093
R002804,P005783,E005783
R002805,P003608,E003608
R002806,P001086,E001086
R002807,P004624,E004624
R002808,P004837,E004837
R002809,P004348,E004348
R002810,P005418,E005418
R002811,P001207,E001207
R002812,P003835,E003835
R002813,P005406,E005406
R002814,P000629,E000629
R002815,P002600,E002600
R002816,P005906,E005906
R002817,P005635,E005635
R002818,P001753,E001753
R002819,P005572,E005572
R002820,P000741,E000741
R002821,P003155,E003155
R002822,P003184,E003184
R002823,P004790,E004790
R002824,P001023,E001023
R002825,P003212,E003212
R002826,P002429,E002429
R002827,P000268,E000268
R002828,P005145,E005145
R002829,P001246,E001246
R002830,P002252,E002252
R002831,P004151,E004151
R002832,P000165,E000165
R002833,P000008,E000008
R002834,P006914,E006914
R002835,P006585,E006585
R002836,P001231,E001231
R002837,P004420,E004420
R002838,P002067,E002067
R002839,P001102,E001102
R002840,P005374,E005374
R002841,P006623,E006623
R002842,P005095,E005095
R002843,P002067,E002067
R002844,P004214,E004214
R002845,P000116,E000116
R002846,P000483,E000483
R002847,P003902,E003902
R002848,P002476,E002476
R002849,P006707,E006707
R002850,P004769,E004769
R002851,P005976,E005976
R002852,P005926,E005926
R002853,P000839,E000839
R002854,P003471,E003471
R002855,P005003,E005003
R002856,P004534,E004534
R002857,P003970,E003970
R002858,P004478,E004478
R002859,P003907,E003907
R002860,P002921,E002921
R002861,P000058,E000058
R002862,P002022,E002022
R002863,P005413,E005413
R002864,P006400,E006400
R002865,P005634,E005634
R002866,P004145,E004145
R002867,P002705,E002705
R002868,P000178,E000178
R002869,P000729,E000729
R002870,P001113,E001113
R002871,P005249,E005249
R002872,P001908,E001908
R002873,P006118,E006118
R002874,P003498,E003498
R002875,P006864,E006864
R002876,P003561,E003561
R002877,P004390,E004390
R002878,P001167,E001167
R002879,P002554,E002554
R002880,P003045,E003045
R002881,P002972,E002972
R002882,P000582,E000582
R002883,P003576,E003576
R002884,P004029,E004029
R002885,P002687,E002687
R002886,P003593,E003593
R002887,P002757,E002757
R002888,P002724,E002724
R002889,P002222,E002222
R002890,P005886,E005886
R002891,P006742,E006742
R002892,P003812,E003812
R002893,P004705,E004705
R002894,P006725,E006725
R002895,P000298,E000298
R002896,P000041,E000041
R002897,P002083,E002083
R002898,P001212,E001212
R002899,P000910,E000910
R002900,P003020,E003020
R002901,P000740,E000740
R002902,P002621,E002621
R002903,P005933,E005933
R002904,P005989,E005989
R002905,P001682,E001682
R002906,P003729,E003729
R002907,P004335,E004335
R002908,P001648,E001648
R002909,P004780,E004780
R002910,P000529,E000529
R002911,P000690,E000690
R002912,P000080,E000080
R002913,P001754,E001754
R002914,P001615,E001615
R002915,P003265,E003265
R002916,P005785,E005785
R002917,P004437,E004437
R002918,P002522,E002522
R002919,P004757,E004757
R002920,P002975,E002975
R002921,P006137,E006137
R002922,P005673,E005673
R002923,P006488,E006488
R002924,P002481,E002481
R002925,P005026,E005026
R002926,P001798,E001798
R002927,P000537,E000537
R002928,P003071,E003071
R002929,P003308,E003308
R002930,P003623,E003623
R002931,P005839,E005839
R002932,P001655,E001655
R002933,P003100,E003100
R002934,P005994,E005994
R002935,P005586,E005586
R002936,P000338,E000338
R002937,P005689,E005689
R002938,P006136,E006136
R002939,P001068,E001068
R002940,P005289,E005289
R002941,P002108,E002108
R002942,P006315,E006315
R002943,P004371,E004371
R002944,P000731,E000731
R002945,P005134,E005134
R002946,P005964,E005964
R002947,P005783,E005783
R002948,P003023,E003023
R002949,P002974,E002974
R002950,P001180,E001180
R002951,P004696,E004696
R002952,P001146,E001146
R002953,P006574,E006574
R002954,P001828,E001828
R002955,P003564,E003564
R002956,P006899,E006899
R002957,P005330,E005330
R002958,P004256,E004256
R002959,P000790,E000790
R002960,P002511,E002511
R002961,P002957,E002957
R002962,P005775,E005775
R002963,P003151,E003151
R002964,P006763,E006763
R002965,P002910,E002910
R002966,P000757,E000757
R002967,P003465,E003465
R002968,P000045,E000045
R002969,P006318,E006318
R002970,P003808,E003808
R002971,P003535,E003535
R002972,P004293,E004293
R002973,P003563,E003563
R002974,P003149,E003149
R002975,P003758,E003758
R002976,P006617,E006617
R002977,P003486,E003486
R002978,P002414,E002414
R002979,P001101,E001101
R002980,P004978,E004978
R002981,P002479,E002479
R002982,P001090,E001090
R002983,P003233,E003233
R002984,P006343,E006343
R002985,P002672,E002672
R002986,P002548,E002548
R002987,P002904,E002904
R002988,P005112,E005112
R002989,P006139,E006139
R002990,P001757,E001757
R002991,P003530,E003530
R002992,P000868,E000868
R002993,P005473,E005473
R002994,P005128,E005128
R002995,P001871,E001871
R002996,P003522,E003522
R002997,P005275,E005275
R002998,P001285,E001285
R002999,P001004,E001004
R003000,P004220,E004220
R003001,P004054,E004054
R003002,P006193,E006193
R003003,P001078,E001078
R003004,P001708,E001708
R003005,P004615,E004615
R003006,P006505,E006505
R003007,P005484,E005484
R003008,P003428,E003428
R003009,P002797,E002797
R003010,P002198,E002198
R003011,P006570,E006570
R003012,P002565,E002565
R003013,P000219,E000219
R003014,P003449,E003449
R003015,P003035,E003035
R003016,P000037,E000037
R003017,P004489,E004489
R003018,P003179,E003179
R003019,P005113,E005113
R003020,P001127,E001127
R003021,P006980,E006980
R003022,P000618,E000618
R003023,P006077,E006077
R003024,P000974,E000974
R003025,P001525,E001525
R003026,P004644,E004644
R003027,P004935,E004935
R003028,P005412,E005412
R003029,P004027,E004027
R003030,P004666,E004666
R003031,P005329,E005329
R003032,P002058,E002058
R003033,P006160,E006160
R003034,P002562,E002562
R003035,P003718,E003718
R003036,P003376,E003376
R003037,P004253,E004253
R003038,P006348,E006348
R003039,P006593,E006593
R003040,P002995,E002995
R003041,P002387,E002387
R003042,P004388,E004388
R003043,P004893,E004893
R003044,P002891,E002891
R003045,P004177,E004177
R003046,P001399,E001399
R003047,P002832,E002832
R003048,P002165,E002165
R003049,P005730,E005730
R003050,P004057,E004057
R003051,P000318,E000318
R003052,P003327,E003327
R003053,P006233,E006233
R003054,P002571,E002571
R003055,P004757,E004757
R003056,P006721,E006721
R003057,P003037,E003037
R003058,P004249,E004249
R003059,P005595,E005595
R003060,P001721,E001721
R003061,P004089,E004089
R003062,P006292,E006292
R003063,P004460,E004460
R003064,P005433,E005433
R003065,P003496,E003496
R003066,P005974,E005974
R003067,P004314,E004314
R003068,P006452,E006452
R003069,P003478,E003478
R003070,P004056,E004056
R003071,P005111,E005111
R003072,P002411,E002411
R003073,P003481,E003481
R003074,P000203,E000203
R003075,P002330,E002330
R003076,P005995,E005995
R003077,P003596,E003596
R003078,P002964,E002964
R003079,P006876,E006876
R003080,P006880,E006880
R003081,P000893,E000893
R003082,P001076,E001076
R003083,P000811,E000811
R003084,P005348,E005348
R003085,P006910,E006910
R003086,P000587,E000587
R003087,P004819,E004819
R003088,P002607,E002607
R003089,P003309,E003309
R003090,P000930,E000930
R003091,P006567,E006567
R003092,P003338,E003338
R003093,P001568,E001568
R003094,P004766,E004766
R003095,P001288,E001288
R003096,P004398,E004398
R003097,P000678,E000678
R003098,P002082,E002082
R003099,P006736,E006736
R003100,P006419,E006419
R003101,P000331,E000331
R003102,P000706,E000706
R003103,P003139,E003139
R003104,P005173,E005173
R003105,P006139,E006139
R003106,P003661,E003661
R003107,P004716,E004716
R003108,P005524,E005524
R003109,P005926,E005926
R003110,P004186,E004186
R003111,P001373,E001373
R003112,P005704,E005704
R003113,P003570,E003570
R003114,P000851,E000851
R003115,P001306,E001306
R003116,P004309,E004309
R003117,P006966,E006966
R003118,P006231,E006231
R003119,P004417,E004417
R003120,P003855,E003855
R003121,P003911,E003911
R003122,P001249,E001249
R003123,P002907,E002907
R003124,P003186,E003186
R003125,P003815,E003815
R003126,P005947,E005947
R003127,P000105,E000105
R003128,P000865,E000865
R003129,P000665,E000665
R003130,P000557,E000557
R003131,P005784,E005784
R003132,P003784,E003784
R003133,P002586,E002586
R003134,P000953,E000953
R003135,P000813,E000813
R003136,P006551,E006551
R003137,P005205,E005205
R003138,P003367,E003367
R003139,P000409,E000409
R003140,P002879,E002879
R003141,P005272,E005272
R003142,P001594,E001594
R003143,P005486,E005486
R003144,P000355,E000355
R003145,P006482,E006482
R003146,P006396,E006396
R003147,P001900,E001900
R003148,P001699,E001699
R003149,P003505,E003505
R003150,P001011,E001011
R003151,P003893,E003893
R003152,P006149,E006149
R003153,P004691,E004691
R003154,P006424,E006424
R003155,P000711,E000711
R003156,P002484,E002484
R003157,P000010,E000010
R003158,P000574,E000574
R003159,P001204,E001204
R003160,P005227,E005227
R003161,P005219,E005219
R003162,P005258,E005258
R003163,P002605,E002605
R003164,P004719,E004719
R003165,P004912,E004912
R003166,P001696,E001696
R003167,P006617,E006617
R003168,P005674,E005674
R003169,P000332,E000332
R003170,P005543,E005543
R003171,P004479,E004479
R003172,P001521,E001521
R003173,P005896,E005896
R003174,P004291,E004291
R003175,P005555,E005555
R003176,P000108,E000108
R003177,P006826,E006826
R003178,P002965,E002965
R003179,P006597,E006597
R003180,P002417,E002417
R003181,P001352,E001352
R003182,P004413,E004413
R003183,P001516,E001516
R003184,P003725,E003725
R003185,P001470,E001470
R003186,P000588,E000588
R003187,P000798,E000798
R003188,P000253,E000253
R003189,P003928,E003928
R003190,P006258,E006258
R003191,P000033,E000033
R003192,P004425,E004425
R003193,P001434,E001434
R003194,P004361,E004361
R003195,P000112,E000112
R003196,P002500,E002500
R003197,P005094,E005094
R003198,P003944,E003944
R003199,P000363,E000363
R003200,P001674,E001674
R003201,P003396,E003396
R003202,P001008,E001008
R003203,P003111,E003111
R003204,P001673,E001673
R003205,P002480,E002480
R003206,P005296,E005296
R003207,P001495,E001495
R003208,P000480,E000480
R003209,P001241,E001241
R003210,P004200,E004200
R003211,P005067,E005067
R003212,P005877,E005877
R003213,P003590,E003590
R003214,P005857,E005857
R003215,P005617,E005617
R003216,P003004,E003004
R003217,P001644,E001644
R003218,P002941,E002941
R003219,P001326,E001326
R003220,P004873,E004873
R003221,P000250,E000250
R003222,P003204,E003204
R003223,P006733,E006733
R003224,P003399,E003399
R003225,P003127,E003127
R003226,P005425,E005425
R003227,P000406,E000406
R003228,P004511,E004511
R003229,P003818,E003818
R003230,P002592,E002592
R003231,P006184,E006184
R003232,P003084,E003084
R003233,P003119,E003119
R003234,P006580,E006580
R003235,P002174,E002174
R003236,P002205,E002205
R003237,P005434,E005434
R003238,P005850,E005850
R003239,P005929,E005929
R003240,P003391,E003391
R003241,P006341,E006341
R003242,P003019,E003019
R003243,P001003,E001003
R003244,P005858,E005858
R003245,P004262,E004262
R003246,P004888,E004888
R003247,P005011,E005011
R003248,P000794,E000794
R003249,P000046,E000046
R003250,P005123,E005123
R003251,P006533,E006533
R003252,P001117,E001117
R003253,P004618,E004618
R003254,P000066,E000066
R003255,P004593,E004593
R003256,P004190,E004190
R003257,P002865,E002865
R003258,P003836,E003836
R003259,P000995,E000995
R003260,P006787,E006787
R003261,P000631,E000631
R003262,P000017,E000017
R003263,P002273,E002273
R003264,P002968,E002968
R003265,P004217,E004217
R003266,P002413,E002413
R003267,P003509,E003509
R003268,P004487,E004487
R003269,P003672,E003672
R003270,P001929,E001929
R003271,P001614,E001614
R003272,P001101,E001101
R003273,P001258,E001258
R003274,P004773,E004773
R003275,P006009,E006009
R003276,P004594,E004594
R003277,P001194,E001194
R003278,P006491,E006491
R003279,P004776,E004776
R003280,P004909,E004909
R003281,P003051,E003051
R003282,P002709,E002709
R003283,P000861,E000861
R003284,P003993,E003993
R003285,P005344,E005344
R003286,P004613,E004613
R003287,P006332,E006332
R003288,P003025,E003025
R003289,P001965,E001965
R003290,P003951,E003951
R003291,P003390,E003390
R003292,P001796,E001796
R003293,P000589,E000589
R003294,P005585,E005585
R003295,P002881,E002881
R003296,P002849,E002849
R003297,P003982,E003982
R003298,P001360,E001360
R003299,P005660,E005660
R003300,P001109,E001109
R003301,P002118,E002118
R003302,P005715,E005715
R003303,P003777,E003777
R003304,P003917,E003917
R003305,P006572,E006572
R003306,P000155,E000155
R003307,P003104,E003104
R003308,P004277,E004277
R003309,P006451,E006451
R003310,P002680,E002680
R003311,P000772,E000772
R003312,P002263,E002263
R003313,P004436,E004436
R003314,P000854,E000854
R003315,P006342,E006342
R003316,P001117,E001117
R003317,P006185,E006185
R003318,P003778,E003778
R003319,P004586,E004586
R003320,P002354,E002354
R003321,P002515,E002515
R003322,P000248,E000248
R003323,P004632,E004632
R003324,P005884,E005884
R003325,P003193,E003193
R003326,P005431,E005431
R003327,P006264,E006264
R003328,P005248,E005248
R003329,P002980,E002980
R003330,P006751,E006751
R003331,P001612,E001612
R003332,P000590,E000590
R003333,P004745,E004745
R003334,P003282,E003282
R003335,P006644,E006644
R003336,P000370,E000370
R003337,P006401,E006401
R003338,P005531,E005531
R003339,P000553,E000553
R003340,P004784,E004784
R003341,P005192,E005192
R003342,P004114,E004114
R003343,P004836,E004836
R003344,P000729,E000729
R003345,P000679,E000679
R003346,P005022,E005022
R003347,P006194,E006194
R003348,P000628,E000628
R003349,P002950,E002950
R003350,P006822,E006822
R003351,P006391,E006391
R003352,P003682,E003682
R003353,P003065,E003065
R003354,P002451,E002451
R003355,P006416,E006416
R003356,P005741,E005741
R003357,P002977,E002977
R003358,P006284,E006284
R003359,P006854,E006854
R003360,P000615,E000615
R003361,P004543,E004543
R003362,P004672,E004672
R003363,P005653,E005653
R003364,P003681,E003681
R003365,P000391,E000391
R003366,P003468,E003468
R003367,P005703,E005703
R003368,P001912,E001912
R003369,P005727,E005727
R003370,P006902,E006902
R003371,P005002,E005002
R003372,P002140,E002140
R003373,P005647,E005647
R003374,P006220,E006220
R003375,P006588,E006588
R003376,P006932,E006932
R003377,P004650,E004650
R003378,P000028,E000028
R003379,P000233,E000233
R003380,P000913,E000913
R003381,P003731,E003731
R003382,P006362,E006362
R003383,P000017,E000017
R003384,P005563,E005563
R003385,P003763,E003763
R003386,P000234,E000234
R003387,P006398,E006398
R003388,P001941,E001941
R003389,P003357,E003357
R003390,P006394,E006394
R003391,P001099,E001099
R003392,P006732,E006732
R003393,P005865,E005865
R003394,P003963,E003963
R003395,P005701,E005701
R003396,P001953,E001953
R003397,P006247,E006247
R003398,P002009,E002009
R003399,P002766,E002766
R003400,P001879,E001879
R003401,P006954,E006954
R003402,P000261,E000261
R003403,P001474,E001474
R003404,P001882,E001882
R003405,P006384,E006384
R003406,P001257,E001257
R003407,P004065,E004065
R003408,P004422,E004422
R003409,P003939,E003939
R003410,P005885,E005885
R003411,P001573,E001573
R003412,P000490,E000490
R003413,P006324,E006324
R003414,P001307,E001307
R003415,P006891,E006891
R003416,P004831,E004831
R003417,P002740,E002740
R003418,P003875,E003875
R003419,P006302,E006302
R003420,P002432,E002432
R003421,P000767,E000767
R003422,P000353,E000353
R003423,P004273,E004273
R003424,P000137,E000137
R003425,P005892,E005892
R003426,P006288,E006288
R003427,P006698,E006698
R003428,P004280,E004280
R003429,P006810,E006810
R003430,P000348,E000348
R003431,P002969,E002969
R003432,P000818,E000818
R003433,P002728,E002728
R003434,P003298,E003298
R003435,P000527,E000527
R003436,P003538,E003538
R003437,P001638,E001638
R003438,P001479,E001479
R003439,P000829,E000829
R003440,P000720,E000720
R003441,P002539,E002539
R003442,P001310,E001310
R003443,P004538,E004538
R003444,P002047,E002047
R003445,P005678,E005678
R003446,P004395,E004395
R003447,P003332,E003332
R003448,P003373,E003373
R003449,P003965,E003965
R003450,P004905,E004905
R003451,P006654,E006654
R003452,P002929,E002929
R003453,P004642,E004642
R003454,P002456,E002456
R003455,P002460,E002460
R003456,P000696,E000696
R003457,P001682,E001682
R003458,P000533,E000533
R003459,P005299,E005299
R003460,P002800,E002800
R003461,P003402,E003402
R003462,P003548,E003548
R003463,P002386,E002386
R003464,P005706,E005706
R003465,P003642,E003642
R003466,P000472,E000472
R003467,P005105,E005105
R003468,P003642,E003642
R003469,P002743,E002743
R003470,P003842,E003842
R003471,P004379,E004379
R003472,P005949,E005949
R003473,P004312,E004312
R003474,P006994,E006994
R003475,P001055,E001055
R003476,P002334,E002334
R003477,P005810,E005810
R003478,P002963,E002963
R003479,P004063,E004063
R003480,P006249,E006249
R003481,P002447,E002447
R003482,P001942,E001942
R003483,P001982,E001982
R003484,P002364,E002364
R003485,P002173,E002173
R003486,P001776,E001776
R003487,P001348,E001348
R003488,P000865,E000865
R003489,P006967,E006967
R003490,P005981,E005981
R003491,P002241,E002241
R003492,P000124,E000124
R003493,P001098,E001098
R003494,P006085,E006085
R003495,P005977,E005977
R003496,P005423,E005423
R003497,P001999,E001999
R003498,P006490,E006490
R003499,P004576,E004576
R003500,P000083,E000083
R003501,P001478,E001478
R003502,P000581,E000581
R003503,P002110,E002110
R003504,P002778,E002778
R003505,P006266,E006266
R003506,P003350,E003350
R003507,P000703,E000703
R003508,P005370,E005370
R003509,P005230,E005230
R003510,P002881,E002881
R003511,P001271,E001271
R003512,P005377,E005377
R003513,P000170,E000170
R003514,P003093,E003093
R003515,P001344,E001344
R003516,P006837,E006837
R003517,P005107,E005107
R003518,P000834,E000834
R003519,P006855,E006855
R003520,P005494,E005494
R003521,P003672,E003672
R003522,P002696,E002696
R003523,P003899,E003899
R003524,P004362,E004362
R003525,P003239,E003239
R003526,P000831,E000831
R003527,P002062,E002062
R003528,P004605,E004605
R003529,P006508,E006508
R003530,P004255,E004255
R003531,P002220,E002220
R003532,P000950,E000950
R003533,P002845,E002845
R003534,P000624,E000624
R003535,P002366,E002366
R003536,P006908,E006908
R003537,P001989,E001989
R003538,P000386,E000386
R003539,P005302,E005302
R003540,P001358,E001358
R003541,P000273,E000273
R003542,P006602,E006602
R003543,P003485,E003485
R003544,P005375,E005375
R003545,P001276,E001276
R003546,P001235,E001235
R003547,P003434,E003434
R003548,P001666,E001666
R003549,P001603,E001603
R003550,P000078,E000078
R003551,P005986,E005986
R003552,P006024,E006024
R003553,P003168,E003168
R003554,P006154,E006154
R003555,P005161,E005161
R003556,P000218,E000218
R003557,P004264,E004264
R003558,P003536,E003536
R003559,P002339,E002339
R003560,P001747,E001747
R003561,P002489,E002489
R003562,P004563,E004563
R003563,P000303,E000303
R003564,P001508,E001508
R003565,P001275,E001275
R003566,P005476,E005476
R003567,P001576,E001576
R003568,P004896,E004896
R003569,P004349,E004349
R003570,P001740,E001740
R003571,P003093,E003093
R003572,P006334,E006334
R003573,P005640,E005640
R003574,P005628,E005628
R003575,P001582,E001582
R003576,P000825,E000825
R003577,P001268,E001268
R003578,P003419,E003419
R003579,P000918,E000918
R003580,P002078,E002078
R003581,P002758,E002758
R003582,P005276,E005276
R003583,P005104,E005104
R003584,P002394,E002394
R003585,P000194,E000194
R003586,P006015,E006015
R003587,P005542,E005542
R003588,P001041,E001041
R003589,P000748,E000748
R003590,P002295,E002295
R003591,P004519,E004519
R003592,P000005,E000005
R003593,P002527,E002527
R003594,P003739,E003739
R003595,P003364,E003364
R003596,P006663,E006663
R003597,P000297,E000297
R003598,P006391,E006391
R003599,P004141,E004141
R003600,P005759,E005759
R003601,P005529,E005529
R003602,P001067,E001067
R003603,P000445,E000445
R003604,P001910,E001910
R003605,P006303,E006303
R003606,P003906,E003906
R003607,P004760,E004760
R003608,P006355,E006355
R003609,P004647,E004647
R003610,P001571,E001571
R003611,P002606,E002606
R003612,P004864,E004864
R003613,P005700,E005700
R003614,P000463,E000463
R003615,P006788,E006788
R003616,P001217,E001217
R003617,P000059,E000059
R003618,P003095,E003095
R003619,P001284,E001284
R003620,P000410,E000410
R003621,P002181,E002181
R003622,P000749,E000749
R003623,P001984,E001984
R003624,P006043,E006043
R003625,P004313,E004313
R003626,P004676,E004676
R003627,P001499,E001499
R003628,P001731,E001731
R003629,P001857,E001857
R003630,P003746,E003746
R003631,P001564,E001564
R003632,P002748,E002748
R003633,P002576,E002576
R003634,P003895,E003895
R003635,P003576,E003576
R003636,P003264,E003264
R003637,P002906,E002906
R003638,P004954,E004954
R003639,P006439,E006439
R003640,P003760,E003760
R003641,P004147,E004147
R003642,P003373,E003373
R003643,P005024,E005024
R003644,P002723,E002723
R003645,P000677,E000677
R003646,P002819,E002819
R003647,P004673,E004673
R003648,P000051,E000051
R003649,P000166,E000166
R003650,P004299,E004299
R003651,P002151,E002151
R003652,P001175,E001175
R003653,P006695,E006695
R003654,P000958,E000958
R003655,P001458,E001458
R003656,P003595,E003595
R003657,P002675,E002675
R003658,P002767,E002767
R003659,P005450,E005450
R003660,P005850,E005850
R003661,P001948,E001948
R003662,P005467,E005467
R003663,P000297,E000297
R003664,P006843,E006843
R003665,P003059,E003059
R003666,P005801,E005801
R003667,P001812,E001812
R003668,P004779,E004779
R003669,P002392,E002392
R003670,P001818,E001818
R003671,P004341,E004341
R003672,P001075,E001075
R003673,P001302,E001302
R003674,P003401,E003401
R003675,P000388,E000388
R003676,P002342,E002342
R003677,P004455,E004455
R003678,P003053,E003053
R003679,P003125,E003125
R003680,P002434,E002434
R003681,P004380,E004380
R003682,P005658,E005658
R003683,P004102,E004102
R003684,P006829,E006829
R003685,P000783,E000783
R003686,P005941,E005941
R003687,P001383,E001383
R003688,P001073,E001073
R003689,P003422,E003422
R003690,P003165,E003165
R003691,P003946,E003946
R003692,P003384,E003384
R003693,P001960,E001960
R003694,P006500,E006500
R003695,P003651,E003651
R003696,P004423,E004423
R003697,P002418,E002418
R003698,P001645,E001645
R003699,P003482,E003482
R003700,P004159,E004159
R003701,P004636,E004636
R003702,P004499,E004499
R003703,P000889,E000889
R003704,P000641,E000641
R003705,P003191,E003191
R003706,P001316,E001316
R003707,P006148,E006148
R003708,P004070,E004070
R003709,P001419,E001419
R003710,P003665,E003665
R003711,P005663,E005663
R003712,P006756,E006756
R003713,P000952,E000952
R003714,P004333,E004333
R003715,P000859,E000859
R003716,P005734,E005734
R003717,P002503,E002503
R003718,P000911,E000911
R003719,P002463,E002463
R003720,P000754,E000754
R003721,P004508,E004508
R003722,P001643,E001643
R003723,P001386,E001386
R003724,P000316,E000316
R003725,P000910,E000910
R003726,P001036,E001036
R003727,P000937,E000937
R003728,P002652,E002652
R003729,P000304,E000304
R003730,P000356,E000356
R003731,P003385,E003385
R003732,P004902,E004902
R003733,P005666,E005666
R003734,P001353,E001353
R003735,P006908,E006908
R003736,P003346,E003346
R003737,P003040,E003040
R003738,P004311,E004311
R003739,P004445,E004445
R003740,P002509,E002509
R003741,P004496,E004496
R003742,P000075,E000075
R003743,P003367,E003367
R003744,P006244,E006244
R003745,P000252,E000252
R003746,P003984,E003984
R003747,P002262,E002262
R003748,P002997,E002997
R003749,P005077,E005077
R003750,P004218,E004218
R003751,P004889,E004889
R003752,P003704,E003704
R003753,P002738,E002738
R003754,P005859,E005859
R003755,P006373,E006373
R003756,P003075,E003075
R003757,P001294,E001294
R003758,P003791,E003791
R003759,P006815,E006815
R003760,P004671,E004671
R003761,P006994,E006994
R003762,P003329,E003329
R003763,P000601,E000601
R003764,P001540,E001540
R003765,P000001,E000001
R003766,P000695,E000695
R003767,P003368,E003368
R003768,P003318,E003318
R003769,P002362,E002362
R003770,P000412,E000412
R003771,P005419,E005419
R003772,P004072,E004072
R003773,P004359,E004359
R003774,P002100,E002100
R003775,P001152,E001152
R003776,P001084,E001084
R003777,P000093,E000093
R003778,P002753,E002753
R003779,P002409,E002409
R003780,P000306,E000306
R003781,P004436,E004436
R003782,P003452,E003452
R003783,P003076,E003076
R003784,P001133,E001133
R003785,P002333,E002333
R003786,P004959,E004959
R003787,P006580,E006580
R003788,P000084,E000084
R003789,P003824,E003824
R003790,P003724,E003724
R003791,P004914,E004914
R003792,P000453,E000453
R003793,P000473,E000473
R003794,P001728,E001728
R003795,P005615,E005615
R003796,P002693,E002693
R003797,P003087,E003087
R003798,P006399,E006399
R003799,P006129,E006129
R003800,P002514,E002514
R003801,P000934,E000934
R003802,P001154,E001154
R003803,P004321,E004321
R003804,P003028,E003028
R003805,P005238,E005238
R003806,P002807,E002807
R003807,P005757,E005757
R003808,P001687,E001687
R003809,P005564,E005564
R003810,P005565,E005565
R003811,P003601,E003601
R003812,P006492,E006492
R003813,P000028,E000028
R003814,P004637,E004637
R003815,P002187,E002187
R003816,P003813,E003813
R003817,P004671,E004671
R003818,P004352,E004352
R003819,P006912,E006912
R003820,P002876,E002876
R003821,P004211,E004211
R003822,P001362,E001362
R003823,P003762,E003762
R003824,P005395,E005395
R003825,P003761,E003761
R003826,P005453,E005453
R003827,P000764,E000764
R003828,P006948,E006948
R003829,P004430,E004430
R003830,P000408,E000408
R003831,P002615,E002615
R003832,P005890,E005890
R003833,P006488,E006488
R003834,P006906,E006906
R003835,P004664,E004664
R003836,P004213,E004213
R003837,P005141,E005141
R003838,P000807,E000807
R003839,P002488,E002488
R003840,P001142,E001142
R003841,P003049,E003049
R003842,P003956,E003956
R003843,P003143,E003143
R003844,P001110,E001110
R003845,P002760,E002760
R003846,P005773,E005773
R003847,P006406,E006406
R003848,P003246,E003246
R003849,P006121,E006121
R003850,P000556,E000556
R003851,P002355,E002355
R003852,P003647,E003647
R003853,P002704,E002704
R003854,P002159,E002159
R003855,P000815,E000815
R003856,P001764,E001764
R003857,P002145,E002145
R003858,P000867,E000867
R003859,P000301,E000301
R003860,P005150,E005150
R003861,P000931,E000931
R003862,P002976,E002976
R003863,P002407,E002407
R003864,P003325,E003325
R003865,P003825,E003825
R003866,P001356,E001356
R003867,P000185,E000185
R003868,P003620,E003620
R003869,P000993,E000993
R003870,P005048,E005048
R003871,P004546,E004546
R003872,P002749,E002749
R003873,P001710,E001710
R003874,P003818,E003818
R003875,P004587,E004587
R003876,P003354,E003354
R003877,P000382,E000382
R003878,P002112,E002112
R003879,P000395,E000395
R003880,P004517,E004517
R003881,P002214,E002214
R003882,P001456,E001456
R003883,P000254,E000254
R003884,P006541,E006541
R003885,P006017,E006017
R003886,P004516,E004516
R003887,P005410,E005410
R003888,P004034,E004034
R003889,P001054,E001054
R003890,P005630,E005630
R003891,P004903,E004903
R003892,P000759,E000759
R003893,P000121,E000121
R003894,P001881,E001881
R003895,P006451,E006451
R003896,P002718,E002718
R003897,P002402,E002402
R003898,P006983,E006983
R003899,P004387,E004387
R003900,P003069,E003069
R003901,P003024,E003024
R003902,P006466,E006466
R003903,P006042,E006042
R003904,P004892,E004892
R003905,P006135,E006135
R003906,P004172,E004172
R003907,P000884,E000884
R003908,P003663,E003663
R003909,P003138,E003138
R003910,P002523,E002523
R003911,P004580,E004580
R003912,P004285,E004285
R003913,P001232,E001232
R003914,P006407,E006407
R003915,P001931,E001931
R003916,P000240,E000240
R003917,P004096,E004096
R003918,P005407,E005407
R003919,P004296,E004296
R003920,P000411,E000411
R003921,P006213,E006213
R003922,P003599,E003599
R003923,P004091,E004091
R003924,P004645,E004645
R003925,P002912,E002912
R003926,P004369,E004369
R003927,P006376,E006376
R003928,P006394,E006394
R003929,P003001,E003001
R003930,P004375,E004375
R003931,P001611,E001611
R003932,P003552,E003552
R003933,P001873,E001873
R003934,P000795,E000795
R003935,P006895,E006895
R003936,P001402,E001402
R003937,P001851,E001851
R003938,P005060,E005060
R003939,P003017,E003017
R003940,P006865,E006865
R003941,P000081,E000081
R003942,P006653,E006653
R003943,P004122,E004122
R003944,P000855,E000855
R003945,P000223,E000223
R003946,P004611,E004611
R003947,P006705,E006705
R003948,P006010,E006010
R003949,P003018,E003018
R003950,P001452,E001452
R003951,P004868,E004868
R003952,P002786,E002786
R003953,P000351,E000351
R003954,P004233,E004233
R003955,P003904,E003904
R003956,P006044,E006044
R003957,P002326,E002326
R003958,P001967,E001967
R003959,P003882,E003882
R003960,P005704,E005704
R003961,P006780,E006780
R003962,P006047,E006047
R003963,P002291,E002291
R003964,P005512,E005512
R003965,P003768,E003768
R003966,P000619,E000619
R003967,P006607,E006607
R003968,P005586,E005586
R003969,P003345,E003345
R003970,P006929,E006929
R003971,P002243,E002243
R003972,P003799,E003799
R003973,P005059,E005059
R003974,P005981,E005981
R003975,P001233,E001233
R003976,P000816,E000816
R003977,P005823,E005823
R003978,P005617,E005617
R003979,P004653,E004653
R003980,P006052,E006052
R003981,P005789,E005789
R003982,P001661,E001661
R003983,P003549,E003549
R003984,P004604,E004604
R003985,P005677,E005677
R003986,P000638,E000638
R003987,P003716,E003716
R003988,P006135,E006135
R003989,P003334,E003334
R003990,P001410,E001410
R003991,P005551,E005551
R003992,P001009,E001009
R003993,P002932,E002932
R003994,P003567,E003567
R003995,P002073,E002073
R003996,P006059,E006059
R003997,P001208,E001208
R003998,P003336,E003336
R003999,P000383,E000383
R004000,P000772,E000772
R004001,P006978,E006978
R004002,P001261,E001261
R004003,P006544,E006544
R004004,P003456,E003456
R004005,P005646,E005646
R004006,P001938,E001938
R004007,P000269,E000269
R004008,P006993,E006993
R004009,P002855,E002855
R004010,P005469,E005469
R004011,P003010,E003010
R004012,P003881,E003881
R004013,P000051,E000051
R004014,P001701,E001701
R004015,P002376,E002376
R004016,P005574,E005574
R004017,P002449,E002449
R004018,P005389,E005389
R004019,P001715,E001715
R004020,P004245,E004245
R004021,P001992,E001992
R004022,P003091,E003091
R004023,P005226,E005226
R004024,P003356,E003356
R004025,P005229,E005229
R004026,P004648,E004648
R004027,P000699,E000699
R004028,P004635,E004635
R004029,P000468,E000468
R004030,P006497,E006497
R004031,P003980,E003980
R004032,P001853,E001853
R004033,P000767,E000767
R004034,P005029,E005029
R004035,P002123,E002123
R004036,P004843,E004843
R004037,P005684,E005684
R004038,P005339,E005339
R004039,P003082,E003082
R004040,P001432,E001432
R004041,P005088,E005088
R004042,P006041,E006041
R004043,P003924,E003924
R004044,P005614,E005614
R004045,P000326,E000326
R004046,P005640,E005640
R004047,P006272,E006272
R004048,P003077,E003077
R004049,P004006,E004006
R004050,P004973,E004973
R004051,P000480,E000480
R004052,P000589,E000589
R004053,P004655,E004655
R004054,P004753,E004753
R004055,P004747,E004747
R004056,P002859,E002859
R004057,P006696,E006696
R004058,P003867,E003867
R004059,P003594,E003594
R004060,P000206,E000206
R004061,P006511,E006511
R004062,P005602,E005602
R004063,P000919,E000919
R004064,P004305,E004305
R004065,P003797,E003797
R004066,P004864,E004864
R004067,P001914,E001914
R004068,P006443,E006443
R004069,P006784,E006784
R004070,P002392,E002392
R004071,P004879,E004879
R004072,P006458,E006458
R004073,P005450,E005450
R004074,P001085,E001085
R004075,P000414,E000414
R004076,P002248,E002248
R004077,P001838,E001838
R004078,P002947,E002947
R004079,P001232,E001232
R004080,P004033,E004033
R004081,P000027,E000027
R004082,P001183,E001183
R004083,P001046,E001046
R004084,P003531,E003531
R004085,P000018,E000018
R004086,P002867,E002867
R004087,P005709,E005709
R004088,P001827,E001827
R004089,P004384,E004384
R004090,P006502,E006502
R004091,P001011,E001011
R004092,P001065,E001065
R004093,P005740,E005740
R004094,P004982,E004982
R004095,P004720,E004720
R004096,P001680,E001680
R004097,P005872,E005872
R004098,P006950,E006950
R004099,P000146,E000146
R004100,P001067,E001067
R004101,P001313,E001313
R004102,P001216,E001216
R004103,P003988,E003988
R004104,P000712,E000712
R004105,P000025,E000025
R004106,P002123,E002123
R004107,P001795,E001795
R004108,P002088,E002088
R004109,P002903,E002903
R004110,P001527,E001527
R004111,P005845,E005845
R004112,P002246,E002246
R004113,P004317,E004317
R004114,P003431,E003431
R004115,P003693,E003693
R004116,P006697,E006697
R004117,P003527,E003527
R004118,P004544,E004544
R004119,P005636,E005636
R004120,P006232,E006232
R004121,P000593,E000593
R004122,P005748,E005748
R004123,P004389,E004389
R004124,P005567,E005567
R004125,P001097,E001097
R004126,P001679,E001679
R004127,P001482,E001482
R004128,P003713,E003713
R004129,P003991,E003991
R004130,P000803,E000803
R004131,P003288,E003288
R004132,P004841,E004841
R004133,P002775,E002775
R004134,P006485,E006485
R004135,P002114,E002114
R004136,P005890,E005890
R004137,P002584,E002584
R004138,P000436,E000436
R004139,P003235,E003235
R004140,P002047,E002047
R004141,P000019,E000019
R004142,P003208,E003208
R004143,P000288,E000288
R004144,P004532,E004532
R004145,P002227,E002227
R004146,P002875,E002875
R004147,P006522,E006522
R004148,P000047,E000047
R004149,P000883,E000883
R004150,P003694,E003694
R004151,P003089,E003089
R004152,P000770,E000770
R004153,P005355,E005355
R004154,P002521,E002521
R004155,P001472,E001472
R004156,P005728,E005728
R004157,P006820,E006820
R004158,P006680,E006680
R004159,P002498,E002498
R004160,P003940,E003940
R004161,P002663,E002663
R004162,P005041,E005041
R004163,P001305,E001305
R004164,P006536,E006536
R004165,P001219,E001219
R004166,P006028,E006028
R004167,P003757,E003757
R004168,P000987,E000987
R004169,P000853,E000853
R004170,P005797,E005797
R004171,P004112,E004112
R004172,P005375,E005375
R004173,P006755,E006755
R004174,P000723,E000723
R004175,P001961,E001961
R004176,P006263,E006263
R004177,P003968,E003968
R004178,P001045,E001045
R004179,P004838,E004838
R004180,P001890,E001890
R004181,P006534,E006534
R004182,P005707,E005707
R004183,P001547,E001547
R004184,P005210,E005210
R004185,P003136,E003136
R004186,P002017,E002017
R004187,P005744,E005744
R004188,P002919,E002919
R004189,P003913,E003913
R004190,P004688,E004688
R004191,P003415,E003415
R004192,P005745,E005745
R004193,P004295,E004295
R004194,P005513,E005513
R004195,P004324,E004324
R004196,P005325,E005325
R004197,P006226,E006226
R004198,P003856,E003856
R004199,P001952,E001952
R004200,P002033,E002033
R004201,P001971,E001971
R004202,P000299,E000299
R004203,P001001,E001001
R004204,P002462,E002462
R004205,P006328,E006328
R004206,P001771,E001771
R004207,P001046,E001046
R004208,P005017,E005017
R004209,P003880,E003880
R004210,P001091,E001091
R004211,P003432,E003432
R004212,P006112,E006112
R004213,P001022,E001022
R004214,P004078,E004078
R004215,P004441,E004441
R004216,P001650,E001650
R004217,P002975,E002975
R004218,P003196,E003196
R004219,P005132,E005132
R004220,P006860,E006860
R004221,P001850,E001850
R004222,P000122,E000122
R004223,P004780,E004780
R004224,P005814,E005814
R004225,P000042,E000042
R004226,P004493,E004493
R004227,P004372,E004372
R004228,P002526,E002526
R004229,P004726,E004726
R004230,P006152,E006152
R004231,P006718,E006718
R004232,P002076,E002076
R004233,P004254,E004254
R004234,P001891,E001891
R004235,P002784,E002784
R004236,P000100,E000100
R004237,P001246,E001246
R004238,P006859,E006859
R004239,P002210,E002210
R004240,P003130,E003130
R004241,P006468,E006468
R004242,P004418,E004418
R004243,P006033,E006033
R004244,P002457,E002457
R004245,P005698,E005698
R004246,P005594,E005594
R004247,P005286,E005286
R004248,P005866,E005866
R004249,P000127,E000127
R004250,P001162,E001162
R004251,P003444,E003444
R004252,P005826,E005826
R004253,P005015,E005015
R004254,P006170,E006170
R004255,P005681,E005681
R004256,P004542,E004542
R004257,P002028,E002028
R004258,P003988,E003988
R004259,P006172,E006172
R004260,P004458,E004458
R004261,P006677,E006677
R004262,P002418,E002418
R004263,P006581,E006581
R004264,P004765,E004765
R004265,P004425,E004425
R004266,P001530,E001530
R004267,P001019,E001019
R004268,P005354,E005354
R004269,P004579,E004579
R004270,P003397,E003397
R004271,P000330,E000330
R004272,P002601,E002601
R004273,P005054,E005054
R004274,P000398,E000398
R004275,P004562,E004562
R004276,P002825,E002825
R004277,P002603,E002603
R004278,P003122,E003122
R004279,P004470,E004470
R004280,P003521,E003521
R004281,P002055,E002055
R004282,P003343,E003343
R004283,P001775,E001775
R004284,P003348,E003348
R004285,P000515,E000515
R004286,P004616,E004616
R004287,P000283,E000283
R004288,P004283,E004283
R004289,P001863,E001863
R004290,P004736,E004736
R004291,P004497,E004497
R004292,P001012,E001012
R004293,P000504,E000504
R004294,P006243,E006243
R004295,P001611,E001611
R004296,P001876,E001876
R004297,P002701,E002701
R004298,P003188,E003188
R004299,P006521,E006521
R004300,P006897,E006897
R004301,P004463,E004463
R004302,P003826,E003826
R004303,P005137,E005137
R004304,P000369,E000369
R004305,P000012,E000012
R004306,P004849,E004849
R004307,P006889,E006889
R004308,P004283,E004283
R004309,P005012,E005012
R004310,P005292,E005292
R004311,P006722,E006722
R004312,P003555,E003555
R004313,P005849,E005849
R004314,P003463,E003463
R004315,P002550,E002550
R004316,P002988,E002988
R004317,P000922,E000922
R004318,P001593,E001593
R004319,P000670,E000670
R004320,P004752,E004752
R004321,P001095,E001095
R004322,P002611,E002611
R004323,P002248,E002248
R004324,P002671,E002671
R004325,P006847,E006847
R004326,P004303,E004303
R004327,P006649,E006649
R004328,P003249,E003249
R004329,P000909,E000909
R004330,P006535,E006535
R004331,P005918,E005918
R004332,P001351,E001351
R004333,P006540,E006540
R004334,P004759,E004759
R004335,P003435,E003435
R004336,P000760,E000760
R004337,P002978,E002978
R004338,P002217,E002217
R004339,P001220,E001220
R004340,P006051,E006051
R004341,P006809,E006809
R004342,P002762,E002762
R004343,P003005,E003005
R004344,P005474,E005474
R004345,P006569,E006569
R004346,P004847,E004847
R004347,P005472,E005472
R004348,P003887,E003887
R004349,P005737,E005737
R004350,P005133,E005133
R004351,P004324,E004324
R004352,P006803,E006803
R004353,P002102,E002102
R004354,P003088,E003088
R004355,P002335,E002335
R004356,P006873,E006873
R004357,P000004,E000004
R004358,P005761,E005761
R004359,P006676,E006676
R004360,P005432,E005432
R004361,P004076,E004076
R004362,P005147,E005147
R004363,P000199,E000199
R004364,P004554,E004554
R004365,P002922,E002922
R004366,P003710,E003710
R004367,P002363,E002363
R004368,P005643,E005643
R004369,P004976,E004976
R004370,P003705,E003705
R004371,P002213,E002213
R004372,P005092,E005092
R004373,P000181,E000181
R004374,P001577,E001577
R004375,P000402,E000402
R004376,P005026,E005026
R004377,P006210,E006210
R004378,P002951,E002951
R004379,P003546,E003546
R004380,P004735,E004735
R004381,P005909,E005909
R004382,P003907,E003907
R004383,P002776,E002776
R004384,P002856,E002856
R004385,P000488,E000488
R004386,P001672,E001672
R004387,P004243,E004243
R004388,P006517,E006517
R004389,P005936,E005936
R004390,P004156,E004156
R004391,P001062,E001062
R004392,P006447,E006447
R004393,P002202,E002202
R004394,P001513,E001513
R004395,P004569,E004569
R004396,P000056,E000056
R004397,P006290,E006290
R004398,P003192,E003192
R004399,P004401,E004401
R004400,P006940,E006940
R004401,P000421,E000421
R004402,P003511,E003511
R004403,P001586,E001586
R004404,P006715,E006715
R004405,P003569,E003569
R004406,P002649,E002649
R004407,P002678,E002678
R004408,P004764,E004764
R004409,P000869,E000869
R004410,P004279,E004279
R004411,P006132,E006132
R004412,P003596,E003596
R004413,P005922,E005922
R004414,P003690,E003690
R004415,P000511,E000511
R004416,P003206,E003206
R004417,P002524,E002524
R004418,P004228,E004228
R004419,P004513,E004513
R004420,P000526,E000526
R004421,P004703,E004703
R004422,P003062,E003062
R004423,P002080,E002080
R004424,P004232,E004232
R004425,P006717,E006717
R004426,P001966,E001966
R004427,P001620,E001620
R004428,P004132,E004132
R004429,P003120,E003120
R004430,P001591,E001591
R004431,P006618,E006618
R004432,P000081,E000081
R004433,P005595,E005595
R004434,P002324,E002324
R004435,P006191,E006191
R004436,P005075,E005075
R004437,P006924,E006924
R004438,P005014,E005014
R004439,P001829,E001829
R004440,P005074,E005074
R004441,P000780,E000780
R004442,P001681,E001681
R004443,P000201,E000201
R004444,P006721,E006721
R004445,P003799,E003799
R004446,P006601,E006601
R004447,P001570,E001570
R004448,P003726,E003726
R004449,P003066,E003066
R004450,P006679,E006679
R004451,P001029,E001029
R004452,P003077,E003077
R004453,P000562,E000562
R004454,P001396,E001396
R004455,P004042,E004042
R004456,P004900,E004900
R004457,P002553,E002553
R004458,P002843,E002843
R004459,P006114,E006114
R004460,P005071,E005071
R004461,P001270,E001270
R004462,P006438,E006438
R004463,P006531,E006531
R004464,P001514,E001514
R004465,P006503,E006503
R004466,P005541,E005541
R004467,P005659,E005659
R004468,P001897,E001897
R004469,P005435,E005435
R004470,P005528,E005528
R004471,P004152,E004152
R004472,P000962,E000962
R004473,P003302,E003302
R004474,P004376,E004376
R004475,P004811,E004811
R004476,P001442,E001442
R004477,P003901,E003901
R004478,P006661,E006661
R004479,P005736,E005736
R004480,P001718,E001718
R004481,P000673,E000673
R004482,P002861,E002861
R004483,P004602,E004602
R004484,P002719,E002719
R004485,P000135,E000135
R004486,P000095,E000095
R004487,P002721,E002721
R004488,P002490,E002490
R004489,P004346,E004346
R004490,P001514,E001514
R004491,P002946,E002946
R004492,P001688,E001688
R004493,P001498,E001498
R004494,P002490,E002490
R004495,P001447,E001447
R004496,P002219,E002219
R004497,P006460,E006460
R004498,P005862,E005862
R004499,P001504,E001504
R004500,P004136,E004136
R004501,P005080,E005080
R004502,P003009,E003009
R004503,P000360,E000360
R004504,P002032,E002032
R004505,P006237,E006237
R004506,P006194,E006194
R004507,P004028,E004028
R004508,P003414,E003414
R004509,P002793,E002793
R004510,P003850,E003850
R004511,P000786,E000786
R004512,P003902,E003902
R004513,P006269,E006269
R004514,P003202,E003202
R004515,P006503,E006503
R004516,P000872,E000872
R004517,P004239,E004239
R004518,P003379,E003379
R004519,P000896,E000896
R004520,P004415,E004415
R004521,P004018,E004018
R004522,P004698,E004698
R004523,P000645,E000645
R004524,P000726,E000726
R004525,P001496,E001496
R004526,P001744,E001744
R004527,P005416,E005416
R004528,P005236,E005236
R004529,P000753,E000753
R004530,P006825,E006825
R004531,P005754,E005754
R004532,P001409,E001409
R004533,P000634,E000634
R004534,P002811,E002811
R004535,P006048,E006048
R004536,P001945,E001945
R004537,P006125,E006125
R004538,P006659,E006659
R004539,P006420,E006420
R004540,P001149,E001149
R004541,P001455,E001455
R004542,P002703,E002703
R004543,P000186,E000186
R004544,P006495,E006495
R004545,P000873,E000873
R004546,P006280,E006280
R004547,P002400,E002400
R004548,P004588,E004588
R004549,P004767,E004767
R004550,P005448,E005448
R004551,P002901,E002901
R004552,P005971,E005971
R004553,P003310,E003310
R004554,P003492,E003492
R004555,P004155,E004155
R004556,P002233,E002233
R004557,P002911,E002911
R004558,P002796,E002796
R004559,P005454,E005454
R004560,P001116,E001116
R004561,P005378,E005378
R004562,P002557,E002557
R004563,P006251,E006251
R004564,P005753,E005753
R004565,P005969,E005969
R004566,P006412,E006412
R004567,P001738,E001738
R004568,P004491,E004491
R004569,P005875,E005875
R004570,P004861,E004861
R004571,P005915,E005915
R004572,P003152,E003152
R004573,P003297,E003297
R004574,P000544,E000544
R004575,P002099,E002099
R004576,P006455,E006455
R004577,P003558,E003558
R004578,P004062,E004062
R004579,P005807,E005807
R004580,P002953,E002953
R004581,P003922,E003922
R004582,P003699,E003699
R004583,P000425,E000425
R004584,P000536,E000536
R004585,P005999,E005999
R004586,P000083,E000083
R004587,P001063,E001063
R004588,P003465,E003465
R004589,P001021,E001021
R004590,P006311,E006311
R004591,P006952,E006952
R004592,P000655,E000655
R004593,P004955,E004955
R004594,P006712,E006712
R004595,P004922,E004922
R004596,P004093,E004093
R004597,P000381,E000381
R004598,P006286,E006286
R004599,P006590,E006590
R004600,P003793,E003793
R004601,P001082,E001082
R004602,P003382,E003382
R004603,P004979,E004979
R004604,P005443,E005443
R004605,P004182,E004182
R004606,P003704,E003704
R004607,P003900,E003900
R004608,P001886,E001886
R004609,P000193,E000193
R004610,P004458,E004458
R004611,P005590,E005590
R004612,P002374,E002374
R004613,P006423,E006423
R004614,P002458,E002458
R004615,P006318,E006318
R004616,P004014,E004014
R004617,P006495,E006495
R004618,P000677,E000677
R004619,P006793,E006793
R004620,P004784,E004784
R004621,P004194,E004194
R004622,P006863,E006863
R004623,P002390,E002390
R004624,P000082,E000082
R004625,P002378,E002378
R004626,P000980,E000980
R004627,P001133,E001133
R004628,P006216,E006216
R004629,P000410,E000410
R004630,P001317,E001317
R004631,P005991,E005991
R004632,P004796,E004796
R004633,P006371,E006371
R004634,P005804,E005804
R004635,P002316,E002316
R004636,P006466,E006466
R004637,P004982,E004982
R004638,P000539,E000539
R004639,P003300,E003300
R004640,P001254,E001254
R004641,P002113,E002113
R004642,P002599,E002599
R004643,P005076,E005076
R004644,P003197,E003197
R004645,P002074,E002074
R004646,P006209,E006209
R004647,P006982,E006982
R004648,P002381,E002381
R004649,P006716,E006716
R004650,P004826,E004826
R004651,P003417,E003417
R004652,P003559,E003559
R004653,P005820,E005820
R004654,P006359,E006359
R004655,P000951,E000951
R004656,P002908,E002908
R004657,P003806,E003806
R004658,P004598,E004598
R004659,P004926,E004926
R004660,P006034,E006034
R004661,P000654,E000654
R004662,P003602,E003602
R004663,P004037,E004037
R004664,P003293,E003293
R004665,P005279,E005279
R004666,P006081,E006081
R004667,P006080,E006080
R004668,P004382,E004382
R004669,P003724,E003724
R004670,P000766,E000766
R004671,P006223,E006223
R004672,P005847,E005847
R004673,P000417,E000417
R004674,P004817,E004817
R004675,P006309,E006309
R004676,P001637,E001637
R004677,P000216,E000216
R004678,P004022,E004022
R004679,P001561,E001561
R004680,P003954,E003954
R004681,P001404,E001404
R004682,P003488,E003488
R004683,P000718,E000718
R004684,P002327,E002327
R004685,P006230,E006230
R004686,P003711,E003711
R004687,P004591,E004591
R004688,P000984,E000984
R004689,P005801,E005801
R004690,P005383,E005383
R004691,P006171,E006171
R004692,P002425,E002425
R004693,P005824,E005824
R004694,P004435,E004435
R004695,P002795,E002795
R004696,P000692,E000692
R004697,P002240,E002240
R004698,P004340,E004340
R004699,P002085,E002085
R004700,P004531,E004531
R004701,P006630,E006630
R004702,P000810,E000810
R004703,P005202,E005202
R004704,P005791,E005791
R004705,P001279,E001279
R004706,P001193,E001193
R004707,P001512,E001512
R004708,P000894,E000894
R004709,P001789,E001789
R004710,P006439,E006439
R004711,P000994,E000994
R004712,P002906,E002906
R004713,P000275,E000275
R004714,P000267,E000267
R004715,P003683,E003683
R004716,P004368,E004368
R004717,P005431,E005431
R004718,P006352,E006352
R004719,P001077,E001077
R004720,P005934,E005934
R004721,P001520,E001520
R004722,P000212,E000212
R004723,P004592,E004592
R004724,P006499,E006499
R004725,P000813,E000813
R004726,P002374,E002374
R004727,P004093,E004093
R004728,P001446,E001446
R004729,P003506,E003506
R004730,P004069,E004069
R004731,P000461,E000461
R004732,P005916,E005916
R004733,P001457,E001457
R004734,P006207,E006207
R004735,P006999,E006999
R004736,P002293,E002293
R004737,P002630,E002630
R004738,P002060,E002060
R004739,P005174,E005174
R004740,P004880,E004880
R004741,P002149,E002149
R004742,P000454,E000454
R004743,P002549,E002549
R004744,P004083,E004083
R004745,P001173,E001173
R004746,P003045,E003045
R004747,P003534,E003534
R004748,P002169,E002169
R004749,P000341,E000341
R004750,P003362,E003362
R004751,P001620,E001620
R004752,P003991,E003991
R004753,P001863,E001863
R004754,P002496,E002496
R004755,P000886,E000886
R004756,P004097,E004097
R004757,P000286,E000286
R004758,P006725,E006725
R004759,P003200,E003200
R004760,P001394,E001394
R004761,P002661,E002661
R004762,P005385,E005385
R004763,P006970,E006970
R004764,P005087,E005087
R004765,P002251,E002251
R004766,P000763,E000763
R004767,P004113,E004113
R004768,P002882,E002882
R004769,P002999,E002999
R004770,P005794,E005794
R004771,P000777,E000777
R004772,P003185,E003185
R004773,P005271,E005271
R004774,P000954,E000954
R004775,P005440,E005440
R004776,P001192,E001192
R004777,P001767,E001767
R004778,P000612,E000612
R004779,P005539,E005539
R004780,P004451,E004451
R004781,P006297,E006297
R004782,P003859,E003859
R004783,P006682,E006682
R004784,P005697,E005697
R004785,P001756,E001756
R004786,P005836,E005836
R004787,P006260,E006260
R004788,P000403,E000403
R004789,P000304,E000304
R004790,P002831,E002831
R004791,P000888,E000888
R004792,P001098,E001098
R004793,P002116,E002116
R004794,P005341,E005341
R004795,P006242,E006242
R004796,P006205,E006205
R004797,P000658,E000658
R004798,P005109,E005109
R004799,P005338,E005338
R004800,P005837,E005837
R004801,P003251,E003251
R004802,P006710,E006710
R004803,P006408,E006408
R004804,P006992,E006992
R004805,P006115,E006115
R004806,P005467,E005467
R004807,P003313,E003313
R004808,P003212,E003212
R004809,P003741,E003741
R004810,P006988,E006988
R004811,P003794,E003794
R004812,P003868,E003868
R004813,P003725,E003725
R004814,P005010,E005010
R004815,P006577,E006577
R004816,P000657,E000657
R004817,P000236,E000236
R004818,P003849,E003849
R004819,P003837,E003837
R004820,P005417,E005417
R004821,P004617,E004617
R004822,P000559,E000559
R004823,P006926,E006926
R004824,P002358,E002358
R004825,P000505,E000505
R004826,P000549,E000549
R004827,P004485,E004485
R004828,P005040,E005040
R004829,P004739,E004739
R004830,P006392,E006392
R004831,P005660,E005660
R004832,P006778,E006778
R004833,P004261,E004261
R004834,P006925,E006925
R004835,P006743,E006743
R004836,P004801,E004801
R004837,P003052,E003052
R004838,P002931,E002931
R004839,P003664,E003664
R004840,P002416,E002416
R004841,P005675,E005675
R004842,P000063,E000063
R004843,P000281,E000281
R004844,P001730,E001730
R004845,P003857,E003857
R004846,P006816,E006816
R004847,P002249,E002249
R004848,P004758,E004758
R004849,P002540,E002540
R004850,P004291,E004291
R004851,P005163,E005163
R004852,P006874,E006874
R004853,P001548,E001548
R004854,P003544,E003544
R004855,P004128,E004128
R004856,P004761,E004761
R004857,P006612,E006612
R004858,P002542,E002542
R004859,P000109,E000109
R004860,P003081,E003081
R004861,P003319,E003319
R004862,P001087,E001087
R004863,P004358,E004358
R004864,P006749,E006749
R004865,P002884,E002884
R004866,P004120,E004120
R004867,P001950,E001950
R004868,P001435,E001435
R004869,P006632,E006632
R004870,P004011,E004011
R004871,P002496,E002496
R004872,P002960,E002960
R004873,P000583,E000583
R004874,P006056,E006056
R004875,P001651,E001651
R004876,P005140,E005140
R004877,P000432,E000432
R004878,P006554,E006554
R004879,P003877,E003877
R004880,P002915,E002915
R004881,P000292,E000292
R004882,P001510,E001510
R004883,P001599,E001599
R004884,P005321,E005321
R004885,P002025,E002025
R004886,P003244,E003244
R004887,P001418,E001418
R004888,P005233,E005233
R004889,P001707,E001707
R004890,P003497,E003497
R004891,P006518,E006518
R004892,P003737,E003737
R004893,P006875,E006875
R004894,P002315,E002315
R004895,P004375,E004375
R004896,P000096,E000096
R004897,P005546,E005546
R004898,P006934,E006934
R004899,P001159,E001159
R004900,P005313,E005313
R004901,P000580,E000580
R004902,P003961,E003961
R004903,P006342,E006342
R004904,P001575,E001575
R004905,P002390,E002390
R004906,P004187,E004187
R004907,P001800,E001800
R004908,P005489,E005489
R004909,P006839,E006839
R004910,P002574,E002574
R004911,P004820,E004820
R004912,P005138,E005138
R004913,P000824,E000824
R004914,P002164,E002164
R004915,P000278,E000278
R004916,P006573,E006573
R004917,P006489,E006489
R004918,P000895,E000895
R004919,P005589,E005589
R004920,P006444,E006444
R004921,P003061,E003061
R004922,P006386,E006386
R004923,P006615,E006615
R004924,P002639,E002639
R004925,P001717,E001717
R004926,P000870,E000870
R004927,P000091,E000091
R004928,P000100,E000100
R004929,P003388,E003388
R004930,P001749,E001749
R004931,P004235,E004235
R004932,P002774,E002774
R004933,P000011,E000011
R004934,P001323,E001323
R004935,P006959,E006959
R004936,P001300,E001300
R004937,P006645,E006645
R004938,P002423,E002423
R004939,P003379,E003379
R004940,P000173,E000173
R004941,P004098,E004098
R004942,P005035,E005035
R004943,P006076,E006076
R004944,P006566,E006566
R004945,P000963,E000963
R004946,P002971,E002971
R004947,P004024,E004024
R004948,P003591,E003591
R004949,P004792,E004792
R004950,P005207,E005207
R004951,P002226,E002226
R004952,P003043,E003043
R004953,P002594,E002594
R004954,P004411,E004411
R004955,P004731,E004731
R004956,P003739,E003739
R004957,P006364,E006364
R004958,P003740,E003740
R004959,P002512,E002512
R004960,P001660,E001660
R004961,P003560,E003560
R004962,P006287,E006287
R004963,P006067,E006067
R004964,P002912,E002912
R004965,P002468,E002468
R004966,P000891,E000891
R004967,P002103,E002103
R004968,P001289,E001289
R004969,P003011,E003011
R004970,P001601,E001601
R004971,P006336,E006336
R004972,P004874,E004874
R004973,P002164,E002164
R004974,P005621,E005621
R004975,P003784,E003784
R004976,P003595,E003595
R004977,P003539,E003539
R004978,P006227,E006227
R004979,P003061,E003061
R004980,P000942,E000942
R004981,P002308,E002308
R004982,P003572,E003572
R004983,P001253,E001253
R004984,P000324,E000324
R004985,P004509,E004509
R004986,P006830,E006830
R004987,P003405,E003405
R004988,P004994,E004994
R004989,P000104,E000104
R004990,P006443,E006443
R004991,P005621,E005621
R004992,P002208,E002208
R004993,P001791,E001791
R004994,P005101,E005101
R004995,P000471,E000471
R004996,P002932,E002932
R004997,P006412,E006412
R004998,P000885,E000885
R004999,P000605,E000605
R005000,P003303,E003303
R005001,P005493,E005493
R005002,P005876,E005876
R005003,P003918,E003918
R005004,P006990,E006990
R005005,P006255,E006255
R005006,P002823,E002823
R005007,P001203,E001203
R005008,P006060,E006060
R005009,P001201,E001201
R005010,P006922,E006922
R005011,P001906,E001906
R005012,P002467,E002467
R005013,P002640,E002640
R005014,P003562,E003562
R005015,P000403,E000403
R005016,P006624,E006624
R005017,P002165,E002165
R005018,P002644,E002644
R005019,P002056,E002056
R005020,P000126,E000126
R005021,P001880,E001880
R005022,P004762,E004762
R005023,P005600,E005600
R005024,P005563,E005563
R005025,P006776,E006776
R005026,P005035,E005035
R005027,P002923,E002923
R005028,P006569,E006569
R005029,P006910,E006910
R005030,P006921,E006921
R005031,P003272,E003272
R005032,P000902,E000902
R005033,P001256,E001256
R005034,P002098,E002098
R005035,P001303,E001303
R005036,P001120,E001120
R005037,P006031,E006031
R005038,P002944,E002944
R005039,P002917,E002917
R005040,P000592,E000592
R005041,P005118,E005118
R005042,P006262,E006262
R005043,P002768,E002768
R005044,P002389,E002389
R005045,P001792,E001792
R005046,P006814,E006814
R005047,P005154,E005154
R005048,P006744,E006744
R005049,P004313,E004313
R005050,P004082,E004082
R005051,P005020,E005020
R005052,P006140,E006140
R005053,P000458,E000458
R005054,P001476,E001476
R005055,P002939,E002939
R005056,P006868,E006868
R005057,P001414,E001414
R005058,P003213,E003213
R005059,P004115,E004115
R005060,P004619,E004619
R005061,P000385,E000385
R005062,P005442,E005442
R005063,P000540,E000540
R005064,P005705,E005705
R005065,P006694,E006694
R005066,P001051,E001051
R005067,P000353,E000353
R005068,P000032,E000032
R005069,P005390,E005390
R005070,P005978,E005978
R005071,P006772,E006772
R005072,P004297,E004297
R005073,P000975,E000975
R005074,P005652,E005652
R005075,P001274,E001274
R005076,P003677,E003677
R005077,P005796,E005796
R005078,P006850,E006850
R005079,P003001,E003001
R005080,P003085,E003085
R005081,P003091,E003091
R005082,P006559,E006559
R005083,P001831,E001831
R005084,P001227,E001227
R005085,P002612,E002612
R005086,P001820,E001820
R005087,P005376,E005376
R005088,P006396,E006396
R005089,P001677,E001677
R005090,P005560,E005560
R005091,P001735,E001735
R005092,P000454,E000454
R005093,P000672,E000672
R005094,P001360,E001360
R005095,P006726,E006726
R005096,P002237,E002237
R005097,P005799,E005799
R005098,P005041,E005041
R005099,P001759,E001759
R005100,P005196,E005196
R005101,P005935,E005935
R005102,P001168,E001168
R005103,P006270,E006270
R005104,P004481,E004481
R005105,P005288,E005288
R005106,P005322,E005322
R005107,P001216,E001216
R005108,P006092,E006092
R005109,P003961,E003961
R005110,P002670,E002670
R005111,P001557,E001557
R005112,P004875,E004875
R005113,P005984,E005984
R005114,P006636,E006636
R005115,P001058,E001058
R005116,P004689,E004689
R005117,P000488,E000488
R005118,P003236,E003236
R005119,P006252,E006252
R005120,P000492,E000492
R005121,P002564,E002564
R005122,P004053,E004053
R005123,P001075,E001075
R005124,P002591,E002591
R005125,P001160,E001160
R005126,P000449,E000449
R005127,P001103,E001103
R005128,P005433,E005433
R005129,P000195,E000195
R005130,P006875,E006875
R005131,P005278,E005278
R005132,P004847,E004847
R005133,P005461,E005461
R005134,P003284,E003284
R005135,P002887,E002887
R005136,P003651,E003651
R005137,P000830,E000830
R005138,P003814,E003814
R005139,P006771,E006771
R005140,P002132,E002132
R005141,P006861,E006861
R005142,P006207,E006207
R005143,P001983,E001983
R005144,P002387,E002387
R005145,P006273,E006273
R005146,P005124,E005124
R005147,P001138,E001138
R005148,P006728,E006728
R005149,P002603,E002603
R005150,P000999,E000999
R005151,P001842,E001842
R005152,P004201,E004201
R005153,P005664,E005664
R005154,P003891,E003891
R005155,P004962,E004962
R005156,P002750,E002750
R005157,P004434,E004434
R005158,P000243,E000243
R005159,P006102,E006102
R005160,P001997,E001997
R005161,P000119,E000119
R005162,P001416,E001416
R005163,P001763,E001763
R005164,P006174,E006174
R005165,P003371,E003371
R005166,P004984,E004984
R005167,P003243,E003243
R005168,P000578,E000578
R005169,P002817,E002817
R005170,P005091,E005091
R005171,P002087,E002087
R005172,P002385,E002385
R005173,P005455,E005455
R005174,P003538,E003538
R005175,P003904,E003904
R005176,P000070,E000070
R005177,P001955,E001955
R005178,P004391,E004391
R005179,P004898,E004898
R005180,P004223,E004223
R005181,P000701,E000701
R005182,P004086,E004086
R005183,P001301,E001301
R005184,P000858,E000858
R005185,P002116,E002116
R005186,P006448,E006448
R005187,P006075,E006075
R005188,P000783,E000783
R005189,P000579,E000579
R005190,P004792,E004792
R005191,P005769,E005769
R005192,P004732,E004732
R005193,P001686,E001686
R005194,P003872,E003872
R005195,P001049,E001049
R005196,P002632,E002632
R005197,P003115,E003115
R005198,P006535,E006535
R005199,P004039,E004039
R005200,P002940,E002940
R005201,P006901,E006901
R005202,P003549,E003549
R005203,P003437,E003437
R005204,P006920,E006920
R005205,P005447,E005447
R005206,P003802,E003802
R005207,P000147,E000147
R005208,P006807,E006807
R005209,P006277,E006277
R005210,P002525,E002525
R005211,P000141,E000141
R005212,P003349,E003349
R005213,P004733,E004733
R005214,P004612,E004612
R005215,P006671,E006671
R005216,P001458,E001458
R005217,P003864,E003864
R005218,P006327,E006327
R005219,P004862,E004862
R005220,P004477,E004477
R005221,P000128,E000128
R005222,P005367,E005367
R005223,P000637,E000637
R005224,P005008,E005008
R005225,P002729,E002729
R005226,P004393,E004393
R005227,P003700,E003700
R005228,P000623,E000623
R005229,P000362,E000362
R005230,P000438,E000438
R005231,P001151,E001151
R005232,P006625,E006625
R005233,P003280,E003280
R005234,P000094,E000094
R005235,P000260,E000260
R005236,P003819,E003819
R005237,P002450,E002450
R005238,P005104,E005104
R005239,P000501,E000501
R005240,P004622,E004622
R005241,P003624,E003624
R005242,P006477,E006477
R005243,P005657,E005657
R005244,P005980,E005980
R005245,P003586,E003586
R005246,P000648,E000648
R005247,P004913,E004913
R005248,P005475,E005475
R005249,P005567,E005567
R005250,P002593,E002593
R005251,P001398,E001398
R005252,P000543,E000543
R005253,P006475,E006475
R005254,P003207,E003207
R005255,P005781,E005781
R005256,P001367,E001367
R005257,P001421,E001421
R005258,P005742,E005742
R005259,P005183,E005183
R005260,P000864,E000864
R005261,P004405,E004405
R005262,P000544,E000544
R005263,P003854,E003854
R005264,P005569,E005569
R005265,P006298,E006298
R005266,P001586,E001586
R005267,P001555,E001555
R005268,P000174,E000174
R005269,P005200,E005200
R005270,P002618,E002618
R005271,P004144,E004144
R005272,P002893,E002893
R005273,P003118,E003118
R005274,P004393,E004393
R005275,P006121,E006121
R005276,P006370,E006370
R005277,P006966,E006966
R005278,P002239,E002239
R005279,P001875,E001875
R005280,P002640,E002640
R005281,P000257,E000257
R005282,P006058,E006058
R005283,P000499,E000499
R005284,P002959,E002959
R005285,P003240,E003240
R005286,P003770,E003770
R005287,P003361,E003361
R005288,P003421,E003421
R005289,P000786,E000786
R005290,P000002,E000002
R005291,P005980,E005980
R005292,P001647,E001647
R005293,P001907,E001907
R005294,P006493,E006493
R005295,P004378,E004378
R005296,P000346,E000346
R005297,P002470,E002470
R005298,P004288,E004288
R005299,P005159,E005159
R005300,P001984,E001984
R005301,P003709,E003709
R005302,P006827,E006827
R005303,P006826,E006826
R005304,P003966,E003966
R005305,P000926,E000926
R005306,P000183,E000183
R005307,P006095,E006095
R005308,P005379,E005379
R005309,P006108,E006108
R005310,P003798,E003798
R005311,P006059,E006059
R005312,P001250,E001250
R005313,P004183,E004183
R005314,P004935,E004935
R005315,P004227,E004227
R005316,P002634,E002634
R005317,P002803,E002803
R005318,P005052,E005052
R005319,P000501,E000501
R005320,P005673,E005673
R005321,P004663,E004663
R005322,P000821,E000821
R005323,P006526,E006526
R005324,P002328,E002328
R005325,P005268,E005268
R005326,P000826,E000826
R005327,P004706,E004706
R005328,P001230,E001230
R005329,P002928,E002928
R005330,P000139,E000139
R005331,P000698,E000698
R005332,P000098,E000098
R005333,P004051,E004051
R005334,P004476,E004476
R005335,P002253,E002253
R005336,P006785,E006785
R005337,P001380,E001380
R005338,P002684,E002684
R005339,P000763,E000763
R005340,P004443,E004443
R005341,P002318,E002318
R005342,P003835,E003835
R005343,P006165,E006165
R005344,P003960,E003960
R005345,P006817,E006817
R005346,P000967,E000967
R005347,P005343,E005343
R005348,P006545,E006545
R005349,P000789,E000789
R005350,P000394,E000394
R005351,P006374,E006374
R005352,P003186,E003186
R005353,P001588,E001588
R005354,P003885,E003885
R005355,P001667,E001667
R005356,P003738,E003738
R005357,P005768,E005768
R005358,P005287,E005287
R005359,P005066,E005066
R005360,P003981,E003981
R005361,P003567,E003567
R005362,P000507,E000507
R005363,P000505,E000505
R005364,P003861,E003861
R005365,P000120,E000120
R005366,P001325,E001325
R005367,P003809,E003809
R005368,P006292,E006292
R005369,P005670,E005670
R005370,P005743,E005743
R005371,P002610,E002610
R005372,P004251,E004251
R005373,P002956,E002956
R005374,P003311,E003311
R005375,P001495,E001495
R005376,P005632,E005632
R005377,P001947,E001947
R005378,P002178,E002178
R005379,P003827,E003827
R005380,P005012,E005012
R005381,P004808,E004808
R005382,P003070,E003070
R005383,P001290,E001290
R005384,P003222,E003222
R005385,P000976,E000976
R005386,P000365,E000365
R005387,P005459,E005459
R005388,P006014,E006014
R005389,P006792,E006792
R005390,P000062,E000062
R005391,P005889,E005889
R005392,P005241,E005241
R005393,P004131,E004131
R005394,P005998,E005998
R005395,P000047,E000047
R005396,P004961,E004961
R005397,P001804,E001804
R005398,P006491,E006491
R005399,P001712,E001712
R005400,P006155,E006155
R005401,P005631,E005631
R005402,P000800,E000800
R005403,P004572,E004572
R005404,P004278,E004278
R005405,P004132,E004132
R005406,P002657,E002657
R005407,P004245,E004245
R005408,P002780,E002780
R005409,P004107,E004107
R005410,P001050,E001050
R005411,P001716,E001716
R005412,P002288,E002288
R005413,P001217,E001217
R005414,P001174,E001174
R005415,P004176,E004176
R005416,P002126,E002126
R005417,P000693,E000693
R005418,P002352,E002352
R005419,P005106,E005106
R005420,P006928,E006928
R005421,P000187,E000187
R005422,P003781,E003781
R005423,P006048,E006048
R005424,P005239,E005239
R005425,P001503,E001503
R005426,P002426,E002426
R005427,P005857,E005857
R005428,P006454,E006454
R005429,P004887,E004887
R005430,P002755,E002755
R005431,P001836,E001836
R005432,P005952,E005952
R005433,P000325,E000325
R005434,P002303,E002303
R005435,P006261,E006261
R005436,P001111,E001111
R005437,P002594,E002594
R005438,P006911,E006911
R005439,P005130,E005130
R005440,P006070,E006070
R005441,P001264,E001264
R005442,P003566,E003566
R005443,P000404,E000404
R005444,P004783,E004783
R005445,P001315,E001315
R005446,P005549,E005549
R005447,P000449,E000449
R005448,P001820,E001820
R005449,P003995,E003995
R005450,P005302,E005302
R005451,P002735,E002735
R005452,P004774,E004774
R005453,P000044,E000044
R005454,P004563,E004563
R005455,P001278,E001278
R005456,P005650,E005650
R005457,P000453,E000453
R005458,P000162,E000162
R005459,P006565,E006565
R005460,P000392,E000392
R005461,P005548,E005548
R005462,P005901,E005901
R005463,P005319,E005319
R005464,P001151,E001151
R005465,P001918,E001918
R005466,P002545,E002545
R005467,P006748,E006748
R005468,P002955,E002955
R005469,P002520,E002520
R005470,P004567,E004567
R005471,P006449,E006449
R005472,P001933,E001933
R005473,P006384,E006384
R005474,P004170,E004170
R005475,P000653,E000653
R005476,P004175,E004175
R005477,P001339,E001339
R005478,P004589,E004589
R005479,P005968,E005968
R005480,P004697,E004697
R005481,P006578,E006578
R005482,P005034,E005034
R005483,P000565,E000565
R005484,P001799,E001799
R005485,P002115,E002115
R005486,P000175,E000175
R005487,P002728,E002728
R005488,P006595,E006595
R005489,P002688,E002688
R005490,P004945,E004945
R005491,P002133,E002133
R005492,P006407,E006407
R005493,P003503,E003503
R005494,P001558,E001558
R005495,P006552,E006552
R005496,P001696,E001696
R005497,P002139,E002139
R005498,P001225,E001225
R005499,P003000,E003000
R005500,P005662,E005662
R005501,P001895,E001895
R005502,P004064,E004064
R005503,P003734,E003734
R005504,P004886,E004886
R005505,P003150,E003150
R005506,P005844,E005844
R005507,P001247,E001247
R005508,P004676,E004676
R005509,P003915,E003915
R005510,P006383,E006383
R005511,P001532,E001532
R005512,P001624,E001624
R005513,P006122,E006122
R005514,P000804,E000804
R005515,P005620,E005620
R005516,P004066,E004066
R005517,P003697,E003697
R005518,P001791,E001791
R005519,P002471,E002471
R005520,P004322,E004322
R005521,P000966,E000966
R005522,P000519,E000519
R005523,P002257,E002257
R005524,P000564,E000564
R005525,P003039,E003039
R005526,P002529,E002529
R005527,P005156,E005156
R005528,P001507,E001507
R005529,P002403,E002403
R005530,P005675,E005675
R005531,P006482,E006482
R005532,P001161,E001161
R005533,P006022,E006022
R005534,P006600,E006600
R005535,P001559,E001559
R005536,P005492,E005492
R005537,P004010,E004010
R005538,P001721,E001721
R005539,P004366,E004366
R005540,P004575,E004575
R005541,P001279,E001279
R005542,P000553,E000553
R005543,P005931,E005931
R005544,P000575,E000575
R005545,P001676,E001676
R005546,P002897,E002897
R005547,P000724,E000724
R005548,P000021,E000021
R005549,P005577,E005577
R005550,P001864,E001864
R005551,P001680,E001680
R005552,P005800,E005800
R005553,P000459,E000459
R005554,P005310,E005310
R005555,P002448,E002448
R005556,P000630,E000630
R005557,P006562,E006562
R005558,P006107,E006107
R005559,P000020,E000020
R005560,P000068,E000068
R005561,P002933,E002933
R005562,P004050,E004050
R005563,P004648,E004648
R005564,P006088,E006088
R005565,P000794,E000794
R005566,P000150,E000150
R005567,P005235,E005235
R005568,P004967,E004967
R005569,P003283,E003283
R005570,P004620,E004620
R005571,P006395,E006395
R005572,P004108,E004108
R005573,P004421,E004421
R005574,P003505,E003505
R005575,P006637,E006637
R005576,P003195,E003195
R005577,P004431,E004431
R005578,P004616,E004616
R005579,P004163,E004163
R005580,P004582,E004582
R005581,P002742,E002742
R005582,P005057,E005057
R005583,P006603,E006603
R005584,P001743,E001743
R005585,P006871,E006871
R005586,P005782,E005782
R005587,P006680,E006680
R005588,P002163,E002163
R005589,P000416,E000416
R005590,P004067,E004067
R005591,P006074,E006074
R005592,P001310,E001310
R005593,P000518,E000518
R005594,P002083,E002083
R005595,P005133,E005133
R005596,P006684,E006684
R005597,P003306,E003306
R005598,P001702,E001702
R005599,P001007,E001007
R005600,P003863,E003863
R005601,P006267,E006267
R005602,P001723,E001723
R005603,P001439,E001439
R005604,P003989,E003989
R005605,P003328,E003328
R005606,P004066,E004066
R005607,P002511,E002511
R005608,P002949,E002949
R005609,P006256,E006256
R005610,P005053,E005053
R005611,P003353,E003353
R005612,P000380,E000380
R005613,P005341,E005341
R005614,P003640,E003640
R005615,P004385,E004385
R005616,P005160,E005160
R005617,P002479,E002479
R005618,P000530,E000530
R005619,P006692,E006692
R005620,P000231,E000231
R005621,P002597,E002597
R005622,P006228,E006228
R005623,P004429,E004429
R005624,P006405,E006405
R005625,P006778,E006778
R005626,P000305,E000305
R005627,P003810,E003810
R005628,P003429,E003429
R005629,P006126,E006126
R005630,P000854,E000854
R005631,P002670,E002670
R005632,P002596,E002596
R005633,P003315,E003315
R005634,P006153,E006153
R005635,P003064,E003064
R005636,P001964,E001964
R005637,P006506,E006506
R005638,P003359,E003359
R005639,P002840,E002840
R005640,P004304,E004304
R005641,P000797,E000797
R005642,P006673,E006673
R005643,P001210,E001210
R005644,P001272,E001272
R005645,P002216,E002216
R005646,P006866,E006866
R005647,P001810,E001810
R005648,P000291,E000291
R005649,P003501,E003501
R005650,P005967,E005967
R005651,P000115,E000115
R005652,P000926,E000926
R005653,P001237,E001237
R005654,P003453,E003453
R005655,P000255,E000255
R005656,P000092,E000092
R005657,P005815,E005815
R005658,P001751,E001751
R005659,P002106,E002106
R005660,P003154,E003154
R005661,P005503,E005503
R005662,P001801,E001801
R005663,P003801,E003801
R005664,P005533,E005533
R005665,P005030,E005030
R005666,P001581,E001581
R005667,P002126,E002126
R005668,P000722,E000722
R005669,P006330,E006330
R005670,P004933,E004933
R005671,P004192,E004192
R005672,P004237,E004237
R005673,P000186,E000186
R005674,P002860,E002860
R005675,P004545,E004545
R005676,P006454,E006454
R005677,P000781,E000781
R005678,P000959,E000959
R005679,P001130,E001130
R005680,P004930,E004930
R005681,P000830,E000830
R005682,P004940,E004940
R005683,P001282,E001282
R005684,P000955,E000955
R005685,P006728,E006728
R005686,P005089,E005089
R005687,P000378,E000378
R005688,P000437,E000437
R005689,P001489,E001489
R005690,P002391,E002391
R005691,P006846,E006846
R005692,P000875,E000875
R005693,P001198,E001198
R005694,P000207,E000207
R005695,P001847,E001847
R005696,P004700,E004700
R005697,P003943,E003943
R005698,P005141,E005141
R005699,P005717,E005717
R005700,P003553,E003553
R005701,P005408,E005408
R005702,P000925,E000925
R005703,P003830,E003830
R005704,P004146,E004146
R005705,P000443,E000443
R005706,P004216,E004216
R005707,P002154,E002154
R005708,P000929,E000929
R005709,P006504,E006504
R005710,P006031,E006031
R005711,P001020,E001020
R005712,P003301,E003301
R005713,P003782,E003782
R005714,P000229,E000229
R005715,P002883,E002883
R005716,P005180,E005180
R005717,P004316,E004316
R005718,P002582,E002582
R005719,P000022,E000022
R005720,P006368,E006368
R005721,P001768,E001768
R005722,P003250,E003250
R005723,P000085,E000085
R005724,P001499,E001499
R005725,P000709,E000709
R005726,P005476,E005476
R005727,P003394,E003394
R005728,P001711,E001711
R005729,P001010,E001010
R005730,P000368,E000368
R005731,P003885,E003885
R005732,P004199,E004199
R005733,P003605,E003605
R005734,P006325,E006325
R005735,P003923,E003923
R005736,P004058,E004058
R005737,P000821,E000821
R005738,P006841,E006841
R005739,P001733,E001733
R005740,P004951,E004951
R005741,P001005,E001005
R005742,P001685,E001685
R005743,P003767,E003767
R005744,P000326,E000326
R005745,P003215,E003215
R005746,P001185,E001185
R005747,P006984,E006984
R005748,P004850,E004850
R005749,P002596,E002596
R005750,P002011,E002011
R005751,P000657,E000657
R005752,P005315,E005315
R005753,P004432,E004432
R005754,P002589,E002589
R005755,P006133,E006133
R005756,P004472,E004472
R005757,P004318,E004318
R005758,P001995,E001995
R005759,P000613,E000613
R005760,P002377,E002377
R005761,P004379,E004379
R005762,P000969,E000969
R005763,P002517,E002517
R005764,P000117,E000117
R005765,P005966,E005966
R005766,P003643,E003643
R005767,P001212,E001212
R005768,P000104,E000104
R005769,P004567,E004567
R005770,P000314,E000314
R005771,P006871,E006871
R005772,P004002,E004002
R005773,P002848,E002848
R005774,P001761,E001761
R005775,P003394,E003394
R005776,P004571,E004571
R005777,P004007,E004007
R005778,P002329,E002329
R005779,P002820,E002820
R005780,P000358,E000358
R005781,P000182,E000182
R005782,P006077,E006077
R005783,P006413,E006413
R005784,P005357,E005357
R005785,P005066,E005066
R005786,P003313,E003313
R005787,P001414,E001414
R005788,P000712,E000712
R005789,P005314,E005314
R005790,P003488,E003488
R005791,P006501,E006501
R005792,P003942,E003942
R005793,P001272,E001272
R005794,P000866,E000866
R005795,P005726,E005726
R005796,P005818,E005818
R005797,P004895,E004895
R005798,P000050,E000050
R005799,P005956,E005956
R005800,P002109,E002109
R005801,P003512,E003512
R005802,P000429,E000429
R005803,P003597,E003597
R005804,P004894,E004894
R005805,P003792,E003792
R005806,P005048,E005048
R005807,P001318,E001318
R005808,P000013,E000013
R005809,P002744,E002744
R005810,P004206,E004206
R005811,P000582,E000582
R005812,P000828,E000828
R005813,P000948,E000948
R005814,P004992,E004992
R005815,P004715,E004715
R005816,P004519,E004519
R005817,P001849,E001849
R005818,P005014,E005014
R005819,P004550,E004550
R005820,P001959,E001959
R005821,P004679,E004679
R005822,P000733,E000733
R005823,P004974,E004974
R005824,P003883,E003883
R005825,P002221,E002221
R005826,P002287,E002287
R005827,P004833,E004833
R005828,P004643,E004643
R005829,P005372,E005372
R005830,P004680,E004680
R005831,P001678,E001678
R005832,P005955,E005955
R005833,P003934,E003934
R005834,P002537,E002537
R005835,P003703,E003703
R005836,P002343,E002343
R005837,P001334,E001334
R005838,P000427,E000427
R005839,P004007,E004007
R005840,P005627,E005627
R005841,P005129,E005129
R005842,P005692,E005692
R005843,P004878,E004878
R005844,P000964,E000964
R005845,P001979,E001979
R005846,P001905,E001905
R005847,P006480,E006480
R005848,P004814,E004814
R005849,P002367,E002367
R005850,P001876,E001876
R005851,P001913,E001913
R005852,P005001,E005001
R005853,P005798,E005798
R005854,P001653,E001653
R005855,P005897,E005897
R005856,P006187,E006187
R005857,P001547,E001547
R005858,P003852,E003852
R005859,P004331,E004331
R005860,P000551,E000551
R005861,P001069,E001069
R005862,P004577,E004577
R005863,P001395,E001395
R005864,P004954,E004954
R005865,P002535,E002535
R005866,P003997,E003997
R005867,P005405,E005405
R005868,P006523,E006523
R005869,P006115,E006115
R005870,P001140,E001140
R005871,P002870,E002870
R005872,P006344,E006344
R005873,P001311,E001311
R005874,P003397,E003397
R005875,P003219,E003219
R005876,P005516,E005516
R005877,P004710,E004710
R005878,P005666,E005666
R005879,P002655,E002655
R005880,P002330,E002330
R005881,P006883,E006883
R005882,P005303,E005303
R005883,P002770,E002770
R005884,P006147,E006147
R005885,P006981,E006981
R005886,P004748,E004748
R005887,P005482,E005482
R005888,P002234,E002234
R005889,P003266,E003266
R005890,P001915,E001915
R005891,P004550,E004550
R005892,P004180,E004180
R005893,P000400,E000400
R005894,P003339,E003339
R005895,P003016,E003016
R005896,P000742,E000742
R005897,P005695,E005695
R005898,P005813,E005813
R005899,P006786,E006786
R005900,P002827,E002827
R005901,P004220,E004220
R005902,P003413,E003413
R005903,P006659,E006659
R005904,P003869,E003869
R005905,P000756,E000756
R005906,P001599,E001599
R005907,P006007,E006007
R005908,P004980,E004980
R005909,P000758,E000758
R005910,P006479,E006479
R005911,P000451,E000451
R005912,P002586,E002586
R005913,P000745,E000745
R005914,P001609,E001609
R005915,P002221,E002221
R005916,P004711,E004711
R005917,P005268,E005268
R005918,P000284,E000284
R005919,P006101,E006101
R005920,P004584,E004584
R005921,P000133,E000133
R005922,P002363,E002363
R005923,P004408,E004408
R005924,P002508,E002508
R005925,P004613,E004613
R005926,P000312,E000312
R005927,P001393,E001393
R005928,P000928,E000928
R005929,P003606,E003606
R005930,P003866,E003866
R005931,P001645,E001645
R005932,P000775,E000775
R005933,P006660,E006660
R005934,P006523,E006523
R005935,P006707,E006707
R005936,P003223,E003223
R005937,P005093,E005093
R005938,P002575,E002575
R005939,P002358,E002358
R005940,P001333,E001333
R005941,P005477,E005477
R005942,P000296,E000296
R005943,P000487,E000487
R005944,P006821,E006821
R005945,P000863,E000863
R005946,P003926,E003926
R005947,P000654,E000654
R005948,P005649,E005649
R005949,P004271,E004271
R005950,P005852,E005852
R005951,P004658,E004658
R005952,P003745,E003745
R005953,P005359,E005359
R005954,P003057,E003057
R005955,P001031,E001031
R005956,P002315,E002315
R005957,P001858,E001858
R005958,P000060,E000060
R005959,P001419,E001419
R005960,P002560,E002560
R005961,P001079,E001079
R005962,P006760,E006760
R005963,P000683,E000683
R005964,P005269,E005269
R005965,P005792,E005792
R005966,P004211,E004211
R005967,P005024,E005024
R005968,P003242,E003242
R005969,P001898,E001898
R005970,P001170,E001170
R005971,P002388,E002388
R005972,P003245,E003245
R005973,P006641,E006641
R005974,P004919,E004919
R005975,P002071,E002071
R005976,P002698,E002698
R005977,P005317,E005317
R005978,P000590,E000590
R005979,P005301,E005301
R005980,P003436,E003436
R005981,P004350,E004350
R005982,P005852,E005852
R005983,P006702,E006702
R005984,P002525,E002525
R005985,P006703,E006703
R005986,P006346,E006346
R005987,P004958,E004958
R005988,P005990,E005990
R005989,P006155,E006155
R005990,P001980,E001980
R005991,P001858,E001858
R005992,P004751,E004751
R005993,P002316,E002316
R005994,P005418,E005418
R005995,P004452,E004452
R005996,P005883,E005883
R005997,P001122,E001122
R005998,P006086,E006086
R005999,P005088,E005088
R006000,P001860,E001860
R006001,P003599,E003599
R006002,P002948,E002948
R006003,P003079,E003079
R006004,P005679,E005679
R006005,P002058,E002058
R006006,P001584,E001584
R006007,P000266,E000266
R006008,P001370,E001370
R006009,P002857,E002857
R006010,P000293,E000293
R006011,P001040,E001040
R006012,P004818,E004818
R006013,P004950,E004950
R006014,P005510,E005510
R006015,P006380,E006380
R006016,P006594,E006594
R006017,P004319,E004319
R006018,P000464,E000464
R006019,P006539,E006539
R006020,P000075,E000075
R006021,P001188,E001188
R006022,P004439,E004439
R006023,P001785,E001785
R006024,P002507,E002507
R006025,P006682,E006682
R006026,P002057,E002057
R006027,P000961,E000961
R006028,P006375,E006375
R006029,P006029,E006029
R006030,P002801,E002801
R006031,P002091,E002091
R006032,P003914,E003914
R006033,P006951,E006951
R006034,P000236,E000236
R006035,P002880,E002880
R006036,P000671,E000671
R006037,P001388,E001388
R006038,P003454,E003454
R006039,P000688,E000688
R006040,P004027,E004027
R006041,P005410,E005410
R006042,P002340,E002340
R006043,P000598,E000598
R006044,P004495,E004495
R006045,P001968,E001968
R006046,P001057,E001057
R006047,P005944,E005944
R006048,P006794,E006794
R006049,P006922,E006922
R006050,P004915,E004915
R006051,P002815,E002815
R006052,P002292,E002292
R006053,P004983,E004983
R006054,P002015,E002015
R006055,P005250,E005250
R006056,P000730,E000730
R006057,P002283,E002283
R006058,P001488,E001488
R006059,P003348,E003348
R006060,P002023,E002023
R006061,P005817,E005817
R006062,P002638,E002638
R006063,P004811,E004811
R006064,P005155,E005155
R006065,P002519,E002519
R006066,P003946,E003946
R006067,P006518,E006518
R006068,P005840,E005840
R006069,P005569,E005569
R006070,P004413,E004413
R006071,P004914,E004914
R006072,P001443,E001443
R006073,P005161,E005161
R006074,P006409,E006409
R006075,P004737,E004737
R006076,P001093,E001093
R006077,P003210,E003210
R006078,P005669,E005669
R006079,P003958,E003958
R006080,P000955,E000955
R006081,P002524,E002524
R006082,P003269,E003269
R006083,P006554,E006554
R006084,P005043,E005043
R006085,P006525,E006525
R006086,P005387,E005387
R006087,P006923,E006923
R006088,P000538,E000538
R006089,P006836,E006836
R006090,P001920,E001920
R006091,P000897,E000897
R006092,P005018,E005018
R006093,P000737,E000737
R006094,P001345,E001345
R006095,P001735,E001735
R006096,P004158,E004158
R006097,P003628,E003628
R006098,P006158,E006158
R006099,P002492,E002492
R006100,P001252,E001252
R006101,P003644,E003644
R006102,P006351,E006351
R006103,P006896,E006896
R006104,P004402,E004402
R006105,P005158,E005158
R006106,P003919,E003919
R006107,P001784,E001784
R006108,P006819,E006819
R006109,P003551,E003551
R006110,P000149,E000149
R006111,P005214,E005214
R006112,P006095,E006095
R006113,P004344,E004344
R006114,P000932,E000932
R006115,P003825,E003825
R006116,P006595,E006595
R006117,P002313,E002313
R006118,P001073,E001073
R006119,P005696,E005696
R006120,P005558,E005558
R006121,P003535,E003535
R006122,P004274,E004274
R006123,P000660,E000660
R006124,P000901,E000901
R006125,P003643,E003643
R006126,P002011,E002011
R006127,P004832,E004832
R006128,P002737,E002737
R006129,P002864,E002864
R006130,P004337,E004337
R006131,P006842,E006842
R006132,P005256,E005256
R006133,P003870,E003870
R006134,P003624,E003624
R006135,P003686,E003686
R006136,P001837,E001837
R006137,P003255,E003255
R006138,P004560,E004560
R006139,P005611,E005611
R006140,P006250,E006250
R006141,P004791,E004791
R006142,P003039,E003039
R006143,P001126,E001126
R006144,P003375,E003375
R006145,P003721,E003721
R006146,P000029,E000029
R006147,P003523,E003523
R006148,P002647,E002647
R006149,P005539,E005539
R006150,P003331,E003331
R006151,P004182,E004182
R006152,P004961,E004961
R006153,P006490,E006490
R006154,P001176,E001176
R006155,P004237,E004237
R006156,P004986,E004986
R006157,P003528,E003528
R006158,P006319,E006319
R006159,P006704,E006704
R006160,P000635,E000635
R006161,P005633,E005633
R006162,P001182,E001182
R006163,P003551,E003551
R006164,P001829,E001829
R006165,P006078,E006078
R006166,P001299,E001299
R006167,P004319,E004319
R006168,P004138,E004138
R006169,P002892,E002892
R006170,P003299,E003299
R006171,P001485,E001485
R006172,P004557,E004557
R006173,P002046,E002046
R006174,P000675,E000675
R006175,P006853,E006853
R006176,P003478,E003478
R006177,P004098,E004098
R006178,P003369,E003369
R006179,P004904,E004904
R006180,P006779,E006779
R006181,P001430,E001430
R006182,P005870,E005870
R006183,P002272,E002272
R006184,P001477,E001477
R006185,P003601,E003601
R006186,P005732,E005732
R006187,P000604,E000604
R006188,P002148,E002148
R006189,P002695,E002695
R006190,P001494,E001494
R006191,P003174,E003174
R006192,P002547,E002547
R006193,P004949,E004949
R006194,P002454,E002454
R006195,P004433,E004433
R006196,P002464,E002464
R006197,P004302,E004302
R006198,P002332,E002332
R006199,P000809,E000809
R006200,P004387,E004387
R006201,P004444,E004444
R006202,P000508,E000508
R006203,P000132,E000132
R006204,P004178,E004178
R006205,P005138,E005138
R006206,P004605,E004605
R006207,P004490,E004490
R006208,P001121,E001121
R006209,P000280,E000280
R006210,P006179,E006179
R006211,P005516,E005516
R006212,P002924,E002924
R006213,P005188,E005188
R006214,P005452,E005452
R006215,P001187,E001187
R006216,P000435,E000435
R006217,P004168,E004168
R006218,P002428,E002428
R006219,P003514,E003514
R006220,P000212,E000212
R006221,P002027,E002027
R006222,P000208,E000208
R006223,P006200,E006200
R006224,P003666,E003666
R006225,P005946,E005946
R006226,P000192,E000192
R006227,P000448,E000448
R006228,P003558,E003558
R006229,P001396,E001396
R006230,P004156,E004156
R006231,P005209,E005209
R006232,P001258,E001258
R006233,P000245,E000245
R006234,P003159,E003159
R006235,P001286,E001286
R006236,P005601,E005601
R006237,P000520,E000520
R006238,P000625,E000625
R006239,P004987,E004987
R006240,P000039,E000039
R006241,P002518,E002518
R006242,P005957,E005957
R006243,P002408,E002408
R006244,P005927,E005927
R006245,P003459,E003459
R006246,P000023,E000023
R006247,P005579,E005579
R006248,P000997,E000997
R006249,P003552,E003552
R006250,P002382,E002382
R006251,P002351,E002351
R006252,P004100,E004100
R006253,P006484,E006484
R006254,P006829,E006829
R006255,P000457,E000457
R006256,P002778,E002778
R006257,P001856,E001856
R006258,P003405,E003405
R006259,P001833,E001833
R006260,P003685,E003685
R006261,P000808,E000808
R006262,P000428,E000428
R006263,P002280,E002280
R006264,P002175,E002175
R006265,P002320,E002320
R006266,P005279,E005279
R006267,P002895,E002895
R006268,P000631,E000631
R006269,P003828,E003828
R006270,P006888,E006888
R006271,P005588,E005588
R006272,P004876,E004876
R006273,P003731,E003731
R006274,P002430,E002430
R006275,P004502,E004502
R006276,P005642,E005642
R006277,P000975,E000975
R006278,P003780,E003780
R006279,P006463,E006463
R006280,P005140,E005140
R006281,P000689,E000689
R006282,P000275,E000275
R006283,P005401,E005401
R006284,P002769,E002769
R006285,P001877,E001877
R006286,P003796,E003796
R006287,P003692,E003692
R006288,P005381,E005381
R006289,P004023,E004023
R006290,P005452,E005452
R006291,P002990,E002990
R006292,P000997,E000997
R006293,P006293,E006293
R006294,P003150,E003150
R006295,P002733,E002733
R006296,P003513,E003513
R006297,P001505,E001505
R006298,P003545,E003545
R006299,P002353,E002353
R006300,P005612,E005612
R006301,P002215,E002215
R006302,P001171,E001171
R006303,P006430,E006430
R006304,P003147,E003147
R006305,P005832,E005832
R006306,P005610,E005610
R006307,P001672,E001672
R006308,P003192,E003192
R006309,P006965,E006965
R006310,P002806,E002806
R006311,P001864,E001864
R006312,P000569,E000569
R006313,P004521,E004521
R006314,P003487,E003487
R006315,P005523,E005523
R006316,P003959,E003959
R006317,P004859,E004859
R006318,P004713,E004713
R006319,P003374,E003374
R006320,P000567,E000567
R006321,P006011,E006011
R006322,P001309,E001309
R006323,P000072,E000072
R006324,P003438,E003438
R006325,P005061,E005061
R006326,P002972,E002972
R006327,P005468,E005468
R006328,P004881,E004881
R006329,P001349,E001349
R006330,P002290,E002290
R006331,P002984,E002984
R006332,P004486,E004486
R006333,P004512,E004512
R006334,P004490,E004490
R006335,P006381,E006381
R006336,P005950,E005950
R006337,P005465,E005465
R006338,P005961,E005961
R006339,P006942,E006942
R006340,P005532,E005532
R006341,P001958,E001958
R006342,P004815,E004815
R006343,P003795,E003795
R006344,P004242,E004242
R006345,P006714,E006714
R006346,P001110,E001110
R006347,P006513,E006513
R006348,P000516,E000516
R006349,P003908,E003908
R006350,P004427,E004427
R006351,P002144,E002144
R006352,P003321,E003321
R006353,P006980,E006980
R006354,P004058,E004058
R006355,P003014,E003014
R006356,P006808,E006808
R006357,P005809,E005809
R006358,P003327,E003327
R006359,P002735,E002735
R006360,P004541,E004541
R006361,P002187,E002187
R006362,P003311,E003311
R006363,P003027,E003027
R006364,P005257,E005257
R006365,P004882,E004882
R006366,P000401,E000401
R006367,P000419,E000419
R006368,P006221,E006221
R006369,P001245,E001245
R006370,P000566,E000566
R006371,P001218,E001218
R006372,P002750,E002750
R006373,P004466,E004466
R006374,P005397,E005397
R006375,P001500,E001500
R006376,P000067,E000067
R006377,P004111,E004111
R006378,P004091,E004091
R006379,P000459,E000459
R006380,P003372,E003372
R006381,P003006,E003006
R006382,P000880,E000880
R006383,P006363,E006363
R006384,P006253,E006253
R006385,P004367,E004367
R006386,P005143,E005143
R006387,P005347,E005347
R006388,P004398,E004398
R006389,P006720,E006720
R006390,P002310,E002310
R006391,P004389,E004389
R006392,P001536,E001536
R006393,P002351,E002351
R006394,P005220,E005220
R006395,P000962,E000962
R006396,P004215,E004215
R006397,P005821,E005821
R006398,P003785,E003785
R006399,P006869,E006869
R006400,P001656,E001656
R006401,P006398,E006398
R006402,P005819,E005819
R006403,P001974,E001974
R006404,P003015,E003015
R006405,P002416,E002416
R006406,P001326,E001326
R006407,P002529,E002529
R006408,P005378,E005378
R006409,P005726,E005726
R006410,P006706,E006706
R006411,P006310,E006310
R006412,P004327,E004327
R006413,P004828,E004828
R006414,P001922,E001922
R006415,P000833,E000833
R006416,P006478,E006478
R006417,P000305,E000305
R006418,P001123,E001123
R006419,P002034,E002034
R006420,P002534,E002534
R006421,P000513,E000513
R006422,P002541,E002541
R006423,P006957,E006957
R006424,P003383,E003383
R006425,P006354,E006354
R006426,P002970,E002970
R006427,P004088,E004088
R006428,P006472,E006472
R006429,P000065,E000065
R006430,P001199,E001199
R006431,P002247,E002247
R006432,P006919,E006919
R006433,P002741,E002741
R006434,P002869,E002869
R006435,P000727,E000727
R006436,P003116,E003116
R006437,P000349,E000349
R006438,P002120,E002120
R006439,P004299,E004299
R006440,P006356,E006356
R006441,P003161,E003161
R006442,P003604,E003604
R006443,P004975,E004975
R006444,P002001,E002001
R006445,P005382,E005382
R006446,P003752,E003752
R006447,P001124,E001124
R006448,P002665,E002665
R006449,P004568,E004568
R006450,P005199,E005199
R006451,P006329,E006329
R006452,P001522,E001522
R006453,P006263,E006263
R006454,P001042,E001042
R006455,P002711,E002711
R006456,P004807,E004807
R006457,P006027,E006027
R006458,P000287,E000287
R006459,P000118,E000118
R006460,P006616,E006616
R006461,P003389,E003389
R006462,P006703,E006703
R006463,P001083,E001083
R006464,P003439,E003439
R006465,P001518,E001518
R006466,P002885,E002885
R006467,P001868,E001868
R006468,P002872,E002872
R006469,P006486,E006486
R006470,P002012,E002012
R006471,P004043,E004043
R006472,P001893,E001893
R006473,P005984,E005984
R006474,P002306,E002306
R006475,P003932,E003932
R006476,P004316,E004316
R006477,P001981,E001981
R006478,P002177,E002177
R006479,P000960,E000960
R006480,P006457,E006457
R006481,P005225,E005225
R006482,P001826,E001826
R006483,P001328,E001328
R006484,P005787,E005787
R006485,P004233,E004233
R006486,P000058,E000058
R006487,P003542,E003542
R006488,P004190,E004190
R006489,P006759,E006759
R006490,P002148,E002148
R006491,P004867,E004867
R006492,P003219,E003219
R006493,P000879,E000879
R006494,P001451,E001451
R006495,P001411,E001411
R006496,P005693,E005693
R006497,P000163,E000163
R006498,P006016,E006016
R006499,P001255,E001255
R006500,P006896,E006896
R006501,P001227,E001227
R006502,P006221,E006221
R006503,P000196,E000196
R006504,P000316,E000316
R006505,P000217,E000217
R006506,P001497,E001497
R006507,P001590,E001590
R006508,P004018,E004018
R006509,P004127,E004127
R006510,P002432,E002432
R006511,P004763,E004763
R006512,P000015,E000015
R006513,P005592,E005592
R006514,P001629,E001629
R006515,P004885,E004885
R006516,P001058,E001058
R006517,P006161,E006161
R006518,P005930,E005930
R006519,P001556,E001556
R006520,P000012,E000012
R006521,P005473,E005473
R006522,P002711,E002711
R006523,P005090,E005090
R006524,P003248,E003248
R006525,P000465,E000465
R006526,P001755,E001755
R006527,P000413,E000413
R006528,P005297,E005297
R006529,P000503,E000503
R006530,P000306,E000306
R006531,P006269,E006269
R006532,P001887,E001887
R006533,P001990,E001990
R006534,P004887,E004887
R006535,P000765,E000765
R006536,P001047,E001047
R006537,P001783,E001783
R006538,P001671,E001671
R006539,P000388,E000388
R006540,P002396,E002396
R006541,P004464,E004464
R006542,P001737,E001737
R006543,P000880,E000880
R006544,P001366,E001366
R006545,P005824,E005824
R006546,P001424,E001424
R006547,P006724,E006724
R006548,P002391,E002391
R006549,P004595,E004595
R006550,P000530,E000530
R006551,P001189,E001189
R006552,P004860,E004860
R006553,P002825,E002825
R006554,P001542,E001542
R006555,P000309,E000309
R006556,P001728,E001728
R006557,P004601,E004601
R006558,P003619,E003619
R006559,P006215,E006215
R006560,P000750,E000750
R006561,P005402,E005402
R006562,P004293,E004293
R006563,P005525,E005525
R006564,P004968,E004968
R006565,P001859,E001859
R006566,P006065,E006065
R006567,P002250,E002250
R006568,P000641,E000641
R006569,P005175,E005175
R006570,P002936,E002936
R006571,P000701,E000701
R006572,P004568,E004568
R006573,P003833,E003833
R006574,P003425,E003425
R006575,P002884,E002884
R006576,P003383,E003383
R006577,P006127,E006127
R006578,P001761,E001761
R006579,P006377,E006377
R006580,P004709,E004709
R006581,P006742,E006742
R006582,P002167,E002167
R006583,P005758,E005758
R006584,P005165,E005165
R006585,P004960,E004960
R006586,P001943,E001943
R006587,P004658,E004658
R006588,P001528,E001528
R006589,P006381,E006381
R006590,P006619,E006619
R006591,P006046,E006046
R006592,P000666,E000666
R006593,P002706,E002706
R006594,P004008,E004008
R006595,P005865,E005865
R006596,P001201,E001201
R006597,P000134,E000134
R006598,P000116,E000116
R006599,P006104,E006104
R006600,P002478,E002478
R006601,P004951,E004951
R006602,P003349,E003349
R006603,P006183,E006183
R006604,P000053,E000053
R006605,P002020,E002020
R006606,P004240,E004240
R006607,P005216,E005216
R006608,P001568,E001568
R006609,P005337,E005337
R006610,P001070,E001070
R006611,P006681,E006681
R006612,P002648,E002648
R006613,P003289,E003289
R006614,P001052,E001052
R006615,P001529,E001529
R006616,P003887,E003887
R006617,P003609,E003609
R006618,P001383,E001383
R006619,P000031,E000031
R006620,P004775,E004775
R006621,P002514,E002514
R006622,P005810,E005810
R006623,P001030,E001030
R006624,P005327,E005327
R006625,P002482,E002482
R006626,P002191,E002191
R006627,P006916,E006916
R006628,P000509,E000509
R006629,P001976,E001976
R006630,P000435,E000435
R006631,P001377,E001377
R006632,P003380,E003380
R006633,P001925,E001925
R006634,P003762,E003762
R006635,P003695,E003695
R006636,P004617,E004617
R006637,P000464,E000464
R006638,P002357,E002357
R006639,P006182,E006182
R006640,P002349,E002349
R006641,P006282,E006282
R006642,P006738,E006738
R006643,P006945,E006945
R006644,P001632,E001632
R006645,P006551,E006551
R006646,P003365,E003365
R006647,P003894,E003894
R006648,P006729,E006729
R006649,P006527,E006527
R006650,P006446,E006446
R006651,P000799,E000799
R006652,P003312,E003312
R006653,P005911,E005911
R006654,P001994,E001994
R006655,P001808,E001808
R006656,P003095,E003095
R006657,P002563,E002563
R006658,P005051,E005051
R006659,P003454,E003454
R006660,P000197,E000197
R006661,P002673,E002673
R006662,P005780,E005780
R006663,P003939,E003939
R006664,P003036,E003036
R006665,P003209,E003209
R006666,P002599,E002599
R006667,P000685,E000685
R006668,P005448,E005448
R006669,P006075,E006075
R006670,P001621,E001621
R006671,P006755,E006755
R006672,P000376,E000376
R006673,P005599,E005599
R006674,P006835,E006835
R006675,P004157,E004157
R006676,P000603,E000603
R006677,P005314,E005314
R006678,P000572,E000572
R006679,P006399,E006399
R006680,P000323,E000323
R006681,P003733,E003733
R006682,P001795,E001795
R006683,P002435,E002435
R006684,P004198,E004198
R006685,P003769,E003769
R006686,P006360,E006360
R006687,P005556,E005556
R006688,P002873,E002873
R006689,P003125,E003125
R006690,P005974,E005974
R006691,P001567,E001567
R006692,P004198,E004198
R006693,P005226,E005226
R006694,P002378,E002378
R006695,P004505,E004505
R006696,P004956,E004956
R006697,P002782,E002782
R006698,P002499,E002499
R006699,P002443,E002443
R006700,P003937,E003937
R006701,P003120,E003120
R006702,P003435,E003435
R006703,P002006,E002006
R006704,P000567,E000567
R006705,P005965,E005965
R006706,P006613,E006613
R006707,P006856,E006856
R006708,P003871,E003871
R006709,P005908,E005908
R006710,P005245,E005245
R006711,P003645,E003645
R006712,P006079,E006079
R006713,P005721,E005721
R006714,P000992,E000992
R006715,P000835,E000835
R006716,P004207,E004207
R006717,P005907,E005907
R006718,P004434,E004434
R006719,P004957,E004957
R006720,P000098,E000098
R006721,P001884,E001884
R006722,P002361,E002361
R006723,P004068,E004068
R006724,P002443,E002443
R006725,P002826,E002826
R006726,P005366,E005366
R006727,P006892,E006892
R006728,P005720,E005720
R006729,P006905,E006905
R006730,P004124,E004124
R006731,P002092,E002092
R006732,P000121,E000121
R006733,P004749,E004749
R006734,P006013,E006013
R006735,P002655,E002655
R006736,P004025,E004025
R006737,P001145,E001145
R006738,P001107,E001107
R006739,P001957,E001957
R006740,P006997,E006997
R006741,P005153,E005153
R006742,P001785,E001785
R006743,P004799,E004799
R006744,P002627,E002627
R006745,P005672,E005672
R006746,P002017,E002017
R006747,P006969,E006969
R006748,P005212,E005212
R006749,P003216,E003216
R006750,P003173,E003173
R006751,P002712,E002712
R006752,P001156,E001156
R006753,P000060,E000060
R006754,P006516,E006516
R006755,P001632,E001632
R006756,P006082,E006082
R006757,P005548,E005548
R006758,P000442,E000442
R006759,P000687,E000687
R006760,P003455,E003455
R006761,P005284,E005284
R006762,P002474,E002474
R006763,P001726,E001726
R006764,P006340,E006340
R006765,P005623,E005623
R006766,P001079,E001079
R006767,P004991,E004991
R006768,P001497,E001497
R006769,P002477,E002477
R006770,P005295,E005295
R006771,P001655,E001655
R006772,P001408,E001408
R006773,P002569,E002569
R006774,P005439,E005439
R006775,P002448,E002448
R006776,P002911,E002911
R006777,P001074,E001074
R006778,P001843,E001843
R006779,P001184,E001184
R006780,P005155,E005155
R006781,P006275,E006275
R006782,P006877,E006877
R006783,P004829,E004829
R006784,P001534,E001534
R006785,P002662,E002662
R006786,P005345,E005345
R006787,P000467,E000467
R006788,P000097,E000097
R006789,P004743,E004743
R006790,P000838,E000838
R006791,P003696,E003696
R006792,P006828,E006828
R006793,P006141,E006141
R006794,P000890,E000890
R006795,P006651,E006651
R006796,P000117,E000117
R006797,P002989,E002989
R006798,P005411,E005411
R006799,P002684,E002684
R006800,P002879,E002879
R006801,P005957,E005957
R006802,P006836,E006836
R006803,P000431,E000431
R006804,P000082,E000082
R006805,P004053,E004053
R006806,P001716,E001716
R006807,P003972,E003972
R006808,P000659,E000659
R006809,P003687,E003687
R006810,P006715,E006715
R006811,P002707,E002707
R006812,P001702,E001702
R006813,P000375,E000375
R006814,P000168,E000168
R006815,P000262,E000262
R006816,P005456,E005456
R006817,P003865,E003865
R006818,P003287,E003287
R006819,P001631,E001631
R006820,P002676,E002676
R006821,P000834,E000834
R006822,P001509,E001509
R006823,P003945,E003945
R006824,P004266,E004266
R006825,P002211,E002211
R006826,P000256,E000256
R006827,P000344,E000344
R006828,P004453,E004453
R006829,P003433,E003433
R006830,P001580,E001580
R006831,P002708,E002708
R006832,P002842,E002842
R006833,P000903,E000903
R006834,P005027,E005027
R006835,P006225,E006225
R006836,P002949,E002949
R006837,P005638,E005638
R006838,P000055,E000055
R006839,P005576,E005576
R006840,P001622,E001622
R006841,P006009,E006009
R006842,P006643,E006643
R006843,P003602,E003602
R006844,P004723,E004723
R006845,P000532,E000532
R006846,P006787,E006787
R006847,P001384,E001384
R006848,P003711,E003711
R006849,P004320,E004320
R006850,P005826,E005826
R006851,P004566,E004566
R006852,P005943,E005943
R006853,P002965,E002965
R006854,P006290,E006290
R006855,P004943,E004943
R006856,P001607,E001607
R006857,P002407,E002407
R006858,P005750,E005750
R006859,P004793,E004793
R006860,P002643,E002643
R006861,P001998,E001998
R006862,P006378,E006378
R006863,P001131,E001131
R006864,P004339,E004339
R006865,P004048,E004048
R006866,P001917,E001917
R006867,P004937,E004937
R006868,P004989,E004989
R006869,P005904,E005904
R006870,P001197,E001197
R006871,P003483,E003483
R006872,P006878,E006878
R006873,P000200,E000200
R006874,P002607,E002607
R006875,P004424,E004424
R006876,P001752,E001752
R006877,P006754,E006754
R006878,P006008,E006008
R006879,P002240,E002240
R006880,P001344,E001344
R006881,P006363,E006363
R006882,P000329,E000329
R006883,P002170,E002170
R006884,P006763,E006763
R006885,P001539,E001539
R006886,P000860,E000860
R006887,P006973,E006973
R006888,P000018,E000018
R006889,P006532,E006532
R006890,P005394,E005394
R006891,P005594,E005594
R006892,P005319,E005319
R006893,P004670,E004670
R006894,P005603,E005603
R006895,P003469,E003469
R006896,P002913,E002913
R006897,P000244,E000244
R006898,P005361,E005361
R006899,P003276,E003276
R006900,P004056,E004056
R006901,P000420,E000420
R006902,P003879,E003879
R006903,P005518,E005518
R006904,P005616,E005616
R006905,P005520,E005520
R006906,P000458,E000458
R006907,P005551,E005551
R006908,P006987,E006987
R006909,P006567,E006567
R006910,P000182,E000182
R006911,P004527,E004527
R006912,P003031,E003031
R006913,P002984,E002984
R006914,P002654,E002654
R006915,P001949,E001949
R006916,P000239,E000239
R006917,P002837,E002837
R006918,P000669,E000669
R006919,P006214,E006214
R006920,P002899,E002899
R006921,P003267,E003267
R006922,P004310,E004310
R006923,P005738,E005738
R006924,P002830,E002830
R006925,P006099,E006099
R006926,P000702,E000702
R006927,P004185,E004185
R006928,P000210,E000210
R006929,P003420,E003420
R006930,P003109,E003109
R006931,P002796,E002796
R006932,P002636,E002636
R006933,P005463,E005463
R006934,P003363,E003363
R006935,P004373,E004373
R006936,P003123,E003123
R006937,P004920,E004920
R006938,P001654,E001654
R006939,P006387,E006387
R006940,P002539,E002539
R006941,P005549,E005549
R006942,P003008,E003008
R006943,P001477,E001477
R006944,P006519,E006519
R006945,P006802,E006802
R006946,P005001,E005001
R006947,P003959,E003959
R006948,P001630,E001630
R006949,P001376,E001376
R006950,P005013,E005013
R006951,P002516,E002516
R006952,P004244,E004244
R006953,P001120,E001120
R006954,P000736,E000736
R006955,P000277,E000277
R006956,P005414,E005414
R006957,P001089,E001089
R006958,P004856,E004856
R006959,P005653,E005653
R006960,P004773,E004773
R006961,P005306,E005306
R006962,P005162,E005162
R006963,P003668,E003668
R006964,P004544,E004544
R006965,P005144,E005144
R006966,P006851,E006851
R006967,P005078,E005078
R006968,P003836,E003836
R006969,P005020,E005020
R006970,P006224,E006224
R006971,P002833,E002833
R006972,P003588,E003588
R006973,P005240,E005240
R006974,P006410,E006410
R006975,P002281,E002281
R006976,P001094,E001094
R006977,P003805,E003805
R006978,P005287,E005287
R006979,P006647,E006647
R006980,P005186,E005186
R006981,P005207,E005207
R006982,P001330,E001330
R006983,P002437,E002437
R006984,P002813,E002813
R006985,P002413,E002413
R006986,P002121,E002121
R006987,P004456,E004456
R006988,P005813,E005813
R006989,P001187,E001187
R006990,P006579,E006579
R006991,P001969,E001969
R006992,P004984,E004984
R006993,P002255,E002255
R006994,P004754,E004754
R006995,P002649,E002649
R006996,P002531,E002531
R006997,P004515,E004515
R006998,P001251,E001251
R006999,P002359,E002359
R007000,P001336,E001336
R007001,P003905,E003905
R007002,P002681,E002681
R007003,P000560,E000560
R007004,P003240,E003240
R007005,P002329,E002329
R007006,P005575,E005575
R007007,P006573,E006573
R007008,P001670,E001670
R007009,P000406,E000406
R007010,P003832,E003832
R007011,P000900,E000900
R007012,P006606,E006606
R007013,P004328,E004328
R007014,P000434,E000434
R007015,P005880,E005880
R007016,P000713,E000713
R007017,P004455,E004455
R007018,P005079,E005079
R007019,P000850,E000850
R007020,P000252,E000252
R007021,P001218,E001218
R007022,P000969,E000969
R007023,P002615,E002615
R007024,P001646,E001646
R007025,P004921,E004921
R007026,P000585,E000585
R007027,P002559,E002559
R007028,P000983,E000983
R007029,P005454,E005454
R007030,P002016,E002016
R007031,P001684,E001684
R007032,P003137,E003137
R007033,P005168,E005168
R007034,P005046,E005046
R007035,P006840,E006840
R007036,P003966,E003966
R007037,P002578,E002578
R007038,P005016,E005016
R007039,P002909,E002909
R007040,P003796,E003796
R007041,P003076,E003076
R007042,P005351,E005351
R007043,P002089,E002089
R007044,P004972,E004972
R007045,P004841,E004841
R007046,P000681,E000681
R007047,P000428,E000428
R007048,P006568,E006568
R007049,P005491,E005491
R007050,P003804,E003804
R007051,P001400,E001400
R007052,P006794,E006794
R007053,P001524,E001524
R007054,P004945,E004945
R007055,P003701,E003701
R007056,P006796,E006796
R007057,P000593,E000593
R007058,P005328,E005328
R007059,P003022,E003022
R007060,P003611,E003611
R007061,P005831,E005831
R007062,P001287,E001287
R007063,P005611,E005611
R007064,P005808,E005808
R007065,P002246,E002246
R007066,P003420,E003420
R007067,P003816,E003816
R007068,P004153,E004153
R007069,P002717,E002717
R007070,P005772,E005772
R007071,P001068,E001068
R007072,P004678,E004678
R007073,P006309,E006309
R007074,P004068,E004068
R007075,P005934,E005934
R007076,P002485,E002485
R007077,P004576,E004576
R007078,P004668,E004668
R007079,P002026,E002026
R007080,P005942,E005942
R007081,P006364,E006364
R007082,P003575,E003575
R007083,P003237,E003237
R007084,P005283,E005283
R007085,P003679,E003679
R007086,P003025,E003025
R007087,P002821,E002821
R007088,P002194,E002194
R007089,P003680,E003680
R007090,P001600,E001600
R007091,P002505,E002505
R007092,P002803,E002803
R007093,P003086,E003086
R007094,P002714,E002714
R007095,P000528,E000528
R007096,P000653,E000653
R007097,P002269,E002269
R007098,P005915,E005915
R007099,P002431,E002431
R007100,P001391,E001391
R007101,P006823,E006823
R007102,P006073,E006073
R007103,P004980,E004980
R007104,P006209,E006209
R007105,P000430,E000430
R007106,P005253,E005253
R007107,P001508,E001508
R007108,P005807,E005807
R007109,P004559,E004559
R007110,P005874,E005874
R007111,P004596,E004596
R007112,P005544,E005544
R007113,P004423,E004423
R007114,P005211,E005211
R007115,P000679,E000679
R007116,P000621,E000621
R007117,P002871,E002871
R007118,P000917,E000917
R007119,P004013,E004013
R007120,P006831,E006831
R007121,P001544,E001544
R007122,P006608,E006608
R007123,P002401,E002401
R007124,P003886,E003886
R007125,P000303,E000303
R007126,P006240,E006240
R007127,P005162,E005162
R007128,P006767,E006767
R007129,P005975,E005975
R007130,P001573,E001573
R007131,P000423,E000423
R007132,P004510,E004510
R007133,P000114,E000114
R007134,P000291,E000291
R007135,P003020,E003020
R007136,P000337,E000337
R007137,P006708,E006708
R007138,P002616,E002616
R007139,P004136,E004136
R007140,P003625,E003625
R007141,P006200,E006200
R007142,P000555,E000555
R007143,P004461,E004461
R007144,P001899,E001899
R007145,P002433,E002433
R007146,P000704,E000704
R007147,P004879,E004879
R007148,P005086,E005086
R007149,P002472,E002472
R007150,P003941,E003941
R007151,P001418,E001418
R007152,P005910,E005910
R007153,P004177,E004177
R007154,P003758,E003758
R007155,P005000,E005000
R007156,P001986,E001986
R007157,P004634,E004634
R007158,P002201,E002201
R007159,P000747,E000747
R007160,P006693,E006693
R007161,P003635,E003635
R007162,P001719,E001719
R007163,P003067,E003067
R007164,P003532,E003532
R007165,P005110,E005110
R007166,P000554,E000554
R007167,P000947,E000947
R007168,P003956,E003956
R007169,P003173,E003173
R007170,P001020,E001020
R007171,P005951,E005951
R007172,P004410,E004410
R007173,P005627,E005627
R007174,P004015,E004015
R007175,P003556,E003556
R007176,P004627,E004627
R007177,P000347,E000347
R007178,P006774,E006774
R007179,P006124,E006124
R007180,P001237,E001237
R007181,P001713,E001713
R007182,P005032,E005032
R007183,P006246,E006246
R007184,P001741,E001741
R007185,P000599,E000599
R007186,P006818,E006818
R007187,P006429,E006429
R007188,P000764,E000764
R007189,P004184,E004184
R007190,P002202,E002202
R007191,P004923,E004923
R007192,P002554,E002554
R007193,P004779,E004779
R007194,P001371,E001371
R007195,P003851,E003851
R007196,P006040,E006040
R007197,P000242,E000242
R007198,P004250,E004250
R007199,P001206,E001206
R007200,P001190,E001190
R007201,P006655,E006655
R007202,P001640,E001640
R007203,P000748,E000748
R007204,P001821,E001821
R007205,P005415,E005415
R007206,P004801,E004801
R007207,P000021,E000021
R007208,P001341,E001341
R007209,P006688,E006688
R007210,P004719,E004719
R007211,P006927,E006927
R007212,P005423,E005423
R007213,P002094,E002094
R007214,P004556,E004556
R007215,P003441,E003441
R007216,P002153,E002153
R007217,P001014,E001014
R007218,P004252,E004252
R007219,P002547,E002547
R007220,P003171,E003171
R007221,P006271,E006271
R007222,P005125,E005125
R007223,P003335,E003335
R007224,P006084,E006084
R007225,P001262,E001262
R007226,P000719,E000719
R007227,P003964,E003964
R007228,P005557,E005557
R007229,P003787,E003787
R007230,P003489,E003489
R007231,P004565,E004565
R007232,P000571,E000571
R007233,P003336,E003336
R007234,P002371,E002371
R007235,P004869,E004869
R007236,P006968,E006968
R007237,P006417,E006417
R007238,P001248,E001248
R007239,P004001,E004001
R007240,P006245,E006245
R007241,P006665,E006665
R007242,P003220,E003220
R007243,P001293,E001293
R007244,P000302,E000302
R007245,P001446,E001446
R007246,P001944,E001944
R007247,P003853,E003853
R007248,P006445,E006445
R007249,P006614,E006614
R007250,P001515,E001515
R007251,P003114,E003114
R007252,P001349,E001349
R007253,P003548,E003548
R007254,P001387,E001387
R007255,P005930,E005930
R007256,P003223,E003223
R007257,P005523,E005523
R007258,P002095,E002095
R007259,P000433,E000433
R007260,P004131,E004131
R007261,P005938,E005938
R007262,P005384,E005384
R007263,P000921,E000921
R007264,P004524,E004524
R007265,P006785,E006785
R007266,P004035,E004035
R007267,P005016,E005016
R007268,P001186,E001186
R007269,P003813,E003813
R007270,P001329,E001329
R007271,P003747,E003747
R007272,P002446,E002446
R007273,P006830,E006830
R007274,P004832,E004832
R007275,P006183,E006183
R007276,P004883,E004883
R007277,P002791,E002791
R007278,P002595,E002595
R007279,P001951,E001951
R007280,P000776,E000776
R007281,P001286,E001286
R007282,P001312,E001312
R007283,P004482,E004482
R007284,P000672,E000672
R007285,P003581,E003581
R007286,P000573,E000573
R007287,P001978,E001978
R007288,P000221,E000221
R007289,P002211,E002211
R007290,P006913,E006913
R007291,P005386,E005386
R007292,P001028,E001028
R007293,P002225,E002225
R007294,P004189,E004189
R007295,P003530,E003530
R007296,P003705,E003705
R007297,P006598,E006598
R007298,P006434,E006434
R007299,P005481,E005481
R007300,P005650,E005650
R007301,P004632,E004632
R007302,P006604,E006604
R007303,P003940,E003940
R007304,P005131,E005131
R007305,P000063,E000063
R007306,P000093,E000093
R007307,P001639,E001639
R007308,P004988,E004988
R007309,P002286,E002286
R007310,P000576,E000576
R007311,P004104,E004104
R007312,P006971,E006971
R007313,P002493,E002493
R007314,P000823,E000823
R007315,P002488,E002488
R007316,P003037,E003037
R007317,P003355,E003355
R007318,P003382,E003382
R007319,P004450,E004450
R007320,P004149,E004149
R007321,P000216,E000216
R007322,P000607,E000607
R007323,P006662,E006662
R007324,P004274,E004274
R007325,P001188,E001188
R007326,P005013,E005013
R007327,P005430,E005430
R007328,P002754,E002754
R007329,P003068,E003068
R007330,P004735,E004735
R007331,P006347,E006347
R007332,P005667,E005667
R007333,P003766,E003766
R007334,P000451,E000451
R007335,P004903,E004903
R007336,P002050,E002050
R007337,P003092,E003092
R007338,P000215,E000215
R007339,P000515,E000515
R007340,P000294,E000294
R007341,P006099,E006099
R007342,P003295,E003295
R007343,P004848,E004848
R007344,P000492,E000492
R007345,P004927,E004927
R007346,P001533,E001533
R007347,P004285,E004285
R007348,P005267,E005267
R007349,P002598,E002598
R007350,P003241,E003241
R007351,P006463,E006463
R007352,P002348,E002348
R007353,P005309,E005309
R007354,P000846,E000846
R007355,P003738,E003738
R007356,P001961,E001961
R007357,P005208,E005208
R007358,P000522,E000522
R007359,P002384,E002384
R007360,P006884,E006884
R007361,P005152,E005152
R007362,P006604,E006604
R007363,P004392,E004392
R007364,P003730,E003730
R007365,P004325,E004325
R007366,P000038,E000038
R007367,P006427,E006427
R007368,P005221,E005221
R007369,P001537,E001537
R007370,P000486,E000486
R007371,P005308,E005308
R007372,P001024,E001024
R007373,P005902,E005902
R007374,P006239,E006239
R007375,P003049,E003049
R007376,P003654,E003654
R007377,P001511,E001511
R007378,P001427,E001427
R007379,P003126,E003126
R007380,P002844,E002844
R007381,P005535,E005535
R007382,P006283,E006283
R007383,P002518,E002518
R007384,P006566,E006566
R007385,P001267,E001267
R007386,P002072,E002072
R007387,P001957,E001957
R007388,P003135,E003135
R007389,P003889,E003889
R007390,P005303,E005303
R007391,P002059,E002059
R007392,P004506,E004506
R007393,P005960,E005960
R007394,P006928,E006928
R007395,P003381,E003381
R007396,P002242,E002242
R007397,P004272,E004272
R007398,P000717,E000717
R007399,P003636,E003636
R007400,P002556,E002556
R007401,P003079,E003079
R007402,P004236,E004236
R007403,P005973,E005973
R007404,P005992,E005992
R007405,P002996,E002996
R007406,P000204,E000204
R007407,P000868,E000868
R007408,P004901,E004901
R007409,P004800,E004800
R007410,P001136,E001136
R007411,P003495,E003495
R007412,P002762,E002762
R007413,P002259,E002259
R007414,P005478,E005478
R007415,P006548,E006548
R007416,P003803,E003803
R007417,P002457,E002457
R007418,P005851,E005851
R007419,P002253,E002253
R007420,P004253,E004253
R007421,P005768,E005768
R007422,P000816,E000816
R007423,P000106,E000106
R007424,P002425,E002425
R007425,P005166,E005166
R007426,P002066,E002066
R007427,P005356,E005356
R007428,P006949,E006949
R007429,P003655,E003655
R007430,P002739,E002739
R007431,P005774,E005774
R007432,P005416,E005416
R007433,P005164,E005164
R007434,P003398,E003398
R007435,P005948,E005948
R007436,P004187,E004187
R007437,P002438,E002438
R007438,P005399,E005399
R007439,P000208,E000208
R007440,P001409,E001409
R007441,P002439,E002439
R007442,P003708,E003708
R007443,P002829,E002829
R007444,P001554,E001554
R007445,P003606,E003606
R007446,P004015,E004015
R007447,P000609,E000609
R007448,P003416,E003416
R007449,P002230,E002230
R007450,P000201,E000201
R007451,P004419,E004419
R007452,P001550,E001550
R007453,P003938,E003938
R007454,P003377,E003377
R007455,P006459,E006459
R007456,P006120,E006120
R007457,P002320,E002320
R007458,P006895,E006895
R007459,P005919,E005919
R007460,P001859,E001859
R007461,P001522,E001522
R007462,P004738,E004738
R007463,P001221,E001221
R007464,P001066,E001066
R007465,P003578,E003578
R007466,P006217,E006217
R007467,P006300,E006300
R007468,P005185,E005185
R007469,P002257,E002257
R007470,P003871,E003871
R007471,P005525,E005525
R007472,P005663,E005663
R007473,P000791,E000791
R007474,P001292,E001292
R007475,P005606,E005606
R007476,P004104,E004104
R007477,P006369,E006369
R007478,P004265,E004265
R007479,P004927,E004927
R007480,P006804,E006804
R007481,P000069,E000069
R007482,P000328,E000328
R007483,P002137,E002137
R007484,P001845,E001845
R007485,P006166,E006166
R007486,P004734,E004734
R007487,P004150,E004150
R007488,P003458,E003458
R007489,P002681,E002681
R007490,P003275,E003275
R007491,P000007,E000007
R007492,P003540,E003540
R007493,P001854,E001854
R007494,P002945,E002945
R007495,P006045,E006045
R007496,P000057,E000057
R007497,P006089,E006089
R007498,P002361,E002361
R007499,P002835,E002835
R007500,P006832,E006832
R007501,P002053,E002053
R007502,P001093,E001093
R007503,P003175,E003175
R007504,P001592,E001592
R007505,P003429,E003429
R007506,P000519,E000519
R007507,P006972,E006972
R007508,P006603,E006603
R007509,P004528,E004528
R007510,P000801,E000801
R007511,P000429,E000429
R007512,P003410,E003410
R007513,P000848,E000848
R007514,P000392,E000392
R007515,P004258,E004258
R007516,P001545,E001545
R007517,P003890,E003890
R007518,P003955,E003955
R007519,P001195,E001195
R007520,P003858,E003858
R007521,P003896,E003896
R007522,P003358,E003358
R007523,P002505,E002505
R007524,P004266,E004266
R007525,P005083,E005083
R007526,P006326,E006326
R007527,P000099,E000099
R007528,P001840,E001840
R007529,P006422,E006422
R007530,P003888,E003888
R007531,P004872,E004872
R007532,P005898,E005898
R007533,P001663,E001663
R007534,P001666,E001666
R007535,P005717,E005717
R007536,P006090,E006090
R007537,P002438,E002438
R007538,P000847,E000847
R007539,P006658,E006658
R007540,P005902,E005902
R007541,P004501,E004501
R007542,P000920,E000920
R007543,P000506,E000506
R007544,P001265,E001265
R007545,P005009,E005009
R007546,P002544,E002544
R007547,P001280,E001280
R007548,P000573,E000573
R007549,P003366,E003366
R007550,P004665,E004665
R007551,P000108,E000108
R007552,P004473,E004473
R007553,P005278,E005278
R007554,P006080,E006080
R007555,P004036,E004036
R007556,P005466,E005466
R007557,P000832,E000832
R007558,P001364,E001364
R007559,P006845,E006845
R007560,P006393,E006393
R007561,P002215,E002215
R007562,P002656,E002656
R007563,P000755,E000755
R007564,P001742,E001742
R007565,P005320,E005320
R007566,P001484,E001484
R007567,P000052,E000052
R007568,P001451,E001451
R007569,P006886,E006886
R007570,P006767,E006767
R007571,P004129,E004129
R007572,P005731,E005731
R007573,P002713,E002713
R007574,P004355,E004355
R007575,P000968,E000968
R007576,P000849,E000849
R007577,P005565,E005565
R007578,P002614,E002614
R007579,P005517,E005517
R007580,P005988,E005988
R007581,P003445,E003445
R007582,P003403,E003403
R007583,P005281,E005281
R007584,P001222,E001222
R007585,P004704,E004704
R007586,P006674,E006674
R007587,P002970,E002970
R007588,P006683,E006683
R007589,P000237,E000237
R007590,P005365,E005365
R007591,P005248,E005248
R007592,P006849,E006849
R007593,P000989,E000989
R007594,P005979,E005979
R007595,P002132,E002132
R007596,P004833,E004833
R007597,P005437,E005437
R007598,P002266,E002266
R007599,P006305,E006305
R007600,P003658,E003658
R007601,P005545,E005545
R007602,P003398,E003398
R007603,P005203,E005203
R007604,P005350,E005350
R007605,P004396,E004396
R007606,P001491,E001491
R007607,P005242,E005242
R007608,P001440,E001440
R007609,P006012,E006012
R007610,P000746,E000746
R007611,P000917,E000917
R007612,P002787,E002787
R007613,P006935,E006935
R007614,P004804,E004804
R007615,P005336,E005336
R007616,P002097,E002097
R007617,P000596,E000596
R007618,P001071,E001071
R007619,P000584,E000584
R007620,P003078,E003078
R007621,P002452,E002452
R007622,P006667,E006667
R007623,P002822,E002822
R007624,P004989,E004989
R007625,P000720,E000720
R007626,P000157,E000157
R007627,P006094,E006094
R007628,P003335,E003335
R007629,P002003,E002003
R007630,P005469,E005469
R007631,P003172,E003172
R007632,P001896,E001896
R007633,P006426,E006426
R007634,P003464,E003464
R007635,P002179,E002179
R007636,P002124,E002124
R007637,P005441,E005441
R007638,P005900,E005900
R007639,P000438,E000438
R007640,P005507,E005507
R007641,P000732,E000732
R007642,P004417,E004417
R007643,P003543,E003543
R007644,P001739,E001739
R007645,P001147,E001147
R007646,P005213,E005213
R007647,P000320,E000320
R007648,P001711,E001711
R007649,P006806,E006806
R007650,P003691,E003691
R007651,P003860,E003860
R007652,P000549,E000549
R007653,P002566,E002566
R007654,P004143,E004143
R007655,P006433,E006433
R007656,P004744,E004744
R007657,P001478,E001478
R007658,P002559,E002559
R007659,P006668,E006668
R007660,P001908,E001908
R007661,P000272,E000272
R007662,P001935,E001935
R007663,P003980,E003980
R007664,P003736,E003736
R007665,P004089,E004089
R007666,P003868,E003868
R007667,P002818,E002818
R007668,P004756,E004756
R007669,P005169,E005169
R007670,P000249,E000249
R007671,P005560,E005560
R007672,P001866,E001866
R007673,P006525,E006525
R007674,P000073,E000073
R007675,P003659,E003659
R007676,P006433,E006433
R007677,P002745,E002745
R007678,P004180,E004180
R007679,P005483,E005483
R007680,P001363,E001363
R007681,P002748,E002748
R007682,P006152,E006152
R007683,P003165,E003165
R007684,P005498,E005498
R007685,P004225,E004225
R007686,P004248,E004248
R007687,P001575,E001575
R007688,P003108,E003108
R007689,P003096,E003096
R007690,P002918,E002918
R007691,P001996,E001996
R007692,P000364,E000364
R007693,P002043,E002043
R007694,P003833,E003833
R007695,P006069,E006069
R007696,P004269,E004269
R007697,P002087,E002087
R007698,P002584,E002584
R007699,P003703,E003703
R007700,P002304,E002304
R007701,P005502,E005502
R007702,P003256,E003256
R007703,P005825,E005825
R007704,P006365,E006365
R007705,P004094,E004094
R007706,P005849,E005849
R007707,P006629,E006629
R007708,P003666,E003666
R007709,P005015,E005015
R007710,P000812,E000812
R007711,P002247,E002247
R007712,P005772,E005772
R007713,P006479,E006479
R007714,P000857,E000857
R007715,P005654,E005654
R007716,P005655,E005655
R007717,P001904,E001904
R007718,P006150,E006150
R007719,P001154,E001154
R007720,P004994,E004994
R007721,P000572,E000572
R007722,P005536,E005536
R007723,P004125,E004125
R007724,P003496,E003496
R007725,P000773,E000773
R007726,P004301,E004301
R007727,P005429,E005429
R007728,P005191,E005191
R007729,P003999,E003999
R007730,P003360,E003360
R007731,P004457,E004457
R007732,P005511,E005511
R007733,P006970,E006970
R007734,P004761,E004761
R007735,P002244,E002244
R007736,P002795,E002795
R007737,P002311,E002311
R007738,P006964,E006964
R007739,P004514,E004514
R007740,P004212,E004212
R007741,P002926,E002926
R007742,P000470,E000470
R007743,P004446,E004446
R007744,P006380,E006380
R007745,P003627,E003627
R007746,P003146,E003146
R007747,P001729,E001729
R007748,P002031,E002031
R007749,P003333,E003333
R007750,P006493,E006493
R007751,P006107,E006107
R007752,P005178,E005178
R007753,P005227,E005227
R007754,P002939,E002939
R007755,P003748,E003748
R007756,P003933,E003933
R007757,P005721,E005721
R007758,P004659,E004659
R007759,P002105,E002105
R007760,P001663,E001663
R007761,P001758,E001758
R007762,P000460,E000460
R007763,P002195,E002195
R007764,P004633,E004633
R007765,P000981,E000981
R007766,P004469,E004469
R007767,P006834,E006834
R007768,P006797,E006797
R007769,P000708,E000708
R007770,P004438,E004438
R007771,P001531,E001531
R007772,P004495,E004495
R007773,P000290,E000290
R007774,P006858,E006858
R007775,P000714,E000714
R007776,P003931,E003931
R007777,P004987,E004987
R007778,P005222,E005222
R007779,P000535,E000535
R007780,P004298,E004298
R007781,P006903,E006903
R007782,P004645,E004645
R007783,P001372,E001372
R007784,P001927,E001927
R007785,P004702,E004702
R007786,P005522,E005522
R007787,P004191,E004191
R007788,P004449,E004449
R007789,P006754,E006754
R007790,P003081,E003081
R007791,P002826,E002826
R007792,P005075,E005075
R007793,P005208,E005208
R007794,P001301,E001301
R007795,P001475,E001475
R007796,P001772,E001772
R007797,P004128,E004128
R007798,P005121,E005121
R007799,P001038,E001038
R007800,P002845,E002845
R007801,P003957,E003957
R007802,P000295,E000295
R007803,P002216,E002216
R007804,P005749,E005749
R007805,P006047,E006047
R007806,P001362,E001362
R007807,P000989,E000989
R007808,P004259,E004259
R007809,P005522,E005522
R007810,P004549,E004549
R007811,P002292,E002292
R007812,P004505,E004505
R007813,P002159,E002159
R007814,P005188,E005188
R007815,P002036,E002036
R007816,P005005,E005005
R007817,P001557,E001557
R007818,P000389,E000389
R007819,P004558,E004558
R007820,P002440,E002440
R007821,P004081,E004081
R007822,P003504,E003504
R007823,P000881,E000881
R007824,P001757,E001757
R007825,P003029,E003029
R007826,P004244,E004244
R007827,P004684,E004684
R007828,P000650,E000650
R007829,P005905,E005905
R007830,P006783,E006783
R007831,P000066,E000066
R007832,P006240,E006240
R007833,P002716,E002716
R007834,P005932,E005932
R007835,P000470,E000470
R007836,P006821,E006821
R007837,P002685,E002685
R007838,P003132,E003132
R007839,P004880,E004880
R007840,P000205,E000205
R007841,P002235,E002235
R007842,P006081,E006081
R007843,P006402,E006402
R007844,P004106,E004106
R007845,P002862,E002862
R007846,P006557,E006557
R007847,P001136,E001136
R007848,P002212,E002212
R007849,P001312,E001312
R007850,P003854,E003854
R007851,P004575,E004575
R007852,P005578,E005578
R007853,P004462,E004462
R007854,P003918,E003918
R007855,P001551,E001551
R007856,P002170,E002170
R007857,P004937,E004937
R007858,P005253,E005253
R007859,P004952,E004952
R007860,P004392,E004392
R007861,P003944,E003944
R007862,P005553,E005553
R007863,P006658,E006658
R007864,P006881,E006881
R007865,P006621,E006621
R007866,P002405,E002405
R007867,P003953,E003953
R007868,P005562,E005562
R007869,P002426,E002426
R007870,P002878,E002878
R007871,P000101,E000101
R007872,P004739,E004739
R007873,P006196,E006196
R007874,P000927,E000927
R007875,P001786,E001786
R007876,P003976,E003976
R007877,P003783,E003783
R007878,P006649,E006649
R007879,P000751,E000751
R007880,P002042,E002042
R007881,P005299,E005299
R007882,P001338,E001338
R007883,P001769,E001769
R007884,P002285,E002285
R007885,P000087,E000087
R007886,P004370,E004370
R007887,P001243,E001243
R007888,P004160,E004160
R007889,P005213,E005213
R007890,P003404,E003404
R007891,P000320,E000320
R007892,P001530,E001530
R007893,P000052,E000052
R007894,P004829,E004829
R007895,P004827,E004827
R007896,P006920,E006920
R007897,P006181,E006181
R007898,P005310,E005310
R007899,P004342,E004342
R007900,P006953,E006953
R007901,P001425,E001425
R007902,P004416,E004416
R007903,P002068,E002068
R007904,P006018,E006018
R007905,P006307,E006307
R007906,P004349,E004349
R007907,P003605,E003605
R007908,P004771,E004771
R007909,P002456,E002456
R007910,P004366,E004366
R007911,P003063,E003063
R007912,P000466,E000466
R007913,P003588,E003588
R007914,P003734,E003734
R007915,P004474,E004474
R007916,P006175,E006175
R007917,P003326,E003326
R007918,P004656,E004656
R007919,P005997,E005997
R007920,P000161,E000161
R007921,P001006,E001006
R007922,P002005,E002005
R007923,P003361,E003361
R007924,P005038,E005038
R007925,P006781,E006781
R007926,P006199,E006199
R007927,P005636,E005636
R007928,P001444,E001444
R007929,P004504,E004504
R007930,P004570,E004570
R007931,P006941,E006941
R007932,P006116,E006116
R007933,P001305,E001305
R007934,P005409,E005409
R007935,P000226,E000226
R007936,P000698,E000698
R007937,P001158,E001158
R007938,P001319,E001319
R007939,P005023,E005023
R007940,P004454,E004454
R007941,P006164,E006164
R007942,P001202,E001202
R007943,P005094,E005094
R007944,P003707,E003707
R007945,P004741,E004741
R007946,P006180,E006180
R007947,P000393,E000393
R007948,P001669,E001669
R007949,P006361,E006361
R007950,P003204,E003204
R007951,P001901,E001901
R007952,P002188,E002188
R007953,P002018,E002018
R007954,P005305,E005305
R007955,P005411,E005411
R007956,P006033,E006033
R007957,P002829,E002829
R007958,P006688,E006688
R007959,P002336,E002336
R007960,P004275,E004275
R007961,P006853,E006853
R007962,P003660,E003660
R007963,P004609,E004609
R007964,P006642,E006642
R007965,P001152,E001152
R007966,P005122,E005122
R007967,P000038,E000038
R007968,P005887,E005887
R007969,P006576,E006576
R007970,P001939,E001939
R007971,P000992,E000992
R007972,P003971,E003971
R007973,P004336,E004336
R007974,P004578,E004578
R007975,P006192,E006192
R007976,P000796,E000796
R007977,P003819,E003819
R007978,P003408,E003408
R007979,P004192,E004192
R007980,P005676,E005676
R007981,P000456,E000456
R007982,P000417,E000417
R007983,P004026,E004026
R007984,P002384,E002384
R007985,P002163,E002163
R007986,P006440,E006440
R007987,P002573,E002573
R007988,P002903,E002903
R007989,P000089,E000089
R007990,P006563,E006563
R007991,P004238,E004238
R007992,P000820,E000820
R007993,P006515,E006515
R007994,P002322,E002322
R007995,P000909,E000909
R007996,P005812,E005812
R007997,P002208,E002208
R007998,P001361,E001361
R007999,P001335,E001335
R008000,P005265,E005265
R008001,P002828,E002828
R008002,P006737,E006737
R008003,P004997,E004997
R008004,P005805,E005805
R008005,P005237,E005237
R008006,P001819,E001819
R008007,P004628,E004628
R008008,P004692,E004692
R008009,P002111,E002111
R008010,P006646,E006646
R008011,P004415,E004415
R008012,P000627,E000627
R008013,P005063,E005063
R008014,P003294,E003294
R008015,P006809,E006809
R008016,P005786,E005786
R008017,P003568,E003568
R008018,P005386,E005386
R008019,P001061,E001061
R008020,P001813,E001813
R008021,P005561,E005561
R008022,P002434,E002434
R008023,P004767,E004767
R008024,P006678,E006678
R008025,P002764,E002764
R008026,P000342,E000342
R008027,P003529,E003529
R008028,P004179,E004179
R008029,P000977,E000977
R008030,P001480,E001480
R008031,P003516,E003516
R008032,P006435,E006435
R008033,P001551,E001551
R008034,P000484,E000484
R008035,P005762,E005762
R008036,P005700,E005700
R008037,P001561,E001561
R008038,P006003,E006003
R008039,P001720,E001720
R008040,P004809,E004809
R008041,P001971,E001971
R008042,P003790,E003790
R008043,P001105,E001105
R008044,P001428,E001428
R008045,P006904,E006904
R008046,P001811,E001811
R008047,P004899,E004899
R008048,P003322,E003322
R008049,P006029,E006029
R008050,P005781,E005781
R008051,P004946,E004946
R008052,P002024,E002024
R008053,P001142,E001142
R008054,P006960,E006960
R008055,P002668,E002668
R008056,P000237,E000237
R008057,P006738,E006738
R008058,P005152,E005152
R008059,P003117,E003117
R008060,P006354,E006354
R008061,P001167,E001167
R008062,P003119,E003119
R008063,P006795,E006795
R008064,P000845,E000845
R008065,P005731,E005731
R008066,P004164,E004164
R008067,P003459,E003459
R008068,P000691,E000691
R008069,P002531,E002531
R008070,P006700,E006700
R008071,P003410,E003410
R008072,P003722,E003722
R008073,P002276,E002276
R008074,P002730,E002730
R008075,P005025,E005025
R008076,P002233,E002233
R008077,P005761,E005761
R008078,P002158,E002158
R008079,P000644,E000644
R008080,P003217,E003217
R008081,P005056,E005056
R008082,P002864,E002864
R008083,P002981,E002981
R008084,P005102,E005102
R008085,P002690,E002690
R008086,P002239,E002239
R008087,P005156,E005156
R008088,P000295,E000295
R008089,P002119,E002119
R008090,P004714,E004714
R008091,P000617,E000617
R008092,P006775,E006775
R008093,P001070,E001070
R008094,P004061,E004061
R008095,P003259,E003259
R008096,P000007,E000007
R008097,P004699,E004699
R008098,P004734,E004734
R008099,P006064,E006064
R008100,P005613,E005613
R008101,P006386,E006386
R008102,P002986,E002986
R008103,P000667,E000667
R008104,P004036,E004036
R008105,P002226,E002226
R008106,P003404,E003404
R008107,P002556,E002556
R008108,P000550,E000550
R008109,P001122,E001122
R008110,P000247,E000247
R008111,P003536,E003536
R008112,P004279,E004279
R008113,P000965,E000965
R008114,P002040,E002040
R008115,P003743,E003743
R008116,P001717,E001717
R008117,P000229,E000229
R008118,P002747,E002747
R008119,P006163,E006163
R008120,P003257,E003257
R008121,P001823,E001823
R008122,P005879,E005879
R008123,P001658,E001658
R008124,P000495,E000495
R008125,P002045,E002045
R008126,P006647,E006647
R008127,P004851,E004851
R008128,P000238,E000238
R008129,P001801,E001801
R008130,P005115,E005115
R008131,P001516,E001516
R008132,P000552,E000552
R008133,P003330,E003330
R008134,P004092,E004092
R008135,P006812,E006812
R008136,P006321,E006321
R008137,P004377,E004377
R008138,P004787,E004787
R008139,P004812,E004812
R008140,P003741,E003741
R008141,P003194,E003194
R008142,P003985,E003985
R008143,P005464,E005464
R008144,P002642,E002642
R008145,P002905,E002905
R008146,P002551,E002551
R008147,P001108,E001108
R008148,P004085,E004085
R008149,P006456,E006456
R008150,P001501,E001501
R008151,P005854,E005854
R008152,P005142,E005142
R008153,P003811,E003811
R008154,P002184,E002184
R008155,P005445,E005445
R008156,P002238,E002238
R008157,P004835,E004835
R008158,P005795,E005795
R008159,P000773,E000773
R008160,P002030,E002030
R008161,P005047,E005047
R008162,P001209,E001209
R008163,P003550,E003550
R008164,P000101,E000101
R008165,P006690,E006690
R008166,P003555,E003555
R008167,P005618,E005618
R008168,P005102,E005102
R008169,P000852,E000852
R008170,P001239,E001239
R008171,P000167,E000167
R008172,P003460,E003460
R008173,P005369,E005369
R008174,P004086,E004086
R008175,P003467,E003467
R008176,P001538,E001538
R008177,P003427,E003427
R008178,P002282,E002282
R008179,P006110,E006110
R008180,P002653,E002653
R008181,P006330,E006330
R008182,P001555,E001555
R008183,P000597,E000597
R008184,P005182,E005182
R008185,P006899,E006899
R008186,P002921,E002921
R008187,P003626,E003626
R008188,P004674,E004674
R008189,P005428,E005428
R008190,P003841,E003841
R008191,P002702,E002702
R008192,P002232,E002232
R008193,P000534,E000534
R008194,P000525,E000525
R008195,P006661,E006661
R008196,P004562,E004562
R008197,P000995,E000995
R008198,P002977,E002977
R008199,P005790,E005790
R008200,P007000,E007000
R008201,P005645,E005645
R008202,P003686,E003686
R008203,P004193,E004193
R008204,P006344,E006344
R008205,P006510,E006510
R008206,P001832,E001832
R008207,P003633,E003633
R008208,P001449,E001449
R008209,P003395,E003395
R008210,P003065,E003065
R008211,P006016,E006016
R008212,P004189,E004189
R008213,P003664,E003664
R008214,P003249,E003249
R008215,P005763,E005763
R008216,P002993,E002993
R008217,P003378,E003378
R008218,P003587,E003587
R008219,P001779,E001779
R008220,P005993,E005993
R008221,P004917,E004917
R008222,P005864,E005864
R008223,P005270,E005270
R008224,P005171,E005171
R008225,P002538,E002538
R008226,P004037,E004037
R008227,P004421,E004421
R008228,P002659,E002659
R008229,P004723,E004723
R008230,P004649,E004649
R008231,P004055,E004055
R008232,P006927,E006927
R008233,P000077,E000077
R008234,P001708,E001708
R008235,P002620,E002620
R008236,P006241,E006241
R008237,P002296,E002296
R008238,P006621,E006621
R008239,P002808,E002808
R008240,P006802,E006802
R008241,P002201,E002201
R008242,P001689,E001689
R008243,P005687,E005687
R008244,P004823,E004823
R008245,P004717,E004717
R008246,P005514,E005514
R008247,P000844,E000844
R008248,P000546,E000546
R008249,P004718,E004718
R008250,P006961,E006961
R008251,P000929,E000929
R008252,P004770,E004770
R008253,P006897,E006897
R008254,P001160,E001160
R008255,P001710,E001710
R008256,P006238,E006238
R008257,P003103,E003103
R008258,P001015,E001015
R008259,P005369,E005369
R008260,P002096,E002096
R008261,P004409,E004409
R008262,P000957,E000957
R008263,P000184,E000184
R008264,P001777,E001777
R008265,P006442,E006442
R008266,P005891,E005891
R008267,P001703,E001703
R008268,P004944,E004944
R008269,P000651,E000651
R008270,P001230,E001230
R008271,P006177,E006177
R008272,P001799,E001799
R008273,P001552,E001552
R008274,P002477,E002477
R008275,P003756,E003756
R008276,P001214,E001214
R008277,P003579,E003579
R008278,P001977,E001977
R008279,P005488,E005488
R008280,P004222,E004222
R008281,P001993,E001993
R008282,P006749,E006749
R008283,P003153,E003153
R008284,P005955,E005955
R008285,P001165,E001165
R008286,P005070,E005070
R008287,P004196,E004196
R008288,P004826,E004826
R008289,P002403,E002403
R008290,P001526,E001526
R008291,P003008,E003008
R008292,P004471,E004471
R008293,P006692,E006692
R008294,P006030,E006030
R008295,P004947,E004947
R008296,P005377,E005377
R008297,P001099,E001099
R008298,P001494,E001494
R008299,P001121,E001121
R008300,P000414,E000414
R008301,P005106,E005106
R008302,P004990,E004990
R008303,P004708,E004708
R008304,P003730,E003730
R008305,P003874,E003874
R008306,P002625,E002625
R008307,P002294,E002294
R008308,P004400,E004400
R008309,P006468,E006468
R008310,P006596,E006596
R008311,P006921,E006921
R008312,P006428,E006428
R008313,P003012,E003012
R008314,P001479,E001479
R008315,P001416,E001416
R008316,P004973,E004973
R008317,P001985,E001985
R008318,P000684,E000684
R008319,P001930,E001930
R008320,P000826,E000826
R008321,P001104,E001104
R008322,P006278,E006278
R008323,P001159,E001159
R008324,P001322,E001322
R008325,P000606,E000606
R008326,P002406,E002406
R008327,P006731,E006731
R008328,P006440,E006440
R008329,P000008,E000008
R008330,P000050,E000050
R008331,P006180,E006180
R008332,P002002,E002002
R008333,P003875,E003875
R008334,P005177,E005177
R008335,P002839,E002839
R008336,P002942,E002942
R008337,P000744,E000744
R008338,P006791,E006791
R008339,P002650,E002650
R008340,P004750,E004750
R008341,P000497,E000497
R008342,P002077,E002077
R008343,P000190,E000190
R008344,P000650,E000650
R008345,P002442,E002442
R008346,P005724,E005724
R008347,P002492,E002492
R008348,P000625,E000625
R008349,P003156,E003156
R008350,P005113,E005113
R008351,P001596,E001596
R008352,P003518,E003518
R008353,P002633,E002633
R008354,P000171,E000171
R008355,P005501,E005501
R008356,P002254,E002254
R008357,P000624,E000624
R008358,P004123,E004123
R008359,P003712,E003712
R008360,P002319,E002319
R008361,P002071,E002071
R008362,P000506,E000506
R008363,P001723,E001723
R008364,P004964,E004964
R008365,P000768,E000768
R008366,P004229,E004229
R008367,P003027,E003027
R008368,P003338,E003338
R008369,P000485,E000485
R008370,P004547,E004547
R008371,P001805,E001805
R008372,P003462,E003462
R008373,P006205,E006205
R008374,P006134,E006134
R008375,P006937,E006937
R008376,P004857,E004857
R008377,P001469,E001469
R008378,P005342,E005342
R008379,P003364,E003364
R008380,P005069,E005069
R008381,P001221,E001221
R008382,P005176,E005176
R008383,P001572,E001572
R008384,P005331,E005331
R008385,P005521,E005521
R008386,P006632,E006632
R008387,P005895,E005895
R008388,P004126,E004126
R008389,P003033,E003033
R008390,P004259,E004259
R008391,P000524,E000524
R008392,P001537,E001537
R008393,P002581,E002581
R008394,P001204,E001204
R008395,P006050,E006050
R008396,P001283,E001283
R008397,P004306,E004306
R008398,P005462,E005462
R008399,P004009,E004009
R008400,P005920,E005920
R008401,P000156,E000156
R008402,P002129,E002129
R008403,P000300,E000300
R008404,P005686,E005686
R008405,P006548,E006548
R008406,P001668,E001668
R008407,P006224,E006224
R008408,P002350,E002350
R008409,P006857,E006857
R008410,P004448,E004448
R008411,P006477,E006477
R008412,P002779,E002779
R008413,P006169,E006169
R008414,P000762,E000762
R008415,P000054,E000054
R008416,P005597,E005597
R008417,P001593,E001593
R008418,P001566,E001566
R008419,P000036,E000036
R008420,P001787,E001787
R008421,P005445,E005445
R008422,P000332,E000332
R008423,P004442,E004442
R008424,P004404,E004404
R008425,P003830,E003830
R008426,P000148,E000148
R008427,P000302,E000302
R008428,P006509,E006509
R008429,P003188,E003188
R008430,P000629,E000629
R008431,P003979,E003979
R008432,P000614,E000614
R008433,P000123,E000123
R008434,P002892,E002892
R008435,P002078,E002078
R008436,P006366,E006366
R008437,P005197,E005197
R008438,P001206,E001206
R008439,P006073,E006073
R008440,P002816,E002816
R008441,P005873,E005873
R008442,P003674,E003674
R008443,P000673,E000673
R008444,P000377,E000377
R008445,P006933,E006933
R008446,P003213,E003213
R008447,P006731,E006731
R008448,P005398,E005398
R008449,P000479,E000479
R008450,P000595,E000595
R008451,P004939,E004939
R008452,P002720,E002720
R008453,P006091,E006091
R008454,P005330,E005330
R008455,P006660,E006660
R008456,P002209,E002209
R008457,P002048,E002048
R008458,P006512,E006512
R008459,P001781,E001781
R008460,P003347,E003347
R008461,P003534,E003534
R008462,P005859,E005859
R008463,P003233,E003233
R008464,P002051,E002051
R008465,P004572,E004572
R008466,P003411,E003411
R008467,P000324,E000324
R008468,P000907,E000907
R008469,P000294,E000294
R008470,P000404,E000404
R008471,P006844,E006844
R008472,P003252,E003252
R008473,P000656,E000656
R008474,P000609,E000609
R008475,P002444,E002444
R008476,P005996,E005996
R008477,P004649,E004649
R008478,P005217,E005217
R008479,P000634,E000634
R008480,P004977,E004977
R008481,P003471,E003471
R008482,P002947,E002947
R008483,P004480,E004480
R008484,P006761,E006761
R008485,P003512,E003512
R008486,P004021,E004021
R008487,P002710,E002710
R008488,P003317,E003317
R008489,P001839,E001839
R008490,P002372,E002372
R008491,P001059,E001059
R008492,P006481,E006481
R008493,P005682,E005682
R008494,P006291,E006291
R008495,P000452,E000452
R008496,P006254,E006254
R008497,P000647,E000647
R008498,P006691,E006691
R008499,P004654,E004654
R008500,P003325,E003325
R008501,P001114,E001114
R008502,P006294,E006294
R008503,P001017,E001017
R008504,P000938,E000938
R008505,P000286,E000286
R008506,P004045,E004045
R008507,P001022,E001022
R008508,P005465,E005465
R008509,P002901,E002901
R008510,P006349,E006349
R008511,P003637,E003637
R008512,P005052,E005052
R008513,P001589,E001589
R008514,P001157,E001157
R008515,P001007,E001007
R008516,P001936,E001936
R008517,P000214,E000214
R008518,P000642,E000642
R008519,P005912,E005912
R008520,P006941,E006941
R008521,P002189,E002189
R008522,P003098,E003098
R008523,P003678,E003678
R008524,P005496,E005496
R008525,P003631,E003631
R008526,P003717,E003717
R008527,P005391,E005391
R008528,P001370,E001370
R008529,P000164,E000164
R008530,P003727,E003727
R008531,P004778,E004778
R008532,P005117,E005117
R008533,P006415,E006415
R008534,P005064,E005064
R008535,P003930,E003930
R008536,P001714,E001714
R008537,P003903,E003903
R008538,P000265,E000265
R008539,P000264,E000264
R008540,P006436,E006436
R008541,P003607,E003607
R008542,P002179,E002179
R008543,P005909,E005909
R008544,P003681,E003681
R008545,P001242,E001242
R008546,P006917,E006917
R008547,P006268,E006268
R008548,P000345,E000345
R008549,P005703,E005703
R008550,P000145,E000145
R008551,P004331,E004331
R008552,P005593,E005593
R008553,P003952,E003952
R008554,P002585,E002585
R008555,P005515,E005515
R008556,P001331,E001331
R008557,P005756,E005756
R008558,P001267,E001267
R008559,P004583,E004583
R008560,P005625,E005625
R008561,P004210,E004210
R008562,P001490,E001490
R008563,P003307,E003307
R008564,P003565,E003565
R008565,P003838,E003838
R008566,P001318,E001318
R008567,P005263,E005263
R008568,P006383,E006383
R008569,P004079,E004079
R008570,P004019,E004019
R008571,P001467,E001467
R008572,P001088,E001088
R008573,P004683,E004683
R008574,P001169,E001169
R008575,P003203,E003203
R008576,P002931,E002931
R008577,P004162,E004162
R008578,P000904,E000904
R008579,P006745,E006745
R008580,P003646,E003646
R008581,P005267,E005267
R008582,P000153,E000153
R008583,P000443,E000443
R008584,P006697,E006697
R008585,P002858,E002858
R008586,P001379,E001379
R008587,P003528,E003528
R008588,P003455,E003455
R008589,P003337,E003337
R008590,P003131,E003131
R008591,P006312,E006312
R008592,P002157,E002157
R008593,P004543,E004543
R008594,P001788,E001788
R008595,P000282,E000282
R008596,P003654,E003654
R008597,P006168,E006168
R008598,P006958,E006958
R008599,P002495,E002495
R008600,P004224,E004224
R008601,P001630,E001630
R008602,P003106,E003106
R008603,P006281,E006281
R008604,P001430,E001430
R008605,P004090,E004090
R008606,P003035,E003035
R008607,P003187,E003187
R008608,P004762,E004762
R008609,P005247,E005247
R008610,P004005,E004005
R008611,P006473,E006473
R008612,P005497,E005497
R008613,P000258,E000258
R008614,P004574,E004574
R008615,P003669,E003669
R008616,P003975,E003975
R008617,P003320,E003320
R008618,P002101,E002101
R008619,P003649,E003649
R008620,P001566,E001566
R008621,P004840,E004840
R008622,P004577,E004577
R008623,P001102,E001102
R008624,P003967,E003967
R008625,P006462,E006462
R008626,P001861,E001861
R008627,P002914,E002914
R008628,P002772,E002772
R008629,P005136,E005136
R008630,P002322,E002322
R008631,P000371,E000371
R008632,P002788,E002788
R008633,P004512,E004512
R008634,P001143,E001143
R008635,P001955,E001955
R008636,P003507,E003507
R008637,P004518,E004518
R008638,P001343,E001343
R008639,P000782,E000782
R008640,P004188,E004188
R008641,P005573,E005573
R008642,P006550,E006550
R008643,P003936,E003936
R008644,P003699,E003699
R008645,P006168,E006168
R008646,P003180,E003180
R008647,P002269,E002269
R008648,P004016,E004016
R008649,P002961,E002961
R008650,P003892,E003892
R008651,P006165,E006165
R008652,P000985,E000985
R008653,P005601,E005601
R008654,P005340,E005340
R008655,P004861,E004861
R008656,P001543,E001543
R008657,P000931,E000931
R008658,P006610,E006610
R008659,P002749,E002749
R008660,P004705,E004705
R008661,P001320,E001320
R008662,P000074,E000074
R008663,P006000,E006000
R008664,P002380,E002380
R008665,P006520,E006520
R008666,P000591,E000591
R008667,P003645,E003645
R008668,P006110,E006110
R008669,P000266,E000266
R008670,P006496,E006496
R008671,P005664,E005664
R008672,P002953,E002953
R008673,P004003,E004003
R008674,P000206,E000206
R008675,P002836,E002836
R008676,P006167,E006167
R008677,P002197,E002197
R008678,P005676,E005676
R008679,P003660,E003660
R008680,P000352,E000352
R008681,P005671,E005671
R008682,P006606,E006606
R008683,P005294,E005294
R008684,P005277,E005277
R008685,P003921,E003921
R008686,P005992,E005992
R008687,P000828,E000828
R008688,P006702,E006702
R008689,P002572,E002572
R008690,P000079,E000079
R008691,P002027,E002027
R008692,P004988,E004988
R008693,P001104,E001104
R008694,P002273,E002273
R008695,P004662,E004662
R008696,P006138,E006138
R008697,P001521,E001521
R008698,P005843,E005843
R008699,P005404,E005404
R008700,P000843,E000843
R008701,P002048,E002048
R008702,P000391,E000391
R008703,P001406,E001406
R008704,P004407,E004407
R008705,P006204,E006204
R008706,P000205,E000205
R008707,P002509,E002509
R008708,P004983,E004983
R008709,P003577,E003577
R008710,P006241,E006241
R008711,P001941,E001941
R008712,P002344,E002344
R008713,P005716,E005716
R008714,P003539,E003539
R008715,P006686,E006686
R008716,P002224,E002224
R008717,P003976,E003976
R008718,P000534,E000534
R008719,P006301,E006301
R008720,P006276,E006276
R008721,P005939,E005939
R008722,P006753,E006753
R008723,P003315,E003315
R008724,P002863,E002863
R008725,P006298,E006298
R008726,P001464,E001464
R008727,P003007,E003007
R008728,P001596,E001596
R008729,P005996,E005996
R008730,P006227,E006227
R008731,P000231,E000231
R008732,P004794,E004794
R008733,P002942,E002942
R008734,P006657,E006657
R008735,P003847,E003847
R008736,P006582,E006582
R008737,P005427,E005427
R008738,P001356,E001356
R008739,P005683,E005683
R008740,P001845,E001845
R008741,P004381,E004381
R008742,P002065,E002065
R008743,P006147,E006147
R008744,P005362,E005362
R008745,P003107,E003107
R008746,P005830,E005830
R008747,P004284,E004284
R008748,P003218,E003218
R008749,P005641,E005641
R008750,P006805,E006805
R008751,P001436,E001436
R008752,P005285,E005285
R008753,P003241,E003241
R008754,P001033,E001033
R008755,P002753,E002753
R008756,P004074,E004074
R008757,P002726,E002726
R008758,P000253,E000253
R008759,P005894,E005894
R008760,P000475,E000475
R008761,P006375,E006375
R008762,P004614,E004614
R008763,P005327,E005327
R008764,P006765,E006765
R008765,P004286,E004286
R008766,P001736,E001736
R008767,P005109,E005109
R008768,P002299,E002299
R008769,P006301,E006301
R008770,P001402,E001402
R008771,P004727,E004727
R008772,P003158,E003158
R008773,P005143,E005143
R008774,P000687,E000687
R008775,P000600,E000600
R008776,P005173,E005173
R008777,P006694,E006694
R008778,P005355,E005355
R008779,P000743,E000743
R008780,P000359,E000359
R008781,P002645,E002645
R008782,P002262,E002262
R008783,P005622,E005622
R008784,P003178,E003178
R008785,P006087,E006087
R008786,P001693,E001693
R008787,P000879,E000879
R008788,P003278,E003278
R008789,P001822,E001822
R008790,P000146,E000146
R008791,P001492,E001492
R008792,P000577,E000577
R008793,P001211,E001211
R008794,P006862,E006862
R008795,P003214,E003214
R008796,P006421,E006421
R008797,P001973,E001973
R008798,P001635,E001635
R008799,P004494,E004494
R008800,P003140,E003140
R008801,P000533,E000533
R008802,P003987,E003987
R008803,P000225,E000225
R008804,P000192,E000192
R008805,P002176,E002176
R008806,P001625,E001625
R008807,P000710,E000710
R008808,P000180,E000180
R008809,P006645,E006645
R008810,P005160,E005160
R008811,P004690,E004690
R008812,P000172,E000172
R008813,P000923,E000923
R008814,P002381,E002381
R008815,P006558,E006558
R008816,P005116,E005116
R008817,P001674,E001674
R008818,P004437,E004437
R008819,P004789,E004789
R008820,P004164,E004164
R008821,P000016,E000016
R008822,P002532,E002532
R008823,P001177,E001177
R008824,P005969,E005969
R008825,P002687,E002687
R008826,P005425,E005425
R008827,P003232,E003232
R008828,P000936,E000936
R008829,P002289,E002289
R008830,P003457,E003457
R008831,P002874,E002874
R008832,P000227,E000227
R008833,P001240,E001240
R008834,P005261,E005261
R008835,P006052,E006052
R008836,P006609,E006609
R008837,P002700,E002700
R008838,P001483,E001483
R008839,P005060,E005060
R008840,P006235,E006235
R008841,P001298,E001298
R008842,P004322,E004322
R008843,P004023,E004023
R008844,P003864,E003864
R008845,P004040,E004040
R008846,P001947,E001947
R008847,P003124,E003124
R008848,P005159,E005159
R008849,P005855,E005855
R008850,P000499,E000499
R008851,P000656,E000656
R008852,P001413,E001413
R008853,P003164,E003164
R008854,P000412,E000412
R008855,P006553,E006553
R008856,P003288,E003288
R008857,P004942,E004942
R008858,P001184,E001184
R008859,P000749,E000749
R008860,P002013,E002013
R008861,P003344,E003344
R008862,P003720,E003720
R008863,P006524,E006524
R008864,P003268,E003268
R008865,P001656,E001656
R008866,P003990,E003990
R008867,P003304,E003304
R008868,P005790,E005790
R008869,P004746,E004746
R008870,P006248,E006248
R008871,P006372,E006372
R008872,P006219,E006219
R008873,P001662,E001662
R008874,P001500,E001500
R008875,P002752,E002752
R008876,P000887,E000887
R008877,P006757,E006757
R008878,P006933,E006933
R008879,P000945,E000945
R008880,P000342,E000342
R008881,P004334,E004334
R008882,P000860,E000860
R008883,P001493,E001493
R008884,P002314,E002314
R008885,P005841,E005841
R008886,P000568,E000568
R008887,P001229,E001229
R008888,P001822,E001822
R008889,P001625,E001625
R008890,P000053,E000053
R008891,P000078,E000078
R008892,P004972,E004972
R008893,P005061,E005061
R008894,P003128,E003128
R008895,P004699,E004699
R008896,P004638,E004638
R008897,P004938,E004938
R008898,P005608,E005608
R008899,P004362,E004362
R008900,P001894,E001894
R008901,P002096,E002096
R008902,P006811,E006811
R008903,P001361,E001361
R008904,P005081,E005081
R008905,P006944,E006944
R008906,P003859,E003859
R008907,P002866,E002866
R008908,P005232,E005232
R008909,P006845,E006845
R008910,P003771,E003771
R008911,P000523,E000523
R008912,P002357,E002357
R008913,P006306,E006306
R008914,P000400,E000400
R008915,P005073,E005073
R008916,P000409,E000409
R008917,P000259,E000259
R008918,P002894,E002894
R008919,P001162,E001162
R008920,P004912,E004912
R008921,P001334,E001334
R008922,P005135,E005135
R008923,P000340,E000340
R008924,P001296,E001296
R008925,P003162,E003162
R008926,P000558,E000558
R008927,P005203,E005203
R008928,P003744,E003744
R008929,P005835,E005835
R008930,P004330,E004330
R008931,P001773,E001773
R008932,P003306,E003306
R008933,P006313,E006313
R008934,P002570,E002570
R008935,P006331,E006331
R008936,P004830,E004830
R008937,P002474,E002474
R008938,P000882,E000882
R008939,P006837,E006837
R008940,P003879,E003879
R008941,P003262,E003262
R008942,P003585,E003585
R008943,P003982,E003982
R008944,P002948,E002948
R008945,P001564,E001564
R008946,P004363,E004363
R008947,P003581,E003581
R008948,P004234,E004234
R008949,P002356,E002356
R008950,P006640,E006640
R008951,P003106,E003106
R008952,P002040,E002040
R008953,P005566,E005566
R008954,P004690,E004690
R008955,P002908,E002908
R008956,P005626,E005626
R008957,P005860,E005860
R008958,P006113,E006113
R008959,P005685,E005685
R008960,P001423,E001423
R008961,P002037,E002037
R008962,P001394,E001394
R008963,P005718,E005718
R008964,P002731,E002731
R008965,P006487,E006487
R008966,P005868,E005868
R008967,P005712,E005712
R008968,P004138,E004138
R008969,P000935,E000935
R008970,P004139,E004139
R008971,P001431,E001431
R008972,P006719,E006719
R008973,P001846,E001846
R008974,P005512,E005512
R008975,P005792,E005792
R008976,P004276,E004276
R008977,P000086,E000086
R008978,P002979,E002979
R008979,P001962,E001962
R008980,P006430,E006430
R008981,P002756,E002756
R008982,P004060,E004060
R008983,P006683,E006683
R008984,P006305,E006305
R008985,P006501,E006501
R008986,P003800,E003800
R008987,P002759,E002759
R008988,P006229,E006229
R008989,P001693,E001693
R008990,P005111,E005111
R008991,P004441,E004441
R008992,P004855,E004855
R008993,P003289,E003289
R008994,P003153,E003153
R008995,P003386,E003386
R008996,P001322,E001322
R008997,P003339,E003339
R008998,P005719,E005719
R008999,P004663,E004663
R009000,P006467,E006467
R009001,P005977,E005977
R009002,P006030,E006030
R009003,P005871,E005871
R009004,P006465,E006465
R009005,P004599,E004599
R009006,P000209,E000209
R009007,P002486,E002486
R009008,P000756,E000756
R009009,P002528,E002528
R009010,P004805,E004805
R009011,P006753,E006753
R009012,P004284,E004284
R009013,P001259,E001259
R009014,P003305,E003305
R009015,P002188,E002188
R009016,P002199,E002199
R009017,P001285,E001285
R009018,P004971,E004971
R009019,P000646,E000646
R009020,P001357,E001357
R009021,P000614,E000614
R009022,P005304,E005304
R009023,P005762,E005762
R009024,P006689,E006689
R009025,P000321,E000321
R009026,P001029,E001029
R009027,P003130,E003130
R009028,P001713,E001713
R009029,P006494,E006494
R009030,P000382,E000382
R009031,P002038,E002038
R009032,P000604,E000604
R009033,P005546,E005546
R009034,P005073,E005073
R009035,P003190,E003190
R009036,P002099,E002099
R009037,P000387,E000387
R009038,P000723,E000723
R009039,P006622,E006622
R009040,P005917,E005917
R009041,P005194,E005194
R009042,P005538,E005538
R009043,P006382,E006382
R009044,P002063,E002063
R009045,P002771,E002771
R009046,P002061,E002061
R009047,P005914,E005914
R009048,P003694,E003694
R009049,P001150,E001150
R009050,P000179,E000179
R009051,P006388,E006388
R009052,P000986,E000986
R009053,P005527,E005527
R009054,P005051,E005051
R009055,P006072,E006072
R009056,P000299,E000299
R009057,P001827,E001827
R009058,P004115,E004115
R009059,P000105,E000105
R009060,P002245,E002245
R009061,P004908,E004908
R009062,P004173,E004173
R009063,P002866,E002866
R009064,P003632,E003632
R009065,P006706,E006706
R009066,P002561,E002561
R009067,P006327,E006327
R009068,P005599,E005599
R009069,P004161,E004161
R009070,P003292,E003292
R009071,P000940,E000940
R009072,P004786,E004786
R009073,P003340,E003340
R009074,P004167,E004167
R009075,P002192,E002192
R009076,P003046,E003046
R009077,P004620,E004620
R009078,P001543,E001543
R009079,P001280,E001280
R009080,P004323,E004323
R009081,P003502,E003502
R009082,P006389,E006389
R009083,P005868,E005868
R009084,P003633,E003633
R009085,P001429,E001429
R009086,P002327,E002327
R009087,P006831,E006831
R009088,P003271,E003271
R009089,P001660,E001660
R009090,P002838,E002838
R009091,P003301,E003301
R009092,P001684,E001684
R009093,P005989,E005989
R009094,P001234,E001234
R009095,P004402,E004402
R009096,P003974,E003974
R009097,P006657,E006657
R009098,P006323,E006323
R009099,P002730,E002730
R009100,P006676,E006676
R009101,P000822,E000822
R009102,P002473,E002473
R009103,P006575,E006575
R009104,P002282,E002282
R009105,P005420,E005420
R009106,P000405,E000405
R009107,P003258,E003258
R009108,P002399,E002399
R009109,P006498,E006498
R009110,P004071,E004071
R009111,P006395,E006395
R009112,P003883,E003883
R009113,P003324,E003324
R009114,P006063,E006063
R009115,P006373,E006373
R009116,P002336,E002336
R009117,P001385,E001385
R009118,P002992,E002992
R009119,P002712,E002712
R009120,P000366,E000366
R009121,P004766,E004766
R009122,P000475,E000475
R009123,P004386,E004386
R009124,P002079,E002079
R009125,P001598,E001598
R009126,P004971,E004971
R009127,P001407,E001407
R009128,P001946,E001946
R009129,P005101,E005101
R009130,P000375,E000375
R009131,P005588,E005588
R009132,P006196,E006196
R009133,P004694,E004694
R009134,P004251,E004251
R009135,P002258,E002258
R009136,P006142,E006142
R009137,P000185,E000185
R009138,P004450,E004450
R009139,P005777,E005777
R009140,P005713,E005713
R009141,P001668,E001668
R009142,P001365,E001365
R009143,P000639,E000639
R009144,P000014,E000014
R009145,P000493,E000493
R009146,P001181,E001181
R009147,P003630,E003630
R009148,P002420,E002420
R009149,P003055,E003055
R009150,P005929,E005929
R009151,P001244,E001244
R009152,P001528,E001528
R009153,P001236,E001236
R009154,P003407,E003407
R009155,P005364,E005364
R009156,P000545,E000545
R009157,P003996,E003996
R009158,P000339,E000339
R009159,P004230,E004230
R009160,P000633,E000633
R009161,P003670,E003670
R009162,P001164,E001164
R009163,P001588,E001588
R009164,P002898,E002898
R009165,P004337,E004337
R009166,P000811,E000811
R009167,P002359,E002359
R009168,P005298,E005298
R009169,P002063,E002063
R009170,P006425,E006425
R009171,P001126,E001126
R009172,P001291,E001291
R009173,P004693,E004693
R009174,P006197,E006197
R009175,P002624,E002624
R009176,P006335,E006335
R009177,P003592,E003592
R009178,P003285,E003285
R009179,P000385,E000385
R009180,P000555,E000555
R009181,P003155,E003155
R009182,P004119,E004119
R009183,P000396,E000396
R009184,P000160,E000160
R009185,P005103,E005103
R009186,P003260,E003260
R009187,P005244,E005244
R009188,P001548,E001548
R009189,P002146,E002146
R009190,P005393,E005393
R009191,P005229,E005229
R009192,P004906,E004906
R009193,P005723,E005723
R009194,P001704,E001704
R009195,P005519,E005519
R009196,P000878,E000878
R009197,P002321,E002321
R009198,P001354,E001354
R009199,P001456,E001456
R009200,P003148,E003148
R009201,P005373,E005373
R009202,P000869,E000869
R009203,P003515,E003515
R009204,P003473,E003473
R009205,P003068,E003068
R009206,P004830,E004830
R009207,P001930,E001930
R009208,P001471,E001471
R009209,P006489,E006489
R009210,P003662,E003662
R009211,P004374,E004374
R009212,P000317,E000317
R009213,P001107,E001107
R009214,P002774,E002774
R009215,P002629,E002629
R009216,P004249,E004249
R009217,P005483,E005483
R009218,P005770,E005770
R009219,P006578,E006578
R009220,P001906,E001906
R009221,P002383,E002383
R009222,P004842,E004842
R009223,P006605,E006605
R009224,P003368,E003368
R009225,P001929,E001929
R009226,P003086,E003086
R009227,P003141,E003141
R009228,P006437,E006437
R009229,P001911,E001911
R009230,P003969,E003969
R009231,P002286,E002286
R009232,P003083,E003083
R009233,P005526,E005526
R009234,P003202,E003202
R009235,P006265,E006265
R009236,P001452,E001452
R009237,P006322,E006322
R009238,P000397,E000397
R009239,P001790,E001790
R009240,P004707,E004707
R009241,P003054,E003054
R009242,P000500,E000500
R009243,P001879,E001879
R009244,P006939,E006939
R009245,P001002,E001002
R009246,P002277,E002277
R009247,P005770,E005770
R009248,P000949,E000949
R009249,P000498,E000498
R009250,P004625,E004625
R009251,P002966,E002966
R009252,P000970,E000970
R009253,P002602,E002602
R009254,P006811,E006811
R009255,P001191,E001191
R009256,P003030,E003030
R009257,P002261,E002261
R009258,P002558,E002558
R009259,P003764,E003764
R009260,P000136,E000136
R009261,P001141,E001141
R009262,P003850,E003850
R009263,P002368,E002368
R009264,P002023,E002023
R009265,P003041,E003041
R009266,P002241,E002241
R009267,P003044,E003044
R009268,P000044,E000044
R009269,P002166,E002166
R009270,P003203,E003203
R009271,P002090,E002090
R009272,P004070,E004070
R009273,P004118,E004118
R009274,P004492,E004492
R009275,P001389,E001389
R009276,P000495,E000495
R009277,P003094,E003094
R009278,P001179,E001179
R009279,P004137,E004137
R009280,P005644,E005644
R009281,P001006,E001006
R009282,P000512,E000512
R009283,P005937,E005937
R009284,P003755,E003755
R009285,P005324,E005324
R009286,P003898,E003898
R009287,P005127,E005127
R009288,P005797,E005797
R009289,P001909,E001909
R009290,P005332,E005332
R009291,P005838,E005838
R009292,P002802,E002802
R009293,P003436,E003436
R009294,P005032,E005032
R009295,P003568,E003568
R009296,P004615,E004615
R009297,P005619,E005619
R009298,P001565,E001565
R009299,P006727,E006727
R009300,P003998,E003998
R009301,P000282,E000282
R009302,P005743,E005743
R009303,P002337,E002337
R009304,P004016,E004016
R009305,P006893,E006893
R009306,P001048,E001048
R009307,P003263,E003263
R009308,P004859,E004859
R009309,P003779,E003779
R009310,P006411,E006411
R009311,P006001,E006001
R009312,P005285,E005285
R009313,P002752,E002752
R009314,P002275,E002275
R009315,P003614,E003614
R009316,P004996,E004996
R009317,P006779,E006779
R009318,P003801,E003801
R009319,P004202,E004202
R009320,P003520,E003520
R009321,P000914,E000914
R009322,P002569,E002569
R009323,P006880,E006880
R009324,P004670,E004670
R009325,P000281,E000281
R009326,P006316,E006316
R009327,P002172,E002172
R009328,P006038,E006038
R009329,P004890,E004890
R009330,P000427,E000427
R009331,P000280,E000280
R009332,P003440,E003440
R009333,P001506,E001506
R009334,P005031,E005031
R009335,P000444,E000444
R009336,P003359,E003359
R009337,P001106,E001106
R009338,P002664,E002664
R009339,P005903,E005903
R009340,P003231,E003231
R009341,P000177,E000177
R009342,P005494,E005494
R009343,P000983,E000983
R009344,P003510,E003510
R009345,P002838,E002838
R009346,P005295,E005295
R009347,P000619,E000619
R009348,P004733,E004733
R009349,P006873,E006873
R009350,P005444,E005444
R009351,P005550,E005550
R009352,P006651,E006651
R009353,P000742,E000742
R009354,P005033,E005033
R009355,P000944,E000944
R009356,P003688,E003688
R009357,P002000,E002000
R009358,P002969,E002969
R009359,P000340,E000340
R009360,P002094,E002094
R009361,P003446,E003446
R009362,P000310,E000310
R009363,P000426,E000426
R009364,P002877,E002877
R009365,P001897,E001897
R009366,P000110,E000110
R009367,P006833,E006833
R009368,P006838,E006838
R009369,P000230,E000230
R009370,P005097,E005097
R009371,P003727,E003727
R009372,P002475,E002475
R009373,P003134,E003134
R009374,P004923,E004923
R009375,P000849,E000849
R009376,P002008,E002008
R009377,P002583,E002583
R009378,P006852,E006852
R009379,P001248,E001248
R009380,P005334,E005334
R009381,P000531,E000531
R009382,P005699,E005699
R009383,P002472,E002472
R009384,P004551,E004551
R009385,P005705,E005705
R009386,P000491,E000491
R009387,P006656,E006656
R009388,P001562,E001562
R009389,P001000,E001000
R009390,P005771,E005771
R009391,P000313,E000313
R009392,P001956,E001956
R009393,P002874,E002874
R009394,P004209,E004209
R009395,P006588,E006588
R009396,P002305,E002305
R009397,P004345,E004345
R009398,P001328,E001328
R009399,P000271,E000271
R009400,P005665,E005665
R009401,P004133,E004133
R009402,P004101,E004101
R009403,P002856,E002856
R009404,P003492,E003492
R009405,P004412,E004412
R009406,P004109,E004109
R009407,P003145,E003145
R009408,P002423,E002423
R009409,P000977,E000977
R009410,P002818,E002818
R009411,P000011,E000011
R009412,P000211,E000211
R009413,P002229,E002229
R009414,P006938,E006938
R009415,P005256,E005256
R009416,P006151,E006151
R009417,P001869,E001869
R009418,P000877,E000877
R009419,P006069,E006069
R009420,P003508,E003508
R009421,P001658,E001658
R009422,P005596,E005596
R009423,P001012,E001012
R009424,P001442,E001442
R009425,P002451,E002451
R009426,P000442,E000442
R009427,P002207,E002207
R009428,P001902,E001902
R009429,P002064,E002064
R009430,P000322,E000322
R009431,P001623,E001623
R009432,P003600,E003600
R009433,P005021,E005021
R009434,P006145,E006145
R009435,P004535,E004535
R009436,P004877,E004877
R009437,P006279,E006279
R009438,P002622,E002622
R009439,P003706,E003706
R009440,P003733,E003733
R009441,P001064,E001064
R009442,P002373,E002373
R009443,P005293,E005293
R009444,P001945,E001945
R009445,P003996,E003996
R009446,P005198,E005198
R009447,P006644,E006644
R009448,P000361,E000361
R009449,P000876,E000876
R009450,P002307,E002307
R009451,P003884,E003884
R009452,P005936,E005936
R009453,P000328,E000328
R009454,P005509,E005509
R009455,P004845,E004845
R009456,P002258,E002258
R009457,P005605,E005605
R009458,P006611,E006611
R009459,P003296,E003296
R009460,P001234,E001234
R009461,P000796,E000796
R009462,P005181,E005181
R009463,P000638,E000638
R009464,P004852,E004852
R009465,P001515,E001515
R009466,P002565,E002565
R009467,P004287,E004287
R009468,P000158,E000158
R009469,P003958,E003958
R009470,P002799,E002799
R009471,P002427,E002427
R009472,P002617,E002617
R009473,P004736,E004736
R009474,P000364,E000364
R009475,P002228,E002228
R009476,P004969,E004969
R009477,P000827,E000827
R009478,P002564,E002564
R009479,P003092,E003092
R009480,P004942,E004942
R009481,P005686,E005686
R009482,P006638,E006638
R009483,P002625,E002625
R009484,P006940,E006940
R009485,P000418,E000418
R009486,P000111,E000111
R009487,P002941,E002941
R009488,P003059,E003059
R009489,P003878,E003878
R009490,P006054,E006054
R009491,P006650,E006650
R009492,P000663,E000663
R009493,P001898,E001898
R009494,P005751,E005751
R009495,P000511,E000511
R009496,P004998,E004998
R009497,P000142,E000142
R009498,P000213,E000213
R009499,P005845,E005845
R009500,P001382,E001382
R009501,P006860,E006860
R009502,P004361,E004361
R009503,P002809,E002809
R009504,P005587,E005587
R009505,P001357,E001357
R009506,P003615,E003615
R009507,P004963,E004963
R009508,P003671,E003671
R009509,P002481,E002481
R009510,P006278,E006278
R009511,P004112,E004112
R009512,P005388,E005388
R009513,P000991,E000991
R009514,P000379,E000379
R009515,P004863,E004863
R009516,P004290,E004290
R009517,P005079,E005079
R009518,P001502,E001502
R009519,P006471,E006471
R009520,P004040,E004040
R009521,P005540,E005540
R009522,P003279,E003279
R009523,P001909,E001909
R009524,P001923,E001923
R009525,P002916,E002916
R009526,P005091,E005091
R009527,P006004,E006004
R009528,P003468,E003468
R009529,P006923,E006923
R009530,P002176,E002176
R009531,P005146,E005146
R009532,P003080,E003080
R009533,P000204,E000204
R009534,P005255,E005255
R009535,P004884,E004884
R009536,P002513,E002513
R009537,P005881,E005881
R009538,P000478,E000478
R009539,P001553,E001553
R009540,P006542,E006542
R009541,P005907,E005907
R009542,P001700,E001700
R009543,P004030,E004030
R009544,P005558,E005558
R009545,P003105,E003105
R009546,P000946,E000946
R009547,P003160,E003160
R009548,P001037,E001037
R009549,P000469,E000469
R009550,P006232,E006232
R009551,P001806,E001806
R009552,P003753,E003753
R009553,P001830,E001830
R009554,P000901,E000901
R009555,P004886,E004886
R009556,P003270,E003270
R009557,P006777,E006777
R009558,P002284,E002284
R009559,P002643,E002643
R009560,P006303,E006303
R009561,P003846,E003846
R009562,P000135,E000135
R009563,P002279,E002279
R009564,P003048,E003048
R009565,P005200,E005200
R009566,P001613,E001613
R009567,P002821,E002821
R009568,P002987,E002987
R009569,P000481,E000481
R009570,P004020,E004020
R009571,P001968,E001968
R009572,P001282,E001282
R009573,P001603,E001603
R009574,P003017,E003017
R009575,P005193,E005193
R009576,P002160,E002160
R009577,P006151,E006151
R009578,P003689,E003689
R009579,P004081,E004081
R009580,P005282,E005282
R009581,P004924,E004924
R009582,P006351,E006351
R009583,P006361,E006361
R009584,P002761,E002761
R009585,P000831,E000831
R009586,P000433,E000433
R009587,P003677,E003677
R009588,P001172,E001172
R009589,P005860,E005860
R009590,P006655,E006655
R009591,P005802,E005802
R009592,P004429,E004429
R009593,P003807,E003807
R009594,P001642,E001642
R009595,P003804,E003804
R009596,P000823,E000823
R009597,P001082,E001082
R009598,P006339,E006339
R009599,P000682,E000682
R009600,P003476,E003476
R009601,P002994,E002994
R009602,P005492,E005492
R009603,P004685,E004685
R009604,P003189,E003189
R009605,P004816,E004816
R009606,P003638,E003638
R009607,P005959,E005959
R009608,P000154,E000154
R009609,P005065,E005065
R009610,P003271,E003271
R009611,P005723,E005723
R009612,P000636,E000636
R009613,P001213,E001213
R009614,P001324,E001324
R009615,P002348,E002348
R009616,P006390,E006390
R009617,P003419,E003419
R009618,P005740,E005740
R009619,P004193,E004193
R009620,P000775,E000775
R009621,P005581,E005581
R009622,P002562,E002562
R009623,P006735,E006735
R009624,P001454,E001454
R009625,P004142,E004142
R009626,P002613,E002613
R009627,P000601,E000601
R009628,P005274,E005274
R009629,P006593,E006593
R009630,P001308,E001308
R009631,P005055,E005055
R009632,P000238,E000238
R009633,P005087,E005087
R009634,P000496,E000496
R009635,P002200,E002200
R009636,P006633,E006633
R009637,P002804,E002804
R009638,P001115,E001115
R009639,P006989,E006989
R009640,P002979,E002979
R009641,P006579,E006579
R009642,P003612,E003612
R009643,P001915,E001915
R009644,P001215,E001215
R009645,P002193,E002193
R009646,P002104,E002104
R009647,P002436,E002436
R009648,P004084,E004084
R009649,P000152,E000152
R009650,P001041,E001041
R009651,P001178,E001178
R009652,P004626,E004626
R009653,P003296,E003296
R009654,P003920,E003920
R009655,P006021,E006021
R009656,P005204,E005204
R009657,P002983,E002983
R009658,P002722,E002722
R009659,P006917,E006917
R009660,P003737,E003737
R009661,P001141,E001141
R009662,P002872,E002872
R009663,P002840,E002840
R009664,P000807,E000807
R009665,P001329,E001329
R009666,P000336,E000336
R009667,P001634,E001634
R009668,P003547,E003547
R009669,P002177,E002177
R009670,P001804,E001804
R009671,P002522,E002522
R009672,P005436,E005436
R009673,P000350,E000350
R009674,P004276,E004276
R009675,P003477,E003477
R009676,P005966,E005966
R009677,P001608,E001608
R009678,P002830,E002830
R009679,P001778,E001778
R009680,P004430,E004430
R009681,P000180,E000180
R009682,P001404,E001404
R009683,P004506,E004506
R009684,P004548,E004548
R009685,P000145,E000145
R009686,P003994,E003994
R009687,P001860,E001860
R009688,P000668,E000668
R009689,P004635,E004635
R009690,P004165,E004165
R009691,P000311,E000311
R009692,P002121,E002121
R009693,P003925,E003925
R009694,P001276,E001276
R009695,P005774,E005774
R009696,P005084,E005084
R009697,P003205,E003205
R009698,P003515,E003515
R009699,P006915,E006915
R009700,P004400,E004400
R009701,P004426,E004426
R009702,P004777,E004777
R009703,P002309,E002309
R009704,P001782,E001782
R009705,P000267,E000267
R009706,P004442,E004442
R009707,P000735,E000735
R009708,P001423,E001423
R009709,P002303,E002303
R009710,P004813,E004813
R009711,P000982,E000982
R009712,P001353,E001353
R009713,P000184,E000184
R009714,P004553,E004553
R009715,P000626,E000626
R009716,P004196,E004196
R009717,P004802,E004802
R009718,P006414,E006414
R009719,P003927,E003927
R009720,P006801,E006801
R009721,P000610,E000610
R009722,P000858,E000858
R009723,P003259,E003259
R009724,P000744,E000744
R009725,P002998,E002998
R009726,P002185,E002185
R009727,P004932,E004932
R009728,P006609,E006609
R009729,P004493,E004493
R009730,P000546,E000546
R009731,P006727,E006727
R009732,P005607,E005607
R009733,P005735,E005735
R009734,P001096,E001096
R009735,P005477,E005477
R009736,P005300,E005300
R009737,P000198,E000198
R009738,P006814,E006814
R009739,P000307,E000307
R009740,P004639,E004639
R009741,P001112,E001112
R009742,P005952,E005952
R009743,P000576,E000576
R009744,P005564,E005564
R009745,P002526,E002526
R009746,P003808,E003808
R009747,P002648,E002648
R009748,P004034,E004034
R009749,P005347,E005347
R009750,P000967,E000967
R009751,P003154,E003154
R009752,P005349,E005349
R009753,P003765,E003765
R009754,P003351,E003351
R009755,P005816,E005816
R009756,P003523,E003523
R009757,P004583,E004583
R009758,P003442,E003442
R009759,P003221,E003221
R009760,P003983,E003983
R009761,P003843,E003843
R009762,P005916,E005916
R009763,P003156,E003156
R009764,P004004,E004004
R009765,P002944,E002944
R009766,P005962,E005962
R009767,P000424,E000424
R009768,P004479,E004479
R009769,P004993,E004993
R009770,P004038,E004038
R009771,P003097,E003097
R009772,P002301,E002301
R009773,P006788,E006788
R009774,P000850,E000850
R009775,P005385,E005385
R009776,P001875,E001875
R009777,P001669,E001669
R009778,P005353,E005353
R009779,P003148,E003148
R009780,P003820,E003820
R009781,P002128,E002128
R009782,P003591,E003591
R009783,P004998,E004998
R009784,P003432,E003432
R009785,P001867,E001867
R009786,P003253,E003253
R009787,P002771,E002771
R009788,P001518,E001518
R009789,P004124,E004124
R009790,P000107,E000107
R009791,P001935,E001935
R009792,P006355,E006355
R009793,P005559,E005559
R009794,P006032,E006032
R009795,P001018,E001018
R009796,P004307,E004307
R009797,P000551,E000551
R009798,P003574,E003574
R009799,P000908,E000908
R009800,P004667,E004667
R009801,P000666,E000666
R009802,P002190,E002190
R009803,P001275,E001275
R009804,P001563,E001563
R009805,P005460,E005460
R009806,P004540,E004540
R009807,P003129,E003129
R009808,P004268,E004268
R009809,P005629,E005629
R009810,P001706,E001706
R009811,P003457,E003457
R009812,P002708,E002708
R009813,P003978,E003978
R009814,P002106,E002106
R009815,P003947,E003947
R009816,P001417,E001417
R009817,P005669,E005669
R009818,P002002,E002002
R009819,P001240,E001240
R009820,P005575,E005575
R009821,P005987,E005987
R009822,P003299,E003299
R009823,P006497,E006497
R009824,P000602,E000602
R009825,P001025,E001025
R009826,P006894,E006894
R009827,P001589,E001589
R009828,P000207,E000207
R009829,P001472,E001472
R009830,P003770,E003770
R009831,P002465,E002465
R009832,P004046,E004046
R009833,P002122,E002122
R009834,P006600,E006600
R009835,P004107,E004107
R009836,P004910,E004910
R009837,P001265,E001265
R009838,P003195,E003195
R009839,P002740,E002740
R009840,P004687,E004687
R009841,P002886,E002886
R009842,P005767,E005767
R009843,P003723,E003723
R009844,P003517,E003517
R009845,P005923,E005923
R009846,P006223,E006223
R009847,P000159,E000159
R009848,P005456,E005456
R009849,P002587,E002587
R009850,P002352,E002352
R009851,P002054,E002054
R009852,P003342,E003342
R009853,P000699,E000699
R009854,P003264,E003264
R009855,P004558,E004558
R009856,P001489,E001489
R009857,P002699,E002699
R009858,P004130,E004130
R009859,P000797,E000797
R009860,P003995,E003995
R009861,P005668,E005668
R009862,P005187,E005187
R009863,P005254,E005254
R009864,P006872,E006872
R009865,P005861,E005861
R009866,P000595,E000595
R009867,P000128,E000128
R009868,P002666,E002666
R009869,P001817,E001817
R009870,P002010,E002010
R009871,P003439,E003439
R009872,P006681,E006681
R009873,P000179,E000179
R009874,P005552,E005552
R009875,P002758,E002758
R009876,P005449,E005449
R009877,P005973,E005973
R009878,P005690,E005690
R009879,P002776,E002776
R009880,P002181,E002181
R009881,P005843,E005843
R009882,P002542,E002542
R009883,P005461,E005461
R009884,P003816,E003816
R009885,P002379,E002379
R009886,P001298,E001298
R009887,P001062,E001062
R009888,P001358,E001358
R009889,P000222,E000222
R009890,P005975,E005975
R009891,P004260,E004260
R009892,P000943,E000943
R009893,P001502,E001502
R009894,P001582,E001582
R009895,P003194,E003194
R009896,P000193,E000193
R009897,P004000,E004000
R009898,P004564,E004564
R009899,P004236,E004236
R009900,P002049,E002049
R009901,P001172,E001172
R009902,P002480,E002480
R009903,P006709,E006709
R009904,P000847,E000847
R009905,P002927,E002927
R009906,P006556,E006556
R009907,P006320,E006320
R009908,P003169,E003169
R009909,P004746,E004746
R009910,P000924,E000924
R009911,P005656,E005656
R009912,P002453,E002453
R009913,P001765,E001765
R009914,P000035,E000035
R009915,P003617,E003617
R009916,P006066,E006066
R009917,P001137,E001137
R009918,P001263,E001263
R009919,P004134,E004134
R009920,P004406,E004406
R009921,P006679,E006679
R009922,P002683,E002683
R009923,P001297,E001297
R009924,P005661,E005661
R009925,P006768,E006768
R009926,P006858,E006858
R009927,P001777,E001777
R009928,P006236,E006236
R009929,P001677,E001677
R009930,P000522,E000522
R009931,P002888,E002888
R009932,P002755,E002755
R009933,P004032,E004032
R009934,P005136,E005136
R009935,P003616,E003616
R009936,P004480,E004480
R009937,P006634,E006634
R009938,P004930,E004930
R009939,P003881,E003881
R009940,P000856,E000856
R009941,P003181,E003181
R009942,P005187,E005187
R009943,P001664,E001664
R009944,P006800,E006800
R009945,P003840,E003840
R009946,P005262,E005262
R009947,P000769,E000769
R009948,P000570,E000570
R009949,P002567,E002567
R009950,P006103,E006103
R009951,P003032,E003032
R009952,P006132,E006132
R009953,P006026,E006026
R009954,P000649,E000649
R009955,P005504,E005504
R009956,P002183,E002183
R009957,P002489,E002489
R009958,P004700,E004700
R009959,P005403,E005403
R009960,P001526,E001526
R009961,P000996,E000996
R009962,P001105,E001105
R009963,P004005,E004005
R009964,P002301,E002301
R009965,P005566,E005566
R009966,P001480,E001480
R009967,P003517,E003517
R009968,P004022,E004022
R009969,P006464,E006464
R009970,P004525,E004525
R009971,P003477,E003477
R009972,P005286,E005286
R009973,P005811,E005811
R009974,P004698,E004698
R009975,P000335,E000335
R009976,P004439,E004439
R009977,P001359,E001359
R009978,P003750,E003750
R009979,P004737,E004737
R009980,P003962,E003962
R009981,P002722,E002722
R009982,P000611,E000611
R009983,P004103,E004103
R009984,P006254,E006254
R009985,P006058,E006058
R009986,P005971,E005971
R009987,P006992,E006992
R009988,P001675,E001675
R009989,P002134,E002134
R009990,P002889,E002889
R009991,P006909,E006909
R009992,P001527,E001527
R009993,P006353,E006353
R009994,P001690,E001690
R009995,P003112,E003112
R009996,P000990,E000990
R009997,P003834,E003834
R009998,P004154,E004154
R009999,P006530,E006530
R010000,P000214,E000214
