location_id,location_name,location_type,address,area,city,district,state,pincode,latitude,longitude,sensitivity_level
LOC000001,Synthetic Residence - Kondhwa 0001,Residence,"738, Canal Road, Kondhwa, Pune",Kondhwa,Pune,Pune,Maharashtra,411048,18.473691,73.890085,Medium
LOC000002,Synthetic Residence - Dhankawadi 0002,Residence,"999, Station Road, Dhankawadi, Pune",Dhankawadi,Pune,Pune,Maharashtra,411043,18.469389,73.844489,Low
LOC000003,Synthetic Crime Scene - Yerawada 0003,Crime Scene,"38, Station Road, Yerawada, Pune",Yerawada,Pune,Pune,Maharashtra,411006,18.541016,73.877982,Low
LOC000004,Synthetic Residence - Yerawada 0004,Residence,"571, Link Road, Yerawada, Pune",Yerawada,Pune,Pune,Maharashtra,411006,18.551179,73.871518,Low
LOC000005,Synthetic Bank - Pimpri 0005,Bank,"968, Industrial Road, Pimpri, Pune",Pimpri,Pune,Pune,Maharashtra,411018,18.631901,73.797338,Low
LOC000006,Synthetic Police Station - Baner,Police Station,"844, Industrial Road, Baner, Pune",Baner,Pune,Pune,Maharashtra,411045,18.551426,73.780361,Medium
LOC000007,Synthetic ATM - Bhosari 0007,ATM,"807, Station Road, Bhosari, Pune",Bhosari,Pune,Pune,Maharashtra,411039,18.62415,73.844279,Low
LOC000008,Synthetic Restaurant - Kondhwa 0008,Restaurant,"123, Main Road, Kondhwa, Pune",Kondhwa,Pune,Pune,Maharashtra,411048,18.467757,73.896183,Low
LOC000009,Synthetic Crime Scene - Katraj 0009,Crime Scene,"629, Link Road, Katraj, Pune",Katraj,Pune,Pune,Maharashtra,411046,18.457159,73.860284,Medium
LOC000010,Synthetic Hotel - Wakad 0010,Hotel,"960, Industrial Road, Wakad, Pune",Wakad,Pune,Pune,Maharashtra,411057,18.59457,73.75754,High
LOC000011,Synthetic Meeting Point - Dhankawadi 0011,Meeting Point,"572, Nagar Road, Dhankawadi, Pune",Dhankawadi,Pune,Pune,Maharashtra,411043,18.471274,73.852463,Low
LOC000012,Synthetic Crime Scene - Vishrantwadi 0012,Crime Scene,"52, Station Road, Vishrantwadi, Pune",Vishrantwadi,Pune,Pune,Maharashtra,411015,18.559443,73.870046,Medium
LOC000013,Synthetic Transport Hub - Viman Nagar 0013,Transport Hub,"673, Industrial Road, Viman Nagar, Pune",Viman Nagar,Pune,Pune,Maharashtra,411014,18.568062,73.919748,Low
LOC000014,Synthetic Transport Hub - Vishrantwadi 0014,Transport Hub,"98, Temple Road, Vishrantwadi, Pune",Vishrantwadi,Pune,Pune,Maharashtra,411015,18.562468,73.882444,Medium
LOC000015,Synthetic Warehouse - Baner 0015,Warehouse,"371, Main Road, Baner, Pune",Baner,Pune,Pune,Maharashtra,411045,18.566756,73.785609,Low
LOC000016,Synthetic Restaurant - Kothrud 0016,Restaurant,"933, Nagar Road, Kothrud, Pune",Kothrud,Pune,Pune,Maharashtra,411038,18.500778,73.803391,High
LOC000017,Synthetic Warehouse - Kondhwa 0017,Warehouse,"137, Main Road, Kondhwa, Pune",Kondhwa,Pune,Pune,Maharashtra,411048,18.464075,73.884098,Low
LOC000018,Synthetic Residence - Swargate 0018,Residence,"279, Park Road, Swargate, Pune",Swargate,Pune,Pune,Maharashtra,411037,18.506921,73.864644,High
LOC000019,Synthetic Residence - Hadapsar 0019,Residence,"614, Station Road, Hadapsar, Pune",Hadapsar,Pune,Pune,Maharashtra,411028,18.514039,73.918176,Low
LOC000020,Synthetic Hotel - Yerawada 0020,Hotel,"135, Market Road, Yerawada, Pune",Yerawada,Pune,Pune,Maharashtra,411006,18.541536,73.876069,Medium
LOC000021,Synthetic Meeting Point - Vishrantwadi 0021,Meeting Point,"347, Temple Road, Vishrantwadi, Pune",Vishrantwadi,Pune,Pune,Maharashtra,411015,18.569566,73.882656,Low
LOC000022,Synthetic Residence - Baner 0022,Residence,"683, Temple Road, Baner, Pune",Baner,Pune,Pune,Maharashtra,411045,18.554526,73.783763,Low
LOC000023,Synthetic Police Station - Aundh,Police Station,"107, Park Road, Aundh, Pune",Aundh,Pune,Pune,Maharashtra,411007,18.5516,73.807552,Medium
LOC000024,Synthetic Residence - Aundh 0024,Residence,"693, Park Road, Aundh, Pune",Aundh,Pune,Pune,Maharashtra,411007,18.559405,73.807892,Medium
LOC000025,Synthetic Residence - Hadapsar 0025,Residence,"158, Industrial Road, Hadapsar, Pune",Hadapsar,Pune,Pune,Maharashtra,411028,18.506883,73.919683,Low
LOC000026,Synthetic Residence - Shivajinagar 0026,Residence,"162, College Road, Shivajinagar, Pune",Shivajinagar,Pune,Pune,Maharashtra,411005,18.524366,73.846169,Medium
LOC000027,Synthetic Transport Hub - Aundh 0027,Transport Hub,"127, Station Road, Aundh, Pune",Aundh,Pune,Pune,Maharashtra,411007,18.552234,73.811221,Medium
LOC000028,Synthetic Workplace - Dhankawadi 0028,Workplace,"947, Park Road, Dhankawadi, Pune",Dhankawadi,Pune,Pune,Maharashtra,411043,18.468198,73.849969,Low
LOC000029,Synthetic ATM - Wakad 0029,ATM,"434, Nagar Road, Wakad, Pune",Wakad,Pune,Pune,Maharashtra,411057,18.596719,73.76052,Medium
LOC000030,Synthetic Restaurant - Aundh 0030,Restaurant,"522, Station Road, Aundh, Pune",Aundh,Pune,Pune,Maharashtra,411007,18.566089,73.810975,Low
LOC000031,Synthetic Police Station - Chinchwad,Police Station,"925, Station Road, Chinchwad, Pune",Chinchwad,Pune,Pune,Maharashtra,411033,18.634365,73.800707,Medium
LOC000032,Synthetic Bank - Dhankawadi 0032,Bank,"921, Canal Road, Dhankawadi, Pune",Dhankawadi,Pune,Pune,Maharashtra,411043,18.466343,73.85524,Low
LOC000033,Synthetic Residence - Pimpri 0033,Residence,"870, Park Road, Pimpri, Pune",Pimpri,Pune,Pune,Maharashtra,411018,18.624636,73.804949,Medium
LOC000034,Synthetic Restaurant - Aundh 0034,Restaurant,"911, Nagar Road, Aundh, Pune",Aundh,Pune,Pune,Maharashtra,411007,18.562618,73.814028,Medium
LOC000035,Synthetic ATM - Swargate 0035,ATM,"850, Park Road, Swargate, Pune",Swargate,Pune,Pune,Maharashtra,411037,18.507629,73.858068,High
LOC000036,Synthetic Police Station - Chinchwad,Police Station,"303, Market Road, Chinchwad, Pune",Chinchwad,Pune,Pune,Maharashtra,411033,18.627289,73.792817,Low
LOC000037,Synthetic Meeting Point - Wakad 0037,Meeting Point,"19, Temple Road, Wakad, Pune",Wakad,Pune,Pune,Maharashtra,411057,18.599686,73.764613,High
LOC000038,Synthetic ATM - Chinchwad 0038,ATM,"759, Park Road, Chinchwad, Pune",Chinchwad,Pune,Pune,Maharashtra,411033,18.624371,73.792695,Low
LOC000039,Synthetic Warehouse - Wakad 0039,Warehouse,"105, Main Road, Wakad, Pune",Wakad,Pune,Pune,Maharashtra,411057,18.60598,73.770448,Low
LOC000040,Synthetic Residence - Baner 0040,Residence,"299, Nagar Road, Baner, Pune",Baner,Pune,Pune,Maharashtra,411045,18.563893,73.788386,Medium
LOC000041,Synthetic Other - Viman Nagar 0041,Other,"952, Market Road, Viman Nagar, Pune",Viman Nagar,Pune,Pune,Maharashtra,411014,18.572006,73.907902,Medium
LOC000042,Synthetic Residence - Viman Nagar 0042,Residence,"245, Temple Road, Viman Nagar, Pune",Viman Nagar,Pune,Pune,Maharashtra,411014,18.567452,73.907394,Medium
LOC000043,Synthetic Transport Hub - Baner 0043,Transport Hub,"545, Station Road, Baner, Pune",Baner,Pune,Pune,Maharashtra,411045,18.565588,73.792848,Low
LOC000044,Synthetic Transport Hub - Vishrantwadi 0044,Transport Hub,"157, Station Road, Vishrantwadi, Pune",Vishrantwadi,Pune,Pune,Maharashtra,411015,18.561474,73.882529,High
LOC000045,Synthetic Residence - Kothrud 0045,Residence,"29, College Road, Kothrud, Pune",Kothrud,Pune,Pune,Maharashtra,411038,18.514464,73.803733,Medium
LOC000046,Synthetic Residence - Bhosari 0046,Residence,"827, College Road, Bhosari, Pune",Bhosari,Pune,Pune,Maharashtra,411039,18.626163,73.853905,High
LOC000047,Synthetic Other - Viman Nagar 0047,Other,"142, Temple Road, Viman Nagar, Pune",Viman Nagar,Pune,Pune,Maharashtra,411014,18.5603,73.92036,Low
LOC000048,Synthetic Warehouse - Shivajinagar 0048,Warehouse,"835, Canal Road, Shivajinagar, Pune",Shivajinagar,Pune,Pune,Maharashtra,411005,18.529963,73.847258,Low
LOC000049,Synthetic Residence - Hadapsar 0049,Residence,"946, Link Road, Hadapsar, Pune",Hadapsar,Pune,Pune,Maharashtra,411028,18.516728,73.933,Low
LOC000050,Synthetic Transport Hub - Kothrud 0050,Transport Hub,"772, Market Road, Kothrud, Pune",Kothrud,Pune,Pune,Maharashtra,411038,18.499579,73.803623,Low
LOC000051,Synthetic Residence - Dhankawadi 0051,Residence,"505, College Road, Dhankawadi, Pune",Dhankawadi,Pune,Pune,Maharashtra,411043,18.459378,73.84778,Low
LOC000052,Synthetic Police Station - Wakad,Police Station,"784, Park Road, Wakad, Pune",Wakad,Pune,Pune,Maharashtra,411057,18.606754,73.770363,Low
LOC000053,Synthetic Bank - Swargate 0053,Bank,"582, Industrial Road, Swargate, Pune",Swargate,Pune,Pune,Maharashtra,411037,18.507959,73.863356,Medium
LOC000054,Synthetic Other - Kondhwa 0054,Other,"673, Industrial Road, Kondhwa, Pune",Kondhwa,Pune,Pune,Maharashtra,411048,18.465736,73.894027,Medium
LOC000055,Synthetic Workplace - Wakad 0055,Workplace,"960, Park Road, Wakad, Pune",Wakad,Pune,Pune,Maharashtra,411057,18.599541,73.766656,Medium
LOC000056,Synthetic Police Station - Katraj,Police Station,"680, College Road, Katraj, Pune",Katraj,Pune,Pune,Maharashtra,411046,18.4482,73.861704,Medium
LOC000057,Synthetic Bank - Chinchwad 0057,Bank,"802, Link Road, Chinchwad, Pune",Chinchwad,Pune,Pune,Maharashtra,411033,18.6321,73.806372,Medium
LOC000058,Synthetic Restaurant - Hadapsar 0058,Restaurant,"477, Park Road, Hadapsar, Pune",Hadapsar,Pune,Pune,Maharashtra,411028,18.5023,73.933618,Low
LOC000059,Synthetic Other - Katraj 0059,Other,"587, Market Road, Katraj, Pune",Katraj,Pune,Pune,Maharashtra,411046,18.447847,73.869964,High
LOC000060,Synthetic Hotel - Katraj 0060,Hotel,"580, Station Road, Katraj, Pune",Katraj,Pune,Pune,Maharashtra,411046,18.457703,73.862324,Low
LOC000061,Synthetic Workplace - Kothrud 0061,Workplace,"242, Nagar Road, Kothrud, Pune",Kothrud,Pune,Pune,Maharashtra,411038,18.501816,73.812499,Medium
LOC000062,Synthetic Residence - Shivajinagar 0062,Residence,"416, Link Road, Shivajinagar, Pune",Shivajinagar,Pune,Pune,Maharashtra,411005,18.535584,73.839271,Medium
LOC000063,Synthetic Crime Scene - Swargate 0063,Crime Scene,"964, Station Road, Swargate, Pune",Swargate,Pune,Pune,Maharashtra,411037,18.494375,73.867352,Medium
LOC000064,Synthetic Workplace - Katraj 0064,Workplace,"761, Temple Road, Katraj, Pune",Katraj,Pune,Pune,Maharashtra,411046,18.460793,73.861075,High
LOC000065,Synthetic Hotel - Yerawada 0065,Hotel,"533, Link Road, Yerawada, Pune",Yerawada,Pune,Pune,Maharashtra,411006,18.555949,73.876611,Low
LOC000066,Synthetic Residence - Chinchwad 0066,Residence,"416, Temple Road, Chinchwad, Pune",Chinchwad,Pune,Pune,Maharashtra,411033,18.628366,73.799568,Low
LOC000067,Synthetic Meeting Point - Aundh 0067,Meeting Point,"476, Industrial Road, Aundh, Pune",Aundh,Pune,Pune,Maharashtra,411007,18.555892,73.805825,Low
LOC000068,Synthetic Restaurant - Chinchwad 0068,Restaurant,"827, Market Road, Chinchwad, Pune",Chinchwad,Pune,Pune,Maharashtra,411033,18.630448,73.804024,Low
LOC000069,Synthetic Residence - Wakad 0069,Residence,"433, Canal Road, Wakad, Pune",Wakad,Pune,Pune,Maharashtra,411057,18.599104,73.763296,Medium
LOC000070,Synthetic Transport Hub - Bhosari 0070,Transport Hub,"713, Market Road, Bhosari, Pune",Bhosari,Pune,Pune,Maharashtra,411039,18.624552,73.844521,Low
LOC000071,Synthetic Residence - Vishrantwadi 0071,Residence,"254, Station Road, Vishrantwadi, Pune",Vishrantwadi,Pune,Pune,Maharashtra,411015,18.565958,73.872627,Low
LOC000072,Synthetic Meeting Point - Aundh 0072,Meeting Point,"864, Park Road, Aundh, Pune",Aundh,Pune,Pune,Maharashtra,411007,18.551775,73.808937,Medium
LOC000073,Synthetic Workplace - Pimpri 0073,Workplace,"621, Main Road, Pimpri, Pune",Pimpri,Pune,Pune,Maharashtra,411018,18.635573,73.804008,Low
LOC000074,Synthetic Residence - Chinchwad 0074,Residence,"275, Nagar Road, Chinchwad, Pune",Chinchwad,Pune,Pune,Maharashtra,411033,18.62434,73.804952,Low
LOC000075,Synthetic Warehouse - Pimpri 0075,Warehouse,"670, Station Road, Pimpri, Pune",Pimpri,Pune,Pune,Maharashtra,411018,18.622775,73.804397,Low
LOC000076,Synthetic Other - Swargate 0076,Other,"211, Park Road, Swargate, Pune",Swargate,Pune,Pune,Maharashtra,411037,18.499416,73.868575,Medium
LOC000077,Synthetic Hotel - Vishrantwadi 0077,Hotel,"300, College Road, Vishrantwadi, Pune",Vishrantwadi,Pune,Pune,Maharashtra,411015,18.561598,73.883827,Low
LOC000078,Synthetic Workplace - Yerawada 0078,Workplace,"538, Market Road, Yerawada, Pune",Yerawada,Pune,Pune,Maharashtra,411006,18.550626,73.878133,Low
LOC000079,Synthetic Residence - Chinchwad 0079,Residence,"146, Park Road, Chinchwad, Pune",Chinchwad,Pune,Pune,Maharashtra,411033,18.634756,73.792463,Low
LOC000080,Synthetic Transport Hub - Wakad 0080,Transport Hub,"555, Nagar Road, Wakad, Pune",Wakad,Pune,Pune,Maharashtra,411057,18.595908,73.761818,Low
LOC000081,Synthetic Restaurant - Swargate 0081,Restaurant,"961, Nagar Road, Swargate, Pune",Swargate,Pune,Pune,Maharashtra,411037,18.498577,73.870928,Low
LOC000082,Synthetic Hotel - Yerawada 0082,Hotel,"240, Station Road, Yerawada, Pune",Yerawada,Pune,Pune,Maharashtra,411006,18.541001,73.873741,Low
LOC000083,Synthetic Warehouse - Viman Nagar 0083,Warehouse,"404, College Road, Viman Nagar, Pune",Viman Nagar,Pune,Pune,Maharashtra,411014,18.570473,73.910542,Medium
LOC000084,Synthetic Warehouse - Wakad 0084,Warehouse,"848, Link Road, Wakad, Pune",Wakad,Pune,Pune,Maharashtra,411057,18.591775,73.766118,Medium
LOC000085,Synthetic Residence - Kondhwa 0085,Residence,"746, Nagar Road, Kondhwa, Pune",Kondhwa,Pune,Pune,Maharashtra,411048,18.475103,73.897924,Medium
LOC000086,Synthetic Workplace - Wakad 0086,Workplace,"780, Main Road, Wakad, Pune",Wakad,Pune,Pune,Maharashtra,411057,18.598548,73.758931,Medium
LOC000087,Synthetic Bank - Hadapsar 0087,Bank,"579, College Road, Hadapsar, Pune",Hadapsar,Pune,Pune,Maharashtra,411028,18.502134,73.92537,Medium
LOC000088,Synthetic Police Station - Hadapsar,Police Station,"896, Park Road, Hadapsar, Pune",Hadapsar,Pune,Pune,Maharashtra,411028,18.502173,73.93121,Low
LOC000089,Synthetic Transport Hub - Bhosari 0089,Transport Hub,"119, Station Road, Bhosari, Pune",Bhosari,Pune,Pune,Maharashtra,411039,18.631537,73.85044,Low
LOC000090,Synthetic Workplace - Kondhwa 0090,Workplace,"188, Main Road, Kondhwa, Pune",Kondhwa,Pune,Pune,Maharashtra,411048,18.469251,73.888418,Medium
LOC000091,Synthetic Residence - Baner 0091,Residence,"418, Main Road, Baner, Pune",Baner,Pune,Pune,Maharashtra,411045,18.559025,73.794499,Medium
LOC000092,Synthetic Bank - Dhankawadi 0092,Bank,"371, Main Road, Dhankawadi, Pune",Dhankawadi,Pune,Pune,Maharashtra,411043,18.462487,73.853839,Low
LOC000093,Synthetic Residence - Swargate 0093,Residence,"773, Main Road, Swargate, Pune",Swargate,Pune,Pune,Maharashtra,411037,18.49403,73.856896,Medium
LOC000094,Synthetic Meeting Point - Kothrud 0094,Meeting Point,"659, Main Road, Kothrud, Pune",Kothrud,Pune,Pune,Maharashtra,411038,18.514279,73.801047,Low
LOC000095,Synthetic Workplace - Viman Nagar 0095,Workplace,"784, Park Road, Viman Nagar, Pune",Viman Nagar,Pune,Pune,Maharashtra,411014,18.562329,73.906853,Low
LOC000096,Synthetic Restaurant - Aundh 0096,Restaurant,"770, Nagar Road, Aundh, Pune",Aundh,Pune,Pune,Maharashtra,411007,18.563392,73.807496,Low
LOC000097,Synthetic Residence - Hadapsar 0097,Residence,"107, Park Road, Hadapsar, Pune",Hadapsar,Pune,Pune,Maharashtra,411028,18.505453,73.927006,Low
LOC000098,Synthetic Crime Scene - Wakad 0098,Crime Scene,"566, Nagar Road, Wakad, Pune",Wakad,Pune,Pune,Maharashtra,411057,18.593077,73.761481,Medium
LOC000099,Synthetic Meeting Point - Pimpri 0099,Meeting Point,"278, Nagar Road, Pimpri, Pune",Pimpri,Pune,Pune,Maharashtra,411018,18.623201,73.792391,Medium
LOC000100,Synthetic Transport Hub - Dhankawadi 0100,Transport Hub,"214, Temple Road, Dhankawadi, Pune",Dhankawadi,Pune,Pune,Maharashtra,411043,18.464834,73.85299,Medium
LOC000101,Synthetic Residence - Hadapsar 0101,Residence,"937, Nagar Road, Hadapsar, Pune",Hadapsar,Pune,Pune,Maharashtra,411028,18.50498,73.921704,Low
LOC000102,Synthetic Police Station - Shivajinagar,Police Station,"365, Canal Road, Shivajinagar, Pune",Shivajinagar,Pune,Pune,Maharashtra,411005,18.535904,73.850056,Low
LOC000103,Synthetic Police Station - Aundh,Police Station,"159, Industrial Road, Aundh, Pune",Aundh,Pune,Pune,Maharashtra,411007,18.562558,73.813625,Medium
LOC000104,Synthetic Police Station - Viman Nagar,Police Station,"337, Market Road, Viman Nagar, Pune",Viman Nagar,Pune,Pune,Maharashtra,411014,18.565485,73.915931,Medium
LOC000105,Synthetic Workplace - Yerawada 0105,Workplace,"490, Main Road, Yerawada, Pune",Yerawada,Pune,Pune,Maharashtra,411006,18.548457,73.872329,Low
LOC000106,Synthetic Workplace - Baner 0106,Workplace,"336, Main Road, Baner, Pune",Baner,Pune,Pune,Maharashtra,411045,18.564499,73.780487,Medium
LOC000107,Synthetic Residence - Aundh 0107,Residence,"943, Station Road, Aundh, Pune",Aundh,Pune,Pune,Maharashtra,411007,18.561583,73.806591,Low
LOC000108,Synthetic Workplace - Bhosari 0108,Workplace,"932, Temple Road, Bhosari, Pune",Bhosari,Pune,Pune,Maharashtra,411039,18.621844,73.843901,Low
LOC000109,Synthetic Workplace - Viman Nagar 0109,Workplace,"504, Park Road, Viman Nagar, Pune",Viman Nagar,Pune,Pune,Maharashtra,411014,18.566737,73.918496,Low
LOC000110,Synthetic Bank - Vishrantwadi 0110,Bank,"116, College Road, Vishrantwadi, Pune",Vishrantwadi,Pune,Pune,Maharashtra,411015,18.565281,73.877716,Low
LOC000111,Synthetic Transport Hub - Wakad 0111,Transport Hub,"821, Link Road, Wakad, Pune",Wakad,Pune,Pune,Maharashtra,411057,18.591689,73.765632,Low
LOC000112,Synthetic Workplace - Shivajinagar 0112,Workplace,"572, Park Road, Shivajinagar, Pune",Shivajinagar,Pune,Pune,Maharashtra,411005,18.526718,73.851857,Medium
LOC000113,Synthetic Workplace - Kothrud 0113,Workplace,"286, Park Road, Kothrud, Pune",Kothrud,Pune,Pune,Maharashtra,411038,18.503566,73.800012,Medium
LOC000114,Synthetic Meeting Point - Shivajinagar 0114,Meeting Point,"473, Park Road, Shivajinagar, Pune",Shivajinagar,Pune,Pune,Maharashtra,411005,18.524214,73.843767,Low
LOC000115,Synthetic Workplace - Katraj 0115,Workplace,"753, Industrial Road, Katraj, Pune",Katraj,Pune,Pune,Maharashtra,411046,18.450766,73.86437,Medium
LOC000116,Synthetic Residence - Viman Nagar 0116,Residence,"359, Main Road, Viman Nagar, Pune",Viman Nagar,Pune,Pune,Maharashtra,411014,18.571304,73.921485,Low
LOC000117,Synthetic Warehouse - Vishrantwadi 0117,Warehouse,"210, Station Road, Vishrantwadi, Pune",Vishrantwadi,Pune,Pune,Maharashtra,411015,18.563937,73.876879,Medium
LOC000118,Synthetic Police Station - Viman Nagar,Police Station,"634, Canal Road, Viman Nagar, Pune",Viman Nagar,Pune,Pune,Maharashtra,411014,18.563375,73.914243,Low
LOC000119,Synthetic Residence - Vishrantwadi 0119,Residence,"992, Station Road, Vishrantwadi, Pune",Vishrantwadi,Pune,Pune,Maharashtra,411015,18.573598,73.874652,Low
LOC000120,Synthetic Meeting Point - Katraj 0120,Meeting Point,"774, Market Road, Katraj, Pune",Katraj,Pune,Pune,Maharashtra,411046,18.457472,73.868504,Low
LOC000121,Synthetic Workplace - Kondhwa 0121,Workplace,"213, Temple Road, Kondhwa, Pune",Kondhwa,Pune,Pune,Maharashtra,411048,18.463796,73.884025,Low
LOC000122,Synthetic Residence - Baner 0122,Residence,"887, Park Road, Baner, Pune",Baner,Pune,Pune,Maharashtra,411045,18.565676,73.781951,Medium
LOC000123,Synthetic Meeting Point - Aundh 0123,Meeting Point,"952, Canal Road, Aundh, Pune",Aundh,Pune,Pune,Maharashtra,411007,18.554914,73.810548,Medium
LOC000124,Synthetic Other - Dhankawadi 0124,Other,"500, College Road, Dhankawadi, Pune",Dhankawadi,Pune,Pune,Maharashtra,411043,18.472474,73.856111,Low
LOC000125,Synthetic Bank - Swargate 0125,Bank,"153, Industrial Road, Swargate, Pune",Swargate,Pune,Pune,Maharashtra,411037,18.49607,73.871157,Medium
LOC000126,Synthetic Meeting Point - Swargate 0126,Meeting Point,"362, Station Road, Swargate, Pune",Swargate,Pune,Pune,Maharashtra,411037,18.508386,73.862805,Medium
LOC000127,Synthetic Meeting Point - Baner 0127,Meeting Point,"583, Industrial Road, Baner, Pune",Baner,Pune,Pune,Maharashtra,411045,18.554806,73.787434,Low
LOC000128,Synthetic Hotel - Swargate 0128,Hotel,"37, Station Road, Swargate, Pune",Swargate,Pune,Pune,Maharashtra,411037,18.507793,73.860097,Low
LOC000129,Synthetic Residence - Chinchwad 0129,Residence,"760, College Road, Chinchwad, Pune",Chinchwad,Pune,Pune,Maharashtra,411033,18.628423,73.794098,High
LOC000130,Synthetic Warehouse - Aundh 0130,Warehouse,"927, Park Road, Aundh, Pune",Aundh,Pune,Pune,Maharashtra,411007,18.557595,73.804577,Medium
LOC000131,Synthetic Meeting Point - Hadapsar 0131,Meeting Point,"81, College Road, Hadapsar, Pune",Hadapsar,Pune,Pune,Maharashtra,411028,18.50452,73.92814,Low
LOC000132,Synthetic Meeting Point - Aundh 0132,Meeting Point,"124, Industrial Road, Aundh, Pune",Aundh,Pune,Pune,Maharashtra,411007,18.553944,73.812296,Low
LOC000133,Synthetic Bank - Pimpri 0133,Bank,"328, Park Road, Pimpri, Pune",Pimpri,Pune,Pune,Maharashtra,411018,18.628593,73.803039,High
LOC000134,Synthetic Restaurant - Yerawada 0134,Restaurant,"785, Market Road, Yerawada, Pune",Yerawada,Pune,Pune,Maharashtra,411006,18.554354,73.879497,Low
LOC000135,Synthetic Workplace - Viman Nagar 0135,Workplace,"315, Nagar Road, Viman Nagar, Pune",Viman Nagar,Pune,Pune,Maharashtra,411014,18.575389,73.918393,Low
LOC000136,Synthetic Bank - Vishrantwadi 0136,Bank,"606, Canal Road, Vishrantwadi, Pune",Vishrantwadi,Pune,Pune,Maharashtra,411015,18.56588,73.870939,Low
LOC000137,Synthetic Bank - Yerawada 0137,Bank,"514, Park Road, Yerawada, Pune",Yerawada,Pune,Pune,Maharashtra,411006,18.545524,73.884877,Low
LOC000138,Synthetic Meeting Point - Kothrud 0138,Meeting Point,"118, Canal Road, Kothrud, Pune",Kothrud,Pune,Pune,Maharashtra,411038,18.504926,73.805297,Low
LOC000139,Synthetic Residence - Viman Nagar 0139,Residence,"29, Temple Road, Viman Nagar, Pune",Viman Nagar,Pune,Pune,Maharashtra,411014,18.570485,73.911037,Low
LOC000140,Synthetic Crime Scene - Viman Nagar 0140,Crime Scene,"147, Link Road, Viman Nagar, Pune",Viman Nagar,Pune,Pune,Maharashtra,411014,18.567848,73.908156,Low
LOC000141,Synthetic Warehouse - Chinchwad 0141,Warehouse,"144, Main Road, Chinchwad, Pune",Chinchwad,Pune,Pune,Maharashtra,411033,18.621822,73.798644,Low
LOC000142,Synthetic Bank - Kothrud 0142,Bank,"931, Park Road, Kothrud, Pune",Kothrud,Pune,Pune,Maharashtra,411038,18.51184,73.813982,Medium
LOC000143,Synthetic Police Station - Chinchwad,Police Station,"684, Park Road, Chinchwad, Pune",Chinchwad,Pune,Pune,Maharashtra,411033,18.632374,73.805982,Medium
LOC000144,Synthetic Restaurant - Wakad 0144,Restaurant,"455, Park Road, Wakad, Pune",Wakad,Pune,Pune,Maharashtra,411057,18.60339,73.760202,Low
LOC000145,Synthetic Workplace - Kondhwa 0145,Workplace,"824, Industrial Road, Kondhwa, Pune",Kondhwa,Pune,Pune,Maharashtra,411048,18.464712,73.896752,Medium
LOC000146,Synthetic Meeting Point - Wakad 0146,Meeting Point,"97, Link Road, Wakad, Pune",Wakad,Pune,Pune,Maharashtra,411057,18.592167,73.762287,Medium
LOC000147,Synthetic Crime Scene - Vishrantwadi 0147,Crime Scene,"198, Park Road, Vishrantwadi, Pune",Vishrantwadi,Pune,Pune,Maharashtra,411015,18.571832,73.872825,Medium
LOC000148,Synthetic Residence - Bhosari 0148,Residence,"439, Station Road, Bhosari, Pune",Bhosari,Pune,Pune,Maharashtra,411039,18.632437,73.842393,Low
LOC000149,Synthetic Restaurant - Kothrud 0149,Restaurant,"355, Link Road, Kothrud, Pune",Kothrud,Pune,Pune,Maharashtra,411038,18.504805,73.809894,Low
LOC000150,Synthetic Meeting Point - Dhankawadi 0150,Meeting Point,"982, Park Road, Dhankawadi, Pune",Dhankawadi,Pune,Pune,Maharashtra,411043,18.468416,73.854752,Low
LOC000151,Synthetic Bank - Vishrantwadi 0151,Bank,"44, Nagar Road, Vishrantwadi, Pune",Vishrantwadi,Pune,Pune,Maharashtra,411015,18.572943,73.879718,Low
LOC000152,Synthetic Crime Scene - Chinchwad 0152,Crime Scene,"844, Temple Road, Chinchwad, Pune",Chinchwad,Pune,Pune,Maharashtra,411033,18.631655,73.7936,Low
LOC000153,Synthetic Other - Kondhwa 0153,Other,"661, Industrial Road, Kondhwa, Pune",Kondhwa,Pune,Pune,Maharashtra,411048,18.465022,73.895183,Medium
LOC000154,Synthetic Workplace - Shivajinagar 0154,Workplace,"56, Market Road, Shivajinagar, Pune",Shivajinagar,Pune,Pune,Maharashtra,411005,18.538457,73.854813,Low
LOC000155,Synthetic Other - Bhosari 0155,Other,"534, Nagar Road, Bhosari, Pune",Bhosari,Pune,Pune,Maharashtra,411039,18.626005,73.853509,Medium
LOC000156,Synthetic Residence - Yerawada 0156,Residence,"315, Nagar Road, Yerawada, Pune",Yerawada,Pune,Pune,Maharashtra,411006,18.554946,73.871132,High
LOC000157,Synthetic Police Station - Kondhwa,Police Station,"304, Link Road, Kondhwa, Pune",Kondhwa,Pune,Pune,Maharashtra,411048,18.466899,73.897465,Low
LOC000158,Synthetic Other - Baner 0158,Other,"456, Temple Road, Baner, Pune",Baner,Pune,Pune,Maharashtra,411045,18.556224,73.792526,Low
LOC000159,Synthetic Residence - Hadapsar 0159,Residence,"744, Industrial Road, Hadapsar, Pune",Hadapsar,Pune,Pune,Maharashtra,411028,18.513229,73.928666,Low
LOC000160,Synthetic Bank - Swargate 0160,Bank,"62, Temple Road, Swargate, Pune",Swargate,Pune,Pune,Maharashtra,411037,18.507536,73.86116,Low
LOC000161,Synthetic Workplace - Aundh 0161,Workplace,"991, Canal Road, Aundh, Pune",Aundh,Pune,Pune,Maharashtra,411007,18.552075,73.813466,High
LOC000162,Synthetic ATM - Swargate 0162,ATM,"62, Nagar Road, Swargate, Pune",Swargate,Pune,Pune,Maharashtra,411037,18.500443,73.864725,High
LOC000163,Synthetic Residence - Kondhwa 0163,Residence,"422, Industrial Road, Kondhwa, Pune",Kondhwa,Pune,Pune,Maharashtra,411048,18.476433,73.89675,High
LOC000164,Synthetic Police Station - Kondhwa,Police Station,"872, Link Road, Kondhwa, Pune",Kondhwa,Pune,Pune,Maharashtra,411048,18.475141,73.891208,Medium
LOC000165,Synthetic Workplace - Dhankawadi 0165,Workplace,"659, Industrial Road, Dhankawadi, Pune",Dhankawadi,Pune,Pune,Maharashtra,411043,18.45976,73.844429,Low
LOC000166,Synthetic Workplace - Baner 0166,Workplace,"250, Station Road, Baner, Pune",Baner,Pune,Pune,Maharashtra,411045,18.562012,73.79325,Medium
LOC000167,Synthetic Restaurant - Wakad 0167,Restaurant,"978, Canal Road, Wakad, Pune",Wakad,Pune,Pune,Maharashtra,411057,18.604268,73.75506,Low
LOC000168,Synthetic ATM - Baner 0168,ATM,"979, College Road, Baner, Pune",Baner,Pune,Pune,Maharashtra,411045,18.551212,73.78505,Medium
LOC000169,Synthetic Transport Hub - Kondhwa 0169,Transport Hub,"262, Main Road, Kondhwa, Pune",Kondhwa,Pune,Pune,Maharashtra,411048,18.467097,73.889317,Medium
LOC000170,Synthetic Crime Scene - Viman Nagar 0170,Crime Scene,"111, Park Road, Viman Nagar, Pune",Viman Nagar,Pune,Pune,Maharashtra,411014,18.560372,73.910433,Medium
LOC000171,Synthetic Workplace - Pimpri 0171,Workplace,"548, Industrial Road, Pimpri, Pune",Pimpri,Pune,Pune,Maharashtra,411018,18.625095,73.796359,High
LOC000172,Synthetic Meeting Point - Shivajinagar 0172,Meeting Point,"506, Market Road, Shivajinagar, Pune",Shivajinagar,Pune,Pune,Maharashtra,411005,18.530471,73.842063,Low
LOC000173,Synthetic Residence - Bhosari 0173,Residence,"511, Market Road, Bhosari, Pune",Bhosari,Pune,Pune,Maharashtra,411039,18.626344,73.839163,Low
LOC000174,Synthetic Workplace - Vishrantwadi 0174,Workplace,"390, Market Road, Vishrantwadi, Pune",Vishrantwadi,Pune,Pune,Maharashtra,411015,18.574696,73.877079,Medium
LOC000175,Synthetic Residence - Aundh 0175,Residence,"140, Main Road, Aundh, Pune",Aundh,Pune,Pune,Maharashtra,411007,18.558336,73.808162,Medium
LOC000176,Synthetic Residence - Kondhwa 0176,Residence,"949, Park Road, Kondhwa, Pune",Kondhwa,Pune,Pune,Maharashtra,411048,18.463817,73.883426,Low
LOC000177,Synthetic Workplace - Baner 0177,Workplace,"715, Link Road, Baner, Pune",Baner,Pune,Pune,Maharashtra,411045,18.563717,73.792325,Low
LOC000178,Synthetic Meeting Point - Katraj 0178,Meeting Point,"572, Temple Road, Katraj, Pune",Katraj,Pune,Pune,Maharashtra,411046,18.460559,73.859534,Medium
LOC000179,Synthetic Residence - Yerawada 0179,Residence,"25, Canal Road, Yerawada, Pune",Yerawada,Pune,Pune,Maharashtra,411006,18.540898,73.883716,Low
LOC000180,Synthetic Police Station - Chinchwad,Police Station,"669, Nagar Road, Chinchwad, Pune",Chinchwad,Pune,Pune,Maharashtra,411033,18.634563,73.796425,Low
LOC000181,Synthetic Residence - Chinchwad 0181,Residence,"79, Link Road, Chinchwad, Pune",Chinchwad,Pune,Pune,Maharashtra,411033,18.624864,73.797004,Medium
LOC000182,Synthetic Meeting Point - Kothrud 0182,Meeting Point,"302, Temple Road, Kothrud, Pune",Kothrud,Pune,Pune,Maharashtra,411038,18.5135,73.815127,Medium
LOC000183,Synthetic Hotel - Bhosari 0183,Hotel,"899, Market Road, Bhosari, Pune",Bhosari,Pune,Pune,Maharashtra,411039,18.626688,73.853726,Medium
LOC000184,Synthetic Residence - Baner 0184,Residence,"836, Nagar Road, Baner, Pune",Baner,Pune,Pune,Maharashtra,411045,18.553482,73.779272,Medium
LOC000185,Synthetic Residence - Chinchwad 0185,Residence,"834, Link Road, Chinchwad, Pune",Chinchwad,Pune,Pune,Maharashtra,411033,18.630328,73.797198,Low
LOC000186,Synthetic Workplace - Wakad 0186,Workplace,"316, Market Road, Wakad, Pune",Wakad,Pune,Pune,Maharashtra,411057,18.599066,73.76438,Low
LOC000187,Synthetic Hotel - Baner 0187,Hotel,"853, Main Road, Baner, Pune",Baner,Pune,Pune,Maharashtra,411045,18.558138,73.787425,Medium
LOC000188,Synthetic Residence - Shivajinagar 0188,Residence,"851, Nagar Road, Shivajinagar, Pune",Shivajinagar,Pune,Pune,Maharashtra,411005,18.524932,73.846429,Medium
LOC000189,Synthetic ATM - Dhankawadi 0189,ATM,"556, Canal Road, Dhankawadi, Pune",Dhankawadi,Pune,Pune,Maharashtra,411043,18.472694,73.856771,Medium
LOC000190,Synthetic Hotel - Dhankawadi 0190,Hotel,"134, Industrial Road, Dhankawadi, Pune",Dhankawadi,Pune,Pune,Maharashtra,411043,18.470182,73.847996,Medium
LOC000191,Synthetic Residence - Wakad 0191,Residence,"520, Nagar Road, Wakad, Pune",Wakad,Pune,Pune,Maharashtra,411057,18.604572,73.766437,Medium
LOC000192,Synthetic Meeting Point - Hadapsar 0192,Meeting Point,"734, Station Road, Hadapsar, Pune",Hadapsar,Pune,Pune,Maharashtra,411028,18.502955,73.92514,Low
LOC000193,Synthetic Residence - Baner 0193,Residence,"909, Park Road, Baner, Pune",Baner,Pune,Pune,Maharashtra,411045,18.554887,73.792015,Medium
LOC000194,Synthetic Workplace - Baner 0194,Workplace,"674, Link Road, Baner, Pune",Baner,Pune,Pune,Maharashtra,411045,18.566604,73.780016,Medium
LOC000195,Synthetic Warehouse - Shivajinagar 0195,Warehouse,"981, Link Road, Shivajinagar, Pune",Shivajinagar,Pune,Pune,Maharashtra,411005,18.537411,73.85223,Medium
LOC000196,Synthetic Meeting Point - Swargate 0196,Meeting Point,"743, Market Road, Swargate, Pune",Swargate,Pune,Pune,Maharashtra,411037,18.497265,73.856048,Medium
LOC000197,Synthetic Transport Hub - Baner 0197,Transport Hub,"219, Nagar Road, Baner, Pune",Baner,Pune,Pune,Maharashtra,411045,18.554051,73.782629,Low
LOC000198,Synthetic Residence - Baner 0198,Residence,"319, Main Road, Baner, Pune",Baner,Pune,Pune,Maharashtra,411045,18.563107,73.780874,Low
LOC000199,Synthetic Restaurant - Bhosari 0199,Restaurant,"541, Canal Road, Bhosari, Pune",Bhosari,Pune,Pune,Maharashtra,411039,18.627626,73.844573,Low
LOC000200,Synthetic Bank - Shivajinagar 0200,Bank,"430, Park Road, Shivajinagar, Pune",Shivajinagar,Pune,Pune,Maharashtra,411005,18.526055,73.841962,Medium
LOC000201,Synthetic Bank - Kondhwa 0201,Bank,"656, Station Road, Kondhwa, Pune",Kondhwa,Pune,Pune,Maharashtra,411048,18.473428,73.887915,Low
LOC000202,Synthetic Transport Hub - Wakad 0202,Transport Hub,"96, Nagar Road, Wakad, Pune",Wakad,Pune,Pune,Maharashtra,411057,18.597144,73.757117,Medium
LOC000203,Synthetic Workplace - Aundh 0203,Workplace,"244, Link Road, Aundh, Pune",Aundh,Pune,Pune,Maharashtra,411007,18.553754,73.807212,Low
LOC000204,Synthetic Workplace - Wakad 0204,Workplace,"497, Station Road, Wakad, Pune",Wakad,Pune,Pune,Maharashtra,411057,18.603025,73.762426,Medium
LOC000205,Synthetic Meeting Point - Yerawada 0205,Meeting Point,"674, Station Road, Yerawada, Pune",Yerawada,Pune,Pune,Maharashtra,411006,18.545147,73.884271,Medium
LOC000206,Synthetic Crime Scene - Chinchwad 0206,Crime Scene,"214, Park Road, Chinchwad, Pune",Chinchwad,Pune,Pune,Maharashtra,411033,18.635166,73.797911,Medium
LOC000207,Synthetic Residence - Kondhwa 0207,Residence,"326, Link Road, Kondhwa, Pune",Kondhwa,Pune,Pune,Maharashtra,411048,18.463961,73.894084,Low
LOC000208,Synthetic Residence - Wakad 0208,Residence,"618, Main Road, Wakad, Pune",Wakad,Pune,Pune,Maharashtra,411057,18.598889,73.759797,Medium
LOC000209,Synthetic Bank - Hadapsar 0209,Bank,"547, Temple Road, Hadapsar, Pune",Hadapsar,Pune,Pune,Maharashtra,411028,18.503863,73.930237,Low
LOC000210,Synthetic Workplace - Pimpri 0210,Workplace,"446, Main Road, Pimpri, Pune",Pimpri,Pune,Pune,Maharashtra,411018,18.636402,73.80757,Low
LOC000211,Synthetic ATM - Shivajinagar 0211,ATM,"540, Station Road, Shivajinagar, Pune",Shivajinagar,Pune,Pune,Maharashtra,411005,18.536975,73.854487,High
LOC000212,Synthetic Transport Hub - Wakad 0212,Transport Hub,"491, Main Road, Wakad, Pune",Wakad,Pune,Pune,Maharashtra,411057,18.606414,73.757049,Low
LOC000213,Synthetic Residence - Swargate 0213,Residence,"833, Park Road, Swargate, Pune",Swargate,Pune,Pune,Maharashtra,411037,18.509572,73.869195,Low
LOC000214,Synthetic Hotel - Pimpri 0214,Hotel,"139, Nagar Road, Pimpri, Pune",Pimpri,Pune,Pune,Maharashtra,411018,18.632203,73.805522,Low
LOC000215,Synthetic ATM - Hadapsar 0215,ATM,"399, Market Road, Hadapsar, Pune",Hadapsar,Pune,Pune,Maharashtra,411028,18.51611,73.933433,Low
LOC000216,Synthetic Crime Scene - Aundh 0216,Crime Scene,"770, Nagar Road, Aundh, Pune",Aundh,Pune,Pune,Maharashtra,411007,18.558252,73.805288,Medium
LOC000217,Synthetic Workplace - Shivajinagar 0217,Workplace,"822, Park Road, Shivajinagar, Pune",Shivajinagar,Pune,Pune,Maharashtra,411005,18.528633,73.851172,Medium
LOC000218,Synthetic Workplace - Pimpri 0218,Workplace,"688, Main Road, Pimpri, Pune",Pimpri,Pune,Pune,Maharashtra,411018,18.623304,73.806933,Medium
LOC000219,Synthetic Meeting Point - Swargate 0219,Meeting Point,"516, Nagar Road, Swargate, Pune",Swargate,Pune,Pune,Maharashtra,411037,18.501964,73.861303,Low
LOC000220,Synthetic Meeting Point - Yerawada 0220,Meeting Point,"183, Temple Road, Yerawada, Pune",Yerawada,Pune,Pune,Maharashtra,411006,18.554713,73.878411,Low
LOC000221,Synthetic Restaurant - Viman Nagar 0221,Restaurant,"374, Market Road, Viman Nagar, Pune",Viman Nagar,Pune,Pune,Maharashtra,411014,18.56547,73.906759,Medium
LOC000222,Synthetic Police Station - Bhosari,Police Station,"85, Temple Road, Bhosari, Pune",Bhosari,Pune,Pune,Maharashtra,411039,18.635177,73.852324,Low
LOC000223,Synthetic Meeting Point - Kothrud 0223,Meeting Point,"801, Industrial Road, Kothrud, Pune",Kothrud,Pune,Pune,Maharashtra,411038,18.509056,73.810254,Low
LOC000224,Synthetic Bank - Vishrantwadi 0224,Bank,"840, Canal Road, Vishrantwadi, Pune",Vishrantwadi,Pune,Pune,Maharashtra,411015,18.568589,73.877002,Low
LOC000225,Synthetic Residence - Katraj 0225,Residence,"154, College Road, Katraj, Pune",Katraj,Pune,Pune,Maharashtra,411046,18.455774,73.871875,Medium
LOC000226,Synthetic Warehouse - Aundh 0226,Warehouse,"555, Park Road, Aundh, Pune",Aundh,Pune,Pune,Maharashtra,411007,18.559735,73.810756,High
LOC000227,Synthetic Hotel - Shivajinagar 0227,Hotel,"620, Temple Road, Shivajinagar, Pune",Shivajinagar,Pune,Pune,Maharashtra,411005,18.534457,73.844894,High
LOC000228,Synthetic Hotel - Baner 0228,Hotel,"265, Main Road, Baner, Pune",Baner,Pune,Pune,Maharashtra,411045,18.563385,73.783442,Low
LOC000229,Synthetic Transport Hub - Kothrud 0229,Transport Hub,"190, Temple Road, Kothrud, Pune",Kothrud,Pune,Pune,Maharashtra,411038,18.513202,73.802548,Low
LOC000230,Synthetic Residence - Kothrud 0230,Residence,"812, College Road, Kothrud, Pune",Kothrud,Pune,Pune,Maharashtra,411038,18.505855,73.814691,Medium
LOC000231,Synthetic Warehouse - Bhosari 0231,Warehouse,"325, Temple Road, Bhosari, Pune",Bhosari,Pune,Pune,Maharashtra,411039,18.629987,73.846952,Medium
LOC000232,Synthetic Residence - Hadapsar 0232,Residence,"627, College Road, Hadapsar, Pune",Hadapsar,Pune,Pune,Maharashtra,411028,18.504411,73.92634,Medium
LOC000233,Synthetic Workplace - Aundh 0233,Workplace,"132, Industrial Road, Aundh, Pune",Aundh,Pune,Pune,Maharashtra,411007,18.564559,73.803073,Medium
LOC000234,Synthetic Police Station - Baner,Police Station,"722, Station Road, Baner, Pune",Baner,Pune,Pune,Maharashtra,411045,18.55582,73.789012,Medium
LOC000235,Synthetic Workplace - Bhosari 0235,Workplace,"303, Canal Road, Bhosari, Pune",Bhosari,Pune,Pune,Maharashtra,411039,18.62399,73.849768,Low
LOC000236,Synthetic Restaurant - Viman Nagar 0236,Restaurant,"71, Park Road, Viman Nagar, Pune",Viman Nagar,Pune,Pune,Maharashtra,411014,18.574516,73.908826,High
LOC000237,Synthetic Workplace - Baner 0237,Workplace,"781, Nagar Road, Baner, Pune",Baner,Pune,Pune,Maharashtra,411045,18.560407,73.784927,Medium
LOC000238,Synthetic Residence - Swargate 0238,Residence,"733, College Road, Swargate, Pune",Swargate,Pune,Pune,Maharashtra,411037,18.506948,73.865445,Medium
LOC000239,Synthetic Crime Scene - Bhosari 0239,Crime Scene,"925, Canal Road, Bhosari, Pune",Bhosari,Pune,Pune,Maharashtra,411039,18.622617,73.850415,High
LOC000240,Synthetic ATM - Pimpri 0240,ATM,"452, Park Road, Pimpri, Pune",Pimpri,Pune,Pune,Maharashtra,411018,18.626833,73.804485,Medium
LOC000241,Synthetic Crime Scene - Swargate 0241,Crime Scene,"359, Temple Road, Swargate, Pune",Swargate,Pune,Pune,Maharashtra,411037,18.504808,73.857586,High
LOC000242,Synthetic Transport Hub - Viman Nagar 0242,Transport Hub,"743, Canal Road, Viman Nagar, Pune",Viman Nagar,Pune,Pune,Maharashtra,411014,18.575774,73.906959,Low
LOC000243,Synthetic Workplace - Kondhwa 0243,Workplace,"673, Canal Road, Kondhwa, Pune",Kondhwa,Pune,Pune,Maharashtra,411048,18.471689,73.890471,Low
LOC000244,Synthetic Crime Scene - Hadapsar 0244,Crime Scene,"156, Market Road, Hadapsar, Pune",Hadapsar,Pune,Pune,Maharashtra,411028,18.510787,73.933697,Low
LOC000245,Synthetic Residence - Bhosari 0245,Residence,"175, Canal Road, Bhosari, Pune",Bhosari,Pune,Pune,Maharashtra,411039,18.63441,73.842037,Low
LOC000246,Synthetic Residence - Dhankawadi 0246,Residence,"137, Station Road, Dhankawadi, Pune",Dhankawadi,Pune,Pune,Maharashtra,411043,18.465047,73.843773,Low
LOC000247,Synthetic Warehouse - Vishrantwadi 0247,Warehouse,"148, Park Road, Vishrantwadi, Pune",Vishrantwadi,Pune,Pune,Maharashtra,411015,18.57419,73.872202,Low
LOC000248,Synthetic Residence - Chinchwad 0248,Residence,"518, Market Road, Chinchwad, Pune",Chinchwad,Pune,Pune,Maharashtra,411033,18.63496,73.806994,Low
LOC000249,Synthetic Transport Hub - Shivajinagar 0249,Transport Hub,"344, Nagar Road, Shivajinagar, Pune",Shivajinagar,Pune,Pune,Maharashtra,411005,18.527521,73.846223,Medium
LOC000250,Synthetic Bank - Kothrud 0250,Bank,"743, College Road, Kothrud, Pune",Kothrud,Pune,Pune,Maharashtra,411038,18.509682,73.802031,Low
LOC000251,Synthetic ATM - Hadapsar 0251,ATM,"226, Nagar Road, Hadapsar, Pune",Hadapsar,Pune,Pune,Maharashtra,411028,18.501686,73.928601,Medium
LOC000252,Synthetic Residence - Bhosari 0252,Residence,"659, Market Road, Bhosari, Pune",Bhosari,Pune,Pune,Maharashtra,411039,18.625869,73.84393,Low
LOC000253,Synthetic Crime Scene - Katraj 0253,Crime Scene,"675, College Road, Katraj, Pune",Katraj,Pune,Pune,Maharashtra,411046,18.453337,73.860608,Medium
LOC000254,Synthetic Police Station - Aundh,Police Station,"420, Main Road, Aundh, Pune",Aundh,Pune,Pune,Maharashtra,411007,18.563689,73.811727,Low
LOC000255,Synthetic ATM - Viman Nagar 0255,ATM,"837, Market Road, Viman Nagar, Pune",Viman Nagar,Pune,Pune,Maharashtra,411014,18.570726,73.916703,Medium
LOC000256,Synthetic Restaurant - Wakad 0256,Restaurant,"848, Station Road, Wakad, Pune",Wakad,Pune,Pune,Maharashtra,411057,18.595015,73.759984,High
LOC000257,Synthetic Residence - Kothrud 0257,Residence,"923, Temple Road, Kothrud, Pune",Kothrud,Pune,Pune,Maharashtra,411038,18.508429,73.802952,Medium
LOC000258,Synthetic Meeting Point - Pimpri 0258,Meeting Point,"372, Industrial Road, Pimpri, Pune",Pimpri,Pune,Pune,Maharashtra,411018,18.624115,73.801753,Low
LOC000259,Synthetic Restaurant - Hadapsar 0259,Restaurant,"356, Station Road, Hadapsar, Pune",Hadapsar,Pune,Pune,Maharashtra,411028,18.504953,73.919697,Medium
LOC000260,Synthetic Transport Hub - Wakad 0260,Transport Hub,"162, College Road, Wakad, Pune",Wakad,Pune,Pune,Maharashtra,411057,18.598634,73.756528,High
LOC000261,Synthetic Meeting Point - Kondhwa 0261,Meeting Point,"88, College Road, Kondhwa, Pune",Kondhwa,Pune,Pune,Maharashtra,411048,18.474731,73.893921,High
LOC000262,Synthetic Bank - Viman Nagar 0262,Bank,"213, Station Road, Viman Nagar, Pune",Viman Nagar,Pune,Pune,Maharashtra,411014,18.574516,73.920131,Low
LOC000263,Synthetic Transport Hub - Pimpri 0263,Transport Hub,"791, Industrial Road, Pimpri, Pune",Pimpri,Pune,Pune,Maharashtra,411018,18.626314,73.794204,High
LOC000264,Synthetic Hotel - Kothrud 0264,Hotel,"749, Industrial Road, Kothrud, Pune",Kothrud,Pune,Pune,Maharashtra,411038,18.509856,73.811129,Medium
LOC000265,Synthetic Meeting Point - Baner 0265,Meeting Point,"686, Main Road, Baner, Pune",Baner,Pune,Pune,Maharashtra,411045,18.557515,73.780258,Low
LOC000266,Synthetic Restaurant - Bhosari 0266,Restaurant,"788, Station Road, Bhosari, Pune",Bhosari,Pune,Pune,Maharashtra,411039,18.625288,73.845506,Medium
LOC000267,Synthetic Workplace - Vishrantwadi 0267,Workplace,"70, Link Road, Vishrantwadi, Pune",Vishrantwadi,Pune,Pune,Maharashtra,411015,18.562952,73.884596,Low
LOC000268,Synthetic Restaurant - Swargate 0268,Restaurant,"689, Industrial Road, Swargate, Pune",Swargate,Pune,Pune,Maharashtra,411037,18.502338,73.867118,High
LOC000269,Synthetic Residence - Katraj 0269,Residence,"938, Industrial Road, Katraj, Pune",Katraj,Pune,Pune,Maharashtra,411046,18.454978,73.864393,Low
LOC000270,Synthetic Meeting Point - Viman Nagar 0270,Meeting Point,"716, Market Road, Viman Nagar, Pune",Viman Nagar,Pune,Pune,Maharashtra,411014,18.569701,73.919673,Medium
LOC000271,Synthetic Workplace - Baner 0271,Workplace,"245, Link Road, Baner, Pune",Baner,Pune,Pune,Maharashtra,411045,18.555942,73.781659,High
LOC000272,Synthetic Workplace - Bhosari 0272,Workplace,"489, Nagar Road, Bhosari, Pune",Bhosari,Pune,Pune,Maharashtra,411039,18.634175,73.840324,High
LOC000273,Synthetic Workplace - Pimpri 0273,Workplace,"458, Market Road, Pimpri, Pune",Pimpri,Pune,Pune,Maharashtra,411018,18.62289,73.802378,Low
LOC000274,Synthetic Restaurant - Hadapsar 0274,Restaurant,"892, Canal Road, Hadapsar, Pune",Hadapsar,Pune,Pune,Maharashtra,411028,18.51343,73.932309,Medium
LOC000275,Synthetic Workplace - Vishrantwadi 0275,Workplace,"886, Temple Road, Vishrantwadi, Pune",Vishrantwadi,Pune,Pune,Maharashtra,411015,18.571807,73.879747,Medium
LOC000276,Synthetic Residence - Kothrud 0276,Residence,"323, Canal Road, Kothrud, Pune",Kothrud,Pune,Pune,Maharashtra,411038,18.50546,73.808541,Medium
LOC000277,Synthetic Bank - Shivajinagar 0277,Bank,"656, Temple Road, Shivajinagar, Pune",Shivajinagar,Pune,Pune,Maharashtra,411005,18.533858,73.839933,Medium
LOC000278,Synthetic Bank - Kothrud 0278,Bank,"389, Station Road, Kothrud, Pune",Kothrud,Pune,Pune,Maharashtra,411038,18.507861,73.81416,Medium
LOC000279,Synthetic Crime Scene - Aundh 0279,Crime Scene,"618, Park Road, Aundh, Pune",Aundh,Pune,Pune,Maharashtra,411007,18.55623,73.810435,Medium
LOC000280,Synthetic Transport Hub - Chinchwad 0280,Transport Hub,"965, Park Road, Chinchwad, Pune",Chinchwad,Pune,Pune,Maharashtra,411033,18.631036,73.807313,Low
LOC000281,Synthetic Crime Scene - Kothrud 0281,Crime Scene,"294, Canal Road, Kothrud, Pune",Kothrud,Pune,Pune,Maharashtra,411038,18.511124,73.815572,Low
LOC000282,Synthetic Residence - Viman Nagar 0282,Residence,"335, Temple Road, Viman Nagar, Pune",Viman Nagar,Pune,Pune,Maharashtra,411014,18.569363,73.9105,Low
LOC000283,Synthetic Residence - Viman Nagar 0283,Residence,"937, Nagar Road, Viman Nagar, Pune",Viman Nagar,Pune,Pune,Maharashtra,411014,18.561386,73.907396,Medium
LOC000284,Synthetic Bank - Vishrantwadi 0284,Bank,"157, Temple Road, Vishrantwadi, Pune",Vishrantwadi,Pune,Pune,Maharashtra,411015,18.56827,73.881351,Medium
LOC000285,Synthetic Police Station - Kothrud,Police Station,"461, College Road, Kothrud, Pune",Kothrud,Pune,Pune,Maharashtra,411038,18.504024,73.803052,Medium
LOC000286,Synthetic Residence - Wakad 0286,Residence,"228, Station Road, Wakad, Pune",Wakad,Pune,Pune,Maharashtra,411057,18.605374,73.76655,Low
LOC000287,Synthetic Restaurant - Pimpri 0287,Restaurant,"307, Nagar Road, Pimpri, Pune",Pimpri,Pune,Pune,Maharashtra,411018,18.627998,73.804477,Low
LOC000288,Synthetic Residence - Hadapsar 0288,Residence,"831, Canal Road, Hadapsar, Pune",Hadapsar,Pune,Pune,Maharashtra,411028,18.505079,73.933175,Low
LOC000289,Synthetic ATM - Aundh 0289,ATM,"613, Station Road, Aundh, Pune",Aundh,Pune,Pune,Maharashtra,411007,18.563014,73.799389,Medium
LOC000290,Synthetic Transport Hub - Swargate 0290,Transport Hub,"348, College Road, Swargate, Pune",Swargate,Pune,Pune,Maharashtra,411037,18.496554,73.860102,Low
LOC000291,Synthetic Restaurant - Dhankawadi 0291,Restaurant,"476, Park Road, Dhankawadi, Pune",Dhankawadi,Pune,Pune,Maharashtra,411043,18.462062,73.850671,Low
LOC000292,Synthetic Residence - Bhosari 0292,Residence,"105, Canal Road, Bhosari, Pune",Bhosari,Pune,Pune,Maharashtra,411039,18.627818,73.846113,Medium
LOC000293,Synthetic Bank - Shivajinagar 0293,Bank,"659, Temple Road, Shivajinagar, Pune",Shivajinagar,Pune,Pune,Maharashtra,411005,18.529475,73.842321,Medium
LOC000294,Synthetic Bank - Bhosari 0294,Bank,"350, Park Road, Bhosari, Pune",Bhosari,Pune,Pune,Maharashtra,411039,18.629622,73.852831,Low
LOC000295,Synthetic Transport Hub - Vishrantwadi 0295,Transport Hub,"86, College Road, Vishrantwadi, Pune",Vishrantwadi,Pune,Pune,Maharashtra,411015,18.568022,73.876101,Medium
LOC000296,Synthetic Residence - Yerawada 0296,Residence,"454, Industrial Road, Yerawada, Pune",Yerawada,Pune,Pune,Maharashtra,411006,18.555813,73.875361,Medium
LOC000297,Synthetic Transport Hub - Chinchwad 0297,Transport Hub,"578, Main Road, Chinchwad, Pune",Chinchwad,Pune,Pune,Maharashtra,411033,18.637607,73.796903,Low
LOC000298,Synthetic Workplace - Aundh 0298,Workplace,"461, Temple Road, Aundh, Pune",Aundh,Pune,Pune,Maharashtra,411007,18.561616,73.812324,Low
LOC000299,Synthetic Police Station - Swargate,Police Station,"499, Nagar Road, Swargate, Pune",Swargate,Pune,Pune,Maharashtra,411037,18.503038,73.862625,Low
LOC000300,Synthetic Bank - Kothrud 0300,Bank,"60, Park Road, Kothrud, Pune",Kothrud,Pune,Pune,Maharashtra,411038,18.499602,73.805282,Medium
LOC000301,Synthetic Crime Scene - Viman Nagar 0301,Crime Scene,"515, Industrial Road, Viman Nagar, Pune",Viman Nagar,Pune,Pune,Maharashtra,411014,18.565588,73.914309,High
LOC000302,Synthetic Restaurant - Bhosari 0302,Restaurant,"59, Nagar Road, Bhosari, Pune",Bhosari,Pune,Pune,Maharashtra,411039,18.63067,73.849067,High
LOC000303,Synthetic Bank - Bhosari 0303,Bank,"584, Nagar Road, Bhosari, Pune",Bhosari,Pune,Pune,Maharashtra,411039,18.629747,73.850864,Low
LOC000304,Synthetic Crime Scene - Shivajinagar 0304,Crime Scene,"456, Canal Road, Shivajinagar, Pune",Shivajinagar,Pune,Pune,Maharashtra,411005,18.534152,73.85328,Medium
LOC000305,Synthetic Crime Scene - Baner 0305,Crime Scene,"656, College Road, Baner, Pune",Baner,Pune,Pune,Maharashtra,411045,18.56069,73.785376,Medium
LOC000306,Synthetic Residence - Hadapsar 0306,Residence,"706, Market Road, Hadapsar, Pune",Hadapsar,Pune,Pune,Maharashtra,411028,18.515703,73.921711,Low
LOC000307,Synthetic Workplace - Yerawada 0307,Workplace,"120, Nagar Road, Yerawada, Pune",Yerawada,Pune,Pune,Maharashtra,411006,18.547455,73.879971,Medium
LOC000308,Synthetic Workplace - Kothrud 0308,Workplace,"159, Link Road, Kothrud, Pune",Kothrud,Pune,Pune,Maharashtra,411038,18.507923,73.810338,Medium
LOC000309,Synthetic Transport Hub - Katraj 0309,Transport Hub,"184, Temple Road, Katraj, Pune",Katraj,Pune,Pune,Maharashtra,411046,18.451506,73.863773,Medium
LOC000310,Synthetic Residence - Shivajinagar 0310,Residence,"810, Industrial Road, Shivajinagar, Pune",Shivajinagar,Pune,Pune,Maharashtra,411005,18.524228,73.840658,Low
LOC000311,Synthetic Transport Hub - Bhosari 0311,Transport Hub,"951, Market Road, Bhosari, Pune",Bhosari,Pune,Pune,Maharashtra,411039,18.622263,73.847967,Low
LOC000312,Synthetic Transport Hub - Viman Nagar 0312,Transport Hub,"254, Park Road, Viman Nagar, Pune",Viman Nagar,Pune,Pune,Maharashtra,411014,18.563595,73.920152,Medium
LOC000313,Synthetic Warehouse - Dhankawadi 0313,Warehouse,"657, College Road, Dhankawadi, Pune",Dhankawadi,Pune,Pune,Maharashtra,411043,18.474044,73.85278,Medium
LOC000314,Synthetic Transport Hub - Chinchwad 0314,Transport Hub,"726, Link Road, Chinchwad, Pune",Chinchwad,Pune,Pune,Maharashtra,411033,18.632823,73.800427,Medium
LOC000315,Synthetic Workplace - Viman Nagar 0315,Workplace,"889, College Road, Viman Nagar, Pune",Viman Nagar,Pune,Pune,Maharashtra,411014,18.560353,73.919015,Medium
LOC000316,Synthetic Workplace - Kondhwa 0316,Workplace,"478, Park Road, Kondhwa, Pune",Kondhwa,Pune,Pune,Maharashtra,411048,18.464927,73.897699,Low
LOC000317,Synthetic Warehouse - Yerawada 0317,Warehouse,"705, Main Road, Yerawada, Pune",Yerawada,Pune,Pune,Maharashtra,411006,18.545236,73.880104,Low
LOC000318,Synthetic Transport Hub - Dhankawadi 0318,Transport Hub,"338, Main Road, Dhankawadi, Pune",Dhankawadi,Pune,Pune,Maharashtra,411043,18.46251,73.841028,Medium
LOC000319,Synthetic Police Station - Yerawada,Police Station,"162, Market Road, Yerawada, Pune",Yerawada,Pune,Pune,Maharashtra,411006,18.54184,73.87968,Medium
LOC000320,Synthetic Residence - Vishrantwadi 0320,Residence,"764, Nagar Road, Vishrantwadi, Pune",Vishrantwadi,Pune,Pune,Maharashtra,411015,18.567723,73.882041,Medium
LOC000321,Synthetic Crime Scene - Kothrud 0321,Crime Scene,"66, Link Road, Kothrud, Pune",Kothrud,Pune,Pune,Maharashtra,411038,18.50338,73.812679,Low
LOC000322,Synthetic Workplace - Bhosari 0322,Workplace,"246, Station Road, Bhosari, Pune",Bhosari,Pune,Pune,Maharashtra,411039,18.623877,73.839965,Medium
LOC000323,Synthetic Residence - Shivajinagar 0323,Residence,"841, College Road, Shivajinagar, Pune",Shivajinagar,Pune,Pune,Maharashtra,411005,18.531642,73.849001,Medium
LOC000324,Synthetic Other - Bhosari 0324,Other,"881, Station Road, Bhosari, Pune",Bhosari,Pune,Pune,Maharashtra,411039,18.63732,73.839986,Low
LOC000325,Synthetic Police Station - Chinchwad,Police Station,"912, College Road, Chinchwad, Pune",Chinchwad,Pune,Pune,Maharashtra,411033,18.628019,73.79378,High
LOC000326,Synthetic Workplace - Aundh 0326,Workplace,"923, Park Road, Aundh, Pune",Aundh,Pune,Pune,Maharashtra,411007,18.562523,73.813429,Medium
LOC000327,Synthetic Transport Hub - Yerawada 0327,Transport Hub,"363, Temple Road, Yerawada, Pune",Yerawada,Pune,Pune,Maharashtra,411006,18.543611,73.872571,Low
LOC000328,Synthetic Workplace - Dhankawadi 0328,Workplace,"753, Market Road, Dhankawadi, Pune",Dhankawadi,Pune,Pune,Maharashtra,411043,18.460053,73.842078,Low
LOC000329,Synthetic Warehouse - Pimpri 0329,Warehouse,"888, Park Road, Pimpri, Pune",Pimpri,Pune,Pune,Maharashtra,411018,18.623321,73.798193,High
LOC000330,Synthetic Residence - Wakad 0330,Residence,"420, Temple Road, Wakad, Pune",Wakad,Pune,Pune,Maharashtra,411057,18.603422,73.767678,Low
LOC000331,Synthetic Residence - Chinchwad 0331,Residence,"685, Market Road, Chinchwad, Pune",Chinchwad,Pune,Pune,Maharashtra,411033,18.636957,73.799294,Medium
LOC000332,Synthetic Workplace - Yerawada 0332,Workplace,"394, Market Road, Yerawada, Pune",Yerawada,Pune,Pune,Maharashtra,411006,18.55483,73.872451,Medium
LOC000333,Synthetic Restaurant - Viman Nagar 0333,Restaurant,"134, Park Road, Viman Nagar, Pune",Viman Nagar,Pune,Pune,Maharashtra,411014,18.560279,73.917258,Medium
LOC000334,Synthetic Workplace - Yerawada 0334,Workplace,"29, Park Road, Yerawada, Pune",Yerawada,Pune,Pune,Maharashtra,411006,18.542552,73.874835,Medium
LOC000335,Synthetic Residence - Kondhwa 0335,Residence,"934, Main Road, Kondhwa, Pune",Kondhwa,Pune,Pune,Maharashtra,411048,18.471,73.884361,Medium
LOC000336,Synthetic Workplace - Vishrantwadi 0336,Workplace,"647, Station Road, Vishrantwadi, Pune",Vishrantwadi,Pune,Pune,Maharashtra,411015,18.562169,73.875868,Medium
LOC000337,Synthetic Crime Scene - Bhosari 0337,Crime Scene,"918, Nagar Road, Bhosari, Pune",Bhosari,Pune,Pune,Maharashtra,411039,18.62237,73.840507,Low
LOC000338,Synthetic Transport Hub - Aundh 0338,Transport Hub,"993, Industrial Road, Aundh, Pune",Aundh,Pune,Pune,Maharashtra,411007,18.563341,73.810277,Low
LOC000339,Synthetic Residence - Vishrantwadi 0339,Residence,"628, Park Road, Vishrantwadi, Pune",Vishrantwadi,Pune,Pune,Maharashtra,411015,18.559854,73.878818,Medium
LOC000340,Synthetic Residence - Katraj 0340,Residence,"772, Link Road, Katraj, Pune",Katraj,Pune,Pune,Maharashtra,411046,18.459184,73.86326,Low
LOC000341,Synthetic Other - Aundh 0341,Other,"338, Park Road, Aundh, Pune",Aundh,Pune,Pune,Maharashtra,411007,18.566424,73.807478,Low
LOC000342,Synthetic Residence - Hadapsar 0342,Residence,"878, College Road, Hadapsar, Pune",Hadapsar,Pune,Pune,Maharashtra,411028,18.507427,73.928225,Low
LOC000343,Synthetic Residence - Vishrantwadi 0343,Residence,"439, Link Road, Vishrantwadi, Pune",Vishrantwadi,Pune,Pune,Maharashtra,411015,18.566349,73.885496,High
LOC000344,Synthetic Crime Scene - Viman Nagar 0344,Crime Scene,"108, Temple Road, Viman Nagar, Pune",Viman Nagar,Pune,Pune,Maharashtra,411014,18.57332,73.910394,Medium
LOC000345,Synthetic Bank - Baner 0345,Bank,"528, Market Road, Baner, Pune",Baner,Pune,Pune,Maharashtra,411045,18.552511,73.786154,Low
LOC000346,Synthetic Bank - Katraj 0346,Bank,"787, Link Road, Katraj, Pune",Katraj,Pune,Pune,Maharashtra,411046,18.459482,73.859531,High
LOC000347,Synthetic Workplace - Baner 0347,Workplace,"517, Main Road, Baner, Pune",Baner,Pune,Pune,Maharashtra,411045,18.557674,73.781074,Medium
LOC000348,Synthetic Hotel - Hadapsar 0348,Hotel,"843, Temple Road, Hadapsar, Pune",Hadapsar,Pune,Pune,Maharashtra,411028,18.503699,73.919712,Medium
LOC000349,Synthetic Residence - Viman Nagar 0349,Residence,"583, Main Road, Viman Nagar, Pune",Viman Nagar,Pune,Pune,Maharashtra,411014,18.572644,73.917554,High
LOC000350,Synthetic Workplace - Kondhwa 0350,Workplace,"207, Canal Road, Kondhwa, Pune",Kondhwa,Pune,Pune,Maharashtra,411048,18.465321,73.889756,Medium
LOC000351,Synthetic Transport Hub - Dhankawadi 0351,Transport Hub,"556, Industrial Road, Dhankawadi, Pune",Dhankawadi,Pune,Pune,Maharashtra,411043,18.472287,73.849281,High
LOC000352,Synthetic Restaurant - Dhankawadi 0352,Restaurant,"71, Market Road, Dhankawadi, Pune",Dhankawadi,Pune,Pune,Maharashtra,411043,18.459096,73.844316,High
LOC000353,Synthetic Workplace - Swargate 0353,Workplace,"216, Temple Road, Swargate, Pune",Swargate,Pune,Pune,Maharashtra,411037,18.497222,73.857988,Medium
LOC000354,Synthetic Workplace - Chinchwad 0354,Workplace,"683, Park Road, Chinchwad, Pune",Chinchwad,Pune,Pune,Maharashtra,411033,18.636862,73.797811,Medium
LOC000355,Synthetic Workplace - Kothrud 0355,Workplace,"708, Industrial Road, Kothrud, Pune",Kothrud,Pune,Pune,Maharashtra,411038,18.512392,73.810396,Low
LOC000356,Synthetic Workplace - Vishrantwadi 0356,Workplace,"143, Link Road, Vishrantwadi, Pune",Vishrantwadi,Pune,Pune,Maharashtra,411015,18.562043,73.874013,Low
LOC000357,Synthetic Warehouse - Yerawada 0357,Warehouse,"976, Station Road, Yerawada, Pune",Yerawada,Pune,Pune,Maharashtra,411006,18.541341,73.882245,Low
LOC000358,Synthetic Bank - Katraj 0358,Bank,"640, College Road, Katraj, Pune",Katraj,Pune,Pune,Maharashtra,411046,18.452251,73.867238,Medium
LOC000359,Synthetic Meeting Point - Swargate 0359,Meeting Point,"281, Industrial Road, Swargate, Pune",Swargate,Pune,Pune,Maharashtra,411037,18.495779,73.87027,Low
LOC000360,Synthetic Residence - Vishrantwadi 0360,Residence,"249, Park Road, Vishrantwadi, Pune",Vishrantwadi,Pune,Pune,Maharashtra,411015,18.565348,73.87844,Medium
LOC000361,Synthetic Residence - Kondhwa 0361,Residence,"327, Temple Road, Kondhwa, Pune",Kondhwa,Pune,Pune,Maharashtra,411048,18.473303,73.885705,Low
LOC000362,Synthetic Hotel - Chinchwad 0362,Hotel,"579, Temple Road, Chinchwad, Pune",Chinchwad,Pune,Pune,Maharashtra,411033,18.630399,73.806858,Medium
LOC000363,Synthetic Restaurant - Baner 0363,Restaurant,"281, Market Road, Baner, Pune",Baner,Pune,Pune,Maharashtra,411045,18.566089,73.782249,Medium
LOC000364,Synthetic Other - Kothrud 0364,Other,"960, Market Road, Kothrud, Pune",Kothrud,Pune,Pune,Maharashtra,411038,18.50293,73.806242,Low
LOC000365,Synthetic Warehouse - Aundh 0365,Warehouse,"849, College Road, Aundh, Pune",Aundh,Pune,Pune,Maharashtra,411007,18.566388,73.808656,Medium
LOC000366,Synthetic ATM - Chinchwad 0366,ATM,"974, Main Road, Chinchwad, Pune",Chinchwad,Pune,Pune,Maharashtra,411033,18.635851,73.801641,Low
LOC000367,Synthetic Residence - Vishrantwadi 0367,Residence,"191, Nagar Road, Vishrantwadi, Pune",Vishrantwadi,Pune,Pune,Maharashtra,411015,18.569225,73.871067,Low
LOC000368,Synthetic Residence - Katraj 0368,Residence,"488, Nagar Road, Katraj, Pune",Katraj,Pune,Pune,Maharashtra,411046,18.446965,73.858363,Low
LOC000369,Synthetic Crime Scene - Swargate 0369,Crime Scene,"928, Canal Road, Swargate, Pune",Swargate,Pune,Pune,Maharashtra,411037,18.505889,73.869138,Low
LOC000370,Synthetic Bank - Swargate 0370,Bank,"76, Station Road, Swargate, Pune",Swargate,Pune,Pune,Maharashtra,411037,18.50242,73.868222,Medium
LOC000371,Synthetic Meeting Point - Dhankawadi 0371,Meeting Point,"122, Main Road, Dhankawadi, Pune",Dhankawadi,Pune,Pune,Maharashtra,411043,18.472681,73.846777,Low
LOC000372,Synthetic Meeting Point - Bhosari 0372,Meeting Point,"488, Station Road, Bhosari, Pune",Bhosari,Pune,Pune,Maharashtra,411039,18.629461,73.85197,Medium
LOC000373,Synthetic Restaurant - Dhankawadi 0373,Restaurant,"69, Market Road, Dhankawadi, Pune",Dhankawadi,Pune,Pune,Maharashtra,411043,18.470532,73.850946,Medium
LOC000374,Synthetic Residence - Wakad 0374,Residence,"268, College Road, Wakad, Pune",Wakad,Pune,Pune,Maharashtra,411057,18.599831,73.76376,Medium
LOC000375,Synthetic Workplace - Vishrantwadi 0375,Workplace,"762, Nagar Road, Vishrantwadi, Pune",Vishrantwadi,Pune,Pune,Maharashtra,411015,18.573591,73.872591,Low
LOC000376,Synthetic Crime Scene - Baner 0376,Crime Scene,"583, Main Road, Baner, Pune",Baner,Pune,Pune,Maharashtra,411045,18.564295,73.78834,Medium
LOC000377,Synthetic Warehouse - Aundh 0377,Warehouse,"259, College Road, Aundh, Pune",Aundh,Pune,Pune,Maharashtra,411007,18.560872,73.806085,Medium
LOC000378,Synthetic Residence - Kothrud 0378,Residence,"899, Canal Road, Kothrud, Pune",Kothrud,Pune,Pune,Maharashtra,411038,18.501587,73.809777,Medium
LOC000379,Synthetic Warehouse - Dhankawadi 0379,Warehouse,"968, Link Road, Dhankawadi, Pune",Dhankawadi,Pune,Pune,Maharashtra,411043,18.471439,73.845409,Medium
LOC000380,Synthetic Police Station - Baner,Police Station,"414, Temple Road, Baner, Pune",Baner,Pune,Pune,Maharashtra,411045,18.55556,73.779305,Low
LOC000381,Synthetic Residence - Kothrud 0381,Residence,"863, Link Road, Kothrud, Pune",Kothrud,Pune,Pune,Maharashtra,411038,18.513038,73.803279,High
LOC000382,Synthetic Warehouse - Swargate 0382,Warehouse,"74, Main Road, Swargate, Pune",Swargate,Pune,Pune,Maharashtra,411037,18.503665,73.870325,Medium
LOC000383,Synthetic Bank - Bhosari 0383,Bank,"516, Nagar Road, Bhosari, Pune",Bhosari,Pune,Pune,Maharashtra,411039,18.633667,73.84585,Low
LOC000384,Synthetic Hotel - Pimpri 0384,Hotel,"382, Temple Road, Pimpri, Pune",Pimpri,Pune,Pune,Maharashtra,411018,18.631449,73.80524,Low
LOC000385,Synthetic Meeting Point - Dhankawadi 0385,Meeting Point,"802, Industrial Road, Dhankawadi, Pune",Dhankawadi,Pune,Pune,Maharashtra,411043,18.465002,73.84381,Medium
LOC000386,Synthetic Residence - Shivajinagar 0386,Residence,"978, Nagar Road, Shivajinagar, Pune",Shivajinagar,Pune,Pune,Maharashtra,411005,18.537096,73.848721,Medium
LOC000387,Synthetic Residence - Kothrud 0387,Residence,"583, Industrial Road, Kothrud, Pune",Kothrud,Pune,Pune,Maharashtra,411038,18.508536,73.800211,Low
LOC000388,Synthetic Residence - Swargate 0388,Residence,"464, Canal Road, Swargate, Pune",Swargate,Pune,Pune,Maharashtra,411037,18.49431,73.86965,Medium
LOC000389,Synthetic Residence - Baner 0389,Residence,"364, Market Road, Baner, Pune",Baner,Pune,Pune,Maharashtra,411045,18.558567,73.779679,Low
LOC000390,Synthetic Workplace - Shivajinagar 0390,Workplace,"199, Temple Road, Shivajinagar, Pune",Shivajinagar,Pune,Pune,Maharashtra,411005,18.535639,73.848289,High
LOC000391,Synthetic Residence - Baner 0391,Residence,"86, Industrial Road, Baner, Pune",Baner,Pune,Pune,Maharashtra,411045,18.552615,73.785672,Low
LOC000392,Synthetic Meeting Point - Shivajinagar 0392,Meeting Point,"809, Market Road, Shivajinagar, Pune",Shivajinagar,Pune,Pune,Maharashtra,411005,18.525633,73.84475,Medium
LOC000393,Synthetic Meeting Point - Pimpri 0393,Meeting Point,"23, Temple Road, Pimpri, Pune",Pimpri,Pune,Pune,Maharashtra,411018,18.63274,73.799214,Medium
LOC000394,Synthetic Hotel - Kothrud 0394,Hotel,"678, Market Road, Kothrud, Pune",Kothrud,Pune,Pune,Maharashtra,411038,18.50529,73.800198,Medium
LOC000395,Synthetic Residence - Kothrud 0395,Residence,"750, Canal Road, Kothrud, Pune",Kothrud,Pune,Pune,Maharashtra,411038,18.513648,73.807327,Low
LOC000396,Synthetic Residence - Bhosari 0396,Residence,"798, Industrial Road, Bhosari, Pune",Bhosari,Pune,Pune,Maharashtra,411039,18.634458,73.848172,Low
LOC000397,Synthetic Residence - Chinchwad 0397,Residence,"543, Industrial Road, Chinchwad, Pune",Chinchwad,Pune,Pune,Maharashtra,411033,18.629908,73.794943,Low
LOC000398,Synthetic Crime Scene - Wakad 0398,Crime Scene,"323, Park Road, Wakad, Pune",Wakad,Pune,Pune,Maharashtra,411057,18.594948,73.769603,Medium
LOC000399,Synthetic Restaurant - Swargate 0399,Restaurant,"225, Link Road, Swargate, Pune",Swargate,Pune,Pune,Maharashtra,411037,18.496205,73.868271,Low
LOC000400,Synthetic Residence - Swargate 0400,Residence,"26, Canal Road, Swargate, Pune",Swargate,Pune,Pune,Maharashtra,411037,18.508197,73.864978,Low
LOC000401,Synthetic Bank - Shivajinagar 0401,Bank,"242, Station Road, Shivajinagar, Pune",Shivajinagar,Pune,Pune,Maharashtra,411005,18.531229,73.843929,Medium
LOC000402,Synthetic Residence - Wakad 0402,Residence,"473, Station Road, Wakad, Pune",Wakad,Pune,Pune,Maharashtra,411057,18.597389,73.770417,Low
LOC000403,Synthetic Meeting Point - Vishrantwadi 0403,Meeting Point,"54, Nagar Road, Vishrantwadi, Pune",Vishrantwadi,Pune,Pune,Maharashtra,411015,18.572119,73.872572,Medium
LOC000404,Synthetic Residence - Pimpri 0404,Residence,"59, Canal Road, Pimpri, Pune",Pimpri,Pune,Pune,Maharashtra,411018,18.635914,73.792319,Medium
LOC000405,Synthetic Residence - Shivajinagar 0405,Residence,"475, Main Road, Shivajinagar, Pune",Shivajinagar,Pune,Pune,Maharashtra,411005,18.525257,73.850851,Low
LOC000406,Synthetic Workplace - Pimpri 0406,Workplace,"685, Nagar Road, Pimpri, Pune",Pimpri,Pune,Pune,Maharashtra,411018,18.628227,73.802796,Medium
LOC000407,Synthetic Residence - Kondhwa 0407,Residence,"590, Nagar Road, Kondhwa, Pune",Kondhwa,Pune,Pune,Maharashtra,411048,18.47379,73.890078,Medium
LOC000408,Synthetic Transport Hub - Swargate 0408,Transport Hub,"16, Market Road, Swargate, Pune",Swargate,Pune,Pune,Maharashtra,411037,18.495414,73.868585,Low
LOC000409,Synthetic Hotel - Hadapsar 0409,Hotel,"515, Nagar Road, Hadapsar, Pune",Hadapsar,Pune,Pune,Maharashtra,411028,18.503103,73.931307,Medium
LOC000410,Synthetic ATM - Yerawada 0410,ATM,"953, Industrial Road, Yerawada, Pune",Yerawada,Pune,Pune,Maharashtra,411006,18.55374,73.881263,Medium
LOC000411,Synthetic Crime Scene - Katraj 0411,Crime Scene,"266, Nagar Road, Katraj, Pune",Katraj,Pune,Pune,Maharashtra,411046,18.460655,73.860238,High
LOC000412,Synthetic Transport Hub - Bhosari 0412,Transport Hub,"808, Market Road, Bhosari, Pune",Bhosari,Pune,Pune,Maharashtra,411039,18.632154,73.846121,Medium
LOC000413,Synthetic Transport Hub - Chinchwad 0413,Transport Hub,"983, Park Road, Chinchwad, Pune",Chinchwad,Pune,Pune,Maharashtra,411033,18.634766,73.800402,Low
LOC000414,Synthetic Workplace - Kondhwa 0414,Workplace,"552, Market Road, Kondhwa, Pune",Kondhwa,Pune,Pune,Maharashtra,411048,18.462326,73.894457,Low
LOC000415,Synthetic Other - Chinchwad 0415,Other,"997, Park Road, Chinchwad, Pune",Chinchwad,Pune,Pune,Maharashtra,411033,18.631518,73.802743,Low
LOC000416,Synthetic Bank - Aundh 0416,Bank,"485, Park Road, Aundh, Pune",Aundh,Pune,Pune,Maharashtra,411007,18.560218,73.811513,Medium
LOC000417,Synthetic Restaurant - Hadapsar 0417,Restaurant,"156, Nagar Road, Hadapsar, Pune",Hadapsar,Pune,Pune,Maharashtra,411028,18.505377,73.93204,High
LOC000418,Synthetic Residence - Kothrud 0418,Residence,"667, Temple Road, Kothrud, Pune",Kothrud,Pune,Pune,Maharashtra,411038,18.507354,73.801811,Low
LOC000419,Synthetic Restaurant - Wakad 0419,Restaurant,"655, Park Road, Wakad, Pune",Wakad,Pune,Pune,Maharashtra,411057,18.605405,73.758047,Medium
LOC000420,Synthetic Restaurant - Kothrud 0420,Restaurant,"924, Station Road, Kothrud, Pune",Kothrud,Pune,Pune,Maharashtra,411038,18.514011,73.804692,Medium
LOC000421,Synthetic Bank - Pimpri 0421,Bank,"402, Market Road, Pimpri, Pune",Pimpri,Pune,Pune,Maharashtra,411018,18.623193,73.806211,Medium
LOC000422,Synthetic Crime Scene - Wakad 0422,Crime Scene,"320, Market Road, Wakad, Pune",Wakad,Pune,Pune,Maharashtra,411057,18.596159,73.761962,Low
LOC000423,Synthetic Police Station - Viman Nagar,Police Station,"94, College Road, Viman Nagar, Pune",Viman Nagar,Pune,Pune,Maharashtra,411014,18.568005,73.919884,High
LOC000424,Synthetic Restaurant - Hadapsar 0424,Restaurant,"377, Station Road, Hadapsar, Pune",Hadapsar,Pune,Pune,Maharashtra,411028,18.507457,73.921917,Medium
LOC000425,Synthetic Workplace - Bhosari 0425,Workplace,"340, Main Road, Bhosari, Pune",Bhosari,Pune,Pune,Maharashtra,411039,18.628926,73.843132,Medium
LOC000426,Synthetic Police Station - Wakad,Police Station,"428, Main Road, Wakad, Pune",Wakad,Pune,Pune,Maharashtra,411057,18.591972,73.770944,Low
LOC000427,Synthetic Meeting Point - Baner 0427,Meeting Point,"399, Market Road, Baner, Pune",Baner,Pune,Pune,Maharashtra,411045,18.553787,73.792832,Low
LOC000428,Synthetic ATM - Baner 0428,ATM,"734, Link Road, Baner, Pune",Baner,Pune,Pune,Maharashtra,411045,18.552214,73.786401,Low
LOC000429,Synthetic Residence - Hadapsar 0429,Residence,"366, Station Road, Hadapsar, Pune",Hadapsar,Pune,Pune,Maharashtra,411028,18.510807,73.931097,Low
LOC000430,Synthetic Crime Scene - Chinchwad 0430,Crime Scene,"962, Park Road, Chinchwad, Pune",Chinchwad,Pune,Pune,Maharashtra,411033,18.622236,73.801536,Low
LOC000431,Synthetic Other - Dhankawadi 0431,Other,"892, Canal Road, Dhankawadi, Pune",Dhankawadi,Pune,Pune,Maharashtra,411043,18.461688,73.852323,High
LOC000432,Synthetic Hotel - Baner 0432,Hotel,"506, Canal Road, Baner, Pune",Baner,Pune,Pune,Maharashtra,411045,18.559034,73.794605,Medium
LOC000433,Synthetic Residence - Kondhwa 0433,Residence,"525, Canal Road, Kondhwa, Pune",Kondhwa,Pune,Pune,Maharashtra,411048,18.462159,73.888366,Low
LOC000434,Synthetic Workplace - Chinchwad 0434,Workplace,"20, Station Road, Chinchwad, Pune",Chinchwad,Pune,Pune,Maharashtra,411033,18.636046,73.801462,Low
LOC000435,Synthetic Residence - Katraj 0435,Residence,"806, Main Road, Katraj, Pune",Katraj,Pune,Pune,Maharashtra,411046,18.457154,73.860895,Low
LOC000436,Synthetic Bank - Hadapsar 0436,Bank,"410, Canal Road, Hadapsar, Pune",Hadapsar,Pune,Pune,Maharashtra,411028,18.516697,73.93379,Low
LOC000437,Synthetic Crime Scene - Aundh 0437,Crime Scene,"681, Market Road, Aundh, Pune",Aundh,Pune,Pune,Maharashtra,411007,18.566932,73.808944,Medium
LOC000438,Synthetic Transport Hub - Yerawada 0438,Transport Hub,"737, Park Road, Yerawada, Pune",Yerawada,Pune,Pune,Maharashtra,411006,18.548713,73.883296,Medium
LOC000439,Synthetic Meeting Point - Chinchwad 0439,Meeting Point,"261, Link Road, Chinchwad, Pune",Chinchwad,Pune,Pune,Maharashtra,411033,18.631905,73.798031,Low
LOC000440,Synthetic Residence - Dhankawadi 0440,Residence,"313, Main Road, Dhankawadi, Pune",Dhankawadi,Pune,Pune,Maharashtra,411043,18.471548,73.853406,Low
LOC000441,Synthetic Crime Scene - Kondhwa 0441,Crime Scene,"671, Nagar Road, Kondhwa, Pune",Kondhwa,Pune,Pune,Maharashtra,411048,18.463051,73.883015,Low
LOC000442,Synthetic Residence - Chinchwad 0442,Residence,"107, Industrial Road, Chinchwad, Pune",Chinchwad,Pune,Pune,Maharashtra,411033,18.636053,73.797511,Low
LOC000443,Synthetic Residence - Pimpri 0443,Residence,"992, Main Road, Pimpri, Pune",Pimpri,Pune,Pune,Maharashtra,411018,18.629585,73.799615,Medium
LOC000444,Synthetic Residence - Aundh 0444,Residence,"423, Park Road, Aundh, Pune",Aundh,Pune,Pune,Maharashtra,411007,18.559193,73.811794,Low
LOC000445,Synthetic Transport Hub - Yerawada 0445,Transport Hub,"984, Market Road, Yerawada, Pune",Yerawada,Pune,Pune,Maharashtra,411006,18.544504,73.877296,Low
LOC000446,Synthetic Warehouse - Kothrud 0446,Warehouse,"870, Industrial Road, Kothrud, Pune",Kothrud,Pune,Pune,Maharashtra,411038,18.50475,73.806372,Low
LOC000447,Synthetic Bank - Baner 0447,Bank,"401, Canal Road, Baner, Pune",Baner,Pune,Pune,Maharashtra,411045,18.560716,73.792998,Low
LOC000448,Synthetic ATM - Bhosari 0448,ATM,"886, Nagar Road, Bhosari, Pune",Bhosari,Pune,Pune,Maharashtra,411039,18.625944,73.854592,Medium
LOC000449,Synthetic Residence - Aundh 0449,Residence,"862, Canal Road, Aundh, Pune",Aundh,Pune,Pune,Maharashtra,411007,18.561202,73.800585,Low
LOC000450,Synthetic Workplace - Shivajinagar 0450,Workplace,"871, Park Road, Shivajinagar, Pune",Shivajinagar,Pune,Pune,Maharashtra,411005,18.537056,73.842898,Low
LOC000451,Synthetic Residence - Hadapsar 0451,Residence,"930, Industrial Road, Hadapsar, Pune",Hadapsar,Pune,Pune,Maharashtra,411028,18.505091,73.920668,Low
LOC000452,Synthetic Transport Hub - Baner 0452,Transport Hub,"289, Station Road, Baner, Pune",Baner,Pune,Pune,Maharashtra,411045,18.563168,73.788372,Medium
LOC000453,Synthetic Crime Scene - Viman Nagar 0453,Crime Scene,"969, Market Road, Viman Nagar, Pune",Viman Nagar,Pune,Pune,Maharashtra,411014,18.572958,73.916022,Medium
LOC000454,Synthetic Residence - Kondhwa 0454,Residence,"178, Market Road, Kondhwa, Pune",Kondhwa,Pune,Pune,Maharashtra,411048,18.476034,73.884269,Low
LOC000455,Synthetic Residence - Yerawada 0455,Residence,"275, Nagar Road, Yerawada, Pune",Yerawada,Pune,Pune,Maharashtra,411006,18.544806,73.874928,Low
LOC000456,Synthetic Residence - Wakad 0456,Residence,"672, Park Road, Wakad, Pune",Wakad,Pune,Pune,Maharashtra,411057,18.597856,73.758265,Low
LOC000457,Synthetic ATM - Swargate 0457,ATM,"230, Market Road, Swargate, Pune",Swargate,Pune,Pune,Maharashtra,411037,18.498048,73.855817,Medium
LOC000458,Synthetic Bank - Shivajinagar 0458,Bank,"332, Industrial Road, Shivajinagar, Pune",Shivajinagar,Pune,Pune,Maharashtra,411005,18.523705,73.851854,Low
LOC000459,Synthetic Workplace - Aundh 0459,Workplace,"590, Park Road, Aundh, Pune",Aundh,Pune,Pune,Maharashtra,411007,18.555509,73.808572,Low
LOC000460,Synthetic Residence - Bhosari 0460,Residence,"195, College Road, Bhosari, Pune",Bhosari,Pune,Pune,Maharashtra,411039,18.630135,73.842199,Medium
LOC000461,Synthetic Police Station - Viman Nagar,Police Station,"591, Market Road, Viman Nagar, Pune",Viman Nagar,Pune,Pune,Maharashtra,411014,18.560786,73.917168,High
LOC000462,Synthetic Residence - Viman Nagar 0462,Residence,"598, Nagar Road, Viman Nagar, Pune",Viman Nagar,Pune,Pune,Maharashtra,411014,18.567516,73.918649,Medium
LOC000463,Synthetic Residence - Bhosari 0463,Residence,"383, Nagar Road, Bhosari, Pune",Bhosari,Pune,Pune,Maharashtra,411039,18.630939,73.842105,High
LOC000464,Synthetic Workplace - Hadapsar 0464,Workplace,"682, Temple Road, Hadapsar, Pune",Hadapsar,Pune,Pune,Maharashtra,411028,18.50356,73.918393,Low
LOC000465,Synthetic Transport Hub - Shivajinagar 0465,Transport Hub,"270, Canal Road, Shivajinagar, Pune",Shivajinagar,Pune,Pune,Maharashtra,411005,18.532209,73.851133,Medium
LOC000466,Synthetic Residence - Shivajinagar 0466,Residence,"210, Main Road, Shivajinagar, Pune",Shivajinagar,Pune,Pune,Maharashtra,411005,18.537646,73.840801,Low
LOC000467,Synthetic Hotel - Baner 0467,Hotel,"659, Industrial Road, Baner, Pune",Baner,Pune,Pune,Maharashtra,411045,18.563137,73.782764,Medium
LOC000468,Synthetic Workplace - Swargate 0468,Workplace,"987, Industrial Road, Swargate, Pune",Swargate,Pune,Pune,Maharashtra,411037,18.50104,73.869478,Low
LOC000469,Synthetic Residence - Katraj 0469,Residence,"621, College Road, Katraj, Pune",Katraj,Pune,Pune,Maharashtra,411046,18.454561,73.872379,Medium
LOC000470,Synthetic Bank - Katraj 0470,Bank,"586, Industrial Road, Katraj, Pune",Katraj,Pune,Pune,Maharashtra,411046,18.451232,73.871745,Medium
LOC000471,Synthetic Crime Scene - Baner 0471,Crime Scene,"747, Park Road, Baner, Pune",Baner,Pune,Pune,Maharashtra,411045,18.563695,73.780435,Medium
LOC000472,Synthetic Workplace - Aundh 0472,Workplace,"887, Nagar Road, Aundh, Pune",Aundh,Pune,Pune,Maharashtra,411007,18.55703,73.804137,Low
LOC000473,Synthetic Police Station - Vishrantwadi,Police Station,"195, Industrial Road, Vishrantwadi, Pune",Vishrantwadi,Pune,Pune,Maharashtra,411015,18.560481,73.885069,Medium
LOC000474,Synthetic Transport Hub - Vishrantwadi 0474,Transport Hub,"445, College Road, Vishrantwadi, Pune",Vishrantwadi,Pune,Pune,Maharashtra,411015,18.571163,73.872896,High
LOC000475,Synthetic Restaurant - Bhosari 0475,Restaurant,"441, Main Road, Bhosari, Pune",Bhosari,Pune,Pune,Maharashtra,411039,18.631248,73.850808,Low
LOC000476,Synthetic Transport Hub - Bhosari 0476,Transport Hub,"72, Nagar Road, Bhosari, Pune",Bhosari,Pune,Pune,Maharashtra,411039,18.632813,73.841877,Low
LOC000477,Synthetic Workplace - Yerawada 0477,Workplace,"131, Nagar Road, Yerawada, Pune",Yerawada,Pune,Pune,Maharashtra,411006,18.555043,73.875249,Low
LOC000478,Synthetic ATM - Hadapsar 0478,ATM,"523, Market Road, Hadapsar, Pune",Hadapsar,Pune,Pune,Maharashtra,411028,18.506681,73.931319,Low
LOC000479,Synthetic Residence - Chinchwad 0479,Residence,"334, Market Road, Chinchwad, Pune",Chinchwad,Pune,Pune,Maharashtra,411033,18.630394,73.800167,Medium
LOC000480,Synthetic Workplace - Vishrantwadi 0480,Workplace,"818, Industrial Road, Vishrantwadi, Pune",Vishrantwadi,Pune,Pune,Maharashtra,411015,18.563849,73.878377,Medium
LOC000481,Synthetic Meeting Point - Bhosari 0481,Meeting Point,"785, Station Road, Bhosari, Pune",Bhosari,Pune,Pune,Maharashtra,411039,18.634814,73.85265,High
LOC000482,Synthetic Workplace - Yerawada 0482,Workplace,"626, Link Road, Yerawada, Pune",Yerawada,Pune,Pune,Maharashtra,411006,18.548083,73.882736,Low
LOC000483,Synthetic Residence - Baner 0483,Residence,"807, Canal Road, Baner, Pune",Baner,Pune,Pune,Maharashtra,411045,18.554195,73.784801,Medium
LOC000484,Synthetic Residence - Yerawada 0484,Residence,"644, Nagar Road, Yerawada, Pune",Yerawada,Pune,Pune,Maharashtra,411006,18.543869,73.878882,Medium
LOC000485,Synthetic Crime Scene - Katraj 0485,Crime Scene,"107, Park Road, Katraj, Pune",Katraj,Pune,Pune,Maharashtra,411046,18.446588,73.863013,Low
LOC000486,Synthetic Restaurant - Chinchwad 0486,Restaurant,"72, College Road, Chinchwad, Pune",Chinchwad,Pune,Pune,Maharashtra,411033,18.628405,73.796465,Medium
LOC000487,Synthetic Crime Scene - Viman Nagar 0487,Crime Scene,"430, Main Road, Viman Nagar, Pune",Viman Nagar,Pune,Pune,Maharashtra,411014,18.575895,73.907026,High
LOC000488,Synthetic Restaurant - Hadapsar 0488,Restaurant,"624, Industrial Road, Hadapsar, Pune",Hadapsar,Pune,Pune,Maharashtra,411028,18.505684,73.921058,Low
LOC000489,Synthetic Transport Hub - Wakad 0489,Transport Hub,"226, Park Road, Wakad, Pune",Wakad,Pune,Pune,Maharashtra,411057,18.59425,73.765204,Low
LOC000490,Synthetic Transport Hub - Baner 0490,Transport Hub,"591, Station Road, Baner, Pune",Baner,Pune,Pune,Maharashtra,411045,18.559567,73.782932,Low
LOC000491,Synthetic Restaurant - Bhosari 0491,Restaurant,"184, Market Road, Bhosari, Pune",Bhosari,Pune,Pune,Maharashtra,411039,18.636137,73.843559,Medium
LOC000492,Synthetic Restaurant - Bhosari 0492,Restaurant,"704, College Road, Bhosari, Pune",Bhosari,Pune,Pune,Maharashtra,411039,18.625111,73.853114,Low
LOC000493,Synthetic Workplace - Swargate 0493,Workplace,"476, Main Road, Swargate, Pune",Swargate,Pune,Pune,Maharashtra,411037,18.501168,73.871064,Low
LOC000494,Synthetic Workplace - Baner 0494,Workplace,"836, Canal Road, Baner, Pune",Baner,Pune,Pune,Maharashtra,411045,18.554683,73.779734,Medium
LOC000495,Synthetic Hotel - Shivajinagar 0495,Hotel,"759, Main Road, Shivajinagar, Pune",Shivajinagar,Pune,Pune,Maharashtra,411005,18.524206,73.841936,Medium
LOC000496,Synthetic Workplace - Dhankawadi 0496,Workplace,"403, Canal Road, Dhankawadi, Pune",Dhankawadi,Pune,Pune,Maharashtra,411043,18.467784,73.852222,High
LOC000497,Synthetic Warehouse - Bhosari 0497,Warehouse,"313, Station Road, Bhosari, Pune",Bhosari,Pune,Pune,Maharashtra,411039,18.634692,73.845314,Low
LOC000498,Synthetic Police Station - Yerawada,Police Station,"258, Park Road, Yerawada, Pune",Yerawada,Pune,Pune,Maharashtra,411006,18.546027,73.882864,Low
LOC000499,Synthetic Workplace - Swargate 0499,Workplace,"650, Temple Road, Swargate, Pune",Swargate,Pune,Pune,Maharashtra,411037,18.499248,73.857565,Low
LOC000500,Synthetic Workplace - Shivajinagar 0500,Workplace,"814, College Road, Shivajinagar, Pune",Shivajinagar,Pune,Pune,Maharashtra,411005,18.537841,73.852416,Low
LOC000501,Synthetic Residence - Pimpri 0501,Residence,"589, Temple Road, Pimpri, Pune",Pimpri,Pune,Pune,Maharashtra,411018,18.628989,73.795904,Low
LOC000502,Synthetic Meeting Point - Kondhwa 0502,Meeting Point,"31, Temple Road, Kondhwa, Pune",Kondhwa,Pune,Pune,Maharashtra,411048,18.470503,73.895686,Medium
LOC000503,Synthetic Other - Viman Nagar 0503,Other,"893, Link Road, Viman Nagar, Pune",Viman Nagar,Pune,Pune,Maharashtra,411014,18.560618,73.909517,Low
LOC000504,Synthetic Meeting Point - Baner 0504,Meeting Point,"411, Canal Road, Baner, Pune",Baner,Pune,Pune,Maharashtra,411045,18.559108,73.788589,Low
LOC000505,Synthetic ATM - Vishrantwadi 0505,ATM,"878, Nagar Road, Vishrantwadi, Pune",Vishrantwadi,Pune,Pune,Maharashtra,411015,18.560563,73.875054,Medium
LOC000506,Synthetic Bank - Shivajinagar 0506,Bank,"500, Market Road, Shivajinagar, Pune",Shivajinagar,Pune,Pune,Maharashtra,411005,18.531878,73.853426,Low
LOC000507,Synthetic Workplace - Dhankawadi 0507,Workplace,"968, Canal Road, Dhankawadi, Pune",Dhankawadi,Pune,Pune,Maharashtra,411043,18.473368,73.847602,Low
LOC000508,Synthetic Workplace - Yerawada 0508,Workplace,"783, College Road, Yerawada, Pune",Yerawada,Pune,Pune,Maharashtra,411006,18.552679,73.885414,Low
LOC000509,Synthetic Crime Scene - Bhosari 0509,Crime Scene,"134, Main Road, Bhosari, Pune",Bhosari,Pune,Pune,Maharashtra,411039,18.635159,73.84605,Low
LOC000510,Synthetic Bank - Kothrud 0510,Bank,"65, Market Road, Kothrud, Pune",Kothrud,Pune,Pune,Maharashtra,411038,18.513235,73.801244,Medium
LOC000511,Synthetic Workplace - Yerawada 0511,Workplace,"960, Nagar Road, Yerawada, Pune",Yerawada,Pune,Pune,Maharashtra,411006,18.555168,73.88166,High
LOC000512,Synthetic Residence - Pimpri 0512,Residence,"247, Main Road, Pimpri, Pune",Pimpri,Pune,Pune,Maharashtra,411018,18.63734,73.800594,Medium
LOC000513,Synthetic Residence - Kothrud 0513,Residence,"641, Link Road, Kothrud, Pune",Kothrud,Pune,Pune,Maharashtra,411038,18.511971,73.810593,Medium
LOC000514,Synthetic Workplace - Viman Nagar 0514,Workplace,"757, Station Road, Viman Nagar, Pune",Viman Nagar,Pune,Pune,Maharashtra,411014,18.572146,73.913295,Low
LOC000515,Synthetic Restaurant - Chinchwad 0515,Restaurant,"190, Link Road, Chinchwad, Pune",Chinchwad,Pune,Pune,Maharashtra,411033,18.624899,73.797844,Low
LOC000516,Synthetic Residence - Wakad 0516,Residence,"281, Industrial Road, Wakad, Pune",Wakad,Pune,Pune,Maharashtra,411057,18.599986,73.76639,Medium
LOC000517,Synthetic Residence - Swargate 0517,Residence,"161, Link Road, Swargate, Pune",Swargate,Pune,Pune,Maharashtra,411037,18.498495,73.868729,Medium
LOC000518,Synthetic Crime Scene - Yerawada 0518,Crime Scene,"609, Market Road, Yerawada, Pune",Yerawada,Pune,Pune,Maharashtra,411006,18.541757,73.881836,Low
LOC000519,Synthetic Residence - Katraj 0519,Residence,"490, Industrial Road, Katraj, Pune",Katraj,Pune,Pune,Maharashtra,411046,18.450625,73.857543,Low
LOC000520,Synthetic Workplace - Katraj 0520,Workplace,"101, Park Road, Katraj, Pune",Katraj,Pune,Pune,Maharashtra,411046,18.446703,73.862652,Low
LOC000521,Synthetic Crime Scene - Shivajinagar 0521,Crime Scene,"710, Canal Road, Shivajinagar, Pune",Shivajinagar,Pune,Pune,Maharashtra,411005,18.528829,73.851124,High
LOC000522,Synthetic Bank - Swargate 0522,Bank,"635, Station Road, Swargate, Pune",Swargate,Pune,Pune,Maharashtra,411037,18.502993,73.861522,Medium
LOC000523,Synthetic Residence - Hadapsar 0523,Residence,"610, College Road, Hadapsar, Pune",Hadapsar,Pune,Pune,Maharashtra,411028,18.511482,73.92358,Low
LOC000524,Synthetic ATM - Katraj 0524,ATM,"117, Market Road, Katraj, Pune",Katraj,Pune,Pune,Maharashtra,411046,18.450916,73.873128,Low
LOC000525,Synthetic Bank - Pimpri 0525,Bank,"716, Nagar Road, Pimpri, Pune",Pimpri,Pune,Pune,Maharashtra,411018,18.627513,73.801006,Medium
LOC000526,Synthetic ATM - Baner 0526,ATM,"483, Link Road, Baner, Pune",Baner,Pune,Pune,Maharashtra,411045,18.566299,73.779246,Medium
LOC000527,Synthetic Residence - Aundh 0527,Residence,"362, Nagar Road, Aundh, Pune",Aundh,Pune,Pune,Maharashtra,411007,18.553466,73.802131,Medium
LOC000528,Synthetic Transport Hub - Wakad 0528,Transport Hub,"180, Industrial Road, Wakad, Pune",Wakad,Pune,Pune,Maharashtra,411057,18.593804,73.758715,Low
LOC000529,Synthetic Transport Hub - Kondhwa 0529,Transport Hub,"975, Nagar Road, Kondhwa, Pune",Kondhwa,Pune,Pune,Maharashtra,411048,18.476231,73.892655,Low
LOC000530,Synthetic Transport Hub - Aundh 0530,Transport Hub,"235, Park Road, Aundh, Pune",Aundh,Pune,Pune,Maharashtra,411007,18.557897,73.805039,Low
LOC000531,Synthetic Workplace - Kondhwa 0531,Workplace,"553, Link Road, Kondhwa, Pune",Kondhwa,Pune,Pune,Maharashtra,411048,18.466521,73.884579,Medium
LOC000532,Synthetic Residence - Bhosari 0532,Residence,"943, Link Road, Bhosari, Pune",Bhosari,Pune,Pune,Maharashtra,411039,18.625031,73.848622,Medium
LOC000533,Synthetic Warehouse - Viman Nagar 0533,Warehouse,"296, Station Road, Viman Nagar, Pune",Viman Nagar,Pune,Pune,Maharashtra,411014,18.565486,73.907166,Low
LOC000534,Synthetic Residence - Aundh 0534,Residence,"629, Station Road, Aundh, Pune",Aundh,Pune,Pune,Maharashtra,411007,18.563883,73.804184,Medium
LOC000535,Synthetic Police Station - Dhankawadi,Police Station,"428, Link Road, Dhankawadi, Pune",Dhankawadi,Pune,Pune,Maharashtra,411043,18.47328,73.842764,High
LOC000536,Synthetic Meeting Point - Chinchwad 0536,Meeting Point,"330, Link Road, Chinchwad, Pune",Chinchwad,Pune,Pune,Maharashtra,411033,18.63539,73.793047,Low
LOC000537,Synthetic Bank - Vishrantwadi 0537,Bank,"430, Station Road, Vishrantwadi, Pune",Vishrantwadi,Pune,Pune,Maharashtra,411015,18.561527,73.870158,Low
LOC000538,Synthetic Other - Hadapsar 0538,Other,"564, Temple Road, Hadapsar, Pune",Hadapsar,Pune,Pune,Maharashtra,411028,18.502372,73.92225,Medium
LOC000539,Synthetic Warehouse - Kothrud 0539,Warehouse,"525, Temple Road, Kothrud, Pune",Kothrud,Pune,Pune,Maharashtra,411038,18.5143,73.80671,Medium
LOC000540,Synthetic ATM - Hadapsar 0540,ATM,"252, Nagar Road, Hadapsar, Pune",Hadapsar,Pune,Pune,Maharashtra,411028,18.50211,73.920253,Low
LOC000541,Synthetic Residence - Chinchwad 0541,Residence,"478, Station Road, Chinchwad, Pune",Chinchwad,Pune,Pune,Maharashtra,411033,18.629601,73.807489,Low
LOC000542,Synthetic Workplace - Aundh 0542,Workplace,"743, Nagar Road, Aundh, Pune",Aundh,Pune,Pune,Maharashtra,411007,18.55979,73.807351,Low
LOC000543,Synthetic Crime Scene - Viman Nagar 0543,Crime Scene,"884, Canal Road, Viman Nagar, Pune",Viman Nagar,Pune,Pune,Maharashtra,411014,18.575011,73.907429,Medium
LOC000544,Synthetic Residence - Wakad 0544,Residence,"837, Canal Road, Wakad, Pune",Wakad,Pune,Pune,Maharashtra,411057,18.593483,73.755002,Medium
LOC000545,Synthetic Residence - Aundh 0545,Residence,"28, Main Road, Aundh, Pune",Aundh,Pune,Pune,Maharashtra,411007,18.56502,73.81109,Medium
LOC000546,Synthetic Crime Scene - Dhankawadi 0546,Crime Scene,"454, Market Road, Dhankawadi, Pune",Dhankawadi,Pune,Pune,Maharashtra,411043,18.468871,73.849798,Low
LOC000547,Synthetic Transport Hub - Viman Nagar 0547,Transport Hub,"551, Station Road, Viman Nagar, Pune",Viman Nagar,Pune,Pune,Maharashtra,411014,18.568706,73.915163,Low
LOC000548,Synthetic ATM - Baner 0548,ATM,"565, Station Road, Baner, Pune",Baner,Pune,Pune,Maharashtra,411045,18.55242,73.794541,Medium
LOC000549,Synthetic Transport Hub - Baner 0549,Transport Hub,"288, Temple Road, Baner, Pune",Baner,Pune,Pune,Maharashtra,411045,18.557963,73.781764,Medium
LOC000550,Synthetic Meeting Point - Wakad 0550,Meeting Point,"148, Station Road, Wakad, Pune",Wakad,Pune,Pune,Maharashtra,411057,18.599368,73.763947,Medium
LOC000551,Synthetic Crime Scene - Chinchwad 0551,Crime Scene,"815, College Road, Chinchwad, Pune",Chinchwad,Pune,Pune,Maharashtra,411033,18.62592,73.795,Low
LOC000552,Synthetic Meeting Point - Aundh 0552,Meeting Point,"698, Temple Road, Aundh, Pune",Aundh,Pune,Pune,Maharashtra,411007,18.552598,73.807291,Medium
LOC000553,Synthetic Transport Hub - Aundh 0553,Transport Hub,"812, Nagar Road, Aundh, Pune",Aundh,Pune,Pune,Maharashtra,411007,18.558952,73.810595,Low
LOC000554,Synthetic Transport Hub - Viman Nagar 0554,Transport Hub,"128, Temple Road, Viman Nagar, Pune",Viman Nagar,Pune,Pune,Maharashtra,411014,18.570388,73.919789,Low
LOC000555,Synthetic Transport Hub - Shivajinagar 0555,Transport Hub,"616, Canal Road, Shivajinagar, Pune",Shivajinagar,Pune,Pune,Maharashtra,411005,18.523772,73.842889,Medium
LOC000556,Synthetic ATM - Bhosari 0556,ATM,"810, Canal Road, Bhosari, Pune",Bhosari,Pune,Pune,Maharashtra,411039,18.62314,73.846183,High
LOC000557,Synthetic Restaurant - Baner 0557,Restaurant,"572, Nagar Road, Baner, Pune",Baner,Pune,Pune,Maharashtra,411045,18.563721,73.789853,High
LOC000558,Synthetic Restaurant - Pimpri 0558,Restaurant,"61, Canal Road, Pimpri, Pune",Pimpri,Pune,Pune,Maharashtra,411018,18.623671,73.794867,Medium
LOC000559,Synthetic Crime Scene - Shivajinagar 0559,Crime Scene,"240, Main Road, Shivajinagar, Pune",Shivajinagar,Pune,Pune,Maharashtra,411005,18.529181,73.853159,Low
LOC000560,Synthetic Police Station - Vishrantwadi,Police Station,"38, Nagar Road, Vishrantwadi, Pune",Vishrantwadi,Pune,Pune,Maharashtra,411015,18.566086,73.882612,Low
LOC000561,Synthetic Warehouse - Baner 0561,Warehouse,"542, Market Road, Baner, Pune",Baner,Pune,Pune,Maharashtra,411045,18.559552,73.782715,Low
LOC000562,Synthetic Residence - Bhosari 0562,Residence,"240, Nagar Road, Bhosari, Pune",Bhosari,Pune,Pune,Maharashtra,411039,18.630028,73.840356,Medium
LOC000563,Synthetic Residence - Baner 0563,Residence,"883, Nagar Road, Baner, Pune",Baner,Pune,Pune,Maharashtra,411045,18.559612,73.779527,Medium
LOC000564,Synthetic Transport Hub - Baner 0564,Transport Hub,"812, Park Road, Baner, Pune",Baner,Pune,Pune,Maharashtra,411045,18.562366,73.788083,Medium
LOC000565,Synthetic Meeting Point - Aundh 0565,Meeting Point,"24, Nagar Road, Aundh, Pune",Aundh,Pune,Pune,Maharashtra,411007,18.553299,73.801675,Medium
LOC000566,Synthetic Crime Scene - Baner 0566,Crime Scene,"968, Industrial Road, Baner, Pune",Baner,Pune,Pune,Maharashtra,411045,18.565974,73.78027,High
LOC000567,Synthetic Residence - Katraj 0567,Residence,"933, Link Road, Katraj, Pune",Katraj,Pune,Pune,Maharashtra,411046,18.458665,73.87243,Medium
LOC000568,Synthetic Workplace - Yerawada 0568,Workplace,"188, Nagar Road, Yerawada, Pune",Yerawada,Pune,Pune,Maharashtra,411006,18.549741,73.874557,Low
LOC000569,Synthetic Residence - Chinchwad 0569,Residence,"760, Park Road, Chinchwad, Pune",Chinchwad,Pune,Pune,Maharashtra,411033,18.626362,73.796568,Low
LOC000570,Synthetic ATM - Pimpri 0570,ATM,"522, Station Road, Pimpri, Pune",Pimpri,Pune,Pune,Maharashtra,411018,18.636807,73.797708,Low
LOC000571,Synthetic ATM - Wakad 0571,ATM,"605, Industrial Road, Wakad, Pune",Wakad,Pune,Pune,Maharashtra,411057,18.604651,73.757802,High
LOC000572,Synthetic Warehouse - Viman Nagar 0572,Warehouse,"568, Main Road, Viman Nagar, Pune",Viman Nagar,Pune,Pune,Maharashtra,411014,18.564207,73.91078,Medium
LOC000573,Synthetic Crime Scene - Pimpri 0573,Crime Scene,"238, Canal Road, Pimpri, Pune",Pimpri,Pune,Pune,Maharashtra,411018,18.630197,73.801075,Low
LOC000574,Synthetic Residence - Pimpri 0574,Residence,"814, Industrial Road, Pimpri, Pune",Pimpri,Pune,Pune,Maharashtra,411018,18.628512,73.802821,Medium
LOC000575,Synthetic Residence - Vishrantwadi 0575,Residence,"29, Temple Road, Vishrantwadi, Pune",Vishrantwadi,Pune,Pune,Maharashtra,411015,18.564563,73.885022,Low
LOC000576,Synthetic Hotel - Aundh 0576,Hotel,"959, Nagar Road, Aundh, Pune",Aundh,Pune,Pune,Maharashtra,411007,18.556138,73.799232,Low
LOC000577,Synthetic Residence - Pimpri 0577,Residence,"250, Park Road, Pimpri, Pune",Pimpri,Pune,Pune,Maharashtra,411018,18.634432,73.795557,High
LOC000578,Synthetic Residence - Wakad 0578,Residence,"89, Link Road, Wakad, Pune",Wakad,Pune,Pune,Maharashtra,411057,18.592965,73.757142,Medium
LOC000579,Synthetic Hotel - Katraj 0579,Hotel,"64, Canal Road, Katraj, Pune",Katraj,Pune,Pune,Maharashtra,411046,18.460748,73.858237,Medium
LOC000580,Synthetic Crime Scene - Katraj 0580,Crime Scene,"776, College Road, Katraj, Pune",Katraj,Pune,Pune,Maharashtra,411046,18.45863,73.865067,Medium
LOC000581,Synthetic Transport Hub - Kothrud 0581,Transport Hub,"968, Canal Road, Kothrud, Pune",Kothrud,Pune,Pune,Maharashtra,411038,18.510375,73.803998,Low
LOC000582,Synthetic Workplace - Kothrud 0582,Workplace,"65, Industrial Road, Kothrud, Pune",Kothrud,Pune,Pune,Maharashtra,411038,18.503377,73.802411,High
LOC000583,Synthetic Warehouse - Wakad 0583,Warehouse,"47, Link Road, Wakad, Pune",Wakad,Pune,Pune,Maharashtra,411057,18.606354,73.763432,Low
LOC000584,Synthetic Police Station - Kondhwa,Police Station,"651, Main Road, Kondhwa, Pune",Kondhwa,Pune,Pune,Maharashtra,411048,18.465173,73.88903,Low
LOC000585,Synthetic Crime Scene - Viman Nagar 0585,Crime Scene,"766, Market Road, Viman Nagar, Pune",Viman Nagar,Pune,Pune,Maharashtra,411014,18.562172,73.917849,Low
LOC000586,Synthetic Transport Hub - Viman Nagar 0586,Transport Hub,"93, Main Road, Viman Nagar, Pune",Viman Nagar,Pune,Pune,Maharashtra,411014,18.567385,73.91501,Low
LOC000587,Synthetic Warehouse - Viman Nagar 0587,Warehouse,"572, Nagar Road, Viman Nagar, Pune",Viman Nagar,Pune,Pune,Maharashtra,411014,18.574963,73.909703,Low
LOC000588,Synthetic Bank - Katraj 0588,Bank,"206, Market Road, Katraj, Pune",Katraj,Pune,Pune,Maharashtra,411046,18.455215,73.8732,Low
LOC000589,Synthetic Residence - Vishrantwadi 0589,Residence,"766, Canal Road, Vishrantwadi, Pune",Vishrantwadi,Pune,Pune,Maharashtra,411015,18.566301,73.879149,Low
LOC000590,Synthetic Crime Scene - Aundh 0590,Crime Scene,"143, Temple Road, Aundh, Pune",Aundh,Pune,Pune,Maharashtra,411007,18.558277,73.810637,Low
LOC000591,Synthetic Crime Scene - Aundh 0591,Crime Scene,"819, Market Road, Aundh, Pune",Aundh,Pune,Pune,Maharashtra,411007,18.554883,73.805454,Low
LOC000592,Synthetic Warehouse - Chinchwad 0592,Warehouse,"992, Station Road, Chinchwad, Pune",Chinchwad,Pune,Pune,Maharashtra,411033,18.636443,73.807067,Medium
LOC000593,Synthetic ATM - Katraj 0593,ATM,"255, Link Road, Katraj, Pune",Katraj,Pune,Pune,Maharashtra,411046,18.445,73.866997,Medium
LOC000594,Synthetic ATM - Yerawada 0594,ATM,"109, Park Road, Yerawada, Pune",Yerawada,Pune,Pune,Maharashtra,411006,18.543841,73.876172,High
LOC000595,Synthetic Other - Bhosari 0595,Other,"817, Main Road, Bhosari, Pune",Bhosari,Pune,Pune,Maharashtra,411039,18.634498,73.852377,Low
LOC000596,Synthetic Workplace - Swargate 0596,Workplace,"222, College Road, Swargate, Pune",Swargate,Pune,Pune,Maharashtra,411037,18.50507,73.859841,Low
LOC000597,Synthetic Crime Scene - Pimpri 0597,Crime Scene,"261, Canal Road, Pimpri, Pune",Pimpri,Pune,Pune,Maharashtra,411018,18.622802,73.797097,Low
LOC000598,Synthetic Bank - Chinchwad 0598,Bank,"892, Main Road, Chinchwad, Pune",Chinchwad,Pune,Pune,Maharashtra,411033,18.627901,73.807688,Low
LOC000599,Synthetic Warehouse - Kothrud 0599,Warehouse,"898, Temple Road, Kothrud, Pune",Kothrud,Pune,Pune,Maharashtra,411038,18.512343,73.806148,Medium
LOC000600,Synthetic Workplace - Vishrantwadi 0600,Workplace,"715, Canal Road, Vishrantwadi, Pune",Vishrantwadi,Pune,Pune,Maharashtra,411015,18.571559,73.8731,Low
LOC000601,Synthetic Residence - Wakad 0601,Residence,"509, College Road, Wakad, Pune",Wakad,Pune,Pune,Maharashtra,411057,18.605665,73.766202,Low
LOC000602,Synthetic Workplace - Chinchwad 0602,Workplace,"838, Canal Road, Chinchwad, Pune",Chinchwad,Pune,Pune,Maharashtra,411033,18.626304,73.796326,Low
LOC000603,Synthetic Workplace - Vishrantwadi 0603,Workplace,"681, Market Road, Vishrantwadi, Pune",Vishrantwadi,Pune,Pune,Maharashtra,411015,18.565551,73.87187,Medium
LOC000604,Synthetic Crime Scene - Baner 0604,Crime Scene,"760, Temple Road, Baner, Pune",Baner,Pune,Pune,Maharashtra,411045,18.551812,73.784657,Low
LOC000605,Synthetic Police Station - Vishrantwadi,Police Station,"842, Park Road, Vishrantwadi, Pune",Vishrantwadi,Pune,Pune,Maharashtra,411015,18.574407,73.872767,Low
LOC000606,Synthetic Workplace - Swargate 0606,Workplace,"28, Canal Road, Swargate, Pune",Swargate,Pune,Pune,Maharashtra,411037,18.495201,73.869413,Low
LOC000607,Synthetic Workplace - Hadapsar 0607,Workplace,"439, Park Road, Hadapsar, Pune",Hadapsar,Pune,Pune,Maharashtra,411028,18.503499,73.933797,Low
LOC000608,Synthetic Police Station - Bhosari,Police Station,"785, Nagar Road, Bhosari, Pune",Bhosari,Pune,Pune,Maharashtra,411039,18.625239,73.851211,Low
LOC000609,Synthetic Bank - Kothrud 0609,Bank,"58, Nagar Road, Kothrud, Pune",Kothrud,Pune,Pune,Maharashtra,411038,18.501928,73.806886,High
LOC000610,Synthetic Residence - Aundh 0610,Residence,"963, Canal Road, Aundh, Pune",Aundh,Pune,Pune,Maharashtra,411007,18.557829,73.801316,Medium
LOC000611,Synthetic Restaurant - Kothrud 0611,Restaurant,"473, Nagar Road, Kothrud, Pune",Kothrud,Pune,Pune,Maharashtra,411038,18.515365,73.814508,Medium
LOC000612,Synthetic Meeting Point - Pimpri 0612,Meeting Point,"260, Market Road, Pimpri, Pune",Pimpri,Pune,Pune,Maharashtra,411018,18.635975,73.799511,High
LOC000613,Synthetic Residence - Kothrud 0613,Residence,"255, Temple Road, Kothrud, Pune",Kothrud,Pune,Pune,Maharashtra,411038,18.500273,73.809031,Medium
LOC000614,Synthetic Crime Scene - Bhosari 0614,Crime Scene,"455, Nagar Road, Bhosari, Pune",Bhosari,Pune,Pune,Maharashtra,411039,18.63522,73.848296,Low
LOC000615,Synthetic ATM - Katraj 0615,ATM,"731, Temple Road, Katraj, Pune",Katraj,Pune,Pune,Maharashtra,411046,18.446967,73.858132,Low
LOC000616,Synthetic Warehouse - Bhosari 0616,Warehouse,"865, College Road, Bhosari, Pune",Bhosari,Pune,Pune,Maharashtra,411039,18.631698,73.853095,Medium
LOC000617,Synthetic Residence - Hadapsar 0617,Residence,"849, Industrial Road, Hadapsar, Pune",Hadapsar,Pune,Pune,Maharashtra,411028,18.501685,73.918761,High
LOC000618,Synthetic Warehouse - Bhosari 0618,Warehouse,"611, Canal Road, Bhosari, Pune",Bhosari,Pune,Pune,Maharashtra,411039,18.623642,73.852248,High
LOC000619,Synthetic Restaurant - Katraj 0619,Restaurant,"584, Park Road, Katraj, Pune",Katraj,Pune,Pune,Maharashtra,411046,18.450477,73.868108,Low
LOC000620,Synthetic Transport Hub - Bhosari 0620,Transport Hub,"678, Canal Road, Bhosari, Pune",Bhosari,Pune,Pune,Maharashtra,411039,18.6226,73.850498,Low
LOC000621,Synthetic Other - Yerawada 0621,Other,"543, Station Road, Yerawada, Pune",Yerawada,Pune,Pune,Maharashtra,411006,18.541758,73.873008,Medium
LOC000622,Synthetic Bank - Shivajinagar 0622,Bank,"942, Main Road, Shivajinagar, Pune",Shivajinagar,Pune,Pune,Maharashtra,411005,18.535135,73.84089,Low
LOC000623,Synthetic Workplace - Viman Nagar 0623,Workplace,"595, College Road, Viman Nagar, Pune",Viman Nagar,Pune,Pune,Maharashtra,411014,18.562238,73.908698,Low
LOC000624,Synthetic Residence - Shivajinagar 0624,Residence,"507, Main Road, Shivajinagar, Pune",Shivajinagar,Pune,Pune,Maharashtra,411005,18.53479,73.841212,Low
LOC000625,Synthetic Police Station - Pimpri,Police Station,"460, Nagar Road, Pimpri, Pune",Pimpri,Pune,Pune,Maharashtra,411018,18.633847,73.79657,Low
LOC000626,Synthetic Crime Scene - Katraj 0626,Crime Scene,"708, Nagar Road, Katraj, Pune",Katraj,Pune,Pune,Maharashtra,411046,18.445587,73.8584,Low
LOC000627,Synthetic Workplace - Dhankawadi 0627,Workplace,"602, Link Road, Dhankawadi, Pune",Dhankawadi,Pune,Pune,Maharashtra,411043,18.459854,73.852976,Low
LOC000628,Synthetic Other - Vishrantwadi 0628,Other,"913, Market Road, Vishrantwadi, Pune",Vishrantwadi,Pune,Pune,Maharashtra,411015,18.574973,73.879758,Low
LOC000629,Synthetic Bank - Swargate 0629,Bank,"405, Market Road, Swargate, Pune",Swargate,Pune,Pune,Maharashtra,411037,18.496547,73.867572,High
LOC000630,Synthetic Crime Scene - Viman Nagar 0630,Crime Scene,"531, Station Road, Viman Nagar, Pune",Viman Nagar,Pune,Pune,Maharashtra,411014,18.575043,73.90671,Low
LOC000631,Synthetic Residence - Pimpri 0631,Residence,"102, Temple Road, Pimpri, Pune",Pimpri,Pune,Pune,Maharashtra,411018,18.63142,73.792,High
LOC000632,Synthetic Transport Hub - Yerawada 0632,Transport Hub,"638, Station Road, Yerawada, Pune",Yerawada,Pune,Pune,Maharashtra,411006,18.549599,73.878163,High
LOC000633,Synthetic Residence - Viman Nagar 0633,Residence,"110, Market Road, Viman Nagar, Pune",Viman Nagar,Pune,Pune,Maharashtra,411014,18.575807,73.913396,Low
LOC000634,Synthetic Workplace - Swargate 0634,Workplace,"143, Park Road, Swargate, Pune",Swargate,Pune,Pune,Maharashtra,411037,18.508773,73.865071,Low
LOC000635,Synthetic Workplace - Wakad 0635,Workplace,"851, Industrial Road, Wakad, Pune",Wakad,Pune,Pune,Maharashtra,411057,18.595903,73.767723,Low
LOC000636,Synthetic Meeting Point - Katraj 0636,Meeting Point,"807, Station Road, Katraj, Pune",Katraj,Pune,Pune,Maharashtra,411046,18.448595,73.867137,Medium
LOC000637,Synthetic ATM - Dhankawadi 0637,ATM,"533, College Road, Dhankawadi, Pune",Dhankawadi,Pune,Pune,Maharashtra,411043,18.460178,73.848236,Medium
LOC000638,Synthetic Residence - Swargate 0638,Residence,"233, Temple Road, Swargate, Pune",Swargate,Pune,Pune,Maharashtra,411037,18.496417,73.855844,Low
LOC000639,Synthetic Transport Hub - Viman Nagar 0639,Transport Hub,"246, Park Road, Viman Nagar, Pune",Viman Nagar,Pune,Pune,Maharashtra,411014,18.56272,73.91028,Low
LOC000640,Synthetic Crime Scene - Katraj 0640,Crime Scene,"437, Park Road, Katraj, Pune",Katraj,Pune,Pune,Maharashtra,411046,18.45815,73.871448,Medium
LOC000641,Synthetic Residence - Yerawada 0641,Residence,"957, Market Road, Yerawada, Pune",Yerawada,Pune,Pune,Maharashtra,411006,18.555236,73.874425,Low
LOC000642,Synthetic ATM - Yerawada 0642,ATM,"389, Park Road, Yerawada, Pune",Yerawada,Pune,Pune,Maharashtra,411006,18.552853,73.873692,Low
LOC000643,Synthetic Workplace - Chinchwad 0643,Workplace,"871, Canal Road, Chinchwad, Pune",Chinchwad,Pune,Pune,Maharashtra,411033,18.624885,73.805667,Medium
LOC000644,Synthetic Warehouse - Baner 0644,Warehouse,"922, College Road, Baner, Pune",Baner,Pune,Pune,Maharashtra,411045,18.557387,73.787422,Low
LOC000645,Synthetic Bank - Swargate 0645,Bank,"407, Station Road, Swargate, Pune",Swargate,Pune,Pune,Maharashtra,411037,18.50783,73.855932,Low
LOC000646,Synthetic Residence - Chinchwad 0646,Residence,"443, Nagar Road, Chinchwad, Pune",Chinchwad,Pune,Pune,Maharashtra,411033,18.637764,73.80333,Medium
LOC000647,Synthetic Police Station - Chinchwad,Police Station,"744, Main Road, Chinchwad, Pune",Chinchwad,Pune,Pune,Maharashtra,411033,18.624428,73.80026,Medium
LOC000648,Synthetic Residence - Kondhwa 0648,Residence,"913, Nagar Road, Kondhwa, Pune",Kondhwa,Pune,Pune,Maharashtra,411048,18.464311,73.895282,Low
LOC000649,Synthetic Workplace - Bhosari 0649,Workplace,"793, Industrial Road, Bhosari, Pune",Bhosari,Pune,Pune,Maharashtra,411039,18.632381,73.849228,Low
LOC000650,Synthetic Residence - Wakad 0650,Residence,"831, Park Road, Wakad, Pune",Wakad,Pune,Pune,Maharashtra,411057,18.606012,73.759853,Medium
LOC000651,Synthetic ATM - Hadapsar 0651,ATM,"965, College Road, Hadapsar, Pune",Hadapsar,Pune,Pune,Maharashtra,411028,18.506824,73.920571,Medium
LOC000652,Synthetic Residence - Kothrud 0652,Residence,"897, Link Road, Kothrud, Pune",Kothrud,Pune,Pune,Maharashtra,411038,18.510478,73.804211,Low
LOC000653,Synthetic Hotel - Bhosari 0653,Hotel,"937, Temple Road, Bhosari, Pune",Bhosari,Pune,Pune,Maharashtra,411039,18.632022,73.843746,Low
LOC000654,Synthetic Meeting Point - Viman Nagar 0654,Meeting Point,"727, Link Road, Viman Nagar, Pune",Viman Nagar,Pune,Pune,Maharashtra,411014,18.565569,73.919454,Medium
LOC000655,Synthetic Bank - Kondhwa 0655,Bank,"649, Park Road, Kondhwa, Pune",Kondhwa,Pune,Pune,Maharashtra,411048,18.472737,73.883238,Low
LOC000656,Synthetic Meeting Point - Yerawada 0656,Meeting Point,"174, Park Road, Yerawada, Pune",Yerawada,Pune,Pune,Maharashtra,411006,18.547471,73.878499,Medium
LOC000657,Synthetic Police Station - Kothrud,Police Station,"118, Temple Road, Kothrud, Pune",Kothrud,Pune,Pune,Maharashtra,411038,18.503684,73.802462,Low
LOC000658,Synthetic Residence - Kothrud 0658,Residence,"683, College Road, Kothrud, Pune",Kothrud,Pune,Pune,Maharashtra,411038,18.506321,73.804236,Low
LOC000659,Synthetic Police Station - Swargate,Police Station,"470, Market Road, Swargate, Pune",Swargate,Pune,Pune,Maharashtra,411037,18.504323,73.868737,Low
LOC000660,Synthetic Residence - Viman Nagar 0660,Residence,"196, College Road, Viman Nagar, Pune",Viman Nagar,Pune,Pune,Maharashtra,411014,18.568172,73.913547,Medium
LOC000661,Synthetic Meeting Point - Wakad 0661,Meeting Point,"499, Main Road, Wakad, Pune",Wakad,Pune,Pune,Maharashtra,411057,18.600692,73.762651,Low
LOC000662,Synthetic ATM - Shivajinagar 0662,ATM,"484, Market Road, Shivajinagar, Pune",Shivajinagar,Pune,Pune,Maharashtra,411005,18.53171,73.851566,Low
LOC000663,Synthetic Workplace - Kondhwa 0663,Workplace,"867, Link Road, Kondhwa, Pune",Kondhwa,Pune,Pune,Maharashtra,411048,18.475303,73.882477,Medium
LOC000664,Synthetic Residence - Yerawada 0664,Residence,"149, Market Road, Yerawada, Pune",Yerawada,Pune,Pune,Maharashtra,411006,18.54961,73.87997,Medium
LOC000665,Synthetic Residence - Kondhwa 0665,Residence,"178, Link Road, Kondhwa, Pune",Kondhwa,Pune,Pune,Maharashtra,411048,18.464667,73.89465,Medium
LOC000666,Synthetic Crime Scene - Wakad 0666,Crime Scene,"179, Temple Road, Wakad, Pune",Wakad,Pune,Pune,Maharashtra,411057,18.601166,73.761812,Medium
LOC000667,Synthetic Meeting Point - Kothrud 0667,Meeting Point,"277, Nagar Road, Kothrud, Pune",Kothrud,Pune,Pune,Maharashtra,411038,18.505659,73.80564,Medium
LOC000668,Synthetic Transport Hub - Kondhwa 0668,Transport Hub,"938, Nagar Road, Kondhwa, Pune",Kondhwa,Pune,Pune,Maharashtra,411048,18.471844,73.893054,Medium
LOC000669,Synthetic Residence - Kondhwa 0669,Residence,"633, College Road, Kondhwa, Pune",Kondhwa,Pune,Pune,Maharashtra,411048,18.463353,73.896611,Low
LOC000670,Synthetic Crime Scene - Hadapsar 0670,Crime Scene,"271, Market Road, Hadapsar, Pune",Hadapsar,Pune,Pune,Maharashtra,411028,18.503891,73.918553,Medium
LOC000671,Synthetic Residence - Aundh 0671,Residence,"705, Canal Road, Aundh, Pune",Aundh,Pune,Pune,Maharashtra,411007,18.560447,73.799801,Low
LOC000672,Synthetic Warehouse - Chinchwad 0672,Warehouse,"784, College Road, Chinchwad, Pune",Chinchwad,Pune,Pune,Maharashtra,411033,18.63378,73.799263,Low
LOC000673,Synthetic Meeting Point - Dhankawadi 0673,Meeting Point,"706, Market Road, Dhankawadi, Pune",Dhankawadi,Pune,Pune,Maharashtra,411043,18.464123,73.854853,Medium
LOC000674,Synthetic Workplace - Swargate 0674,Workplace,"877, Main Road, Swargate, Pune",Swargate,Pune,Pune,Maharashtra,411037,18.494654,73.871575,Low
LOC000675,Synthetic ATM - Vishrantwadi 0675,ATM,"293, Nagar Road, Vishrantwadi, Pune",Vishrantwadi,Pune,Pune,Maharashtra,411015,18.568356,73.877465,High
LOC000676,Synthetic Warehouse - Swargate 0676,Warehouse,"644, Canal Road, Swargate, Pune",Swargate,Pune,Pune,Maharashtra,411037,18.495285,73.864571,Low
LOC000677,Synthetic Transport Hub - Hadapsar 0677,Transport Hub,"491, Canal Road, Hadapsar, Pune",Hadapsar,Pune,Pune,Maharashtra,411028,18.513627,73.918164,Low
LOC000678,Synthetic Hotel - Shivajinagar 0678,Hotel,"999, Market Road, Shivajinagar, Pune",Shivajinagar,Pune,Pune,Maharashtra,411005,18.526323,73.854218,Low
LOC000679,Synthetic Meeting Point - Yerawada 0679,Meeting Point,"254, Industrial Road, Yerawada, Pune",Yerawada,Pune,Pune,Maharashtra,411006,18.554898,73.876707,Low
LOC000680,Synthetic Meeting Point - Kothrud 0680,Meeting Point,"807, Park Road, Kothrud, Pune",Kothrud,Pune,Pune,Maharashtra,411038,18.505861,73.806639,Low
LOC000681,Synthetic Warehouse - Swargate 0681,Warehouse,"397, Temple Road, Swargate, Pune",Swargate,Pune,Pune,Maharashtra,411037,18.498015,73.867952,High
LOC000682,Synthetic Workplace - Yerawada 0682,Workplace,"679, Canal Road, Yerawada, Pune",Yerawada,Pune,Pune,Maharashtra,411006,18.544082,73.872817,Medium
LOC000683,Synthetic Meeting Point - Baner 0683,Meeting Point,"276, Nagar Road, Baner, Pune",Baner,Pune,Pune,Maharashtra,411045,18.565492,73.793423,High
LOC000684,Synthetic Restaurant - Kondhwa 0684,Restaurant,"834, Temple Road, Kondhwa, Pune",Kondhwa,Pune,Pune,Maharashtra,411048,18.469384,73.893076,Low
LOC000685,Synthetic Meeting Point - Baner 0685,Meeting Point,"661, Station Road, Baner, Pune",Baner,Pune,Pune,Maharashtra,411045,18.562811,73.782843,Medium
LOC000686,Synthetic Residence - Swargate 0686,Residence,"192, Industrial Road, Swargate, Pune",Swargate,Pune,Pune,Maharashtra,411037,18.502714,73.860348,High
LOC000687,Synthetic Restaurant - Chinchwad 0687,Restaurant,"553, Canal Road, Chinchwad, Pune",Chinchwad,Pune,Pune,Maharashtra,411033,18.630485,73.799977,Low
LOC000688,Synthetic Workplace - Vishrantwadi 0688,Workplace,"477, Park Road, Vishrantwadi, Pune",Vishrantwadi,Pune,Pune,Maharashtra,411015,18.563108,73.872057,High
LOC000689,Synthetic Other - Kothrud 0689,Other,"605, Canal Road, Kothrud, Pune",Kothrud,Pune,Pune,Maharashtra,411038,18.508228,73.812065,Low
LOC000690,Synthetic Residence - Yerawada 0690,Residence,"260, College Road, Yerawada, Pune",Yerawada,Pune,Pune,Maharashtra,411006,18.554824,73.88393,Low
LOC000691,Synthetic Bank - Swargate 0691,Bank,"508, Nagar Road, Swargate, Pune",Swargate,Pune,Pune,Maharashtra,411037,18.504617,73.864664,Medium
LOC000692,Synthetic Warehouse - Pimpri 0692,Warehouse,"522, Temple Road, Pimpri, Pune",Pimpri,Pune,Pune,Maharashtra,411018,18.63084,73.802364,Medium
LOC000693,Synthetic Residence - Katraj 0693,Residence,"508, Industrial Road, Katraj, Pune",Katraj,Pune,Pune,Maharashtra,411046,18.450131,73.860991,Low
LOC000694,Synthetic Restaurant - Viman Nagar 0694,Restaurant,"89, Canal Road, Viman Nagar, Pune",Viman Nagar,Pune,Pune,Maharashtra,411014,18.563482,73.911302,Low
LOC000695,Synthetic Meeting Point - Dhankawadi 0695,Meeting Point,"33, Link Road, Dhankawadi, Pune",Dhankawadi,Pune,Pune,Maharashtra,411043,18.471789,73.849091,Low
LOC000696,Synthetic Crime Scene - Yerawada 0696,Crime Scene,"110, Park Road, Yerawada, Pune",Yerawada,Pune,Pune,Maharashtra,411006,18.552883,73.873876,Low
LOC000697,Synthetic Residence - Baner 0697,Residence,"172, Canal Road, Baner, Pune",Baner,Pune,Pune,Maharashtra,411045,18.559263,73.783538,Low
LOC000698,Synthetic Residence - Yerawada 0698,Residence,"205, Main Road, Yerawada, Pune",Yerawada,Pune,Pune,Maharashtra,411006,18.54971,73.883767,Low
LOC000699,Synthetic Hotel - Viman Nagar 0699,Hotel,"140, Market Road, Viman Nagar, Pune",Viman Nagar,Pune,Pune,Maharashtra,411014,18.567457,73.908796,Low
LOC000700,Synthetic Transport Hub - Kondhwa 0700,Transport Hub,"764, Park Road, Kondhwa, Pune",Kondhwa,Pune,Pune,Maharashtra,411048,18.475638,73.894177,Low
LOC000701,Synthetic Bank - Aundh 0701,Bank,"378, Link Road, Aundh, Pune",Aundh,Pune,Pune,Maharashtra,411007,18.553835,73.802865,Medium
LOC000702,Synthetic Workplace - Katraj 0702,Workplace,"642, Nagar Road, Katraj, Pune",Katraj,Pune,Pune,Maharashtra,411046,18.446993,73.860264,Low
LOC000703,Synthetic Residence - Swargate 0703,Residence,"328, Industrial Road, Swargate, Pune",Swargate,Pune,Pune,Maharashtra,411037,18.505953,73.86157,Low
LOC000704,Synthetic Restaurant - Bhosari 0704,Restaurant,"719, Nagar Road, Bhosari, Pune",Bhosari,Pune,Pune,Maharashtra,411039,18.628856,73.853588,Medium
LOC000705,Synthetic Workplace - Bhosari 0705,Workplace,"497, Nagar Road, Bhosari, Pune",Bhosari,Pune,Pune,Maharashtra,411039,18.635856,73.843503,High
LOC000706,Synthetic Residence - Swargate 0706,Residence,"681, Temple Road, Swargate, Pune",Swargate,Pune,Pune,Maharashtra,411037,18.507677,73.858698,Medium
LOC000707,Synthetic Transport Hub - Dhankawadi 0707,Transport Hub,"556, Park Road, Dhankawadi, Pune",Dhankawadi,Pune,Pune,Maharashtra,411043,18.46321,73.853313,Low
LOC000708,Synthetic Residence - Dhankawadi 0708,Residence,"951, Industrial Road, Dhankawadi, Pune",Dhankawadi,Pune,Pune,Maharashtra,411043,18.471827,73.844808,Low
LOC000709,Synthetic Workplace - Aundh 0709,Workplace,"320, Market Road, Aundh, Pune",Aundh,Pune,Pune,Maharashtra,411007,18.564902,73.808424,Medium
LOC000710,Synthetic Crime Scene - Bhosari 0710,Crime Scene,"780, Canal Road, Bhosari, Pune",Bhosari,Pune,Pune,Maharashtra,411039,18.622419,73.842237,Medium
LOC000711,Synthetic Workplace - Yerawada 0711,Workplace,"910, Industrial Road, Yerawada, Pune",Yerawada,Pune,Pune,Maharashtra,411006,18.555027,73.87516,Medium
LOC000712,Synthetic Workplace - Bhosari 0712,Workplace,"188, Nagar Road, Bhosari, Pune",Bhosari,Pune,Pune,Maharashtra,411039,18.627013,73.85214,Medium
LOC000713,Synthetic Workplace - Pimpri 0713,Workplace,"165, Park Road, Pimpri, Pune",Pimpri,Pune,Pune,Maharashtra,411018,18.631715,73.795598,Low
LOC000714,Synthetic Other - Yerawada 0714,Other,"22, Temple Road, Yerawada, Pune",Yerawada,Pune,Pune,Maharashtra,411006,18.548618,73.878418,Medium
LOC000715,Synthetic Crime Scene - Yerawada 0715,Crime Scene,"501, Link Road, Yerawada, Pune",Yerawada,Pune,Pune,Maharashtra,411006,18.554286,73.874568,Low
LOC000716,Synthetic Transport Hub - Wakad 0716,Transport Hub,"661, Main Road, Wakad, Pune",Wakad,Pune,Pune,Maharashtra,411057,18.599125,73.770851,Low
LOC000717,Synthetic Residence - Aundh 0717,Residence,"108, Main Road, Aundh, Pune",Aundh,Pune,Pune,Maharashtra,411007,18.56069,73.806995,Low
LOC000718,Synthetic Meeting Point - Aundh 0718,Meeting Point,"309, College Road, Aundh, Pune",Aundh,Pune,Pune,Maharashtra,411007,18.553709,73.807128,High
LOC000719,Synthetic Residence - Baner 0719,Residence,"135, Park Road, Baner, Pune",Baner,Pune,Pune,Maharashtra,411045,18.554634,73.791779,Medium
LOC000720,Synthetic Warehouse - Aundh 0720,Warehouse,"121, Main Road, Aundh, Pune",Aundh,Pune,Pune,Maharashtra,411007,18.5599,73.799308,Low
LOC000721,Synthetic Residence - Hadapsar 0721,Residence,"728, Nagar Road, Hadapsar, Pune",Hadapsar,Pune,Pune,Maharashtra,411028,18.502283,73.928362,Low
LOC000722,Synthetic Meeting Point - Kothrud 0722,Meeting Point,"381, Canal Road, Kothrud, Pune",Kothrud,Pune,Pune,Maharashtra,411038,18.506176,73.814646,Medium
LOC000723,Synthetic Residence - Aundh 0723,Residence,"899, Market Road, Aundh, Pune",Aundh,Pune,Pune,Maharashtra,411007,18.551426,73.802357,Low
LOC000724,Synthetic Workplace - Baner 0724,Workplace,"256, Nagar Road, Baner, Pune",Baner,Pune,Pune,Maharashtra,411045,18.555634,73.794112,Low
LOC000725,Synthetic Crime Scene - Chinchwad 0725,Crime Scene,"905, Park Road, Chinchwad, Pune",Chinchwad,Pune,Pune,Maharashtra,411033,18.635863,73.798931,Low
LOC000726,Synthetic Residence - Bhosari 0726,Residence,"113, Temple Road, Bhosari, Pune",Bhosari,Pune,Pune,Maharashtra,411039,18.63396,73.850939,High
LOC000727,Synthetic Workplace - Chinchwad 0727,Workplace,"313, Temple Road, Chinchwad, Pune",Chinchwad,Pune,Pune,Maharashtra,411033,18.628618,73.801673,Low
LOC000728,Synthetic Warehouse - Chinchwad 0728,Warehouse,"838, Park Road, Chinchwad, Pune",Chinchwad,Pune,Pune,Maharashtra,411033,18.62767,73.801876,Medium
LOC000729,Synthetic Residence - Yerawada 0729,Residence,"430, Temple Road, Yerawada, Pune",Yerawada,Pune,Pune,Maharashtra,411006,18.554819,73.881083,Medium
LOC000730,Synthetic Crime Scene - Wakad 0730,Crime Scene,"16, College Road, Wakad, Pune",Wakad,Pune,Pune,Maharashtra,411057,18.60266,73.755666,Low
LOC000731,Synthetic Warehouse - Swargate 0731,Warehouse,"558, Main Road, Swargate, Pune",Swargate,Pune,Pune,Maharashtra,411037,18.503511,73.86395,Low
LOC000732,Synthetic Transport Hub - Chinchwad 0732,Transport Hub,"670, Nagar Road, Chinchwad, Pune",Chinchwad,Pune,Pune,Maharashtra,411033,18.635689,73.799011,Medium
LOC000733,Synthetic Crime Scene - Shivajinagar 0733,Crime Scene,"342, Link Road, Shivajinagar, Pune",Shivajinagar,Pune,Pune,Maharashtra,411005,18.524022,73.849378,Low
LOC000734,Synthetic Meeting Point - Viman Nagar 0734,Meeting Point,"818, Link Road, Viman Nagar, Pune",Viman Nagar,Pune,Pune,Maharashtra,411014,18.566205,73.917952,Medium
LOC000735,Synthetic Hotel - Baner 0735,Hotel,"687, Park Road, Baner, Pune",Baner,Pune,Pune,Maharashtra,411045,18.557816,73.780814,Medium
LOC000736,Synthetic Meeting Point - Pimpri 0736,Meeting Point,"916, Park Road, Pimpri, Pune",Pimpri,Pune,Pune,Maharashtra,411018,18.62616,73.795968,Medium
LOC000737,Synthetic Transport Hub - Bhosari 0737,Transport Hub,"249, Industrial Road, Bhosari, Pune",Bhosari,Pune,Pune,Maharashtra,411039,18.633326,73.845864,Low
LOC000738,Synthetic Police Station - Pimpri,Police Station,"477, Nagar Road, Pimpri, Pune",Pimpri,Pune,Pune,Maharashtra,411018,18.624959,73.7979,High
LOC000739,Synthetic Residence - Wakad 0739,Residence,"212, Temple Road, Wakad, Pune",Wakad,Pune,Pune,Maharashtra,411057,18.597018,73.770912,Medium
LOC000740,Synthetic ATM - Kondhwa 0740,ATM,"857, Main Road, Kondhwa, Pune",Kondhwa,Pune,Pune,Maharashtra,411048,18.469961,73.892423,Low
LOC000741,Synthetic Residence - Dhankawadi 0741,Residence,"418, Market Road, Dhankawadi, Pune",Dhankawadi,Pune,Pune,Maharashtra,411043,18.466137,73.841584,Low
LOC000742,Synthetic Bank - Viman Nagar 0742,Bank,"318, Market Road, Viman Nagar, Pune",Viman Nagar,Pune,Pune,Maharashtra,411014,18.562569,73.908381,Low
LOC000743,Synthetic Meeting Point - Yerawada 0743,Meeting Point,"877, Market Road, Yerawada, Pune",Yerawada,Pune,Pune,Maharashtra,411006,18.545643,73.880429,Low
LOC000744,Synthetic ATM - Chinchwad 0744,ATM,"906, Temple Road, Chinchwad, Pune",Chinchwad,Pune,Pune,Maharashtra,411033,18.633744,73.801693,High
LOC000745,Synthetic Residence - Viman Nagar 0745,Residence,"940, Market Road, Viman Nagar, Pune",Viman Nagar,Pune,Pune,Maharashtra,411014,18.560767,73.911466,Low
LOC000746,Synthetic Restaurant - Vishrantwadi 0746,Restaurant,"818, Main Road, Vishrantwadi, Pune",Vishrantwadi,Pune,Pune,Maharashtra,411015,18.573154,73.87285,Low
LOC000747,Synthetic Residence - Shivajinagar 0747,Residence,"626, Market Road, Shivajinagar, Pune",Shivajinagar,Pune,Pune,Maharashtra,411005,18.528394,73.84514,Low
LOC000748,Synthetic Residence - Hadapsar 0748,Residence,"804, Industrial Road, Hadapsar, Pune",Hadapsar,Pune,Pune,Maharashtra,411028,18.507194,73.923107,Low
LOC000749,Synthetic Restaurant - Hadapsar 0749,Restaurant,"155, Industrial Road, Hadapsar, Pune",Hadapsar,Pune,Pune,Maharashtra,411028,18.508246,73.929198,Medium
LOC000750,Synthetic Transport Hub - Kondhwa 0750,Transport Hub,"990, Link Road, Kondhwa, Pune",Kondhwa,Pune,Pune,Maharashtra,411048,18.467946,73.888693,High
LOC000751,Synthetic Crime Scene - Chinchwad 0751,Crime Scene,"594, Canal Road, Chinchwad, Pune",Chinchwad,Pune,Pune,Maharashtra,411033,18.631047,73.807305,Low
LOC000752,Synthetic Restaurant - Hadapsar 0752,Restaurant,"437, Nagar Road, Hadapsar, Pune",Hadapsar,Pune,Pune,Maharashtra,411028,18.506361,73.923229,Medium
LOC000753,Synthetic Residence - Kondhwa 0753,Residence,"421, Market Road, Kondhwa, Pune",Kondhwa,Pune,Pune,Maharashtra,411048,18.470679,73.889821,Medium
LOC000754,Synthetic Residence - Aundh 0754,Residence,"641, Park Road, Aundh, Pune",Aundh,Pune,Pune,Maharashtra,411007,18.552675,73.812133,Low
LOC000755,Synthetic Crime Scene - Wakad 0755,Crime Scene,"129, Link Road, Wakad, Pune",Wakad,Pune,Pune,Maharashtra,411057,18.596733,73.769263,Medium
LOC000756,Synthetic Meeting Point - Shivajinagar 0756,Meeting Point,"544, Station Road, Shivajinagar, Pune",Shivajinagar,Pune,Pune,Maharashtra,411005,18.524015,73.842772,Low
LOC000757,Synthetic Restaurant - Viman Nagar 0757,Restaurant,"673, Main Road, Viman Nagar, Pune",Viman Nagar,Pune,Pune,Maharashtra,411014,18.560581,73.91454,Low
LOC000758,Synthetic Restaurant - Hadapsar 0758,Restaurant,"765, Nagar Road, Hadapsar, Pune",Hadapsar,Pune,Pune,Maharashtra,411028,18.500977,73.918921,Medium
LOC000759,Synthetic Crime Scene - Pimpri 0759,Crime Scene,"607, Link Road, Pimpri, Pune",Pimpri,Pune,Pune,Maharashtra,411018,18.632892,73.792969,Medium
LOC000760,Synthetic Police Station - Bhosari,Police Station,"821, Park Road, Bhosari, Pune",Bhosari,Pune,Pune,Maharashtra,411039,18.634287,73.847038,Low
LOC000761,Synthetic Bank - Katraj 0761,Bank,"211, Park Road, Katraj, Pune",Katraj,Pune,Pune,Maharashtra,411046,18.460765,73.858624,Low
LOC000762,Synthetic Crime Scene - Swargate 0762,Crime Scene,"616, Market Road, Swargate, Pune",Swargate,Pune,Pune,Maharashtra,411037,18.499681,73.860454,Low
LOC000763,Synthetic ATM - Chinchwad 0763,ATM,"920, Industrial Road, Chinchwad, Pune",Chinchwad,Pune,Pune,Maharashtra,411033,18.630952,73.797316,Medium
LOC000764,Synthetic Workplace - Kondhwa 0764,Workplace,"133, Station Road, Kondhwa, Pune",Kondhwa,Pune,Pune,Maharashtra,411048,18.461289,73.895701,High
LOC000765,Synthetic Warehouse - Viman Nagar 0765,Warehouse,"117, Station Road, Viman Nagar, Pune",Viman Nagar,Pune,Pune,Maharashtra,411014,18.57019,73.910276,Medium
LOC000766,Synthetic Residence - Wakad 0766,Residence,"989, Industrial Road, Wakad, Pune",Wakad,Pune,Pune,Maharashtra,411057,18.596531,73.76411,Low
LOC000767,Synthetic Residence - Katraj 0767,Residence,"128, Canal Road, Katraj, Pune",Katraj,Pune,Pune,Maharashtra,411046,18.450854,73.862259,High
LOC000768,Synthetic Bank - Baner 0768,Bank,"362, Industrial Road, Baner, Pune",Baner,Pune,Pune,Maharashtra,411045,18.566393,73.785693,High
LOC000769,Synthetic Residence - Kothrud 0769,Residence,"422, Link Road, Kothrud, Pune",Kothrud,Pune,Pune,Maharashtra,411038,18.512491,73.807661,Medium
LOC000770,Synthetic Other - Swargate 0770,Other,"891, Market Road, Swargate, Pune",Swargate,Pune,Pune,Maharashtra,411037,18.505282,73.856263,Low
LOC000771,Synthetic Residence - Vishrantwadi 0771,Residence,"52, Canal Road, Vishrantwadi, Pune",Vishrantwadi,Pune,Pune,Maharashtra,411015,18.564336,73.880409,Low
LOC000772,Synthetic Bank - Yerawada 0772,Bank,"65, Nagar Road, Yerawada, Pune",Yerawada,Pune,Pune,Maharashtra,411006,18.541498,73.885255,Low
LOC000773,Synthetic Residence - Katraj 0773,Residence,"172, Nagar Road, Katraj, Pune",Katraj,Pune,Pune,Maharashtra,411046,18.459818,73.864553,Low
LOC000774,Synthetic Restaurant - Dhankawadi 0774,Restaurant,"999, Market Road, Dhankawadi, Pune",Dhankawadi,Pune,Pune,Maharashtra,411043,18.463327,73.843619,Medium
LOC000775,Synthetic Workplace - Viman Nagar 0775,Workplace,"915, Link Road, Viman Nagar, Pune",Viman Nagar,Pune,Pune,Maharashtra,411014,18.569926,73.912328,High
LOC000776,Synthetic Crime Scene - Katraj 0776,Crime Scene,"615, Temple Road, Katraj, Pune",Katraj,Pune,Pune,Maharashtra,411046,18.452552,73.869354,Medium
LOC000777,Synthetic Meeting Point - Bhosari 0777,Meeting Point,"844, Temple Road, Bhosari, Pune",Bhosari,Pune,Pune,Maharashtra,411039,18.632989,73.843904,Low
LOC000778,Synthetic Meeting Point - Shivajinagar 0778,Meeting Point,"294, Market Road, Shivajinagar, Pune",Shivajinagar,Pune,Pune,Maharashtra,411005,18.530505,73.848115,Medium
LOC000779,Synthetic Workplace - Kondhwa 0779,Workplace,"114, Nagar Road, Kondhwa, Pune",Kondhwa,Pune,Pune,Maharashtra,411048,18.471726,73.885611,Medium
LOC000780,Synthetic Transport Hub - Kondhwa 0780,Transport Hub,"172, Temple Road, Kondhwa, Pune",Kondhwa,Pune,Pune,Maharashtra,411048,18.462335,73.886406,Medium
LOC000781,Synthetic Hotel - Kondhwa 0781,Hotel,"498, Canal Road, Kondhwa, Pune",Kondhwa,Pune,Pune,Maharashtra,411048,18.462663,73.889557,Low
LOC000782,Synthetic Restaurant - Bhosari 0782,Restaurant,"330, Park Road, Bhosari, Pune",Bhosari,Pune,Pune,Maharashtra,411039,18.63247,73.849967,Low
LOC000783,Synthetic Crime Scene - Viman Nagar 0783,Crime Scene,"477, Temple Road, Viman Nagar, Pune",Viman Nagar,Pune,Pune,Maharashtra,411014,18.572197,73.906583,Low
LOC000784,Synthetic Police Station - Aundh,Police Station,"942, Station Road, Aundh, Pune",Aundh,Pune,Pune,Maharashtra,411007,18.563428,73.810648,Low
LOC000785,Synthetic Bank - Baner 0785,Bank,"68, Main Road, Baner, Pune",Baner,Pune,Pune,Maharashtra,411045,18.555764,73.785022,Low
LOC000786,Synthetic Transport Hub - Kothrud 0786,Transport Hub,"680, College Road, Kothrud, Pune",Kothrud,Pune,Pune,Maharashtra,411038,18.507967,73.808447,Low
LOC000787,Synthetic Transport Hub - Yerawada 0787,Transport Hub,"900, Industrial Road, Yerawada, Pune",Yerawada,Pune,Pune,Maharashtra,411006,18.543888,73.871015,Low
LOC000788,Synthetic Workplace - Katraj 0788,Workplace,"192, Canal Road, Katraj, Pune",Katraj,Pune,Pune,Maharashtra,411046,18.447191,73.859474,Medium
LOC000789,Synthetic Bank - Dhankawadi 0789,Bank,"370, Main Road, Dhankawadi, Pune",Dhankawadi,Pune,Pune,Maharashtra,411043,18.462092,73.849622,Medium
LOC000790,Synthetic Meeting Point - Wakad 0790,Meeting Point,"490, College Road, Wakad, Pune",Wakad,Pune,Pune,Maharashtra,411057,18.601339,73.757701,Medium
LOC000791,Synthetic Residence - Hadapsar 0791,Residence,"433, Station Road, Hadapsar, Pune",Hadapsar,Pune,Pune,Maharashtra,411028,18.501892,73.928125,Low
LOC000792,Synthetic Restaurant - Kothrud 0792,Restaurant,"561, Main Road, Kothrud, Pune",Kothrud,Pune,Pune,Maharashtra,411038,18.504412,73.809951,Medium
LOC000793,Synthetic Crime Scene - Kondhwa 0793,Crime Scene,"686, Main Road, Kondhwa, Pune",Kondhwa,Pune,Pune,Maharashtra,411048,18.464576,73.895995,Low
LOC000794,Synthetic Workplace - Kondhwa 0794,Workplace,"307, College Road, Kondhwa, Pune",Kondhwa,Pune,Pune,Maharashtra,411048,18.474264,73.895898,Low
LOC000795,Synthetic Residence - Swargate 0795,Residence,"621, Station Road, Swargate, Pune",Swargate,Pune,Pune,Maharashtra,411037,18.496907,73.856049,Low
LOC000796,Synthetic Transport Hub - Chinchwad 0796,Transport Hub,"579, Temple Road, Chinchwad, Pune",Chinchwad,Pune,Pune,Maharashtra,411033,18.634199,73.796638,Low
LOC000797,Synthetic Residence - Wakad 0797,Residence,"261, College Road, Wakad, Pune",Wakad,Pune,Pune,Maharashtra,411057,18.594225,73.761787,Low
LOC000798,Synthetic Residence - Katraj 0798,Residence,"879, Nagar Road, Katraj, Pune",Katraj,Pune,Pune,Maharashtra,411046,18.460033,73.861395,Low
LOC000799,Synthetic Workplace - Baner 0799,Workplace,"860, Link Road, Baner, Pune",Baner,Pune,Pune,Maharashtra,411045,18.55183,73.794562,Low
LOC000800,Synthetic Workplace - Kothrud 0800,Workplace,"924, Main Road, Kothrud, Pune",Kothrud,Pune,Pune,Maharashtra,411038,18.505496,73.810849,Low
LOC000801,Synthetic Crime Scene - Shivajinagar 0801,Crime Scene,"480, Link Road, Shivajinagar, Pune",Shivajinagar,Pune,Pune,Maharashtra,411005,18.525897,73.847352,Low
LOC000802,Synthetic Residence - Bhosari 0802,Residence,"11, Canal Road, Bhosari, Pune",Bhosari,Pune,Pune,Maharashtra,411039,18.622455,73.839667,Low
LOC000803,Synthetic Residence - Vishrantwadi 0803,Residence,"112, Temple Road, Vishrantwadi, Pune",Vishrantwadi,Pune,Pune,Maharashtra,411015,18.560599,73.879848,Low
LOC000804,Synthetic Warehouse - Viman Nagar 0804,Warehouse,"421, Industrial Road, Viman Nagar, Pune",Viman Nagar,Pune,Pune,Maharashtra,411014,18.564143,73.922064,Low
LOC000805,Synthetic ATM - Dhankawadi 0805,ATM,"851, Station Road, Dhankawadi, Pune",Dhankawadi,Pune,Pune,Maharashtra,411043,18.471787,73.846501,Low
LOC000806,Synthetic Crime Scene - Swargate 0806,Crime Scene,"957, Market Road, Swargate, Pune",Swargate,Pune,Pune,Maharashtra,411037,18.500536,73.859622,Low
LOC000807,Synthetic Restaurant - Katraj 0807,Restaurant,"205, Nagar Road, Katraj, Pune",Katraj,Pune,Pune,Maharashtra,411046,18.459321,73.860316,Low
LOC000808,Synthetic Restaurant - Wakad 0808,Restaurant,"599, Industrial Road, Wakad, Pune",Wakad,Pune,Pune,Maharashtra,411057,18.591803,73.756545,Medium
LOC000809,Synthetic Meeting Point - Aundh 0809,Meeting Point,"636, Canal Road, Aundh, Pune",Aundh,Pune,Pune,Maharashtra,411007,18.564241,73.806467,Low
LOC000810,Synthetic ATM - Katraj 0810,ATM,"361, College Road, Katraj, Pune",Katraj,Pune,Pune,Maharashtra,411046,18.460687,73.861523,Low
LOC000811,Synthetic Bank - Vishrantwadi 0811,Bank,"468, Nagar Road, Vishrantwadi, Pune",Vishrantwadi,Pune,Pune,Maharashtra,411015,18.565005,73.876872,Low
LOC000812,Synthetic Residence - Aundh 0812,Residence,"38, Canal Road, Aundh, Pune",Aundh,Pune,Pune,Maharashtra,411007,18.561868,73.803988,Medium
LOC000813,Synthetic Meeting Point - Viman Nagar 0813,Meeting Point,"489, Industrial Road, Viman Nagar, Pune",Viman Nagar,Pune,Pune,Maharashtra,411014,18.570397,73.912683,High
LOC000814,Synthetic Restaurant - Pimpri 0814,Restaurant,"974, Nagar Road, Pimpri, Pune",Pimpri,Pune,Pune,Maharashtra,411018,18.631905,73.806266,Low
LOC000815,Synthetic Workplace - Wakad 0815,Workplace,"973, Station Road, Wakad, Pune",Wakad,Pune,Pune,Maharashtra,411057,18.596869,73.760211,Low
LOC000816,Synthetic Police Station - Dhankawadi,Police Station,"209, Nagar Road, Dhankawadi, Pune",Dhankawadi,Pune,Pune,Maharashtra,411043,18.474646,73.851,Medium
LOC000817,Synthetic ATM - Vishrantwadi 0817,ATM,"98, Industrial Road, Vishrantwadi, Pune",Vishrantwadi,Pune,Pune,Maharashtra,411015,18.56684,73.872414,Low
LOC000818,Synthetic Residence - Kondhwa 0818,Residence,"744, Park Road, Kondhwa, Pune",Kondhwa,Pune,Pune,Maharashtra,411048,18.46271,73.890546,Medium
LOC000819,Synthetic Workplace - Swargate 0819,Workplace,"118, College Road, Swargate, Pune",Swargate,Pune,Pune,Maharashtra,411037,18.504911,73.858708,Low
LOC000820,Synthetic Bank - Shivajinagar 0820,Bank,"613, Canal Road, Shivajinagar, Pune",Shivajinagar,Pune,Pune,Maharashtra,411005,18.528504,73.85272,Medium
LOC000821,Synthetic Meeting Point - Swargate 0821,Meeting Point,"264, Station Road, Swargate, Pune",Swargate,Pune,Pune,Maharashtra,411037,18.508253,73.867764,Low
LOC000822,Synthetic Workplace - Chinchwad 0822,Workplace,"987, Link Road, Chinchwad, Pune",Chinchwad,Pune,Pune,Maharashtra,411033,18.631867,73.802389,Low
LOC000823,Synthetic Restaurant - Pimpri 0823,Restaurant,"826, Station Road, Pimpri, Pune",Pimpri,Pune,Pune,Maharashtra,411018,18.634183,73.806794,High
LOC000824,Synthetic Meeting Point - Kothrud 0824,Meeting Point,"596, Main Road, Kothrud, Pune",Kothrud,Pune,Pune,Maharashtra,411038,18.500217,73.810241,Low
LOC000825,Synthetic Warehouse - Aundh 0825,Warehouse,"572, Link Road, Aundh, Pune",Aundh,Pune,Pune,Maharashtra,411007,18.555522,73.809887,High
LOC000826,Synthetic Residence - Aundh 0826,Residence,"409, College Road, Aundh, Pune",Aundh,Pune,Pune,Maharashtra,411007,18.556518,73.812085,Medium
LOC000827,Synthetic Residence - Dhankawadi 0827,Residence,"165, College Road, Dhankawadi, Pune",Dhankawadi,Pune,Pune,Maharashtra,411043,18.464377,73.855485,Low
LOC000828,Synthetic Restaurant - Kondhwa 0828,Restaurant,"209, Canal Road, Kondhwa, Pune",Kondhwa,Pune,Pune,Maharashtra,411048,18.473858,73.894338,Medium
LOC000829,Synthetic Crime Scene - Viman Nagar 0829,Crime Scene,"623, Industrial Road, Viman Nagar, Pune",Viman Nagar,Pune,Pune,Maharashtra,411014,18.564909,73.919223,Low
LOC000830,Synthetic Other - Wakad 0830,Other,"234, Nagar Road, Wakad, Pune",Wakad,Pune,Pune,Maharashtra,411057,18.601161,73.764019,Low
LOC000831,Synthetic Crime Scene - Bhosari 0831,Crime Scene,"578, Temple Road, Bhosari, Pune",Bhosari,Pune,Pune,Maharashtra,411039,18.627701,73.849436,Low
LOC000832,Synthetic Crime Scene - Hadapsar 0832,Crime Scene,"909, Main Road, Hadapsar, Pune",Hadapsar,Pune,Pune,Maharashtra,411028,18.511279,73.930203,Low
LOC000833,Synthetic Hotel - Aundh 0833,Hotel,"985, Main Road, Aundh, Pune",Aundh,Pune,Pune,Maharashtra,411007,18.558971,73.799513,Low
LOC000834,Synthetic Residence - Vishrantwadi 0834,Residence,"840, Nagar Road, Vishrantwadi, Pune",Vishrantwadi,Pune,Pune,Maharashtra,411015,18.569239,73.874712,Low
LOC000835,Synthetic Other - Kondhwa 0835,Other,"201, Nagar Road, Kondhwa, Pune",Kondhwa,Pune,Pune,Maharashtra,411048,18.469777,73.897126,Low
LOC000836,Synthetic Residence - Pimpri 0836,Residence,"185, Nagar Road, Pimpri, Pune",Pimpri,Pune,Pune,Maharashtra,411018,18.631523,73.796485,Medium
LOC000837,Synthetic Hotel - Baner 0837,Hotel,"532, Park Road, Baner, Pune",Baner,Pune,Pune,Maharashtra,411045,18.559592,73.782218,Low
LOC000838,Synthetic Other - Shivajinagar 0838,Other,"319, Canal Road, Shivajinagar, Pune",Shivajinagar,Pune,Pune,Maharashtra,411005,18.538282,73.842724,Low
LOC000839,Synthetic Bank - Bhosari 0839,Bank,"146, Industrial Road, Bhosari, Pune",Bhosari,Pune,Pune,Maharashtra,411039,18.632858,73.840107,Medium
LOC000840,Synthetic ATM - Swargate 0840,ATM,"695, Market Road, Swargate, Pune",Swargate,Pune,Pune,Maharashtra,411037,18.497409,73.857393,Low
LOC000841,Synthetic Warehouse - Viman Nagar 0841,Warehouse,"437, Canal Road, Viman Nagar, Pune",Viman Nagar,Pune,Pune,Maharashtra,411014,18.570003,73.914413,Medium
LOC000842,Synthetic Workplace - Hadapsar 0842,Workplace,"842, Temple Road, Hadapsar, Pune",Hadapsar,Pune,Pune,Maharashtra,411028,18.508545,73.922453,Medium
LOC000843,Synthetic Bank - Pimpri 0843,Bank,"302, Temple Road, Pimpri, Pune",Pimpri,Pune,Pune,Maharashtra,411018,18.626446,73.79848,Low
LOC000844,Synthetic Other - Swargate 0844,Other,"30, Park Road, Swargate, Pune",Swargate,Pune,Pune,Maharashtra,411037,18.506839,73.86046,Medium
LOC000845,Synthetic Residence - Bhosari 0845,Residence,"402, Market Road, Bhosari, Pune",Bhosari,Pune,Pune,Maharashtra,411039,18.633393,73.839641,Low
LOC000846,Synthetic Residence - Viman Nagar 0846,Residence,"317, Station Road, Viman Nagar, Pune",Viman Nagar,Pune,Pune,Maharashtra,411014,18.563484,73.91455,High
LOC000847,Synthetic Workplace - Wakad 0847,Workplace,"450, Station Road, Wakad, Pune",Wakad,Pune,Pune,Maharashtra,411057,18.596877,73.756159,High
LOC000848,Synthetic Bank - Shivajinagar 0848,Bank,"963, Industrial Road, Shivajinagar, Pune",Shivajinagar,Pune,Pune,Maharashtra,411005,18.53533,73.84319,Low
LOC000849,Synthetic ATM - Baner 0849,ATM,"172, College Road, Baner, Pune",Baner,Pune,Pune,Maharashtra,411045,18.566219,73.780672,Low
LOC000850,Synthetic Warehouse - Vishrantwadi 0850,Warehouse,"289, Station Road, Vishrantwadi, Pune",Vishrantwadi,Pune,Pune,Maharashtra,411015,18.562038,73.880521,Low
LOC000851,Synthetic Transport Hub - Baner 0851,Transport Hub,"26, Main Road, Baner, Pune",Baner,Pune,Pune,Maharashtra,411045,18.552454,73.787542,High
LOC000852,Synthetic Crime Scene - Dhankawadi 0852,Crime Scene,"368, Station Road, Dhankawadi, Pune",Dhankawadi,Pune,Pune,Maharashtra,411043,18.468387,73.847079,Low
LOC000853,Synthetic ATM - Kondhwa 0853,ATM,"814, Link Road, Kondhwa, Pune",Kondhwa,Pune,Pune,Maharashtra,411048,18.463726,73.884163,Low
LOC000854,Synthetic Warehouse - Katraj 0854,Warehouse,"492, College Road, Katraj, Pune",Katraj,Pune,Pune,Maharashtra,411046,18.453031,73.872119,Low
LOC000855,Synthetic Residence - Wakad 0855,Residence,"670, Canal Road, Wakad, Pune",Wakad,Pune,Pune,Maharashtra,411057,18.606275,73.7612,Low
LOC000856,Synthetic ATM - Swargate 0856,ATM,"76, Main Road, Swargate, Pune",Swargate,Pune,Pune,Maharashtra,411037,18.498491,73.862984,Medium
LOC000857,Synthetic Crime Scene - Kondhwa 0857,Crime Scene,"162, Temple Road, Kondhwa, Pune",Kondhwa,Pune,Pune,Maharashtra,411048,18.466752,73.884763,Medium
LOC000858,Synthetic Residence - Kondhwa 0858,Residence,"757, Park Road, Kondhwa, Pune",Kondhwa,Pune,Pune,Maharashtra,411048,18.469411,73.896384,Medium
LOC000859,Synthetic Residence - Aundh 0859,Residence,"141, Industrial Road, Aundh, Pune",Aundh,Pune,Pune,Maharashtra,411007,18.551421,73.805274,Medium
LOC000860,Synthetic Workplace - Swargate 0860,Workplace,"324, Station Road, Swargate, Pune",Swargate,Pune,Pune,Maharashtra,411037,18.505352,73.863351,Low
LOC000861,Synthetic ATM - Kothrud 0861,ATM,"896, Park Road, Kothrud, Pune",Kothrud,Pune,Pune,Maharashtra,411038,18.501103,73.807235,Medium
LOC000862,Synthetic Residence - Aundh 0862,Residence,"397, Canal Road, Aundh, Pune",Aundh,Pune,Pune,Maharashtra,411007,18.563572,73.802281,Low
LOC000863,Synthetic Hotel - Vishrantwadi 0863,Hotel,"283, Link Road, Vishrantwadi, Pune",Vishrantwadi,Pune,Pune,Maharashtra,411015,18.567051,73.87198,Low
LOC000864,Synthetic Crime Scene - Vishrantwadi 0864,Crime Scene,"468, Temple Road, Vishrantwadi, Pune",Vishrantwadi,Pune,Pune,Maharashtra,411015,18.570086,73.882042,Medium
LOC000865,Synthetic Workplace - Aundh 0865,Workplace,"136, Main Road, Aundh, Pune",Aundh,Pune,Pune,Maharashtra,411007,18.55924,73.801912,Medium
LOC000866,Synthetic ATM - Chinchwad 0866,ATM,"13, Industrial Road, Chinchwad, Pune",Chinchwad,Pune,Pune,Maharashtra,411033,18.636298,73.802337,Low
LOC000867,Synthetic Residence - Viman Nagar 0867,Residence,"205, Market Road, Viman Nagar, Pune",Viman Nagar,Pune,Pune,Maharashtra,411014,18.563239,73.912304,Low
LOC000868,Synthetic Hotel - Wakad 0868,Hotel,"430, Temple Road, Wakad, Pune",Wakad,Pune,Pune,Maharashtra,411057,18.60205,73.765259,Medium
LOC000869,Synthetic Meeting Point - Bhosari 0869,Meeting Point,"467, Market Road, Bhosari, Pune",Bhosari,Pune,Pune,Maharashtra,411039,18.625977,73.839093,High
LOC000870,Synthetic Residence - Viman Nagar 0870,Residence,"879, Market Road, Viman Nagar, Pune",Viman Nagar,Pune,Pune,Maharashtra,411014,18.575321,73.917596,Low
LOC000871,Synthetic Warehouse - Kondhwa 0871,Warehouse,"945, Main Road, Kondhwa, Pune",Kondhwa,Pune,Pune,Maharashtra,411048,18.466316,73.887658,Low
LOC000872,Synthetic Crime Scene - Chinchwad 0872,Crime Scene,"656, Park Road, Chinchwad, Pune",Chinchwad,Pune,Pune,Maharashtra,411033,18.631974,73.793711,Low
LOC000873,Synthetic Crime Scene - Katraj 0873,Crime Scene,"634, Link Road, Katraj, Pune",Katraj,Pune,Pune,Maharashtra,411046,18.452196,73.861408,Medium
LOC000874,Synthetic Other - Wakad 0874,Other,"518, Temple Road, Wakad, Pune",Wakad,Pune,Pune,Maharashtra,411057,18.606686,73.770262,Medium
LOC000875,Synthetic Residence - Yerawada 0875,Residence,"594, Link Road, Yerawada, Pune",Yerawada,Pune,Pune,Maharashtra,411006,18.544399,73.875109,Low
LOC000876,Synthetic Restaurant - Dhankawadi 0876,Restaurant,"751, Canal Road, Dhankawadi, Pune",Dhankawadi,Pune,Pune,Maharashtra,411043,18.465043,73.850754,Low
LOC000877,Synthetic ATM - Wakad 0877,ATM,"964, Station Road, Wakad, Pune",Wakad,Pune,Pune,Maharashtra,411057,18.598945,73.76158,High
LOC000878,Synthetic Bank - Shivajinagar 0878,Bank,"827, Industrial Road, Shivajinagar, Pune",Shivajinagar,Pune,Pune,Maharashtra,411005,18.536042,73.843236,Low
LOC000879,Synthetic Police Station - Katraj,Police Station,"687, College Road, Katraj, Pune",Katraj,Pune,Pune,Maharashtra,411046,18.455213,73.866272,Medium
LOC000880,Synthetic ATM - Swargate 0880,ATM,"631, Park Road, Swargate, Pune",Swargate,Pune,Pune,Maharashtra,411037,18.508564,73.862278,Low
LOC000881,Synthetic Residence - Shivajinagar 0881,Residence,"691, Industrial Road, Shivajinagar, Pune",Shivajinagar,Pune,Pune,Maharashtra,411005,18.525478,73.842554,Low
LOC000882,Synthetic Restaurant - Katraj 0882,Restaurant,"577, Station Road, Katraj, Pune",Katraj,Pune,Pune,Maharashtra,411046,18.456703,73.872673,Low
LOC000883,Synthetic ATM - Shivajinagar 0883,ATM,"420, Market Road, Shivajinagar, Pune",Shivajinagar,Pune,Pune,Maharashtra,411005,18.537017,73.854227,Low
LOC000884,Synthetic Warehouse - Aundh 0884,Warehouse,"53, Main Road, Aundh, Pune",Aundh,Pune,Pune,Maharashtra,411007,18.556308,73.803605,Medium
LOC000885,Synthetic Meeting Point - Baner 0885,Meeting Point,"638, Industrial Road, Baner, Pune",Baner,Pune,Pune,Maharashtra,411045,18.556563,73.792362,Low
LOC000886,Synthetic Hotel - Shivajinagar 0886,Hotel,"925, Station Road, Shivajinagar, Pune",Shivajinagar,Pune,Pune,Maharashtra,411005,18.536213,73.84464,Low
LOC000887,Synthetic Transport Hub - Swargate 0887,Transport Hub,"625, Temple Road, Swargate, Pune",Swargate,Pune,Pune,Maharashtra,411037,18.507168,73.856366,High
LOC000888,Synthetic Police Station - Kothrud,Police Station,"608, Industrial Road, Kothrud, Pune",Kothrud,Pune,Pune,Maharashtra,411038,18.499609,73.811513,Low
LOC000889,Synthetic Crime Scene - Swargate 0889,Crime Scene,"895, Temple Road, Swargate, Pune",Swargate,Pune,Pune,Maharashtra,411037,18.503647,73.86684,Medium
LOC000890,Synthetic Transport Hub - Swargate 0890,Transport Hub,"479, Station Road, Swargate, Pune",Swargate,Pune,Pune,Maharashtra,411037,18.497668,73.869152,Medium
LOC000891,Synthetic Crime Scene - Yerawada 0891,Crime Scene,"650, Canal Road, Yerawada, Pune",Yerawada,Pune,Pune,Maharashtra,411006,18.541896,73.881521,Low
LOC000892,Synthetic Workplace - Dhankawadi 0892,Workplace,"871, Industrial Road, Dhankawadi, Pune",Dhankawadi,Pune,Pune,Maharashtra,411043,18.459865,73.846524,Low
LOC000893,Synthetic Meeting Point - Swargate 0893,Meeting Point,"92, Market Road, Swargate, Pune",Swargate,Pune,Pune,Maharashtra,411037,18.5004,73.859753,Medium
LOC000894,Synthetic Warehouse - Vishrantwadi 0894,Warehouse,"793, College Road, Vishrantwadi, Pune",Vishrantwadi,Pune,Pune,Maharashtra,411015,18.570662,73.880534,High
LOC000895,Synthetic Crime Scene - Wakad 0895,Crime Scene,"326, Industrial Road, Wakad, Pune",Wakad,Pune,Pune,Maharashtra,411057,18.595009,73.770952,Medium
LOC000896,Synthetic Residence - Wakad 0896,Residence,"122, Market Road, Wakad, Pune",Wakad,Pune,Pune,Maharashtra,411057,18.59794,73.76178,Low
LOC000897,Synthetic Restaurant - Shivajinagar 0897,Restaurant,"798, Station Road, Shivajinagar, Pune",Shivajinagar,Pune,Pune,Maharashtra,411005,18.53756,73.851377,High
LOC000898,Synthetic Bank - Swargate 0898,Bank,"322, Temple Road, Swargate, Pune",Swargate,Pune,Pune,Maharashtra,411037,18.505675,73.856895,Medium
LOC000899,Synthetic Police Station - Bhosari,Police Station,"866, Park Road, Bhosari, Pune",Bhosari,Pune,Pune,Maharashtra,411039,18.635385,73.840043,Low
LOC000900,Synthetic Meeting Point - Shivajinagar 0900,Meeting Point,"267, Park Road, Shivajinagar, Pune",Shivajinagar,Pune,Pune,Maharashtra,411005,18.534033,73.854995,Low
LOC000901,Synthetic Workplace - Hadapsar 0901,Workplace,"873, Canal Road, Hadapsar, Pune",Hadapsar,Pune,Pune,Maharashtra,411028,18.501363,73.926828,Low
LOC000902,Synthetic Crime Scene - Vishrantwadi 0902,Crime Scene,"247, Nagar Road, Vishrantwadi, Pune",Vishrantwadi,Pune,Pune,Maharashtra,411015,18.571905,73.87992,Medium
LOC000903,Synthetic Bank - Aundh 0903,Bank,"629, Link Road, Aundh, Pune",Aundh,Pune,Pune,Maharashtra,411007,18.553602,73.811707,Low
LOC000904,Synthetic Residence - Swargate 0904,Residence,"782, Nagar Road, Swargate, Pune",Swargate,Pune,Pune,Maharashtra,411037,18.499956,73.870537,Low
LOC000905,Synthetic Residence - Chinchwad 0905,Residence,"994, Nagar Road, Chinchwad, Pune",Chinchwad,Pune,Pune,Maharashtra,411033,18.621809,73.800342,High
LOC000906,Synthetic Bank - Shivajinagar 0906,Bank,"659, Park Road, Shivajinagar, Pune",Shivajinagar,Pune,Pune,Maharashtra,411005,18.526346,73.845922,Low
LOC000907,Synthetic Workplace - Bhosari 0907,Workplace,"522, Park Road, Bhosari, Pune",Bhosari,Pune,Pune,Maharashtra,411039,18.636007,73.84141,High
LOC000908,Synthetic ATM - Swargate 0908,ATM,"754, Temple Road, Swargate, Pune",Swargate,Pune,Pune,Maharashtra,411037,18.509603,73.862577,Medium
LOC000909,Synthetic Workplace - Wakad 0909,Workplace,"743, Park Road, Wakad, Pune",Wakad,Pune,Pune,Maharashtra,411057,18.599674,73.768745,Medium
LOC000910,Synthetic Bank - Bhosari 0910,Bank,"165, Market Road, Bhosari, Pune",Bhosari,Pune,Pune,Maharashtra,411039,18.623831,73.848314,Low
LOC000911,Synthetic Residence - Wakad 0911,Residence,"712, Market Road, Wakad, Pune",Wakad,Pune,Pune,Maharashtra,411057,18.591869,73.756325,Low
LOC000912,Synthetic Residence - Chinchwad 0912,Residence,"353, Market Road, Chinchwad, Pune",Chinchwad,Pune,Pune,Maharashtra,411033,18.632511,73.806677,High
LOC000913,Synthetic Residence - Pimpri 0913,Residence,"189, Main Road, Pimpri, Pune",Pimpri,Pune,Pune,Maharashtra,411018,18.626426,73.792944,Medium
LOC000914,Synthetic Bank - Dhankawadi 0914,Bank,"795, Link Road, Dhankawadi, Pune",Dhankawadi,Pune,Pune,Maharashtra,411043,18.470139,73.854581,Medium
LOC000915,Synthetic Crime Scene - Kondhwa 0915,Crime Scene,"393, Station Road, Kondhwa, Pune",Kondhwa,Pune,Pune,Maharashtra,411048,18.473843,73.891143,Low
LOC000916,Synthetic Warehouse - Dhankawadi 0916,Warehouse,"153, College Road, Dhankawadi, Pune",Dhankawadi,Pune,Pune,Maharashtra,411043,18.474417,73.849208,Low
LOC000917,Synthetic Transport Hub - Kondhwa 0917,Transport Hub,"570, Station Road, Kondhwa, Pune",Kondhwa,Pune,Pune,Maharashtra,411048,18.475966,73.896052,Medium
LOC000918,Synthetic Residence - Bhosari 0918,Residence,"596, Temple Road, Bhosari, Pune",Bhosari,Pune,Pune,Maharashtra,411039,18.637551,73.839211,Low
LOC000919,Synthetic Workplace - Chinchwad 0919,Workplace,"225, Nagar Road, Chinchwad, Pune",Chinchwad,Pune,Pune,Maharashtra,411033,18.63549,73.806646,Low
LOC000920,Synthetic Residence - Pimpri 0920,Residence,"404, Main Road, Pimpri, Pune",Pimpri,Pune,Pune,Maharashtra,411018,18.629932,73.797809,Low
LOC000921,Synthetic Residence - Katraj 0921,Residence,"364, Main Road, Katraj, Pune",Katraj,Pune,Pune,Maharashtra,411046,18.455309,73.86249,High
LOC000922,Synthetic Bank - Baner 0922,Bank,"48, Link Road, Baner, Pune",Baner,Pune,Pune,Maharashtra,411045,18.561505,73.790943,Medium
LOC000923,Synthetic Hotel - Viman Nagar 0923,Hotel,"676, Park Road, Viman Nagar, Pune",Viman Nagar,Pune,Pune,Maharashtra,411014,18.574586,73.912954,Medium
LOC000924,Synthetic Residence - Shivajinagar 0924,Residence,"91, Station Road, Shivajinagar, Pune",Shivajinagar,Pune,Pune,Maharashtra,411005,18.533792,73.841251,Low
LOC000925,Synthetic Meeting Point - Katraj 0925,Meeting Point,"916, Nagar Road, Katraj, Pune",Katraj,Pune,Pune,Maharashtra,411046,18.449463,73.872782,High
LOC000926,Synthetic Crime Scene - Katraj 0926,Crime Scene,"640, Station Road, Katraj, Pune",Katraj,Pune,Pune,Maharashtra,411046,18.448259,73.860896,Low
LOC000927,Synthetic Warehouse - Shivajinagar 0927,Warehouse,"587, Link Road, Shivajinagar, Pune",Shivajinagar,Pune,Pune,Maharashtra,411005,18.535169,73.853078,Low
LOC000928,Synthetic Transport Hub - Viman Nagar 0928,Transport Hub,"939, Nagar Road, Viman Nagar, Pune",Viman Nagar,Pune,Pune,Maharashtra,411014,18.566471,73.908829,Low
LOC000929,Synthetic Residence - Viman Nagar 0929,Residence,"437, Canal Road, Viman Nagar, Pune",Viman Nagar,Pune,Pune,Maharashtra,411014,18.564883,73.907937,Medium
LOC000930,Synthetic Residence - Baner 0930,Residence,"974, Temple Road, Baner, Pune",Baner,Pune,Pune,Maharashtra,411045,18.561616,73.789306,Medium
LOC000931,Synthetic Other - Aundh 0931,Other,"326, Link Road, Aundh, Pune",Aundh,Pune,Pune,Maharashtra,411007,18.559141,73.80477,Low
LOC000932,Synthetic Warehouse - Katraj 0932,Warehouse,"818, Link Road, Katraj, Pune",Katraj,Pune,Pune,Maharashtra,411046,18.458223,73.868275,High
LOC000933,Synthetic Meeting Point - Shivajinagar 0933,Meeting Point,"349, College Road, Shivajinagar, Pune",Shivajinagar,Pune,Pune,Maharashtra,411005,18.532789,73.85349,Low
LOC000934,Synthetic Workplace - Viman Nagar 0934,Workplace,"827, Industrial Road, Viman Nagar, Pune",Viman Nagar,Pune,Pune,Maharashtra,411014,18.575217,73.912573,Medium
LOC000935,Synthetic Meeting Point - Kondhwa 0935,Meeting Point,"179, Nagar Road, Kondhwa, Pune",Kondhwa,Pune,Pune,Maharashtra,411048,18.476184,73.896661,Medium
LOC000936,Synthetic Restaurant - Pimpri 0936,Restaurant,"875, College Road, Pimpri, Pune",Pimpri,Pune,Pune,Maharashtra,411018,18.627333,73.791708,Medium
LOC000937,Synthetic Police Station - Dhankawadi,Police Station,"463, Market Road, Dhankawadi, Pune",Dhankawadi,Pune,Pune,Maharashtra,411043,18.463712,73.853264,Medium
LOC000938,Synthetic Transport Hub - Kothrud 0938,Transport Hub,"331, Nagar Road, Kothrud, Pune",Kothrud,Pune,Pune,Maharashtra,411038,18.512834,73.813231,Low
LOC000939,Synthetic Workplace - Viman Nagar 0939,Workplace,"784, Industrial Road, Viman Nagar, Pune",Viman Nagar,Pune,Pune,Maharashtra,411014,18.569019,73.9216,Medium
LOC000940,Synthetic Residence - Aundh 0940,Residence,"361, Industrial Road, Aundh, Pune",Aundh,Pune,Pune,Maharashtra,411007,18.564919,73.813456,Low
LOC000941,Synthetic Residence - Shivajinagar 0941,Residence,"323, Industrial Road, Shivajinagar, Pune",Shivajinagar,Pune,Pune,Maharashtra,411005,18.525474,73.852702,Low
LOC000942,Synthetic Residence - Kondhwa 0942,Residence,"598, Park Road, Kondhwa, Pune",Kondhwa,Pune,Pune,Maharashtra,411048,18.465106,73.897525,Medium
LOC000943,Synthetic Residence - Chinchwad 0943,Residence,"350, Temple Road, Chinchwad, Pune",Chinchwad,Pune,Pune,Maharashtra,411033,18.634584,73.796712,Low
LOC000944,Synthetic Meeting Point - Aundh 0944,Meeting Point,"739, Station Road, Aundh, Pune",Aundh,Pune,Pune,Maharashtra,411007,18.564878,73.80536,Medium
LOC000945,Synthetic Other - Katraj 0945,Other,"447, Park Road, Katraj, Pune",Katraj,Pune,Pune,Maharashtra,411046,18.458172,73.864532,Low
LOC000946,Synthetic Residence - Yerawada 0946,Residence,"323, Canal Road, Yerawada, Pune",Yerawada,Pune,Pune,Maharashtra,411006,18.551123,73.871691,Medium
LOC000947,Synthetic Residence - Pimpri 0947,Residence,"146, Temple Road, Pimpri, Pune",Pimpri,Pune,Pune,Maharashtra,411018,18.632074,73.79208,Medium
LOC000948,Synthetic Residence - Katraj 0948,Residence,"105, Market Road, Katraj, Pune",Katraj,Pune,Pune,Maharashtra,411046,18.460893,73.863848,Low
LOC000949,Synthetic Bank - Dhankawadi 0949,Bank,"570, Industrial Road, Dhankawadi, Pune",Dhankawadi,Pune,Pune,Maharashtra,411043,18.460662,73.854123,Medium
LOC000950,Synthetic Meeting Point - Hadapsar 0950,Meeting Point,"95, Main Road, Hadapsar, Pune",Hadapsar,Pune,Pune,Maharashtra,411028,18.505772,73.923383,Medium
LOC000951,Synthetic Restaurant - Shivajinagar 0951,Restaurant,"307, Nagar Road, Shivajinagar, Pune",Shivajinagar,Pune,Pune,Maharashtra,411005,18.526042,73.845542,Medium
LOC000952,Synthetic Bank - Viman Nagar 0952,Bank,"671, Industrial Road, Viman Nagar, Pune",Viman Nagar,Pune,Pune,Maharashtra,411014,18.569688,73.908964,Low
LOC000953,Synthetic Transport Hub - Yerawada 0953,Transport Hub,"583, Temple Road, Yerawada, Pune",Yerawada,Pune,Pune,Maharashtra,411006,18.555298,73.884151,Medium
LOC000954,Synthetic Meeting Point - Yerawada 0954,Meeting Point,"993, Industrial Road, Yerawada, Pune",Yerawada,Pune,Pune,Maharashtra,411006,18.540118,73.873069,Low
LOC000955,Synthetic Workplace - Hadapsar 0955,Workplace,"288, Canal Road, Hadapsar, Pune",Hadapsar,Pune,Pune,Maharashtra,411028,18.51148,73.927245,Low
LOC000956,Synthetic Crime Scene - Shivajinagar 0956,Crime Scene,"413, Nagar Road, Shivajinagar, Pune",Shivajinagar,Pune,Pune,Maharashtra,411005,18.524864,73.854115,Medium
LOC000957,Synthetic Residence - Katraj 0957,Residence,"791, Main Road, Katraj, Pune",Katraj,Pune,Pune,Maharashtra,411046,18.445356,73.871231,Medium
LOC000958,Synthetic Restaurant - Hadapsar 0958,Restaurant,"783, Main Road, Hadapsar, Pune",Hadapsar,Pune,Pune,Maharashtra,411028,18.50176,73.919974,Low
LOC000959,Synthetic Workplace - Baner 0959,Workplace,"511, Canal Road, Baner, Pune",Baner,Pune,Pune,Maharashtra,411045,18.555041,73.792496,Medium
LOC000960,Synthetic Hotel - Chinchwad 0960,Hotel,"755, Market Road, Chinchwad, Pune",Chinchwad,Pune,Pune,Maharashtra,411033,18.637584,73.803542,Low
LOC000961,Synthetic Transport Hub - Viman Nagar 0961,Transport Hub,"64, Industrial Road, Viman Nagar, Pune",Viman Nagar,Pune,Pune,Maharashtra,411014,18.568946,73.91289,Low
LOC000962,Synthetic Residence - Katraj 0962,Residence,"561, Industrial Road, Katraj, Pune",Katraj,Pune,Pune,Maharashtra,411046,18.453601,73.868414,Low
LOC000963,Synthetic Restaurant - Hadapsar 0963,Restaurant,"429, Temple Road, Hadapsar, Pune",Hadapsar,Pune,Pune,Maharashtra,411028,18.514241,73.928257,Low
LOC000964,Synthetic ATM - Swargate 0964,ATM,"575, College Road, Swargate, Pune",Swargate,Pune,Pune,Maharashtra,411037,18.506507,73.866933,Medium
LOC000965,Synthetic Residence - Chinchwad 0965,Residence,"893, Market Road, Chinchwad, Pune",Chinchwad,Pune,Pune,Maharashtra,411033,18.63197,73.806757,Medium
LOC000966,Synthetic Residence - Baner 0966,Residence,"779, College Road, Baner, Pune",Baner,Pune,Pune,Maharashtra,411045,18.562869,73.79146,High
LOC000967,Synthetic Crime Scene - Vishrantwadi 0967,Crime Scene,"254, Temple Road, Vishrantwadi, Pune",Vishrantwadi,Pune,Pune,Maharashtra,411015,18.573981,73.877892,Low
LOC000968,Synthetic Police Station - Viman Nagar,Police Station,"108, Main Road, Viman Nagar, Pune",Viman Nagar,Pune,Pune,Maharashtra,411014,18.561121,73.914266,Medium
LOC000969,Synthetic Crime Scene - Shivajinagar 0969,Crime Scene,"690, Station Road, Shivajinagar, Pune",Shivajinagar,Pune,Pune,Maharashtra,411005,18.537953,73.843483,Low
LOC000970,Synthetic Meeting Point - Wakad 0970,Meeting Point,"544, Canal Road, Wakad, Pune",Wakad,Pune,Pune,Maharashtra,411057,18.602711,73.770365,Low
LOC000971,Synthetic Workplace - Katraj 0971,Workplace,"158, Station Road, Katraj, Pune",Katraj,Pune,Pune,Maharashtra,411046,18.446695,73.858427,Medium
LOC000972,Synthetic Crime Scene - Katraj 0972,Crime Scene,"628, Canal Road, Katraj, Pune",Katraj,Pune,Pune,Maharashtra,411046,18.450796,73.868877,Medium
LOC000973,Synthetic Bank - Viman Nagar 0973,Bank,"510, Main Road, Viman Nagar, Pune",Viman Nagar,Pune,Pune,Maharashtra,411014,18.570829,73.908553,Medium
LOC000974,Synthetic Meeting Point - Swargate 0974,Meeting Point,"842, Temple Road, Swargate, Pune",Swargate,Pune,Pune,Maharashtra,411037,18.497726,73.862195,High
LOC000975,Synthetic Workplace - Viman Nagar 0975,Workplace,"442, Nagar Road, Viman Nagar, Pune",Viman Nagar,Pune,Pune,Maharashtra,411014,18.568304,73.911787,Low
LOC000976,Synthetic Workplace - Aundh 0976,Workplace,"15, Main Road, Aundh, Pune",Aundh,Pune,Pune,Maharashtra,411007,18.556804,73.799329,Low
LOC000977,Synthetic Transport Hub - Pimpri 0977,Transport Hub,"834, Park Road, Pimpri, Pune",Pimpri,Pune,Pune,Maharashtra,411018,18.636329,73.801555,Low
LOC000978,Synthetic Bank - Swargate 0978,Bank,"872, Nagar Road, Swargate, Pune",Swargate,Pune,Pune,Maharashtra,411037,18.504651,73.865689,Low
LOC000979,Synthetic Bank - Shivajinagar 0979,Bank,"442, Temple Road, Shivajinagar, Pune",Shivajinagar,Pune,Pune,Maharashtra,411005,18.525317,73.839096,Medium
LOC000980,Synthetic Bank - Chinchwad 0980,Bank,"290, College Road, Chinchwad, Pune",Chinchwad,Pune,Pune,Maharashtra,411033,18.634472,73.805648,Medium
LOC000981,Synthetic Workplace - Bhosari 0981,Workplace,"800, Industrial Road, Bhosari, Pune",Bhosari,Pune,Pune,Maharashtra,411039,18.633208,73.852237,Low
LOC000982,Synthetic Residence - Viman Nagar 0982,Residence,"708, Main Road, Viman Nagar, Pune",Viman Nagar,Pune,Pune,Maharashtra,411014,18.566648,73.917108,Medium
LOC000983,Synthetic Transport Hub - Viman Nagar 0983,Transport Hub,"304, Station Road, Viman Nagar, Pune",Viman Nagar,Pune,Pune,Maharashtra,411014,18.571299,73.91941,Medium
LOC000984,Synthetic Workplace - Baner 0984,Workplace,"396, Link Road, Baner, Pune",Baner,Pune,Pune,Maharashtra,411045,18.552285,73.789345,Low
LOC000985,Synthetic Residence - Swargate 0985,Residence,"990, Nagar Road, Swargate, Pune",Swargate,Pune,Pune,Maharashtra,411037,18.509408,73.868257,Low
LOC000986,Synthetic Bank - Kondhwa 0986,Bank,"380, Canal Road, Kondhwa, Pune",Kondhwa,Pune,Pune,Maharashtra,411048,18.470705,73.892691,Medium
LOC000987,Synthetic Bank - Kothrud 0987,Bank,"855, College Road, Kothrud, Pune",Kothrud,Pune,Pune,Maharashtra,411038,18.50846,73.803172,Medium
LOC000988,Synthetic Workplace - Kondhwa 0988,Workplace,"727, Nagar Road, Kondhwa, Pune",Kondhwa,Pune,Pune,Maharashtra,411048,18.469632,73.884025,Medium
LOC000989,Synthetic Crime Scene - Katraj 0989,Crime Scene,"206, Temple Road, Katraj, Pune",Katraj,Pune,Pune,Maharashtra,411046,18.455693,73.858063,Low
LOC000990,Synthetic Workplace - Chinchwad 0990,Workplace,"32, Industrial Road, Chinchwad, Pune",Chinchwad,Pune,Pune,Maharashtra,411033,18.630135,73.7953,Medium
LOC000991,Synthetic Workplace - Baner 0991,Workplace,"657, Temple Road, Baner, Pune",Baner,Pune,Pune,Maharashtra,411045,18.559333,73.794611,Low
LOC000992,Synthetic Bank - Yerawada 0992,Bank,"864, Link Road, Yerawada, Pune",Yerawada,Pune,Pune,Maharashtra,411006,18.542381,73.871219,Low
LOC000993,Synthetic Meeting Point - Aundh 0993,Meeting Point,"338, College Road, Aundh, Pune",Aundh,Pune,Pune,Maharashtra,411007,18.558537,73.809617,Medium
LOC000994,Synthetic Transport Hub - Chinchwad 0994,Transport Hub,"759, Main Road, Chinchwad, Pune",Chinchwad,Pune,Pune,Maharashtra,411033,18.635164,73.793195,Medium
LOC000995,Synthetic Meeting Point - Shivajinagar 0995,Meeting Point,"10, Link Road, Shivajinagar, Pune",Shivajinagar,Pune,Pune,Maharashtra,411005,18.528934,73.840655,Low
LOC000996,Synthetic Residence - Aundh 0996,Residence,"431, Canal Road, Aundh, Pune",Aundh,Pune,Pune,Maharashtra,411007,18.557176,73.805608,Low
LOC000997,Synthetic Workplace - Swargate 0997,Workplace,"486, College Road, Swargate, Pune",Swargate,Pune,Pune,Maharashtra,411037,18.507758,73.856606,Medium
LOC000998,Synthetic Police Station - Vishrantwadi,Police Station,"730, Link Road, Vishrantwadi, Pune",Vishrantwadi,Pune,Pune,Maharashtra,411015,18.570289,73.876869,Medium
LOC000999,Synthetic Meeting Point - Pimpri 0999,Meeting Point,"390, College Road, Pimpri, Pune",Pimpri,Pune,Pune,Maharashtra,411018,18.623784,73.806104,Medium
LOC001000,Synthetic Restaurant - Dhankawadi 1000,Restaurant,"321, Industrial Road, Dhankawadi, Pune",Dhankawadi,Pune,Pune,Maharashtra,411043,18.471334,73.848954,Medium
LOC001001,Synthetic Residence - Shivajinagar 1001,Residence,"847, Market Road, Shivajinagar, Pune",Shivajinagar,Pune,Pune,Maharashtra,411005,18.537052,73.843355,Low
LOC001002,Synthetic Other - Viman Nagar 1002,Other,"335, Park Road, Viman Nagar, Pune",Viman Nagar,Pune,Pune,Maharashtra,411014,18.566159,73.912843,Low
LOC001003,Synthetic Crime Scene - Katraj 1003,Crime Scene,"448, College Road, Katraj, Pune",Katraj,Pune,Pune,Maharashtra,411046,18.458256,73.858419,Medium
LOC001004,Synthetic Meeting Point - Kondhwa 1004,Meeting Point,"273, Link Road, Kondhwa, Pune",Kondhwa,Pune,Pune,Maharashtra,411048,18.466297,73.897633,Low
LOC001005,Synthetic Crime Scene - Dhankawadi 1005,Crime Scene,"250, Park Road, Dhankawadi, Pune",Dhankawadi,Pune,Pune,Maharashtra,411043,18.467873,73.846488,Medium
LOC001006,Synthetic Workplace - Baner 1006,Workplace,"379, College Road, Baner, Pune",Baner,Pune,Pune,Maharashtra,411045,18.560228,73.791798,High
LOC001007,Synthetic Restaurant - Chinchwad 1007,Restaurant,"143, Station Road, Chinchwad, Pune",Chinchwad,Pune,Pune,Maharashtra,411033,18.632716,73.80329,Low
LOC001008,Synthetic Meeting Point - Dhankawadi 1008,Meeting Point,"225, College Road, Dhankawadi, Pune",Dhankawadi,Pune,Pune,Maharashtra,411043,18.471897,73.854925,Medium
LOC001009,Synthetic Transport Hub - Aundh 1009,Transport Hub,"287, Market Road, Aundh, Pune",Aundh,Pune,Pune,Maharashtra,411007,18.559817,73.812125,Medium
LOC001010,Synthetic Meeting Point - Katraj 1010,Meeting Point,"913, Market Road, Katraj, Pune",Katraj,Pune,Pune,Maharashtra,411046,18.456385,73.868264,Medium
LOC001011,Synthetic Hotel - Shivajinagar 1011,Hotel,"942, Canal Road, Shivajinagar, Pune",Shivajinagar,Pune,Pune,Maharashtra,411005,18.538253,73.844089,Medium
LOC001012,Synthetic Meeting Point - Wakad 1012,Meeting Point,"70, Canal Road, Wakad, Pune",Wakad,Pune,Pune,Maharashtra,411057,18.593852,73.766005,Low
LOC001013,Synthetic Residence - Wakad 1013,Residence,"571, Main Road, Wakad, Pune",Wakad,Pune,Pune,Maharashtra,411057,18.594851,73.76988,Low
LOC001014,Synthetic Warehouse - Chinchwad 1014,Warehouse,"294, Market Road, Chinchwad, Pune",Chinchwad,Pune,Pune,Maharashtra,411033,18.629594,73.794913,Medium
LOC001015,Synthetic Crime Scene - Aundh 1015,Crime Scene,"954, Link Road, Aundh, Pune",Aundh,Pune,Pune,Maharashtra,411007,18.554035,73.80971,Medium
LOC001016,Synthetic Bank - Swargate 1016,Bank,"693, Market Road, Swargate, Pune",Swargate,Pune,Pune,Maharashtra,411037,18.501284,73.860116,Low
LOC001017,Synthetic Residence - Dhankawadi 1017,Residence,"375, Nagar Road, Dhankawadi, Pune",Dhankawadi,Pune,Pune,Maharashtra,411043,18.465242,73.849514,Low
LOC001018,Synthetic Meeting Point - Pimpri 1018,Meeting Point,"317, Canal Road, Pimpri, Pune",Pimpri,Pune,Pune,Maharashtra,411018,18.635664,73.804926,Low
LOC001019,Synthetic Crime Scene - Wakad 1019,Crime Scene,"482, Main Road, Wakad, Pune",Wakad,Pune,Pune,Maharashtra,411057,18.595788,73.763686,Medium
LOC001020,Synthetic Crime Scene - Kothrud 1020,Crime Scene,"521, Main Road, Kothrud, Pune",Kothrud,Pune,Pune,Maharashtra,411038,18.513619,73.804885,Low
LOC001021,Synthetic Workplace - Aundh 1021,Workplace,"623, Station Road, Aundh, Pune",Aundh,Pune,Pune,Maharashtra,411007,18.561714,73.808678,Low
LOC001022,Synthetic Workplace - Viman Nagar 1022,Workplace,"640, Nagar Road, Viman Nagar, Pune",Viman Nagar,Pune,Pune,Maharashtra,411014,18.567851,73.917598,Low
LOC001023,Synthetic Residence - Wakad 1023,Residence,"202, Link Road, Wakad, Pune",Wakad,Pune,Pune,Maharashtra,411057,18.606123,73.755364,Medium
LOC001024,Synthetic Other - Bhosari 1024,Other,"872, Main Road, Bhosari, Pune",Bhosari,Pune,Pune,Maharashtra,411039,18.626969,73.841336,Low
LOC001025,Synthetic Residence - Shivajinagar 1025,Residence,"464, Park Road, Shivajinagar, Pune",Shivajinagar,Pune,Pune,Maharashtra,411005,18.531057,73.845355,Low
LOC001026,Synthetic Residence - Dhankawadi 1026,Residence,"307, Link Road, Dhankawadi, Pune",Dhankawadi,Pune,Pune,Maharashtra,411043,18.464746,73.842536,Low
LOC001027,Synthetic Workplace - Yerawada 1027,Workplace,"714, College Road, Yerawada, Pune",Yerawada,Pune,Pune,Maharashtra,411006,18.548588,73.873334,Medium
LOC001028,Synthetic Workplace - Pimpri 1028,Workplace,"171, Market Road, Pimpri, Pune",Pimpri,Pune,Pune,Maharashtra,411018,18.633275,73.799036,Low
LOC001029,Synthetic Crime Scene - Katraj 1029,Crime Scene,"631, College Road, Katraj, Pune",Katraj,Pune,Pune,Maharashtra,411046,18.458421,73.872648,Low
LOC001030,Synthetic Residence - Chinchwad 1030,Residence,"97, Canal Road, Chinchwad, Pune",Chinchwad,Pune,Pune,Maharashtra,411033,18.629123,73.791936,Medium
LOC001031,Synthetic Hotel - Katraj 1031,Hotel,"256, Main Road, Katraj, Pune",Katraj,Pune,Pune,Maharashtra,411046,18.458977,73.859799,Low
LOC001032,Synthetic Restaurant - Katraj 1032,Restaurant,"595, Industrial Road, Katraj, Pune",Katraj,Pune,Pune,Maharashtra,411046,18.460345,73.863605,Medium
LOC001033,Synthetic Residence - Kondhwa 1033,Residence,"780, Link Road, Kondhwa, Pune",Kondhwa,Pune,Pune,Maharashtra,411048,18.462093,73.892152,Low
LOC001034,Synthetic Residence - Kondhwa 1034,Residence,"73, Temple Road, Kondhwa, Pune",Kondhwa,Pune,Pune,Maharashtra,411048,18.462131,73.892245,Low
LOC001035,Synthetic Workplace - Baner 1035,Workplace,"207, Link Road, Baner, Pune",Baner,Pune,Pune,Maharashtra,411045,18.56039,73.782373,Low
LOC001036,Synthetic Other - Kothrud 1036,Other,"429, Industrial Road, Kothrud, Pune",Kothrud,Pune,Pune,Maharashtra,411038,18.505224,73.813574,Low
LOC001037,Synthetic Workplace - Chinchwad 1037,Workplace,"875, College Road, Chinchwad, Pune",Chinchwad,Pune,Pune,Maharashtra,411033,18.623991,73.797286,Medium
LOC001038,Synthetic Meeting Point - Bhosari 1038,Meeting Point,"66, Main Road, Bhosari, Pune",Bhosari,Pune,Pune,Maharashtra,411039,18.630273,73.844143,Low
LOC001039,Synthetic Bank - Aundh 1039,Bank,"914, Nagar Road, Aundh, Pune",Aundh,Pune,Pune,Maharashtra,411007,18.560697,73.799168,High
LOC001040,Synthetic Hotel - Hadapsar 1040,Hotel,"619, Nagar Road, Hadapsar, Pune",Hadapsar,Pune,Pune,Maharashtra,411028,18.511009,73.924013,Medium
LOC001041,Synthetic Transport Hub - Kothrud 1041,Transport Hub,"294, Link Road, Kothrud, Pune",Kothrud,Pune,Pune,Maharashtra,411038,18.50648,73.815458,Medium
LOC001042,Synthetic Hotel - Pimpri 1042,Hotel,"809, Market Road, Pimpri, Pune",Pimpri,Pune,Pune,Maharashtra,411018,18.636029,73.79651,Low
LOC001043,Synthetic Crime Scene - Aundh 1043,Crime Scene,"657, Main Road, Aundh, Pune",Aundh,Pune,Pune,Maharashtra,411007,18.560871,73.801748,Low
LOC001044,Synthetic Residence - Wakad 1044,Residence,"42, Temple Road, Wakad, Pune",Wakad,Pune,Pune,Maharashtra,411057,18.592902,73.764252,Low
LOC001045,Synthetic Restaurant - Viman Nagar 1045,Restaurant,"147, Link Road, Viman Nagar, Pune",Viman Nagar,Pune,Pune,Maharashtra,411014,18.571619,73.915428,High
LOC001046,Synthetic Hotel - Aundh 1046,Hotel,"114, Industrial Road, Aundh, Pune",Aundh,Pune,Pune,Maharashtra,411007,18.557571,73.800162,High
LOC001047,Synthetic Residence - Aundh 1047,Residence,"493, Nagar Road, Aundh, Pune",Aundh,Pune,Pune,Maharashtra,411007,18.557396,73.804303,Low
LOC001048,Synthetic Hotel - Pimpri 1048,Hotel,"903, Temple Road, Pimpri, Pune",Pimpri,Pune,Pune,Maharashtra,411018,18.635285,73.795135,Low
LOC001049,Synthetic ATM - Dhankawadi 1049,ATM,"164, Link Road, Dhankawadi, Pune",Dhankawadi,Pune,Pune,Maharashtra,411043,18.465329,73.842801,Medium
LOC001050,Synthetic Residence - Kondhwa 1050,Residence,"896, Industrial Road, Kondhwa, Pune",Kondhwa,Pune,Pune,Maharashtra,411048,18.476037,73.896566,Low
LOC001051,Synthetic ATM - Swargate 1051,ATM,"43, Main Road, Swargate, Pune",Swargate,Pune,Pune,Maharashtra,411037,18.497301,73.864097,Low
LOC001052,Synthetic ATM - Swargate 1052,ATM,"749, Park Road, Swargate, Pune",Swargate,Pune,Pune,Maharashtra,411037,18.496887,73.86014,Low
LOC001053,Synthetic Meeting Point - Wakad 1053,Meeting Point,"990, Industrial Road, Wakad, Pune",Wakad,Pune,Pune,Maharashtra,411057,18.603503,73.767413,Low
LOC001054,Synthetic Warehouse - Kothrud 1054,Warehouse,"717, Temple Road, Kothrud, Pune",Kothrud,Pune,Pune,Maharashtra,411038,18.500938,73.803495,Medium
LOC001055,Synthetic Bank - Kothrud 1055,Bank,"247, Industrial Road, Kothrud, Pune",Kothrud,Pune,Pune,Maharashtra,411038,18.499402,73.805063,Medium
LOC001056,Synthetic Restaurant - Chinchwad 1056,Restaurant,"702, Nagar Road, Chinchwad, Pune",Chinchwad,Pune,Pune,Maharashtra,411033,18.630778,73.793268,Medium
LOC001057,Synthetic Residence - Katraj 1057,Residence,"319, Industrial Road, Katraj, Pune",Katraj,Pune,Pune,Maharashtra,411046,18.445673,73.872979,High
LOC001058,Synthetic Transport Hub - Hadapsar 1058,Transport Hub,"350, Main Road, Hadapsar, Pune",Hadapsar,Pune,Pune,Maharashtra,411028,18.514465,73.923031,Medium
LOC001059,Synthetic Workplace - Shivajinagar 1059,Workplace,"720, Station Road, Shivajinagar, Pune",Shivajinagar,Pune,Pune,Maharashtra,411005,18.532966,73.842456,Medium
LOC001060,Synthetic Residence - Vishrantwadi 1060,Residence,"517, Industrial Road, Vishrantwadi, Pune",Vishrantwadi,Pune,Pune,Maharashtra,411015,18.570331,73.884578,Medium
LOC001061,Synthetic Residence - Baner 1061,Residence,"850, Nagar Road, Baner, Pune",Baner,Pune,Pune,Maharashtra,411045,18.565831,73.790844,Medium
LOC001062,Synthetic Transport Hub - Kothrud 1062,Transport Hub,"528, College Road, Kothrud, Pune",Kothrud,Pune,Pune,Maharashtra,411038,18.505804,73.814955,High
LOC001063,Synthetic Transport Hub - Wakad 1063,Transport Hub,"185, Station Road, Wakad, Pune",Wakad,Pune,Pune,Maharashtra,411057,18.604272,73.75515,Low
LOC001064,Synthetic Residence - Katraj 1064,Residence,"881, Park Road, Katraj, Pune",Katraj,Pune,Pune,Maharashtra,411046,18.456076,73.868195,Medium
LOC001065,Synthetic Residence - Chinchwad 1065,Residence,"817, Link Road, Chinchwad, Pune",Chinchwad,Pune,Pune,Maharashtra,411033,18.625713,73.80093,Low
LOC001066,Synthetic Police Station - Chinchwad,Police Station,"734, Link Road, Chinchwad, Pune",Chinchwad,Pune,Pune,Maharashtra,411033,18.626641,73.795283,Medium
LOC001067,Synthetic Workplace - Swargate 1067,Workplace,"851, Market Road, Swargate, Pune",Swargate,Pune,Pune,Maharashtra,411037,18.508138,73.860065,High
LOC001068,Synthetic Residence - Aundh 1068,Residence,"92, Nagar Road, Aundh, Pune",Aundh,Pune,Pune,Maharashtra,411007,18.566711,73.803594,Medium
LOC001069,Synthetic Bank - Kondhwa 1069,Bank,"821, Market Road, Kondhwa, Pune",Kondhwa,Pune,Pune,Maharashtra,411048,18.467464,73.884091,Medium
LOC001070,Synthetic Workplace - Kothrud 1070,Workplace,"390, College Road, Kothrud, Pune",Kothrud,Pune,Pune,Maharashtra,411038,18.505541,73.802618,High
LOC001071,Synthetic Residence - Kothrud 1071,Residence,"964, College Road, Kothrud, Pune",Kothrud,Pune,Pune,Maharashtra,411038,18.500715,73.800108,Low
LOC001072,Synthetic Meeting Point - Yerawada 1072,Meeting Point,"697, Temple Road, Yerawada, Pune",Yerawada,Pune,Pune,Maharashtra,411006,18.546473,73.870715,Medium
LOC001073,Synthetic Other - Dhankawadi 1073,Other,"558, Main Road, Dhankawadi, Pune",Dhankawadi,Pune,Pune,Maharashtra,411043,18.474176,73.84801,Low
LOC001074,Synthetic Restaurant - Baner 1074,Restaurant,"213, Station Road, Baner, Pune",Baner,Pune,Pune,Maharashtra,411045,18.554612,73.780619,Medium
LOC001075,Synthetic Crime Scene - Pimpri 1075,Crime Scene,"872, Main Road, Pimpri, Pune",Pimpri,Pune,Pune,Maharashtra,411018,18.636964,73.80594,Low
LOC001076,Synthetic Crime Scene - Shivajinagar 1076,Crime Scene,"908, Nagar Road, Shivajinagar, Pune",Shivajinagar,Pune,Pune,Maharashtra,411005,18.536216,73.841849,Low
LOC001077,Synthetic Residence - Kondhwa 1077,Residence,"608, Industrial Road, Kondhwa, Pune",Kondhwa,Pune,Pune,Maharashtra,411048,18.47122,73.882428,Low
LOC001078,Synthetic Transport Hub - Bhosari 1078,Transport Hub,"752, Park Road, Bhosari, Pune",Bhosari,Pune,Pune,Maharashtra,411039,18.635637,73.839713,High
LOC001079,Synthetic Workplace - Viman Nagar 1079,Workplace,"503, Nagar Road, Viman Nagar, Pune",Viman Nagar,Pune,Pune,Maharashtra,411014,18.565259,73.911884,High
LOC001080,Synthetic Workplace - Dhankawadi 1080,Workplace,"602, College Road, Dhankawadi, Pune",Dhankawadi,Pune,Pune,Maharashtra,411043,18.460186,73.855868,Medium
LOC001081,Synthetic Restaurant - Wakad 1081,Restaurant,"877, Market Road, Wakad, Pune",Wakad,Pune,Pune,Maharashtra,411057,18.603458,73.75752,Low
LOC001082,Synthetic Residence - Yerawada 1082,Residence,"713, Link Road, Yerawada, Pune",Yerawada,Pune,Pune,Maharashtra,411006,18.545741,73.884113,Low
LOC001083,Synthetic Bank - Pimpri 1083,Bank,"576, Park Road, Pimpri, Pune",Pimpri,Pune,Pune,Maharashtra,411018,18.632044,73.798261,Low
LOC001084,Synthetic Transport Hub - Viman Nagar 1084,Transport Hub,"141, College Road, Viman Nagar, Pune",Viman Nagar,Pune,Pune,Maharashtra,411014,18.561123,73.913853,Medium
LOC001085,Synthetic Workplace - Kothrud 1085,Workplace,"575, Industrial Road, Kothrud, Pune",Kothrud,Pune,Pune,Maharashtra,411038,18.499554,73.813629,High
LOC001086,Synthetic Meeting Point - Baner 1086,Meeting Point,"498, Industrial Road, Baner, Pune",Baner,Pune,Pune,Maharashtra,411045,18.560887,73.792914,Medium
LOC001087,Synthetic Residence - Swargate 1087,Residence,"301, Nagar Road, Swargate, Pune",Swargate,Pune,Pune,Maharashtra,411037,18.508813,73.85912,Medium
LOC001088,Synthetic Meeting Point - Shivajinagar 1088,Meeting Point,"153, Temple Road, Shivajinagar, Pune",Shivajinagar,Pune,Pune,Maharashtra,411005,18.536455,73.851757,Medium
LOC001089,Synthetic Workplace - Bhosari 1089,Workplace,"325, Park Road, Bhosari, Pune",Bhosari,Pune,Pune,Maharashtra,411039,18.635066,73.842667,Medium
LOC001090,Synthetic Other - Kondhwa 1090,Other,"810, Main Road, Kondhwa, Pune",Kondhwa,Pune,Pune,Maharashtra,411048,18.475481,73.882622,Medium
LOC001091,Synthetic Bank - Bhosari 1091,Bank,"19, Main Road, Bhosari, Pune",Bhosari,Pune,Pune,Maharashtra,411039,18.633072,73.842944,Medium
LOC001092,Synthetic Transport Hub - Hadapsar 1092,Transport Hub,"956, Nagar Road, Hadapsar, Pune",Hadapsar,Pune,Pune,Maharashtra,411028,18.502423,73.919341,Low
LOC001093,Synthetic Crime Scene - Aundh 1093,Crime Scene,"756, Industrial Road, Aundh, Pune",Aundh,Pune,Pune,Maharashtra,411007,18.552926,73.804916,Medium
LOC001094,Synthetic Residence - Katraj 1094,Residence,"326, Market Road, Katraj, Pune",Katraj,Pune,Pune,Maharashtra,411046,18.447784,73.867624,Low
LOC001095,Synthetic Workplace - Wakad 1095,Workplace,"429, Link Road, Wakad, Pune",Wakad,Pune,Pune,Maharashtra,411057,18.59378,73.765712,Low
LOC001096,Synthetic Workplace - Kothrud 1096,Workplace,"809, Industrial Road, Kothrud, Pune",Kothrud,Pune,Pune,Maharashtra,411038,18.51224,73.813123,Low
LOC001097,Synthetic Meeting Point - Swargate 1097,Meeting Point,"76, Main Road, Swargate, Pune",Swargate,Pune,Pune,Maharashtra,411037,18.500548,73.864697,Low
LOC001098,Synthetic Meeting Point - Bhosari 1098,Meeting Point,"787, College Road, Bhosari, Pune",Bhosari,Pune,Pune,Maharashtra,411039,18.621906,73.854133,Low
LOC001099,Synthetic Restaurant - Yerawada 1099,Restaurant,"620, Temple Road, Yerawada, Pune",Yerawada,Pune,Pune,Maharashtra,411006,18.540774,73.870792,Medium
LOC001100,Synthetic ATM - Chinchwad 1100,ATM,"199, Link Road, Chinchwad, Pune",Chinchwad,Pune,Pune,Maharashtra,411033,18.635369,73.795193,Medium
LOC001101,Synthetic Meeting Point - Bhosari 1101,Meeting Point,"101, Link Road, Bhosari, Pune",Bhosari,Pune,Pune,Maharashtra,411039,18.635976,73.843876,Low
LOC001102,Synthetic Transport Hub - Aundh 1102,Transport Hub,"714, Temple Road, Aundh, Pune",Aundh,Pune,Pune,Maharashtra,411007,18.55697,73.812778,Low
LOC001103,Synthetic Warehouse - Kondhwa 1103,Warehouse,"665, Nagar Road, Kondhwa, Pune",Kondhwa,Pune,Pune,Maharashtra,411048,18.468093,73.889855,Low
LOC001104,Synthetic Bank - Yerawada 1104,Bank,"583, Main Road, Yerawada, Pune",Yerawada,Pune,Pune,Maharashtra,411006,18.548181,73.877707,Low
LOC001105,Synthetic Meeting Point - Vishrantwadi 1105,Meeting Point,"860, Station Road, Vishrantwadi, Pune",Vishrantwadi,Pune,Pune,Maharashtra,411015,18.559417,73.87463,Low
LOC001106,Synthetic Workplace - Kondhwa 1106,Workplace,"982, College Road, Kondhwa, Pune",Kondhwa,Pune,Pune,Maharashtra,411048,18.464748,73.896064,Medium
LOC001107,Synthetic Meeting Point - Katraj 1107,Meeting Point,"117, College Road, Katraj, Pune",Katraj,Pune,Pune,Maharashtra,411046,18.446767,73.863308,Low
LOC001108,Synthetic Meeting Point - Vishrantwadi 1108,Meeting Point,"97, Link Road, Vishrantwadi, Pune",Vishrantwadi,Pune,Pune,Maharashtra,411015,18.568158,73.885461,Low
LOC001109,Synthetic Crime Scene - Viman Nagar 1109,Crime Scene,"43, College Road, Viman Nagar, Pune",Viman Nagar,Pune,Pune,Maharashtra,411014,18.561883,73.92211,Medium
LOC001110,Synthetic Residence - Katraj 1110,Residence,"471, Industrial Road, Katraj, Pune",Katraj,Pune,Pune,Maharashtra,411046,18.4466,73.867516,Medium
LOC001111,Synthetic Workplace - Hadapsar 1111,Workplace,"30, Temple Road, Hadapsar, Pune",Hadapsar,Pune,Pune,Maharashtra,411028,18.503904,73.918082,High
LOC001112,Synthetic Restaurant - Katraj 1112,Restaurant,"580, Station Road, Katraj, Pune",Katraj,Pune,Pune,Maharashtra,411046,18.446961,73.85738,Low
LOC001113,Synthetic Bank - Swargate 1113,Bank,"435, Park Road, Swargate, Pune",Swargate,Pune,Pune,Maharashtra,411037,18.498622,73.857522,High
LOC001114,Synthetic Meeting Point - Wakad 1114,Meeting Point,"184, Station Road, Wakad, Pune",Wakad,Pune,Pune,Maharashtra,411057,18.596101,73.758588,Low
LOC001115,Synthetic Residence - Bhosari 1115,Residence,"883, Station Road, Bhosari, Pune",Bhosari,Pune,Pune,Maharashtra,411039,18.62529,73.842686,Low
LOC001116,Synthetic Restaurant - Dhankawadi 1116,Restaurant,"168, Nagar Road, Dhankawadi, Pune",Dhankawadi,Pune,Pune,Maharashtra,411043,18.473149,73.842165,Low
LOC001117,Synthetic Residence - Swargate 1117,Residence,"43, Temple Road, Swargate, Pune",Swargate,Pune,Pune,Maharashtra,411037,18.509487,73.868016,Low
LOC001118,Synthetic Meeting Point - Baner 1118,Meeting Point,"372, Main Road, Baner, Pune",Baner,Pune,Pune,Maharashtra,411045,18.566568,73.78966,Medium
LOC001119,Synthetic Workplace - Viman Nagar 1119,Workplace,"511, Temple Road, Viman Nagar, Pune",Viman Nagar,Pune,Pune,Maharashtra,411014,18.567492,73.92085,Low
LOC001120,Synthetic Residence - Aundh 1120,Residence,"340, Nagar Road, Aundh, Pune",Aundh,Pune,Pune,Maharashtra,411007,18.551451,73.812429,Medium
LOC001121,Synthetic ATM - Katraj 1121,ATM,"954, Main Road, Katraj, Pune",Katraj,Pune,Pune,Maharashtra,411046,18.453853,73.863606,High
LOC001122,Synthetic Transport Hub - Katraj 1122,Transport Hub,"552, Canal Road, Katraj, Pune",Katraj,Pune,Pune,Maharashtra,411046,18.460502,73.869089,Low
LOC001123,Synthetic Residence - Vishrantwadi 1123,Residence,"332, Park Road, Vishrantwadi, Pune",Vishrantwadi,Pune,Pune,Maharashtra,411015,18.572895,73.875572,Low
LOC001124,Synthetic Workplace - Wakad 1124,Workplace,"173, Main Road, Wakad, Pune",Wakad,Pune,Pune,Maharashtra,411057,18.600489,73.759253,High
LOC001125,Synthetic Crime Scene - Shivajinagar 1125,Crime Scene,"664, College Road, Shivajinagar, Pune",Shivajinagar,Pune,Pune,Maharashtra,411005,18.524749,73.843892,Low
LOC001126,Synthetic Workplace - Viman Nagar 1126,Workplace,"108, Station Road, Viman Nagar, Pune",Viman Nagar,Pune,Pune,Maharashtra,411014,18.560629,73.907917,Low
LOC001127,Synthetic Crime Scene - Shivajinagar 1127,Crime Scene,"202, Link Road, Shivajinagar, Pune",Shivajinagar,Pune,Pune,Maharashtra,411005,18.530604,73.846134,Medium
LOC001128,Synthetic ATM - Swargate 1128,ATM,"493, Link Road, Swargate, Pune",Swargate,Pune,Pune,Maharashtra,411037,18.49522,73.86437,High
LOC001129,Synthetic Restaurant - Swargate 1129,Restaurant,"19, Industrial Road, Swargate, Pune",Swargate,Pune,Pune,Maharashtra,411037,18.509268,73.856786,Medium
LOC001130,Synthetic Meeting Point - Katraj 1130,Meeting Point,"531, College Road, Katraj, Pune",Katraj,Pune,Pune,Maharashtra,411046,18.457903,73.872201,Low
LOC001131,Synthetic Transport Hub - Yerawada 1131,Transport Hub,"350, Main Road, Yerawada, Pune",Yerawada,Pune,Pune,Maharashtra,411006,18.551531,73.881567,Low
LOC001132,Synthetic Residence - Bhosari 1132,Residence,"149, Market Road, Bhosari, Pune",Bhosari,Pune,Pune,Maharashtra,411039,18.637521,73.846621,Medium
LOC001133,Synthetic Workplace - Swargate 1133,Workplace,"656, Park Road, Swargate, Pune",Swargate,Pune,Pune,Maharashtra,411037,18.501596,73.859904,Low
LOC001134,Synthetic Residence - Baner 1134,Residence,"966, Link Road, Baner, Pune",Baner,Pune,Pune,Maharashtra,411045,18.562945,73.786502,Low
LOC001135,Synthetic Residence - Yerawada 1135,Residence,"517, Nagar Road, Yerawada, Pune",Yerawada,Pune,Pune,Maharashtra,411006,18.542873,73.882934,Low
LOC001136,Synthetic Crime Scene - Dhankawadi 1136,Crime Scene,"813, Park Road, Dhankawadi, Pune",Dhankawadi,Pune,Pune,Maharashtra,411043,18.472418,73.845494,Medium
LOC001137,Synthetic Meeting Point - Kondhwa 1137,Meeting Point,"298, Industrial Road, Kondhwa, Pune",Kondhwa,Pune,Pune,Maharashtra,411048,18.468142,73.885724,Low
LOC001138,Synthetic Residence - Dhankawadi 1138,Residence,"631, Canal Road, Dhankawadi, Pune",Dhankawadi,Pune,Pune,Maharashtra,411043,18.464007,73.847427,Medium
LOC001139,Synthetic Other - Pimpri 1139,Other,"375, College Road, Pimpri, Pune",Pimpri,Pune,Pune,Maharashtra,411018,18.627644,73.795162,Low
LOC001140,Synthetic Workplace - Baner 1140,Workplace,"925, Industrial Road, Baner, Pune",Baner,Pune,Pune,Maharashtra,411045,18.56341,73.788221,Low
LOC001141,Synthetic Residence - Kondhwa 1141,Residence,"965, Station Road, Kondhwa, Pune",Kondhwa,Pune,Pune,Maharashtra,411048,18.468458,73.888128,Low
LOC001142,Synthetic Transport Hub - Yerawada 1142,Transport Hub,"887, Market Road, Yerawada, Pune",Yerawada,Pune,Pune,Maharashtra,411006,18.540481,73.87054,Low
LOC001143,Synthetic Meeting Point - Swargate 1143,Meeting Point,"847, Station Road, Swargate, Pune",Swargate,Pune,Pune,Maharashtra,411037,18.509649,73.857112,Low
LOC001144,Synthetic Residence - Aundh 1144,Residence,"624, Station Road, Aundh, Pune",Aundh,Pune,Pune,Maharashtra,411007,18.557504,73.804774,Medium
LOC001145,Synthetic Workplace - Shivajinagar 1145,Workplace,"23, Nagar Road, Shivajinagar, Pune",Shivajinagar,Pune,Pune,Maharashtra,411005,18.52427,73.850886,High
LOC001146,Synthetic Crime Scene - Bhosari 1146,Crime Scene,"280, Nagar Road, Bhosari, Pune",Bhosari,Pune,Pune,Maharashtra,411039,18.63247,73.849401,Medium
LOC001147,Synthetic Police Station - Dhankawadi,Police Station,"319, Temple Road, Dhankawadi, Pune",Dhankawadi,Pune,Pune,Maharashtra,411043,18.471624,73.850327,Low
LOC001148,Synthetic ATM - Baner 1148,ATM,"832, Market Road, Baner, Pune",Baner,Pune,Pune,Maharashtra,411045,18.551845,73.7802,High
LOC001149,Synthetic Workplace - Dhankawadi 1149,Workplace,"122, Park Road, Dhankawadi, Pune",Dhankawadi,Pune,Pune,Maharashtra,411043,18.471437,73.849103,Medium
LOC001150,Synthetic Residence - Katraj 1150,Residence,"41, Canal Road, Katraj, Pune",Katraj,Pune,Pune,Maharashtra,411046,18.450375,73.86005,Medium
LOC001151,Synthetic Residence - Aundh 1151,Residence,"480, Park Road, Aundh, Pune",Aundh,Pune,Pune,Maharashtra,411007,18.551479,73.802881,High
LOC001152,Synthetic Hotel - Wakad 1152,Hotel,"107, Station Road, Wakad, Pune",Wakad,Pune,Pune,Maharashtra,411057,18.603841,73.769044,Medium
LOC001153,Synthetic Bank - Bhosari 1153,Bank,"812, Link Road, Bhosari, Pune",Bhosari,Pune,Pune,Maharashtra,411039,18.630996,73.84749,Low
LOC001154,Synthetic Bank - Swargate 1154,Bank,"845, College Road, Swargate, Pune",Swargate,Pune,Pune,Maharashtra,411037,18.500205,73.866827,Medium
LOC001155,Synthetic Warehouse - Hadapsar 1155,Warehouse,"948, Nagar Road, Hadapsar, Pune",Hadapsar,Pune,Pune,Maharashtra,411028,18.50161,73.925121,Low
LOC001156,Synthetic Restaurant - Pimpri 1156,Restaurant,"527, Industrial Road, Pimpri, Pune",Pimpri,Pune,Pune,Maharashtra,411018,18.636752,73.804209,Low
LOC001157,Synthetic Residence - Dhankawadi 1157,Residence,"454, Market Road, Dhankawadi, Pune",Dhankawadi,Pune,Pune,Maharashtra,411043,18.463209,73.852966,Medium
LOC001158,Synthetic Other - Aundh 1158,Other,"839, Canal Road, Aundh, Pune",Aundh,Pune,Pune,Maharashtra,411007,18.565006,73.801643,Low
LOC001159,Synthetic Hotel - Wakad 1159,Hotel,"45, Park Road, Wakad, Pune",Wakad,Pune,Pune,Maharashtra,411057,18.591302,73.757676,Medium
LOC001160,Synthetic Transport Hub - Bhosari 1160,Transport Hub,"410, Main Road, Bhosari, Pune",Bhosari,Pune,Pune,Maharashtra,411039,18.634572,73.850617,Medium
LOC001161,Synthetic Workplace - Wakad 1161,Workplace,"186, Temple Road, Wakad, Pune",Wakad,Pune,Pune,Maharashtra,411057,18.591538,73.766381,Low
LOC001162,Synthetic Other - Vishrantwadi 1162,Other,"800, Main Road, Vishrantwadi, Pune",Vishrantwadi,Pune,Pune,Maharashtra,411015,18.565342,73.883575,Medium
LOC001163,Synthetic Workplace - Baner 1163,Workplace,"803, Industrial Road, Baner, Pune",Baner,Pune,Pune,Maharashtra,411045,18.564855,73.785656,Low
LOC001164,Synthetic Warehouse - Baner 1164,Warehouse,"485, Main Road, Baner, Pune",Baner,Pune,Pune,Maharashtra,411045,18.55794,73.782239,Low
LOC001165,Synthetic Bank - Yerawada 1165,Bank,"175, Park Road, Yerawada, Pune",Yerawada,Pune,Pune,Maharashtra,411006,18.544016,73.872904,Low
LOC001166,Synthetic Bank - Chinchwad 1166,Bank,"291, Canal Road, Chinchwad, Pune",Chinchwad,Pune,Pune,Maharashtra,411033,18.634196,73.801982,Medium
LOC001167,Synthetic Meeting Point - Aundh 1167,Meeting Point,"540, Park Road, Aundh, Pune",Aundh,Pune,Pune,Maharashtra,411007,18.554402,73.807004,Low
LOC001168,Synthetic Restaurant - Dhankawadi 1168,Restaurant,"10, Station Road, Dhankawadi, Pune",Dhankawadi,Pune,Pune,Maharashtra,411043,18.472662,73.852758,Medium
LOC001169,Synthetic Transport Hub - Yerawada 1169,Transport Hub,"579, Industrial Road, Yerawada, Pune",Yerawada,Pune,Pune,Maharashtra,411006,18.541577,73.880017,Medium
LOC001170,Synthetic Workplace - Yerawada 1170,Workplace,"214, Canal Road, Yerawada, Pune",Yerawada,Pune,Pune,Maharashtra,411006,18.550662,73.870727,Low
LOC001171,Synthetic ATM - Baner 1171,ATM,"724, Park Road, Baner, Pune",Baner,Pune,Pune,Maharashtra,411045,18.551347,73.789121,Medium
LOC001172,Synthetic Police Station - Swargate,Police Station,"963, Canal Road, Swargate, Pune",Swargate,Pune,Pune,Maharashtra,411037,18.505166,73.858864,Low
LOC001173,Synthetic Residence - Pimpri 1173,Residence,"843, Industrial Road, Pimpri, Pune",Pimpri,Pune,Pune,Maharashtra,411018,18.635194,73.794006,Low
LOC001174,Synthetic Police Station - Yerawada,Police Station,"412, Temple Road, Yerawada, Pune",Yerawada,Pune,Pune,Maharashtra,411006,18.55333,73.878591,High
LOC001175,Synthetic Crime Scene - Katraj 1175,Crime Scene,"959, Temple Road, Katraj, Pune",Katraj,Pune,Pune,Maharashtra,411046,18.447253,73.863716,Low
LOC001176,Synthetic Other - Bhosari 1176,Other,"716, Temple Road, Bhosari, Pune",Bhosari,Pune,Pune,Maharashtra,411039,18.624457,73.849748,Medium
LOC001177,Synthetic Residence - Shivajinagar 1177,Residence,"532, Station Road, Shivajinagar, Pune",Shivajinagar,Pune,Pune,Maharashtra,411005,18.532078,73.851562,Medium
LOC001178,Synthetic Residence - Yerawada 1178,Residence,"224, Industrial Road, Yerawada, Pune",Yerawada,Pune,Pune,Maharashtra,411006,18.552476,73.876715,High
LOC001179,Synthetic Residence - Wakad 1179,Residence,"565, Temple Road, Wakad, Pune",Wakad,Pune,Pune,Maharashtra,411057,18.597213,73.761007,Low
LOC001180,Synthetic Restaurant - Aundh 1180,Restaurant,"921, Temple Road, Aundh, Pune",Aundh,Pune,Pune,Maharashtra,411007,18.55905,73.803191,Low
LOC001181,Synthetic Crime Scene - Chinchwad 1181,Crime Scene,"760, Main Road, Chinchwad, Pune",Chinchwad,Pune,Pune,Maharashtra,411033,18.630057,73.807456,Low
LOC001182,Synthetic Warehouse - Shivajinagar 1182,Warehouse,"971, Market Road, Shivajinagar, Pune",Shivajinagar,Pune,Pune,Maharashtra,411005,18.526316,73.851578,Low
LOC001183,Synthetic Workplace - Chinchwad 1183,Workplace,"326, Station Road, Chinchwad, Pune",Chinchwad,Pune,Pune,Maharashtra,411033,18.636529,73.796985,Medium
LOC001184,Synthetic Residence - Dhankawadi 1184,Residence,"893, Main Road, Dhankawadi, Pune",Dhankawadi,Pune,Pune,Maharashtra,411043,18.46978,73.853641,Low
LOC001185,Synthetic Workplace - Bhosari 1185,Workplace,"419, Industrial Road, Bhosari, Pune",Bhosari,Pune,Pune,Maharashtra,411039,18.624484,73.841831,Medium
LOC001186,Synthetic Bank - Kothrud 1186,Bank,"120, Temple Road, Kothrud, Pune",Kothrud,Pune,Pune,Maharashtra,411038,18.5067,73.813586,Medium
LOC001187,Synthetic Residence - Aundh 1187,Residence,"522, Market Road, Aundh, Pune",Aundh,Pune,Pune,Maharashtra,411007,18.562632,73.813652,Low
LOC001188,Synthetic Police Station - Viman Nagar,Police Station,"315, College Road, Viman Nagar, Pune",Viman Nagar,Pune,Pune,Maharashtra,411014,18.568885,73.916364,Low
LOC001189,Synthetic Workplace - Katraj 1189,Workplace,"427, Market Road, Katraj, Pune",Katraj,Pune,Pune,Maharashtra,411046,18.459935,73.871454,Low
LOC001190,Synthetic Warehouse - Aundh 1190,Warehouse,"419, Park Road, Aundh, Pune",Aundh,Pune,Pune,Maharashtra,411007,18.556311,73.804409,Low
LOC001191,Synthetic Workplace - Bhosari 1191,Workplace,"924, Main Road, Bhosari, Pune",Bhosari,Pune,Pune,Maharashtra,411039,18.626345,73.847999,Low
LOC001192,Synthetic Residence - Hadapsar 1192,Residence,"946, Market Road, Hadapsar, Pune",Hadapsar,Pune,Pune,Maharashtra,411028,18.505749,73.923006,Low
LOC001193,Synthetic Police Station - Katraj,Police Station,"184, Temple Road, Katraj, Pune",Katraj,Pune,Pune,Maharashtra,411046,18.456535,73.864194,High
LOC001194,Synthetic Residence - Vishrantwadi 1194,Residence,"593, Temple Road, Vishrantwadi, Pune",Vishrantwadi,Pune,Pune,Maharashtra,411015,18.564763,73.872443,Low
LOC001195,Synthetic Other - Katraj 1195,Other,"13, Nagar Road, Katraj, Pune",Katraj,Pune,Pune,Maharashtra,411046,18.454376,73.867533,Low
LOC001196,Synthetic Residence - Wakad 1196,Residence,"636, College Road, Wakad, Pune",Wakad,Pune,Pune,Maharashtra,411057,18.606431,73.756675,Low
LOC001197,Synthetic Crime Scene - Wakad 1197,Crime Scene,"609, Market Road, Wakad, Pune",Wakad,Pune,Pune,Maharashtra,411057,18.60304,73.764995,High
LOC001198,Synthetic Crime Scene - Chinchwad 1198,Crime Scene,"789, Industrial Road, Chinchwad, Pune",Chinchwad,Pune,Pune,Maharashtra,411033,18.637574,73.802552,Low
LOC001199,Synthetic Crime Scene - Swargate 1199,Crime Scene,"417, Industrial Road, Swargate, Pune",Swargate,Pune,Pune,Maharashtra,411037,18.506127,73.857464,High
LOC001200,Synthetic Residence - Kondhwa 1200,Residence,"997, Canal Road, Kondhwa, Pune",Kondhwa,Pune,Pune,Maharashtra,411048,18.46497,73.884,Low
LOC001201,Synthetic Hotel - Hadapsar 1201,Hotel,"328, Temple Road, Hadapsar, Pune",Hadapsar,Pune,Pune,Maharashtra,411028,18.509751,73.929581,Low
LOC001202,Synthetic Bank - Katraj 1202,Bank,"135, College Road, Katraj, Pune",Katraj,Pune,Pune,Maharashtra,411046,18.455065,73.872762,Medium
LOC001203,Synthetic Residence - Shivajinagar 1203,Residence,"569, Link Road, Shivajinagar, Pune",Shivajinagar,Pune,Pune,Maharashtra,411005,18.524145,73.853928,Low
LOC001204,Synthetic Workplace - Dhankawadi 1204,Workplace,"108, Station Road, Dhankawadi, Pune",Dhankawadi,Pune,Pune,Maharashtra,411043,18.466133,73.845998,Medium
LOC001205,Synthetic Workplace - Kondhwa 1205,Workplace,"293, Nagar Road, Kondhwa, Pune",Kondhwa,Pune,Pune,Maharashtra,411048,18.469414,73.884263,Medium
LOC001206,Synthetic Residence - Kondhwa 1206,Residence,"931, Temple Road, Kondhwa, Pune",Kondhwa,Pune,Pune,Maharashtra,411048,18.461572,73.891214,Low
LOC001207,Synthetic Other - Yerawada 1207,Other,"857, Nagar Road, Yerawada, Pune",Yerawada,Pune,Pune,Maharashtra,411006,18.546346,73.88575,High
LOC001208,Synthetic Transport Hub - Shivajinagar 1208,Transport Hub,"371, Market Road, Shivajinagar, Pune",Shivajinagar,Pune,Pune,Maharashtra,411005,18.538116,73.842562,Medium
LOC001209,Synthetic Transport Hub - Kothrud 1209,Transport Hub,"437, College Road, Kothrud, Pune",Kothrud,Pune,Pune,Maharashtra,411038,18.511264,73.811321,Low
LOC001210,Synthetic Workplace - Shivajinagar 1210,Workplace,"225, Temple Road, Shivajinagar, Pune",Shivajinagar,Pune,Pune,Maharashtra,411005,18.528198,73.847269,Low
LOC001211,Synthetic Other - Kondhwa 1211,Other,"813, Canal Road, Kondhwa, Pune",Kondhwa,Pune,Pune,Maharashtra,411048,18.464752,73.894935,Low
LOC001212,Synthetic Meeting Point - Hadapsar 1212,Meeting Point,"488, Canal Road, Hadapsar, Pune",Hadapsar,Pune,Pune,Maharashtra,411028,18.512426,73.927601,Low
LOC001213,Synthetic Crime Scene - Katraj 1213,Crime Scene,"162, Industrial Road, Katraj, Pune",Katraj,Pune,Pune,Maharashtra,411046,18.447792,73.865922,Medium
LOC001214,Synthetic Warehouse - Pimpri 1214,Warehouse,"211, Market Road, Pimpri, Pune",Pimpri,Pune,Pune,Maharashtra,411018,18.625371,73.80563,Medium
LOC001215,Synthetic Residence - Swargate 1215,Residence,"721, Canal Road, Swargate, Pune",Swargate,Pune,Pune,Maharashtra,411037,18.500348,73.857242,Low
LOC001216,Synthetic Residence - Dhankawadi 1216,Residence,"480, Park Road, Dhankawadi, Pune",Dhankawadi,Pune,Pune,Maharashtra,411043,18.466871,73.842091,Low
LOC001217,Synthetic Residence - Bhosari 1217,Residence,"907, Industrial Road, Bhosari, Pune",Bhosari,Pune,Pune,Maharashtra,411039,18.627045,73.847404,High
LOC001218,Synthetic Workplace - Baner 1218,Workplace,"611, College Road, Baner, Pune",Baner,Pune,Pune,Maharashtra,411045,18.565929,73.792408,High
LOC001219,Synthetic Workplace - Bhosari 1219,Workplace,"695, Nagar Road, Bhosari, Pune",Bhosari,Pune,Pune,Maharashtra,411039,18.624234,73.850083,Low
LOC001220,Synthetic Other - Katraj 1220,Other,"547, Canal Road, Katraj, Pune",Katraj,Pune,Pune,Maharashtra,411046,18.457528,73.862055,Low
LOC001221,Synthetic Crime Scene - Swargate 1221,Crime Scene,"297, Link Road, Swargate, Pune",Swargate,Pune,Pune,Maharashtra,411037,18.502681,73.86126,High
LOC001222,Synthetic Bank - Katraj 1222,Bank,"43, College Road, Katraj, Pune",Katraj,Pune,Pune,Maharashtra,411046,18.457335,73.863577,Low
LOC001223,Synthetic Crime Scene - Kondhwa 1223,Crime Scene,"621, Industrial Road, Kondhwa, Pune",Kondhwa,Pune,Pune,Maharashtra,411048,18.462385,73.895941,High
LOC001224,Synthetic Police Station - Kondhwa,Police Station,"423, Link Road, Kondhwa, Pune",Kondhwa,Pune,Pune,Maharashtra,411048,18.474951,73.885989,High
LOC001225,Synthetic Police Station - Chinchwad,Police Station,"904, Temple Road, Chinchwad, Pune",Chinchwad,Pune,Pune,Maharashtra,411033,18.634829,73.796986,Medium
LOC001226,Synthetic Residence - Swargate 1226,Residence,"734, Station Road, Swargate, Pune",Swargate,Pune,Pune,Maharashtra,411037,18.498193,73.865013,Medium
LOC001227,Synthetic Residence - Yerawada 1227,Residence,"720, Temple Road, Yerawada, Pune",Yerawada,Pune,Pune,Maharashtra,411006,18.550751,73.881916,Low
LOC001228,Synthetic Hotel - Vishrantwadi 1228,Hotel,"167, Station Road, Vishrantwadi, Pune",Vishrantwadi,Pune,Pune,Maharashtra,411015,18.561491,73.877269,Low
LOC001229,Synthetic Transport Hub - Swargate 1229,Transport Hub,"805, Canal Road, Swargate, Pune",Swargate,Pune,Pune,Maharashtra,411037,18.495204,73.86771,Low
LOC001230,Synthetic Restaurant - Swargate 1230,Restaurant,"337, Main Road, Swargate, Pune",Swargate,Pune,Pune,Maharashtra,411037,18.495955,73.856719,Low
LOC001231,Synthetic Residence - Yerawada 1231,Residence,"129, Market Road, Yerawada, Pune",Yerawada,Pune,Pune,Maharashtra,411006,18.553011,73.8805,Medium
LOC001232,Synthetic Workplace - Shivajinagar 1232,Workplace,"199, Link Road, Shivajinagar, Pune",Shivajinagar,Pune,Pune,Maharashtra,411005,18.531144,73.846312,Low
LOC001233,Synthetic Residence - Aundh 1233,Residence,"598, Main Road, Aundh, Pune",Aundh,Pune,Pune,Maharashtra,411007,18.557262,73.807216,Low
LOC001234,Synthetic Residence - Viman Nagar 1234,Residence,"698, Industrial Road, Viman Nagar, Pune",Viman Nagar,Pune,Pune,Maharashtra,411014,18.567474,73.919481,Medium
LOC001235,Synthetic Police Station - Katraj,Police Station,"798, Park Road, Katraj, Pune",Katraj,Pune,Pune,Maharashtra,411046,18.453635,73.86309,Low
LOC001236,Synthetic Restaurant - Aundh 1236,Restaurant,"303, Industrial Road, Aundh, Pune",Aundh,Pune,Pune,Maharashtra,411007,18.555246,73.805992,Medium
LOC001237,Synthetic Workplace - Dhankawadi 1237,Workplace,"489, Park Road, Dhankawadi, Pune",Dhankawadi,Pune,Pune,Maharashtra,411043,18.46119,73.854639,Low
LOC001238,Synthetic Residence - Hadapsar 1238,Residence,"539, Station Road, Hadapsar, Pune",Hadapsar,Pune,Pune,Maharashtra,411028,18.5088,73.92564,Low
LOC001239,Synthetic ATM - Kondhwa 1239,ATM,"203, Temple Road, Kondhwa, Pune",Kondhwa,Pune,Pune,Maharashtra,411048,18.464623,73.894412,Low
LOC001240,Synthetic Hotel - Bhosari 1240,Hotel,"262, College Road, Bhosari, Pune",Bhosari,Pune,Pune,Maharashtra,411039,18.627587,73.839836,Medium
LOC001241,Synthetic Residence - Chinchwad 1241,Residence,"992, Nagar Road, Chinchwad, Pune",Chinchwad,Pune,Pune,Maharashtra,411033,18.627094,73.797021,Low
LOC001242,Synthetic Meeting Point - Viman Nagar 1242,Meeting Point,"913, Link Road, Viman Nagar, Pune",Viman Nagar,Pune,Pune,Maharashtra,411014,18.567106,73.908098,Medium
LOC001243,Synthetic Workplace - Yerawada 1243,Workplace,"780, Canal Road, Yerawada, Pune",Yerawada,Pune,Pune,Maharashtra,411006,18.542535,73.880032,High
LOC001244,Synthetic Crime Scene - Swargate 1244,Crime Scene,"643, Market Road, Swargate, Pune",Swargate,Pune,Pune,Maharashtra,411037,18.504977,73.867236,Low
LOC001245,Synthetic Warehouse - Hadapsar 1245,Warehouse,"864, Canal Road, Hadapsar, Pune",Hadapsar,Pune,Pune,Maharashtra,411028,18.515732,73.919446,Medium
LOC001246,Synthetic Workplace - Dhankawadi 1246,Workplace,"101, Canal Road, Dhankawadi, Pune",Dhankawadi,Pune,Pune,Maharashtra,411043,18.473383,73.85471,High
LOC001247,Synthetic Residence - Hadapsar 1247,Residence,"505, Park Road, Hadapsar, Pune",Hadapsar,Pune,Pune,Maharashtra,411028,18.502586,73.919478,Low
LOC001248,Synthetic Workplace - Wakad 1248,Workplace,"188, Nagar Road, Wakad, Pune",Wakad,Pune,Pune,Maharashtra,411057,18.594186,73.761299,Low
LOC001249,Synthetic Workplace - Chinchwad 1249,Workplace,"260, Link Road, Chinchwad, Pune",Chinchwad,Pune,Pune,Maharashtra,411033,18.633268,73.798918,Low
LOC001250,Synthetic Workplace - Katraj 1250,Workplace,"192, Temple Road, Katraj, Pune",Katraj,Pune,Pune,Maharashtra,411046,18.450415,73.872945,Medium
LOC001251,Synthetic Crime Scene - Swargate 1251,Crime Scene,"43, Main Road, Swargate, Pune",Swargate,Pune,Pune,Maharashtra,411037,18.504211,73.862954,Low
LOC001252,Synthetic Restaurant - Yerawada 1252,Restaurant,"246, College Road, Yerawada, Pune",Yerawada,Pune,Pune,Maharashtra,411006,18.547569,73.870453,Low
LOC001253,Synthetic Crime Scene - Shivajinagar 1253,Crime Scene,"21, Nagar Road, Shivajinagar, Pune",Shivajinagar,Pune,Pune,Maharashtra,411005,18.530206,73.848631,Low
LOC001254,Synthetic Residence - Bhosari 1254,Residence,"412, Main Road, Bhosari, Pune",Bhosari,Pune,Pune,Maharashtra,411039,18.633625,73.852005,Low
LOC001255,Synthetic Hotel - Viman Nagar 1255,Hotel,"917, College Road, Viman Nagar, Pune",Viman Nagar,Pune,Pune,Maharashtra,411014,18.574157,73.907907,Low
LOC001256,Synthetic Workplace - Kondhwa 1256,Workplace,"939, Park Road, Kondhwa, Pune",Kondhwa,Pune,Pune,Maharashtra,411048,18.46506,73.89615,Low
LOC001257,Synthetic Transport Hub - Chinchwad 1257,Transport Hub,"457, Main Road, Chinchwad, Pune",Chinchwad,Pune,Pune,Maharashtra,411033,18.621921,73.794181,High
LOC001258,Synthetic Transport Hub - Yerawada 1258,Transport Hub,"270, Industrial Road, Yerawada, Pune",Yerawada,Pune,Pune,Maharashtra,411006,18.555844,73.882087,Low
LOC001259,Synthetic Bank - Wakad 1259,Bank,"981, Canal Road, Wakad, Pune",Wakad,Pune,Pune,Maharashtra,411057,18.592136,73.757634,Low
LOC001260,Synthetic Transport Hub - Bhosari 1260,Transport Hub,"896, Temple Road, Bhosari, Pune",Bhosari,Pune,Pune,Maharashtra,411039,18.6221,73.849431,Medium
LOC001261,Synthetic Hotel - Hadapsar 1261,Hotel,"160, Industrial Road, Hadapsar, Pune",Hadapsar,Pune,Pune,Maharashtra,411028,18.510972,73.93356,High
LOC001262,Synthetic Meeting Point - Wakad 1262,Meeting Point,"732, Market Road, Wakad, Pune",Wakad,Pune,Pune,Maharashtra,411057,18.59138,73.768688,Low
LOC001263,Synthetic Warehouse - Yerawada 1263,Warehouse,"818, Link Road, Yerawada, Pune",Yerawada,Pune,Pune,Maharashtra,411006,18.540029,73.875401,Medium
LOC001264,Synthetic Meeting Point - Kothrud 1264,Meeting Point,"290, Park Road, Kothrud, Pune",Kothrud,Pune,Pune,Maharashtra,411038,18.505366,73.802947,Low
LOC001265,Synthetic Crime Scene - Pimpri 1265,Crime Scene,"90, College Road, Pimpri, Pune",Pimpri,Pune,Pune,Maharashtra,411018,18.622211,73.807248,Low
LOC001266,Synthetic ATM - Viman Nagar 1266,ATM,"584, Canal Road, Viman Nagar, Pune",Viman Nagar,Pune,Pune,Maharashtra,411014,18.571843,73.921632,Medium
LOC001267,Synthetic Bank - Kondhwa 1267,Bank,"600, Nagar Road, Kondhwa, Pune",Kondhwa,Pune,Pune,Maharashtra,411048,18.468415,73.882236,Low
LOC001268,Synthetic Police Station - Bhosari,Police Station,"85, Nagar Road, Bhosari, Pune",Bhosari,Pune,Pune,Maharashtra,411039,18.629605,73.846673,Medium
LOC001269,Synthetic Workplace - Katraj 1269,Workplace,"143, College Road, Katraj, Pune",Katraj,Pune,Pune,Maharashtra,411046,18.45965,73.864986,Low
LOC001270,Synthetic Residence - Pimpri 1270,Residence,"620, Temple Road, Pimpri, Pune",Pimpri,Pune,Pune,Maharashtra,411018,18.629961,73.804095,Medium
LOC001271,Synthetic Restaurant - Katraj 1271,Restaurant,"526, Industrial Road, Katraj, Pune",Katraj,Pune,Pune,Maharashtra,411046,18.452816,73.85889,Low
LOC001272,Synthetic Bank - Katraj 1272,Bank,"803, Temple Road, Katraj, Pune",Katraj,Pune,Pune,Maharashtra,411046,18.453454,73.858982,High
LOC001273,Synthetic Workplace - Kondhwa 1273,Workplace,"971, Industrial Road, Kondhwa, Pune",Kondhwa,Pune,Pune,Maharashtra,411048,18.4651,73.888639,Low
LOC001274,Synthetic Police Station - Swargate,Police Station,"558, Station Road, Swargate, Pune",Swargate,Pune,Pune,Maharashtra,411037,18.507107,73.856611,Low
LOC001275,Synthetic Bank - Viman Nagar 1275,Bank,"583, Station Road, Viman Nagar, Pune",Viman Nagar,Pune,Pune,Maharashtra,411014,18.569121,73.909222,Medium
LOC001276,Synthetic ATM - Chinchwad 1276,ATM,"801, Canal Road, Chinchwad, Pune",Chinchwad,Pune,Pune,Maharashtra,411033,18.622829,73.796809,Medium
LOC001277,Synthetic Residence - Kondhwa 1277,Residence,"862, Canal Road, Kondhwa, Pune",Kondhwa,Pune,Pune,Maharashtra,411048,18.462432,73.891862,Low
LOC001278,Synthetic Police Station - Pimpri,Police Station,"512, Nagar Road, Pimpri, Pune",Pimpri,Pune,Pune,Maharashtra,411018,18.636904,73.800769,Medium
LOC001279,Synthetic Warehouse - Viman Nagar 1279,Warehouse,"252, Nagar Road, Viman Nagar, Pune",Viman Nagar,Pune,Pune,Maharashtra,411014,18.561134,73.906818,Low
LOC001280,Synthetic Transport Hub - Hadapsar 1280,Transport Hub,"972, College Road, Hadapsar, Pune",Hadapsar,Pune,Pune,Maharashtra,411028,18.501857,73.918771,Medium
LOC001281,Synthetic Transport Hub - Shivajinagar 1281,Transport Hub,"837, Temple Road, Shivajinagar, Pune",Shivajinagar,Pune,Pune,Maharashtra,411005,18.538463,73.844256,Medium
LOC001282,Synthetic Restaurant - Wakad 1282,Restaurant,"693, Canal Road, Wakad, Pune",Wakad,Pune,Pune,Maharashtra,411057,18.596622,73.764222,Low
LOC001283,Synthetic Restaurant - Baner 1283,Restaurant,"303, Station Road, Baner, Pune",Baner,Pune,Pune,Maharashtra,411045,18.558353,73.788319,Low
LOC001284,Synthetic Crime Scene - Kondhwa 1284,Crime Scene,"282, Market Road, Kondhwa, Pune",Kondhwa,Pune,Pune,Maharashtra,411048,18.472838,73.889386,Medium
LOC001285,Synthetic ATM - Katraj 1285,ATM,"298, Park Road, Katraj, Pune",Katraj,Pune,Pune,Maharashtra,411046,18.455016,73.867658,Low
LOC001286,Synthetic Crime Scene - Bhosari 1286,Crime Scene,"571, College Road, Bhosari, Pune",Bhosari,Pune,Pune,Maharashtra,411039,18.628,73.852262,Low
LOC001287,Synthetic Meeting Point - Wakad 1287,Meeting Point,"54, Station Road, Wakad, Pune",Wakad,Pune,Pune,Maharashtra,411057,18.605937,73.761741,High
LOC001288,Synthetic Transport Hub - Pimpri 1288,Transport Hub,"792, Industrial Road, Pimpri, Pune",Pimpri,Pune,Pune,Maharashtra,411018,18.624853,73.79404,Low
LOC001289,Synthetic Workplace - Swargate 1289,Workplace,"178, College Road, Swargate, Pune",Swargate,Pune,Pune,Maharashtra,411037,18.498511,73.856059,Low
LOC001290,Synthetic Meeting Point - Kothrud 1290,Meeting Point,"217, Market Road, Kothrud, Pune",Kothrud,Pune,Pune,Maharashtra,411038,18.500449,73.805004,Low
LOC001291,Synthetic Restaurant - Dhankawadi 1291,Restaurant,"393, Link Road, Dhankawadi, Pune",Dhankawadi,Pune,Pune,Maharashtra,411043,18.472811,73.84606,Low
LOC001292,Synthetic Residence - Dhankawadi 1292,Residence,"423, Nagar Road, Dhankawadi, Pune",Dhankawadi,Pune,Pune,Maharashtra,411043,18.474311,73.85308,Low
LOC001293,Synthetic Hotel - Bhosari 1293,Hotel,"373, Market Road, Bhosari, Pune",Bhosari,Pune,Pune,Maharashtra,411039,18.631099,73.847343,Low
LOC001294,Synthetic Residence - Viman Nagar 1294,Residence,"854, Park Road, Viman Nagar, Pune",Viman Nagar,Pune,Pune,Maharashtra,411014,18.570543,73.909754,Medium
LOC001295,Synthetic Residence - Katraj 1295,Residence,"908, Market Road, Katraj, Pune",Katraj,Pune,Pune,Maharashtra,411046,18.457017,73.87193,Low
LOC001296,Synthetic Crime Scene - Wakad 1296,Crime Scene,"53, College Road, Wakad, Pune",Wakad,Pune,Pune,Maharashtra,411057,18.598328,73.755541,Low
LOC001297,Synthetic Residence - Dhankawadi 1297,Residence,"923, College Road, Dhankawadi, Pune",Dhankawadi,Pune,Pune,Maharashtra,411043,18.472306,73.847983,Medium
LOC001298,Synthetic ATM - Vishrantwadi 1298,ATM,"777, Canal Road, Vishrantwadi, Pune",Vishrantwadi,Pune,Pune,Maharashtra,411015,18.559495,73.871543,Low
LOC001299,Synthetic Transport Hub - Viman Nagar 1299,Transport Hub,"606, Park Road, Viman Nagar, Pune",Viman Nagar,Pune,Pune,Maharashtra,411014,18.573116,73.919704,Low
LOC001300,Synthetic Bank - Kothrud 1300,Bank,"445, Industrial Road, Kothrud, Pune",Kothrud,Pune,Pune,Maharashtra,411038,18.502062,73.812805,Low
LOC001301,Synthetic Meeting Point - Kothrud 1301,Meeting Point,"989, Canal Road, Kothrud, Pune",Kothrud,Pune,Pune,Maharashtra,411038,18.504565,73.809705,Medium
LOC001302,Synthetic Residence - Chinchwad 1302,Residence,"437, Temple Road, Chinchwad, Pune",Chinchwad,Pune,Pune,Maharashtra,411033,18.630935,73.7948,Medium
LOC001303,Synthetic Residence - Shivajinagar 1303,Residence,"19, Temple Road, Shivajinagar, Pune",Shivajinagar,Pune,Pune,Maharashtra,411005,18.523216,73.844532,Low
LOC001304,Synthetic Hotel - Katraj 1304,Hotel,"104, Canal Road, Katraj, Pune",Katraj,Pune,Pune,Maharashtra,411046,18.454451,73.863939,Low
LOC001305,Synthetic Police Station - Wakad,Police Station,"15, Link Road, Wakad, Pune",Wakad,Pune,Pune,Maharashtra,411057,18.593747,73.755655,Medium
LOC001306,Synthetic Transport Hub - Viman Nagar 1306,Transport Hub,"805, Station Road, Viman Nagar, Pune",Viman Nagar,Pune,Pune,Maharashtra,411014,18.561884,73.908078,Medium
LOC001307,Synthetic Crime Scene - Pimpri 1307,Crime Scene,"715, Industrial Road, Pimpri, Pune",Pimpri,Pune,Pune,Maharashtra,411018,18.634781,73.796697,High
LOC001308,Synthetic Hotel - Hadapsar 1308,Hotel,"152, Link Road, Hadapsar, Pune",Hadapsar,Pune,Pune,Maharashtra,411028,18.514556,73.929428,Low
LOC001309,Synthetic Residence - Swargate 1309,Residence,"145, Main Road, Swargate, Pune",Swargate,Pune,Pune,Maharashtra,411037,18.504834,73.855652,Low
LOC001310,Synthetic Crime Scene - Bhosari 1310,Crime Scene,"964, College Road, Bhosari, Pune",Bhosari,Pune,Pune,Maharashtra,411039,18.628561,73.852199,Medium
LOC001311,Synthetic Residence - Kondhwa 1311,Residence,"214, Nagar Road, Kondhwa, Pune",Kondhwa,Pune,Pune,Maharashtra,411048,18.46773,73.887209,Low
LOC001312,Synthetic Meeting Point - Wakad 1312,Meeting Point,"304, Industrial Road, Wakad, Pune",Wakad,Pune,Pune,Maharashtra,411057,18.603186,73.757841,Low
LOC001313,Synthetic Meeting Point - Katraj 1313,Meeting Point,"578, Main Road, Katraj, Pune",Katraj,Pune,Pune,Maharashtra,411046,18.445522,73.860965,Low
LOC001314,Synthetic Meeting Point - Hadapsar 1314,Meeting Point,"304, Main Road, Hadapsar, Pune",Hadapsar,Pune,Pune,Maharashtra,411028,18.503296,73.927552,Low
LOC001315,Synthetic Other - Kondhwa 1315,Other,"726, Industrial Road, Kondhwa, Pune",Kondhwa,Pune,Pune,Maharashtra,411048,18.472836,73.894408,Low
LOC001316,Synthetic ATM - Swargate 1316,ATM,"906, Market Road, Swargate, Pune",Swargate,Pune,Pune,Maharashtra,411037,18.498235,73.86733,Low
LOC001317,Synthetic Restaurant - Dhankawadi 1317,Restaurant,"992, Station Road, Dhankawadi, Pune",Dhankawadi,Pune,Pune,Maharashtra,411043,18.467593,73.851492,High
LOC001318,Synthetic Warehouse - Viman Nagar 1318,Warehouse,"84, Temple Road, Viman Nagar, Pune",Viman Nagar,Pune,Pune,Maharashtra,411014,18.564375,73.92219,Low
LOC001319,Synthetic Hotel - Bhosari 1319,Hotel,"838, Market Road, Bhosari, Pune",Bhosari,Pune,Pune,Maharashtra,411039,18.636056,73.843354,Low
LOC001320,Synthetic Warehouse - Katraj 1320,Warehouse,"817, Temple Road, Katraj, Pune",Katraj,Pune,Pune,Maharashtra,411046,18.458427,73.870556,Medium
LOC001321,Synthetic Residence - Aundh 1321,Residence,"548, Industrial Road, Aundh, Pune",Aundh,Pune,Pune,Maharashtra,411007,18.563721,73.806477,Low
LOC001322,Synthetic Residence - Kothrud 1322,Residence,"689, Station Road, Kothrud, Pune",Kothrud,Pune,Pune,Maharashtra,411038,18.512315,73.815474,Medium
LOC001323,Synthetic Crime Scene - Swargate 1323,Crime Scene,"485, Park Road, Swargate, Pune",Swargate,Pune,Pune,Maharashtra,411037,18.497666,73.866811,Low
LOC001324,Synthetic Crime Scene - Katraj 1324,Crime Scene,"537, Nagar Road, Katraj, Pune",Katraj,Pune,Pune,Maharashtra,411046,18.455737,73.860123,High
LOC001325,Synthetic Workplace - Pimpri 1325,Workplace,"671, Link Road, Pimpri, Pune",Pimpri,Pune,Pune,Maharashtra,411018,18.635893,73.79451,Low
LOC001326,Synthetic Residence - Vishrantwadi 1326,Residence,"74, Link Road, Vishrantwadi, Pune",Vishrantwadi,Pune,Pune,Maharashtra,411015,18.560677,73.876333,High
LOC001327,Synthetic Transport Hub - Wakad 1327,Transport Hub,"400, Main Road, Wakad, Pune",Wakad,Pune,Pune,Maharashtra,411057,18.596419,73.762235,Medium
LOC001328,Synthetic Hotel - Baner 1328,Hotel,"848, Link Road, Baner, Pune",Baner,Pune,Pune,Maharashtra,411045,18.559359,73.779124,Low
LOC001329,Synthetic Workplace - Wakad 1329,Workplace,"62, Market Road, Wakad, Pune",Wakad,Pune,Pune,Maharashtra,411057,18.595949,73.76874,Low
LOC001330,Synthetic Residence - Dhankawadi 1330,Residence,"882, Main Road, Dhankawadi, Pune",Dhankawadi,Pune,Pune,Maharashtra,411043,18.472423,73.85567,Medium
LOC001331,Synthetic Bank - Kondhwa 1331,Bank,"458, Main Road, Kondhwa, Pune",Kondhwa,Pune,Pune,Maharashtra,411048,18.468088,73.886725,Low
LOC001332,Synthetic Restaurant - Aundh 1332,Restaurant,"233, Link Road, Aundh, Pune",Aundh,Pune,Pune,Maharashtra,411007,18.560777,73.810983,High
LOC001333,Synthetic Residence - Chinchwad 1333,Residence,"168, Canal Road, Chinchwad, Pune",Chinchwad,Pune,Pune,Maharashtra,411033,18.623112,73.802857,Medium
LOC001334,Synthetic Hotel - Baner 1334,Hotel,"898, Nagar Road, Baner, Pune",Baner,Pune,Pune,Maharashtra,411045,18.558345,73.780481,Low
LOC001335,Synthetic Residence - Chinchwad 1335,Residence,"184, Park Road, Chinchwad, Pune",Chinchwad,Pune,Pune,Maharashtra,411033,18.636456,73.794781,Low
LOC001336,Synthetic Other - Vishrantwadi 1336,Other,"317, Park Road, Vishrantwadi, Pune",Vishrantwadi,Pune,Pune,Maharashtra,411015,18.561397,73.872454,Low
LOC001337,Synthetic Crime Scene - Bhosari 1337,Crime Scene,"427, College Road, Bhosari, Pune",Bhosari,Pune,Pune,Maharashtra,411039,18.633374,73.851399,Low
LOC001338,Synthetic Residence - Bhosari 1338,Residence,"193, Temple Road, Bhosari, Pune",Bhosari,Pune,Pune,Maharashtra,411039,18.633702,73.852625,Low
LOC001339,Synthetic Workplace - Pimpri 1339,Workplace,"234, College Road, Pimpri, Pune",Pimpri,Pune,Pune,Maharashtra,411018,18.627379,73.804131,Medium
LOC001340,Synthetic Residence - Swargate 1340,Residence,"556, Main Road, Swargate, Pune",Swargate,Pune,Pune,Maharashtra,411037,18.500874,73.857816,Low
LOC001341,Synthetic Meeting Point - Bhosari 1341,Meeting Point,"769, College Road, Bhosari, Pune",Bhosari,Pune,Pune,Maharashtra,411039,18.630632,73.840055,Medium
LOC001342,Synthetic Residence - Swargate 1342,Residence,"539, Park Road, Swargate, Pune",Swargate,Pune,Pune,Maharashtra,411037,18.501634,73.865936,Low
LOC001343,Synthetic Transport Hub - Pimpri 1343,Transport Hub,"549, Park Road, Pimpri, Pune",Pimpri,Pune,Pune,Maharashtra,411018,18.633422,73.807355,Low
LOC001344,Synthetic Residence - Kothrud 1344,Residence,"397, Station Road, Kothrud, Pune",Kothrud,Pune,Pune,Maharashtra,411038,18.499836,73.805884,Low
LOC001345,Synthetic Police Station - Viman Nagar,Police Station,"820, Station Road, Viman Nagar, Pune",Viman Nagar,Pune,Pune,Maharashtra,411014,18.574108,73.910543,Medium
LOC001346,Synthetic Transport Hub - Hadapsar 1346,Transport Hub,"509, Main Road, Hadapsar, Pune",Hadapsar,Pune,Pune,Maharashtra,411028,18.509057,73.919509,High
LOC001347,Synthetic Meeting Point - Kothrud 1347,Meeting Point,"790, Main Road, Kothrud, Pune",Kothrud,Pune,Pune,Maharashtra,411038,18.507716,73.800744,Medium
LOC001348,Synthetic Residence - Hadapsar 1348,Residence,"174, College Road, Hadapsar, Pune",Hadapsar,Pune,Pune,Maharashtra,411028,18.504686,73.929598,Medium
LOC001349,Synthetic Residence - Vishrantwadi 1349,Residence,"210, Industrial Road, Vishrantwadi, Pune",Vishrantwadi,Pune,Pune,Maharashtra,411015,18.559605,73.875478,High
LOC001350,Synthetic Workplace - Baner 1350,Workplace,"112, Main Road, Baner, Pune",Baner,Pune,Pune,Maharashtra,411045,18.552004,73.787432,Medium
LOC001351,Synthetic Workplace - Katraj 1351,Workplace,"347, Market Road, Katraj, Pune",Katraj,Pune,Pune,Maharashtra,411046,18.450581,73.869175,Low
LOC001352,Synthetic Workplace - Chinchwad 1352,Workplace,"816, Canal Road, Chinchwad, Pune",Chinchwad,Pune,Pune,Maharashtra,411033,18.629608,73.805369,Low
LOC001353,Synthetic ATM - Kondhwa 1353,ATM,"711, Link Road, Kondhwa, Pune",Kondhwa,Pune,Pune,Maharashtra,411048,18.463028,73.884524,Low
LOC001354,Synthetic Restaurant - Kondhwa 1354,Restaurant,"606, Canal Road, Kondhwa, Pune",Kondhwa,Pune,Pune,Maharashtra,411048,18.466356,73.890476,Low
LOC001355,Synthetic Bank - Hadapsar 1355,Bank,"962, Nagar Road, Hadapsar, Pune",Hadapsar,Pune,Pune,Maharashtra,411028,18.51124,73.924798,Medium
LOC001356,Synthetic Warehouse - Pimpri 1356,Warehouse,"996, College Road, Pimpri, Pune",Pimpri,Pune,Pune,Maharashtra,411018,18.631134,73.799706,Medium
LOC001357,Synthetic Workplace - Aundh 1357,Workplace,"806, Park Road, Aundh, Pune",Aundh,Pune,Pune,Maharashtra,411007,18.56622,73.799609,Low
LOC001358,Synthetic Crime Scene - Pimpri 1358,Crime Scene,"86, Temple Road, Pimpri, Pune",Pimpri,Pune,Pune,Maharashtra,411018,18.627886,73.792,High
LOC001359,Synthetic Workplace - Baner 1359,Workplace,"141, Nagar Road, Baner, Pune",Baner,Pune,Pune,Maharashtra,411045,18.559449,73.788466,Medium
LOC001360,Synthetic Residence - Kondhwa 1360,Residence,"337, Temple Road, Kondhwa, Pune",Kondhwa,Pune,Pune,Maharashtra,411048,18.476385,73.882086,Medium
LOC001361,Synthetic Workplace - Baner 1361,Workplace,"815, Nagar Road, Baner, Pune",Baner,Pune,Pune,Maharashtra,411045,18.564123,73.790161,Medium
LOC001362,Synthetic Transport Hub - Katraj 1362,Transport Hub,"875, Canal Road, Katraj, Pune",Katraj,Pune,Pune,Maharashtra,411046,18.453624,73.859181,Low
LOC001363,Synthetic Residence - Shivajinagar 1363,Residence,"29, Industrial Road, Shivajinagar, Pune",Shivajinagar,Pune,Pune,Maharashtra,411005,18.534277,73.839023,Medium
LOC001364,Synthetic Crime Scene - Pimpri 1364,Crime Scene,"849, Main Road, Pimpri, Pune",Pimpri,Pune,Pune,Maharashtra,411018,18.621804,73.794625,Low
LOC001365,Synthetic Hotel - Yerawada 1365,Hotel,"431, Link Road, Yerawada, Pune",Yerawada,Pune,Pune,Maharashtra,411006,18.55474,73.873765,Low
LOC001366,Synthetic Residence - Chinchwad 1366,Residence,"20, Market Road, Chinchwad, Pune",Chinchwad,Pune,Pune,Maharashtra,411033,18.634407,73.793923,Low
LOC001367,Synthetic Residence - Chinchwad 1367,Residence,"862, Main Road, Chinchwad, Pune",Chinchwad,Pune,Pune,Maharashtra,411033,18.636612,73.803252,Low
LOC001368,Synthetic Crime Scene - Chinchwad 1368,Crime Scene,"306, Station Road, Chinchwad, Pune",Chinchwad,Pune,Pune,Maharashtra,411033,18.627975,73.79261,Low
LOC001369,Synthetic Residence - Hadapsar 1369,Residence,"538, Market Road, Hadapsar, Pune",Hadapsar,Pune,Pune,Maharashtra,411028,18.512114,73.926438,Medium
LOC001370,Synthetic Workplace - Swargate 1370,Workplace,"760, Link Road, Swargate, Pune",Swargate,Pune,Pune,Maharashtra,411037,18.505248,73.860195,Low
LOC001371,Synthetic Transport Hub - Katraj 1371,Transport Hub,"602, Link Road, Katraj, Pune",Katraj,Pune,Pune,Maharashtra,411046,18.460321,73.872005,Medium
LOC001372,Synthetic Warehouse - Kothrud 1372,Warehouse,"973, Link Road, Kothrud, Pune",Kothrud,Pune,Pune,Maharashtra,411038,18.50842,73.805593,Medium
LOC001373,Synthetic Residence - Pimpri 1373,Residence,"752, Canal Road, Pimpri, Pune",Pimpri,Pune,Pune,Maharashtra,411018,18.631397,73.792067,Low
LOC001374,Synthetic Police Station - Wakad,Police Station,"341, Park Road, Wakad, Pune",Wakad,Pune,Pune,Maharashtra,411057,18.605782,73.763375,Medium
LOC001375,Synthetic Residence - Hadapsar 1375,Residence,"489, Industrial Road, Hadapsar, Pune",Hadapsar,Pune,Pune,Maharashtra,411028,18.509747,73.928372,Medium
LOC001376,Synthetic Workplace - Kothrud 1376,Workplace,"955, Park Road, Kothrud, Pune",Kothrud,Pune,Pune,Maharashtra,411038,18.500424,73.806632,Medium
LOC001377,Synthetic ATM - Kondhwa 1377,ATM,"529, Park Road, Kondhwa, Pune",Kondhwa,Pune,Pune,Maharashtra,411048,18.475956,73.88749,Low
LOC001378,Synthetic Workplace - Katraj 1378,Workplace,"355, Industrial Road, Katraj, Pune",Katraj,Pune,Pune,Maharashtra,411046,18.450608,73.873169,High
LOC001379,Synthetic Residence - Vishrantwadi 1379,Residence,"84, Temple Road, Vishrantwadi, Pune",Vishrantwadi,Pune,Pune,Maharashtra,411015,18.570322,73.873138,Medium
LOC001380,Synthetic Bank - Vishrantwadi 1380,Bank,"411, Link Road, Vishrantwadi, Pune",Vishrantwadi,Pune,Pune,Maharashtra,411015,18.564154,73.880974,Low
LOC001381,Synthetic ATM - Bhosari 1381,ATM,"350, Nagar Road, Bhosari, Pune",Bhosari,Pune,Pune,Maharashtra,411039,18.633794,73.84592,Low
LOC001382,Synthetic ATM - Viman Nagar 1382,ATM,"682, Park Road, Viman Nagar, Pune",Viman Nagar,Pune,Pune,Maharashtra,411014,18.563757,73.917406,Medium
LOC001383,Synthetic ATM - Yerawada 1383,ATM,"442, Link Road, Yerawada, Pune",Yerawada,Pune,Pune,Maharashtra,411006,18.548822,73.872145,Medium
LOC001384,Synthetic Residence - Viman Nagar 1384,Residence,"846, Canal Road, Viman Nagar, Pune",Viman Nagar,Pune,Pune,Maharashtra,411014,18.570827,73.921011,Low
LOC001385,Synthetic Workplace - Kondhwa 1385,Workplace,"804, Nagar Road, Kondhwa, Pune",Kondhwa,Pune,Pune,Maharashtra,411048,18.464207,73.893048,Low
LOC001386,Synthetic Workplace - Swargate 1386,Workplace,"741, Station Road, Swargate, Pune",Swargate,Pune,Pune,Maharashtra,411037,18.500843,73.856425,Medium
LOC001387,Synthetic Workplace - Dhankawadi 1387,Workplace,"474, Canal Road, Dhankawadi, Pune",Dhankawadi,Pune,Pune,Maharashtra,411043,18.462574,73.846107,Low
LOC001388,Synthetic Workplace - Chinchwad 1388,Workplace,"943, Main Road, Chinchwad, Pune",Chinchwad,Pune,Pune,Maharashtra,411033,18.629358,73.801506,Medium
LOC001389,Synthetic Workplace - Bhosari 1389,Workplace,"613, Main Road, Bhosari, Pune",Bhosari,Pune,Pune,Maharashtra,411039,18.636906,73.840719,Low
LOC001390,Synthetic Meeting Point - Kothrud 1390,Meeting Point,"172, Market Road, Kothrud, Pune",Kothrud,Pune,Pune,Maharashtra,411038,18.501891,73.809577,Low
LOC001391,Synthetic Police Station - Chinchwad,Police Station,"133, Canal Road, Chinchwad, Pune",Chinchwad,Pune,Pune,Maharashtra,411033,18.624785,73.805551,Low
LOC001392,Synthetic Workplace - Katraj 1392,Workplace,"409, Nagar Road, Katraj, Pune",Katraj,Pune,Pune,Maharashtra,411046,18.451103,73.868827,Low
LOC001393,Synthetic Other - Katraj 1393,Other,"926, Link Road, Katraj, Pune",Katraj,Pune,Pune,Maharashtra,411046,18.459381,73.868568,High
LOC001394,Synthetic Other - Hadapsar 1394,Other,"968, College Road, Hadapsar, Pune",Hadapsar,Pune,Pune,Maharashtra,411028,18.509357,73.918095,High
LOC001395,Synthetic Residence - Pimpri 1395,Residence,"478, Station Road, Pimpri, Pune",Pimpri,Pune,Pune,Maharashtra,411018,18.627508,73.799548,Low
LOC001396,Synthetic Residence - Kothrud 1396,Residence,"792, Temple Road, Kothrud, Pune",Kothrud,Pune,Pune,Maharashtra,411038,18.502351,73.806107,Low
LOC001397,Synthetic Workplace - Kondhwa 1397,Workplace,"683, Link Road, Kondhwa, Pune",Kondhwa,Pune,Pune,Maharashtra,411048,18.4678,73.892574,Medium
LOC001398,Synthetic Meeting Point - Chinchwad 1398,Meeting Point,"821, Nagar Road, Chinchwad, Pune",Chinchwad,Pune,Pune,Maharashtra,411033,18.622443,73.796717,Medium
LOC001399,Synthetic Restaurant - Hadapsar 1399,Restaurant,"543, Park Road, Hadapsar, Pune",Hadapsar,Pune,Pune,Maharashtra,411028,18.504605,73.926231,High
LOC001400,Synthetic Residence - Kondhwa 1400,Residence,"44, College Road, Kondhwa, Pune",Kondhwa,Pune,Pune,Maharashtra,411048,18.46807,73.894283,High
LOC001401,Synthetic Workplace - Swargate 1401,Workplace,"890, Park Road, Swargate, Pune",Swargate,Pune,Pune,Maharashtra,411037,18.494358,73.870334,Low
LOC001402,Synthetic Workplace - Bhosari 1402,Workplace,"525, Station Road, Bhosari, Pune",Bhosari,Pune,Pune,Maharashtra,411039,18.623709,73.843109,Medium
LOC001403,Synthetic Transport Hub - Bhosari 1403,Transport Hub,"639, Market Road, Bhosari, Pune",Bhosari,Pune,Pune,Maharashtra,411039,18.631091,73.849368,Low
LOC001404,Synthetic Workplace - Hadapsar 1404,Workplace,"224, Canal Road, Hadapsar, Pune",Hadapsar,Pune,Pune,Maharashtra,411028,18.50916,73.926023,Low
LOC001405,Synthetic Hotel - Kothrud 1405,Hotel,"117, Temple Road, Kothrud, Pune",Kothrud,Pune,Pune,Maharashtra,411038,18.507498,73.800595,Low
LOC001406,Synthetic Restaurant - Dhankawadi 1406,Restaurant,"90, Industrial Road, Dhankawadi, Pune",Dhankawadi,Pune,Pune,Maharashtra,411043,18.468748,73.844722,High
LOC001407,Synthetic Restaurant - Viman Nagar 1407,Restaurant,"191, College Road, Viman Nagar, Pune",Viman Nagar,Pune,Pune,Maharashtra,411014,18.57461,73.92207,Medium
LOC001408,Synthetic Workplace - Chinchwad 1408,Workplace,"21, Nagar Road, Chinchwad, Pune",Chinchwad,Pune,Pune,Maharashtra,411033,18.626968,73.797528,Low
LOC001409,Synthetic ATM - Vishrantwadi 1409,ATM,"770, Temple Road, Vishrantwadi, Pune",Vishrantwadi,Pune,Pune,Maharashtra,411015,18.570047,73.883683,Low
LOC001410,Synthetic Restaurant - Kondhwa 1410,Restaurant,"566, Station Road, Kondhwa, Pune",Kondhwa,Pune,Pune,Maharashtra,411048,18.465443,73.889572,Low
LOC001411,Synthetic Hotel - Kondhwa 1411,Hotel,"622, Canal Road, Kondhwa, Pune",Kondhwa,Pune,Pune,Maharashtra,411048,18.462745,73.892065,Medium
LOC001412,Synthetic Workplace - Aundh 1412,Workplace,"144, Temple Road, Aundh, Pune",Aundh,Pune,Pune,Maharashtra,411007,18.558044,73.800956,Medium
LOC001413,Synthetic Other - Dhankawadi 1413,Other,"196, Market Road, Dhankawadi, Pune",Dhankawadi,Pune,Pune,Maharashtra,411043,18.474543,73.847377,Low
LOC001414,Synthetic Transport Hub - Viman Nagar 1414,Transport Hub,"528, Market Road, Viman Nagar, Pune",Viman Nagar,Pune,Pune,Maharashtra,411014,18.566343,73.909017,Medium
LOC001415,Synthetic Bank - Viman Nagar 1415,Bank,"724, Station Road, Viman Nagar, Pune",Viman Nagar,Pune,Pune,Maharashtra,411014,18.574121,73.915659,Medium
LOC001416,Synthetic Residence - Yerawada 1416,Residence,"915, Nagar Road, Yerawada, Pune",Yerawada,Pune,Pune,Maharashtra,411006,18.546801,73.870927,Medium
LOC001417,Synthetic Restaurant - Wakad 1417,Restaurant,"362, Temple Road, Wakad, Pune",Wakad,Pune,Pune,Maharashtra,411057,18.593953,73.761427,Low
LOC001418,Synthetic Residence - Dhankawadi 1418,Residence,"26, College Road, Dhankawadi, Pune",Dhankawadi,Pune,Pune,Maharashtra,411043,18.459188,73.844899,Low
LOC001419,Synthetic Crime Scene - Baner 1419,Crime Scene,"40, Park Road, Baner, Pune",Baner,Pune,Pune,Maharashtra,411045,18.56156,73.789096,Low
LOC001420,Synthetic Crime Scene - Shivajinagar 1420,Crime Scene,"94, Station Road, Shivajinagar, Pune",Shivajinagar,Pune,Pune,Maharashtra,411005,18.52632,73.853698,Medium
LOC001421,Synthetic Bank - Dhankawadi 1421,Bank,"127, College Road, Dhankawadi, Pune",Dhankawadi,Pune,Pune,Maharashtra,411043,18.468678,73.844766,High
LOC001422,Synthetic Residence - Viman Nagar 1422,Residence,"869, Canal Road, Viman Nagar, Pune",Viman Nagar,Pune,Pune,Maharashtra,411014,18.572825,73.922197,Medium
LOC001423,Synthetic Transport Hub - Pimpri 1423,Transport Hub,"160, Station Road, Pimpri, Pune",Pimpri,Pune,Pune,Maharashtra,411018,18.635095,73.807252,Low
LOC001424,Synthetic Warehouse - Aundh 1424,Warehouse,"522, Industrial Road, Aundh, Pune",Aundh,Pune,Pune,Maharashtra,411007,18.559122,73.80141,High
LOC001425,Synthetic Workplace - Hadapsar 1425,Workplace,"949, Main Road, Hadapsar, Pune",Hadapsar,Pune,Pune,Maharashtra,411028,18.503178,73.921178,Low
LOC001426,Synthetic Meeting Point - Yerawada 1426,Meeting Point,"537, Main Road, Yerawada, Pune",Yerawada,Pune,Pune,Maharashtra,411006,18.5515,73.876262,Low
LOC001427,Synthetic Restaurant - Dhankawadi 1427,Restaurant,"563, Market Road, Dhankawadi, Pune",Dhankawadi,Pune,Pune,Maharashtra,411043,18.474435,73.849409,Low
LOC001428,Synthetic Workplace - Katraj 1428,Workplace,"554, College Road, Katraj, Pune",Katraj,Pune,Pune,Maharashtra,411046,18.448669,73.872524,Low
LOC001429,Synthetic Workplace - Pimpri 1429,Workplace,"851, Station Road, Pimpri, Pune",Pimpri,Pune,Pune,Maharashtra,411018,18.624892,73.805417,Low
LOC001430,Synthetic Meeting Point - Wakad 1430,Meeting Point,"863, Market Road, Wakad, Pune",Wakad,Pune,Pune,Maharashtra,411057,18.598041,73.756067,Medium
LOC001431,Synthetic Meeting Point - Kondhwa 1431,Meeting Point,"244, Main Road, Kondhwa, Pune",Kondhwa,Pune,Pune,Maharashtra,411048,18.463441,73.894282,Low
LOC001432,Synthetic Restaurant - Swargate 1432,Restaurant,"666, Canal Road, Swargate, Pune",Swargate,Pune,Pune,Maharashtra,411037,18.503129,73.867654,Low
LOC001433,Synthetic Workplace - Hadapsar 1433,Workplace,"848, Main Road, Hadapsar, Pune",Hadapsar,Pune,Pune,Maharashtra,411028,18.508161,73.918935,Low
LOC001434,Synthetic Restaurant - Yerawada 1434,Restaurant,"145, Station Road, Yerawada, Pune",Yerawada,Pune,Pune,Maharashtra,411006,18.555007,73.8776,Low
LOC001435,Synthetic Workplace - Wakad 1435,Workplace,"48, Station Road, Wakad, Pune",Wakad,Pune,Pune,Maharashtra,411057,18.60438,73.756731,Low
LOC001436,Synthetic Crime Scene - Dhankawadi 1436,Crime Scene,"89, Main Road, Dhankawadi, Pune",Dhankawadi,Pune,Pune,Maharashtra,411043,18.467461,73.855079,Low
LOC001437,Synthetic Workplace - Vishrantwadi 1437,Workplace,"11, College Road, Vishrantwadi, Pune",Vishrantwadi,Pune,Pune,Maharashtra,411015,18.570147,73.882193,Low
LOC001438,Synthetic Residence - Yerawada 1438,Residence,"611, Station Road, Yerawada, Pune",Yerawada,Pune,Pune,Maharashtra,411006,18.551428,73.876993,Medium
LOC001439,Synthetic Meeting Point - Aundh 1439,Meeting Point,"363, Nagar Road, Aundh, Pune",Aundh,Pune,Pune,Maharashtra,411007,18.557933,73.801647,Low
LOC001440,Synthetic Hotel - Bhosari 1440,Hotel,"532, Temple Road, Bhosari, Pune",Bhosari,Pune,Pune,Maharashtra,411039,18.637454,73.852286,Medium
LOC001441,Synthetic Residence - Chinchwad 1441,Residence,"888, Park Road, Chinchwad, Pune",Chinchwad,Pune,Pune,Maharashtra,411033,18.622997,73.802404,Medium
LOC001442,Synthetic Residence - Hadapsar 1442,Residence,"514, Link Road, Hadapsar, Pune",Hadapsar,Pune,Pune,Maharashtra,411028,18.511753,73.922694,Medium
LOC001443,Synthetic Meeting Point - Hadapsar 1443,Meeting Point,"519, Link Road, Hadapsar, Pune",Hadapsar,Pune,Pune,Maharashtra,411028,18.511287,73.920426,Medium
LOC001444,Synthetic Restaurant - Viman Nagar 1444,Restaurant,"15, College Road, Viman Nagar, Pune",Viman Nagar,Pune,Pune,Maharashtra,411014,18.562311,73.908927,Medium
LOC001445,Synthetic Workplace - Yerawada 1445,Workplace,"627, Park Road, Yerawada, Pune",Yerawada,Pune,Pune,Maharashtra,411006,18.543978,73.871971,Low
LOC001446,Synthetic Hotel - Aundh 1446,Hotel,"331, Park Road, Aundh, Pune",Aundh,Pune,Pune,Maharashtra,411007,18.564261,73.802831,Low
LOC001447,Synthetic Crime Scene - Wakad 1447,Crime Scene,"53, Link Road, Wakad, Pune",Wakad,Pune,Pune,Maharashtra,411057,18.602457,73.755325,Medium
LOC001448,Synthetic Transport Hub - Katraj 1448,Transport Hub,"142, Temple Road, Katraj, Pune",Katraj,Pune,Pune,Maharashtra,411046,18.44692,73.86679,Low
LOC001449,Synthetic Residence - Viman Nagar 1449,Residence,"177, Park Road, Viman Nagar, Pune",Viman Nagar,Pune,Pune,Maharashtra,411014,18.566668,73.921211,Low
LOC001450,Synthetic Residence - Yerawada 1450,Residence,"63, College Road, Yerawada, Pune",Yerawada,Pune,Pune,Maharashtra,411006,18.55212,73.880009,High
LOC001451,Synthetic Restaurant - Vishrantwadi 1451,Restaurant,"866, Canal Road, Vishrantwadi, Pune",Vishrantwadi,Pune,Pune,Maharashtra,411015,18.571262,73.871929,High
LOC001452,Synthetic Workplace - Pimpri 1452,Workplace,"295, Main Road, Pimpri, Pune",Pimpri,Pune,Pune,Maharashtra,411018,18.637779,73.794131,Low
LOC001453,Synthetic Hotel - Aundh 1453,Hotel,"243, Market Road, Aundh, Pune",Aundh,Pune,Pune,Maharashtra,411007,18.562609,73.813651,Medium
LOC001454,Synthetic Restaurant - Baner 1454,Restaurant,"536, Industrial Road, Baner, Pune",Baner,Pune,Pune,Maharashtra,411045,18.565504,73.78686,Low
LOC001455,Synthetic Restaurant - Shivajinagar 1455,Restaurant,"526, Park Road, Shivajinagar, Pune",Shivajinagar,Pune,Pune,Maharashtra,411005,18.536465,73.843894,Low
LOC001456,Synthetic Hotel - Baner 1456,Hotel,"292, College Road, Baner, Pune",Baner,Pune,Pune,Maharashtra,411045,18.555832,73.78646,Medium
LOC001457,Synthetic Residence - Baner 1457,Residence,"958, College Road, Baner, Pune",Baner,Pune,Pune,Maharashtra,411045,18.562503,73.779257,Low
LOC001458,Synthetic Residence - Chinchwad 1458,Residence,"876, College Road, Chinchwad, Pune",Chinchwad,Pune,Pune,Maharashtra,411033,18.634944,73.801056,Low
LOC001459,Synthetic Workplace - Vishrantwadi 1459,Workplace,"77, Nagar Road, Vishrantwadi, Pune",Vishrantwadi,Pune,Pune,Maharashtra,411015,18.565179,73.883628,Low
LOC001460,Synthetic Police Station - Chinchwad,Police Station,"525, Station Road, Chinchwad, Pune",Chinchwad,Pune,Pune,Maharashtra,411033,18.632061,73.800761,Low
LOC001461,Synthetic Bank - Dhankawadi 1461,Bank,"627, Station Road, Dhankawadi, Pune",Dhankawadi,Pune,Pune,Maharashtra,411043,18.471458,73.846163,Low
LOC001462,Synthetic Restaurant - Katraj 1462,Restaurant,"565, Nagar Road, Katraj, Pune",Katraj,Pune,Pune,Maharashtra,411046,18.45504,73.87312,Low
LOC001463,Synthetic Meeting Point - Hadapsar 1463,Meeting Point,"768, Market Road, Hadapsar, Pune",Hadapsar,Pune,Pune,Maharashtra,411028,18.511487,73.927395,Medium
LOC001464,Synthetic Transport Hub - Hadapsar 1464,Transport Hub,"652, Nagar Road, Hadapsar, Pune",Hadapsar,Pune,Pune,Maharashtra,411028,18.511205,73.920566,Low
LOC001465,Synthetic Residence - Hadapsar 1465,Residence,"897, Station Road, Hadapsar, Pune",Hadapsar,Pune,Pune,Maharashtra,411028,18.508547,73.932753,Low
LOC001466,Synthetic Residence - Kondhwa 1466,Residence,"729, Park Road, Kondhwa, Pune",Kondhwa,Pune,Pune,Maharashtra,411048,18.47215,73.895224,Medium
LOC001467,Synthetic Transport Hub - Viman Nagar 1467,Transport Hub,"698, Nagar Road, Viman Nagar, Pune",Viman Nagar,Pune,Pune,Maharashtra,411014,18.559908,73.910011,Low
LOC001468,Synthetic Residence - Vishrantwadi 1468,Residence,"578, Temple Road, Vishrantwadi, Pune",Vishrantwadi,Pune,Pune,Maharashtra,411015,18.561121,73.880406,Low
LOC001469,Synthetic Residence - Shivajinagar 1469,Residence,"380, Main Road, Shivajinagar, Pune",Shivajinagar,Pune,Pune,Maharashtra,411005,18.529555,73.8415,Medium
LOC001470,Synthetic Meeting Point - Pimpri 1470,Meeting Point,"775, Main Road, Pimpri, Pune",Pimpri,Pune,Pune,Maharashtra,411018,18.623299,73.794441,Medium
LOC001471,Synthetic Residence - Shivajinagar 1471,Residence,"384, Canal Road, Shivajinagar, Pune",Shivajinagar,Pune,Pune,Maharashtra,411005,18.531754,73.854934,Medium
LOC001472,Synthetic Residence - Yerawada 1472,Residence,"534, Link Road, Yerawada, Pune",Yerawada,Pune,Pune,Maharashtra,411006,18.544406,73.870374,Medium
LOC001473,Synthetic Transport Hub - Bhosari 1473,Transport Hub,"680, Market Road, Bhosari, Pune",Bhosari,Pune,Pune,Maharashtra,411039,18.629305,73.851647,Low
LOC001474,Synthetic ATM - Swargate 1474,ATM,"312, Industrial Road, Swargate, Pune",Swargate,Pune,Pune,Maharashtra,411037,18.501925,73.86709,Low
LOC001475,Synthetic Residence - Wakad 1475,Residence,"758, Canal Road, Wakad, Pune",Wakad,Pune,Pune,Maharashtra,411057,18.595347,73.76247,Medium
LOC001476,Synthetic Transport Hub - Yerawada 1476,Transport Hub,"34, Temple Road, Yerawada, Pune",Yerawada,Pune,Pune,Maharashtra,411006,18.54647,73.882071,Low
LOC001477,Synthetic Bank - Kothrud 1477,Bank,"292, Industrial Road, Kothrud, Pune",Kothrud,Pune,Pune,Maharashtra,411038,18.506808,73.812276,High
LOC001478,Synthetic Crime Scene - Kothrud 1478,Crime Scene,"294, Park Road, Kothrud, Pune",Kothrud,Pune,Pune,Maharashtra,411038,18.49941,73.807974,Low
LOC001479,Synthetic Residence - Wakad 1479,Residence,"600, Link Road, Wakad, Pune",Wakad,Pune,Pune,Maharashtra,411057,18.599609,73.766608,Medium
LOC001480,Synthetic ATM - Bhosari 1480,ATM,"212, Nagar Road, Bhosari, Pune",Bhosari,Pune,Pune,Maharashtra,411039,18.627571,73.843545,Low
LOC001481,Synthetic Warehouse - Wakad 1481,Warehouse,"238, Station Road, Wakad, Pune",Wakad,Pune,Pune,Maharashtra,411057,18.596534,73.757338,Low
LOC001482,Synthetic Crime Scene - Aundh 1482,Crime Scene,"24, Main Road, Aundh, Pune",Aundh,Pune,Pune,Maharashtra,411007,18.553359,73.811841,Low
LOC001483,Synthetic Residence - Shivajinagar 1483,Residence,"683, Link Road, Shivajinagar, Pune",Shivajinagar,Pune,Pune,Maharashtra,411005,18.529411,73.839162,Medium
LOC001484,Synthetic Police Station - Kondhwa,Police Station,"612, Main Road, Kondhwa, Pune",Kondhwa,Pune,Pune,Maharashtra,411048,18.475696,73.887152,Low
LOC001485,Synthetic Crime Scene - Swargate 1485,Crime Scene,"921, Temple Road, Swargate, Pune",Swargate,Pune,Pune,Maharashtra,411037,18.506318,73.869708,Medium
LOC001486,Synthetic Workplace - Katraj 1486,Workplace,"557, College Road, Katraj, Pune",Katraj,Pune,Pune,Maharashtra,411046,18.451039,73.858404,Low
LOC001487,Synthetic Residence - Kondhwa 1487,Residence,"521, College Road, Kondhwa, Pune",Kondhwa,Pune,Pune,Maharashtra,411048,18.472189,73.890041,Low
LOC001488,Synthetic Residence - Vishrantwadi 1488,Residence,"742, Canal Road, Vishrantwadi, Pune",Vishrantwadi,Pune,Pune,Maharashtra,411015,18.563355,73.87668,Low
LOC001489,Synthetic Residence - Yerawada 1489,Residence,"776, Main Road, Yerawada, Pune",Yerawada,Pune,Pune,Maharashtra,411006,18.553041,73.876096,Medium
LOC001490,Synthetic Warehouse - Pimpri 1490,Warehouse,"684, College Road, Pimpri, Pune",Pimpri,Pune,Pune,Maharashtra,411018,18.635441,73.795376,Low
LOC001491,Synthetic Residence - Viman Nagar 1491,Residence,"172, Canal Road, Viman Nagar, Pune",Viman Nagar,Pune,Pune,Maharashtra,411014,18.562113,73.907612,Medium
LOC001492,Synthetic Bank - Wakad 1492,Bank,"387, Industrial Road, Wakad, Pune",Wakad,Pune,Pune,Maharashtra,411057,18.602096,73.755041,Low
LOC001493,Synthetic Residence - Viman Nagar 1493,Residence,"596, Industrial Road, Viman Nagar, Pune",Viman Nagar,Pune,Pune,Maharashtra,411014,18.571767,73.910173,Low
LOC001494,Synthetic Residence - Pimpri 1494,Residence,"80, Park Road, Pimpri, Pune",Pimpri,Pune,Pune,Maharashtra,411018,18.622535,73.80072,Low
LOC001495,Synthetic Workplace - Kondhwa 1495,Workplace,"308, Industrial Road, Kondhwa, Pune",Kondhwa,Pune,Pune,Maharashtra,411048,18.465967,73.885285,Medium
LOC001496,Synthetic Residence - Kondhwa 1496,Residence,"487, Link Road, Kondhwa, Pune",Kondhwa,Pune,Pune,Maharashtra,411048,18.469384,73.883141,High
LOC001497,Synthetic Residence - Kondhwa 1497,Residence,"553, Link Road, Kondhwa, Pune",Kondhwa,Pune,Pune,Maharashtra,411048,18.468784,73.896758,High
LOC001498,Synthetic Residence - Pimpri 1498,Residence,"630, Station Road, Pimpri, Pune",Pimpri,Pune,Pune,Maharashtra,411018,18.62619,73.796003,Low
LOC001499,Synthetic Residence - Kothrud 1499,Residence,"276, College Road, Kothrud, Pune",Kothrud,Pune,Pune,Maharashtra,411038,18.500066,73.806642,High
LOC001500,Synthetic Transport Hub - Pimpri 1500,Transport Hub,"535, Industrial Road, Pimpri, Pune",Pimpri,Pune,Pune,Maharashtra,411018,18.637291,73.803975,Low
LOC001501,Synthetic ATM - Kothrud 1501,ATM,"422, Temple Road, Kothrud, Pune",Kothrud,Pune,Pune,Maharashtra,411038,18.507041,73.813698,Medium
LOC001502,Synthetic Bank - Pimpri 1502,Bank,"291, Market Road, Pimpri, Pune",Pimpri,Pune,Pune,Maharashtra,411018,18.623576,73.801616,Medium
LOC001503,Synthetic Crime Scene - Shivajinagar 1503,Crime Scene,"461, Main Road, Shivajinagar, Pune",Shivajinagar,Pune,Pune,Maharashtra,411005,18.532277,73.842574,Low
LOC001504,Synthetic Workplace - Wakad 1504,Workplace,"169, Temple Road, Wakad, Pune",Wakad,Pune,Pune,Maharashtra,411057,18.60211,73.762708,High
LOC001505,Synthetic Residence - Baner 1505,Residence,"933, Market Road, Baner, Pune",Baner,Pune,Pune,Maharashtra,411045,18.557363,73.782332,High
LOC001506,Synthetic Residence - Kothrud 1506,Residence,"843, College Road, Kothrud, Pune",Kothrud,Pune,Pune,Maharashtra,411038,18.504632,73.813003,Medium
LOC001507,Synthetic ATM - Dhankawadi 1507,ATM,"506, Industrial Road, Dhankawadi, Pune",Dhankawadi,Pune,Pune,Maharashtra,411043,18.461692,73.85357,High
LOC001508,Synthetic Crime Scene - Pimpri 1508,Crime Scene,"427, Park Road, Pimpri, Pune",Pimpri,Pune,Pune,Maharashtra,411018,18.62892,73.792129,Low
LOC001509,Synthetic Restaurant - Kondhwa 1509,Restaurant,"714, Station Road, Kondhwa, Pune",Kondhwa,Pune,Pune,Maharashtra,411048,18.473138,73.886414,Low
LOC001510,Synthetic Bank - Katraj 1510,Bank,"687, Link Road, Katraj, Pune",Katraj,Pune,Pune,Maharashtra,411046,18.45429,73.866789,Low
LOC001511,Synthetic Crime Scene - Katraj 1511,Crime Scene,"637, Nagar Road, Katraj, Pune",Katraj,Pune,Pune,Maharashtra,411046,18.460572,73.86381,Medium
LOC001512,Synthetic Transport Hub - Aundh 1512,Transport Hub,"955, Nagar Road, Aundh, Pune",Aundh,Pune,Pune,Maharashtra,411007,18.557769,73.810344,Low
LOC001513,Synthetic Restaurant - Shivajinagar 1513,Restaurant,"939, Industrial Road, Shivajinagar, Pune",Shivajinagar,Pune,Pune,Maharashtra,411005,18.536664,73.847382,Medium
LOC001514,Synthetic Restaurant - Aundh 1514,Restaurant,"822, Market Road, Aundh, Pune",Aundh,Pune,Pune,Maharashtra,411007,18.562638,73.809146,Low
LOC001515,Synthetic Police Station - Aundh,Police Station,"962, Industrial Road, Aundh, Pune",Aundh,Pune,Pune,Maharashtra,411007,18.561278,73.803757,Low
LOC001516,Synthetic Crime Scene - Dhankawadi 1516,Crime Scene,"380, Park Road, Dhankawadi, Pune",Dhankawadi,Pune,Pune,Maharashtra,411043,18.470826,73.852788,Medium
LOC001517,Synthetic Crime Scene - Kothrud 1517,Crime Scene,"356, Station Road, Kothrud, Pune",Kothrud,Pune,Pune,Maharashtra,411038,18.509902,73.806137,Low
LOC001518,Synthetic Workplace - Dhankawadi 1518,Workplace,"228, Temple Road, Dhankawadi, Pune",Dhankawadi,Pune,Pune,Maharashtra,411043,18.463253,73.848326,Low
LOC001519,Synthetic Warehouse - Aundh 1519,Warehouse,"824, Main Road, Aundh, Pune",Aundh,Pune,Pune,Maharashtra,411007,18.562132,73.800712,Medium
LOC001520,Synthetic Crime Scene - Bhosari 1520,Crime Scene,"522, Station Road, Bhosari, Pune",Bhosari,Pune,Pune,Maharashtra,411039,18.623992,73.851506,Medium
LOC001521,Synthetic Crime Scene - Yerawada 1521,Crime Scene,"326, Station Road, Yerawada, Pune",Yerawada,Pune,Pune,Maharashtra,411006,18.545101,73.879656,Medium
LOC001522,Synthetic Workplace - Wakad 1522,Workplace,"194, Park Road, Wakad, Pune",Wakad,Pune,Pune,Maharashtra,411057,18.598315,73.76203,High
LOC001523,Synthetic Workplace - Yerawada 1523,Workplace,"495, Industrial Road, Yerawada, Pune",Yerawada,Pune,Pune,Maharashtra,411006,18.547839,73.873862,Medium
LOC001524,Synthetic Other - Wakad 1524,Other,"330, Park Road, Wakad, Pune",Wakad,Pune,Pune,Maharashtra,411057,18.59948,73.755094,Low
LOC001525,Synthetic Residence - Wakad 1525,Residence,"483, Park Road, Wakad, Pune",Wakad,Pune,Pune,Maharashtra,411057,18.600921,73.759313,Low
LOC001526,Synthetic Restaurant - Katraj 1526,Restaurant,"99, Station Road, Katraj, Pune",Katraj,Pune,Pune,Maharashtra,411046,18.445278,73.86203,Low
LOC001527,Synthetic Restaurant - Dhankawadi 1527,Restaurant,"315, Station Road, Dhankawadi, Pune",Dhankawadi,Pune,Pune,Maharashtra,411043,18.468815,73.841528,Low
LOC001528,Synthetic Restaurant - Dhankawadi 1528,Restaurant,"652, Park Road, Dhankawadi, Pune",Dhankawadi,Pune,Pune,Maharashtra,411043,18.472732,73.842421,Medium
LOC001529,Synthetic Crime Scene - Shivajinagar 1529,Crime Scene,"779, Station Road, Shivajinagar, Pune",Shivajinagar,Pune,Pune,Maharashtra,411005,18.537536,73.843727,Medium
LOC001530,Synthetic Residence - Kothrud 1530,Residence,"338, Temple Road, Kothrud, Pune",Kothrud,Pune,Pune,Maharashtra,411038,18.504958,73.808108,Medium
LOC001531,Synthetic Workplace - Pimpri 1531,Workplace,"413, Park Road, Pimpri, Pune",Pimpri,Pune,Pune,Maharashtra,411018,18.628725,73.801405,High
LOC001532,Synthetic Police Station - Dhankawadi,Police Station,"182, Main Road, Dhankawadi, Pune",Dhankawadi,Pune,Pune,Maharashtra,411043,18.46918,73.847593,Low
LOC001533,Synthetic Warehouse - Yerawada 1533,Warehouse,"932, Main Road, Yerawada, Pune",Yerawada,Pune,Pune,Maharashtra,411006,18.553426,73.878831,Low
LOC001534,Synthetic Workplace - Hadapsar 1534,Workplace,"777, Station Road, Hadapsar, Pune",Hadapsar,Pune,Pune,Maharashtra,411028,18.502058,73.925282,Low
LOC001535,Synthetic Residence - Katraj 1535,Residence,"286, College Road, Katraj, Pune",Katraj,Pune,Pune,Maharashtra,411046,18.45976,73.865699,Low
LOC001536,Synthetic Residence - Bhosari 1536,Residence,"692, Industrial Road, Bhosari, Pune",Bhosari,Pune,Pune,Maharashtra,411039,18.627564,73.847273,Medium
LOC001537,Synthetic Other - Hadapsar 1537,Other,"668, Link Road, Hadapsar, Pune",Hadapsar,Pune,Pune,Maharashtra,411028,18.513948,73.920978,Low
LOC001538,Synthetic Workplace - Hadapsar 1538,Workplace,"110, Station Road, Hadapsar, Pune",Hadapsar,Pune,Pune,Maharashtra,411028,18.515028,73.926342,Low
LOC001539,Synthetic Warehouse - Baner 1539,Warehouse,"172, Station Road, Baner, Pune",Baner,Pune,Pune,Maharashtra,411045,18.559999,73.783144,Medium
LOC001540,Synthetic Hotel - Chinchwad 1540,Hotel,"79, Station Road, Chinchwad, Pune",Chinchwad,Pune,Pune,Maharashtra,411033,18.629919,73.793739,Low
LOC001541,Synthetic Other - Vishrantwadi 1541,Other,"21, Station Road, Vishrantwadi, Pune",Vishrantwadi,Pune,Pune,Maharashtra,411015,18.572772,73.874501,Medium
LOC001542,Synthetic ATM - Chinchwad 1542,ATM,"435, Canal Road, Chinchwad, Pune",Chinchwad,Pune,Pune,Maharashtra,411033,18.62472,73.800602,Low
LOC001543,Synthetic ATM - Yerawada 1543,ATM,"227, Park Road, Yerawada, Pune",Yerawada,Pune,Pune,Maharashtra,411006,18.553393,73.877645,High
LOC001544,Synthetic Workplace - Chinchwad 1544,Workplace,"679, Main Road, Chinchwad, Pune",Chinchwad,Pune,Pune,Maharashtra,411033,18.627874,73.798004,High
LOC001545,Synthetic Restaurant - Shivajinagar 1545,Restaurant,"124, Park Road, Shivajinagar, Pune",Shivajinagar,Pune,Pune,Maharashtra,411005,18.535909,73.846186,Low
LOC001546,Synthetic Workplace - Aundh 1546,Workplace,"487, Industrial Road, Aundh, Pune",Aundh,Pune,Pune,Maharashtra,411007,18.556597,73.803101,Medium
LOC001547,Synthetic Police Station - Chinchwad,Police Station,"711, Link Road, Chinchwad, Pune",Chinchwad,Pune,Pune,Maharashtra,411033,18.631792,73.800181,Low
LOC001548,Synthetic Bank - Swargate 1548,Bank,"68, Station Road, Swargate, Pune",Swargate,Pune,Pune,Maharashtra,411037,18.498515,73.856015,Low
LOC001549,Synthetic Meeting Point - Aundh 1549,Meeting Point,"484, Nagar Road, Aundh, Pune",Aundh,Pune,Pune,Maharashtra,411007,18.55959,73.807414,Low
LOC001550,Synthetic Residence - Hadapsar 1550,Residence,"585, Industrial Road, Hadapsar, Pune",Hadapsar,Pune,Pune,Maharashtra,411028,18.503033,73.925644,Low
LOC001551,Synthetic Residence - Wakad 1551,Residence,"973, Link Road, Wakad, Pune",Wakad,Pune,Pune,Maharashtra,411057,18.597572,73.76422,Low
LOC001552,Synthetic Residence - Dhankawadi 1552,Residence,"508, Temple Road, Dhankawadi, Pune",Dhankawadi,Pune,Pune,Maharashtra,411043,18.46608,73.843027,Medium
LOC001553,Synthetic Workplace - Kothrud 1553,Workplace,"494, Station Road, Kothrud, Pune",Kothrud,Pune,Pune,Maharashtra,411038,18.514008,73.799837,Low
LOC001554,Synthetic ATM - Baner 1554,ATM,"226, Market Road, Baner, Pune",Baner,Pune,Pune,Maharashtra,411045,18.565417,73.782658,Medium
LOC001555,Synthetic Crime Scene - Pimpri 1555,Crime Scene,"257, Nagar Road, Pimpri, Pune",Pimpri,Pune,Pune,Maharashtra,411018,18.623964,73.799828,Medium
LOC001556,Synthetic Residence - Vishrantwadi 1556,Residence,"41, Main Road, Vishrantwadi, Pune",Vishrantwadi,Pune,Pune,Maharashtra,411015,18.57054,73.876813,Low
LOC001557,Synthetic Crime Scene - Bhosari 1557,Crime Scene,"708, Station Road, Bhosari, Pune",Bhosari,Pune,Pune,Maharashtra,411039,18.636596,73.848301,Medium
LOC001558,Synthetic Workplace - Hadapsar 1558,Workplace,"327, Park Road, Hadapsar, Pune",Hadapsar,Pune,Pune,Maharashtra,411028,18.513569,73.928769,Medium
LOC001559,Synthetic Residence - Hadapsar 1559,Residence,"912, Nagar Road, Hadapsar, Pune",Hadapsar,Pune,Pune,Maharashtra,411028,18.501602,73.927649,Medium
LOC001560,Synthetic Residence - Kondhwa 1560,Residence,"51, Main Road, Kondhwa, Pune",Kondhwa,Pune,Pune,Maharashtra,411048,18.469489,73.893239,Medium
LOC001561,Synthetic Workplace - Chinchwad 1561,Workplace,"10, Main Road, Chinchwad, Pune",Chinchwad,Pune,Pune,Maharashtra,411033,18.630355,73.795442,Low
LOC001562,Synthetic Meeting Point - Vishrantwadi 1562,Meeting Point,"427, Canal Road, Vishrantwadi, Pune",Vishrantwadi,Pune,Pune,Maharashtra,411015,18.564157,73.880478,Low
LOC001563,Synthetic Transport Hub - Bhosari 1563,Transport Hub,"319, Industrial Road, Bhosari, Pune",Bhosari,Pune,Pune,Maharashtra,411039,18.622915,73.845807,Low
LOC001564,Synthetic Bank - Aundh 1564,Bank,"772, Main Road, Aundh, Pune",Aundh,Pune,Pune,Maharashtra,411007,18.564809,73.81137,High
LOC001565,Synthetic Meeting Point - Swargate 1565,Meeting Point,"518, Park Road, Swargate, Pune",Swargate,Pune,Pune,Maharashtra,411037,18.496984,73.857461,Medium
LOC001566,Synthetic Restaurant - Baner 1566,Restaurant,"755, Nagar Road, Baner, Pune",Baner,Pune,Pune,Maharashtra,411045,18.555607,73.791245,Low
LOC001567,Synthetic Meeting Point - Shivajinagar 1567,Meeting Point,"60, College Road, Shivajinagar, Pune",Shivajinagar,Pune,Pune,Maharashtra,411005,18.538336,73.853274,High
LOC001568,Synthetic Residence - Katraj 1568,Residence,"482, Nagar Road, Katraj, Pune",Katraj,Pune,Pune,Maharashtra,411046,18.46022,73.859005,Low
LOC001569,Synthetic Warehouse - Hadapsar 1569,Warehouse,"141, College Road, Hadapsar, Pune",Hadapsar,Pune,Pune,Maharashtra,411028,18.512117,73.925585,Low
LOC001570,Synthetic Residence - Aundh 1570,Residence,"605, Main Road, Aundh, Pune",Aundh,Pune,Pune,Maharashtra,411007,18.559837,73.807705,Low
LOC001571,Synthetic Meeting Point - Shivajinagar 1571,Meeting Point,"747, Temple Road, Shivajinagar, Pune",Shivajinagar,Pune,Pune,Maharashtra,411005,18.537861,73.852623,Low
LOC001572,Synthetic Meeting Point - Wakad 1572,Meeting Point,"431, Station Road, Wakad, Pune",Wakad,Pune,Pune,Maharashtra,411057,18.597503,73.761134,Low
LOC001573,Synthetic Workplace - Wakad 1573,Workplace,"814, Park Road, Wakad, Pune",Wakad,Pune,Pune,Maharashtra,411057,18.594619,73.766999,Medium
LOC001574,Synthetic Transport Hub - Yerawada 1574,Transport Hub,"38, Industrial Road, Yerawada, Pune",Yerawada,Pune,Pune,Maharashtra,411006,18.552592,73.882038,Low
LOC001575,Synthetic ATM - Kothrud 1575,ATM,"364, Station Road, Kothrud, Pune",Kothrud,Pune,Pune,Maharashtra,411038,18.514852,73.811363,High
LOC001576,Synthetic Hotel - Chinchwad 1576,Hotel,"440, College Road, Chinchwad, Pune",Chinchwad,Pune,Pune,Maharashtra,411033,18.631654,73.800431,Medium
LOC001577,Synthetic Restaurant - Baner 1577,Restaurant,"830, Nagar Road, Baner, Pune",Baner,Pune,Pune,Maharashtra,411045,18.564355,73.782393,Medium
LOC001578,Synthetic Police Station - Kondhwa,Police Station,"277, Link Road, Kondhwa, Pune",Kondhwa,Pune,Pune,Maharashtra,411048,18.475031,73.884694,Medium
LOC001579,Synthetic Residence - Wakad 1579,Residence,"904, Main Road, Wakad, Pune",Wakad,Pune,Pune,Maharashtra,411057,18.598269,73.767472,Medium
LOC001580,Synthetic Transport Hub - Kothrud 1580,Transport Hub,"314, Main Road, Kothrud, Pune",Kothrud,Pune,Pune,Maharashtra,411038,18.504377,73.805097,Low
LOC001581,Synthetic Bank - Viman Nagar 1581,Bank,"43, College Road, Viman Nagar, Pune",Viman Nagar,Pune,Pune,Maharashtra,411014,18.567734,73.912455,Medium
LOC001582,Synthetic Workplace - Vishrantwadi 1582,Workplace,"541, Temple Road, Vishrantwadi, Pune",Vishrantwadi,Pune,Pune,Maharashtra,411015,18.570629,73.870339,Low
LOC001583,Synthetic Crime Scene - Bhosari 1583,Crime Scene,"566, College Road, Bhosari, Pune",Bhosari,Pune,Pune,Maharashtra,411039,18.632789,73.840174,Medium
LOC001584,Synthetic Transport Hub - Shivajinagar 1584,Transport Hub,"442, College Road, Shivajinagar, Pune",Shivajinagar,Pune,Pune,Maharashtra,411005,18.530023,73.846337,Low
LOC001585,Synthetic Residence - Viman Nagar 1585,Residence,"261, Nagar Road, Viman Nagar, Pune",Viman Nagar,Pune,Pune,Maharashtra,411014,18.565482,73.908805,High
LOC001586,Synthetic Police Station - Swargate,Police Station,"958, Nagar Road, Swargate, Pune",Swargate,Pune,Pune,Maharashtra,411037,18.501299,73.868479,Low
LOC001587,Synthetic Meeting Point - Swargate 1587,Meeting Point,"315, College Road, Swargate, Pune",Swargate,Pune,Pune,Maharashtra,411037,18.494446,73.861157,Low
LOC001588,Synthetic Workplace - Hadapsar 1588,Workplace,"879, Nagar Road, Hadapsar, Pune",Hadapsar,Pune,Pune,Maharashtra,411028,18.515516,73.92804,Medium
LOC001589,Synthetic Other - Kondhwa 1589,Other,"984, Industrial Road, Kondhwa, Pune",Kondhwa,Pune,Pune,Maharashtra,411048,18.46816,73.891138,Low
LOC001590,Synthetic Meeting Point - Swargate 1590,Meeting Point,"11, Station Road, Swargate, Pune",Swargate,Pune,Pune,Maharashtra,411037,18.505785,73.858483,Medium
LOC001591,Synthetic Transport Hub - Bhosari 1591,Transport Hub,"161, Main Road, Bhosari, Pune",Bhosari,Pune,Pune,Maharashtra,411039,18.629763,73.84845,Low
LOC001592,Synthetic Workplace - Dhankawadi 1592,Workplace,"362, Nagar Road, Dhankawadi, Pune",Dhankawadi,Pune,Pune,Maharashtra,411043,18.462456,73.844318,Low
LOC001593,Synthetic Residence - Pimpri 1593,Residence,"691, Industrial Road, Pimpri, Pune",Pimpri,Pune,Pune,Maharashtra,411018,18.624548,73.799489,Low
LOC001594,Synthetic Other - Kondhwa 1594,Other,"546, Park Road, Kondhwa, Pune",Kondhwa,Pune,Pune,Maharashtra,411048,18.467671,73.883809,Medium
LOC001595,Synthetic ATM - Chinchwad 1595,ATM,"981, Nagar Road, Chinchwad, Pune",Chinchwad,Pune,Pune,Maharashtra,411033,18.628824,73.806293,Low
LOC001596,Synthetic Residence - Wakad 1596,Residence,"948, Temple Road, Wakad, Pune",Wakad,Pune,Pune,Maharashtra,411057,18.599458,73.763183,Low
LOC001597,Synthetic Residence - Baner 1597,Residence,"834, Main Road, Baner, Pune",Baner,Pune,Pune,Maharashtra,411045,18.560522,73.787638,Medium
LOC001598,Synthetic Restaurant - Viman Nagar 1598,Restaurant,"602, Market Road, Viman Nagar, Pune",Viman Nagar,Pune,Pune,Maharashtra,411014,18.56441,73.91947,Medium
LOC001599,Synthetic Workplace - Viman Nagar 1599,Workplace,"917, Main Road, Viman Nagar, Pune",Viman Nagar,Pune,Pune,Maharashtra,411014,18.562859,73.916014,High
LOC001600,Synthetic Meeting Point - Dhankawadi 1600,Meeting Point,"642, Temple Road, Dhankawadi, Pune",Dhankawadi,Pune,Pune,Maharashtra,411043,18.469715,73.850587,Low
LOC001601,Synthetic Other - Vishrantwadi 1601,Other,"12, Temple Road, Vishrantwadi, Pune",Vishrantwadi,Pune,Pune,Maharashtra,411015,18.570972,73.882086,Low
LOC001602,Synthetic Residence - Aundh 1602,Residence,"281, College Road, Aundh, Pune",Aundh,Pune,Pune,Maharashtra,411007,18.552408,73.800511,High
LOC001603,Synthetic Residence - Yerawada 1603,Residence,"390, Station Road, Yerawada, Pune",Yerawada,Pune,Pune,Maharashtra,411006,18.550966,73.880187,Medium
LOC001604,Synthetic Bank - Shivajinagar 1604,Bank,"236, Main Road, Shivajinagar, Pune",Shivajinagar,Pune,Pune,Maharashtra,411005,18.529319,73.844644,Low
LOC001605,Synthetic Transport Hub - Bhosari 1605,Transport Hub,"730, Main Road, Bhosari, Pune",Bhosari,Pune,Pune,Maharashtra,411039,18.636419,73.848315,Low
LOC001606,Synthetic Hotel - Wakad 1606,Hotel,"525, Park Road, Wakad, Pune",Wakad,Pune,Pune,Maharashtra,411057,18.595622,73.757046,Medium
LOC001607,Synthetic Residence - Hadapsar 1607,Residence,"933, Park Road, Hadapsar, Pune",Hadapsar,Pune,Pune,Maharashtra,411028,18.50313,73.930111,High
LOC001608,Synthetic Warehouse - Viman Nagar 1608,Warehouse,"328, Canal Road, Viman Nagar, Pune",Viman Nagar,Pune,Pune,Maharashtra,411014,18.575835,73.91664,Low
LOC001609,Synthetic Police Station - Bhosari,Police Station,"454, Temple Road, Bhosari, Pune",Bhosari,Pune,Pune,Maharashtra,411039,18.631017,73.841887,High
LOC001610,Synthetic Workplace - Pimpri 1610,Workplace,"216, Temple Road, Pimpri, Pune",Pimpri,Pune,Pune,Maharashtra,411018,18.635048,73.801144,Low
LOC001611,Synthetic Restaurant - Viman Nagar 1611,Restaurant,"551, Park Road, Viman Nagar, Pune",Viman Nagar,Pune,Pune,Maharashtra,411014,18.563197,73.912785,Medium
LOC001612,Synthetic Other - Hadapsar 1612,Other,"889, Canal Road, Hadapsar, Pune",Hadapsar,Pune,Pune,Maharashtra,411028,18.502093,73.925243,Low
LOC001613,Synthetic Workplace - Kothrud 1613,Workplace,"97, Station Road, Kothrud, Pune",Kothrud,Pune,Pune,Maharashtra,411038,18.505756,73.8022,Medium
LOC001614,Synthetic Crime Scene - Yerawada 1614,Crime Scene,"308, Temple Road, Yerawada, Pune",Yerawada,Pune,Pune,Maharashtra,411006,18.548452,73.877581,Medium
LOC001615,Synthetic Residence - Baner 1615,Residence,"315, Main Road, Baner, Pune",Baner,Pune,Pune,Maharashtra,411045,18.553301,73.787504,Medium
LOC001616,Synthetic Meeting Point - Viman Nagar 1616,Meeting Point,"369, Link Road, Viman Nagar, Pune",Viman Nagar,Pune,Pune,Maharashtra,411014,18.562872,73.916363,Low
LOC001617,Synthetic Residence - Kothrud 1617,Residence,"752, Temple Road, Kothrud, Pune",Kothrud,Pune,Pune,Maharashtra,411038,18.512634,73.813078,Low
LOC001618,Synthetic Residence - Bhosari 1618,Residence,"209, Link Road, Bhosari, Pune",Bhosari,Pune,Pune,Maharashtra,411039,18.632251,73.842779,Low
LOC001619,Synthetic Residence - Vishrantwadi 1619,Residence,"129, Industrial Road, Vishrantwadi, Pune",Vishrantwadi,Pune,Pune,Maharashtra,411015,18.564965,73.875807,Medium
LOC001620,Synthetic Warehouse - Pimpri 1620,Warehouse,"760, Canal Road, Pimpri, Pune",Pimpri,Pune,Pune,Maharashtra,411018,18.624477,73.805048,Low
LOC001621,Synthetic Residence - Shivajinagar 1621,Residence,"105, Station Road, Shivajinagar, Pune",Shivajinagar,Pune,Pune,Maharashtra,411005,18.524136,73.851286,Low
LOC001622,Synthetic Hotel - Shivajinagar 1622,Hotel,"279, Market Road, Shivajinagar, Pune",Shivajinagar,Pune,Pune,Maharashtra,411005,18.528345,73.854469,Medium
LOC001623,Synthetic Police Station - Hadapsar,Police Station,"799, Station Road, Hadapsar, Pune",Hadapsar,Pune,Pune,Maharashtra,411028,18.51007,73.921716,Medium
LOC001624,Synthetic Other - Shivajinagar 1624,Other,"685, College Road, Shivajinagar, Pune",Shivajinagar,Pune,Pune,Maharashtra,411005,18.530287,73.841173,Medium
LOC001625,Synthetic Workplace - Kothrud 1625,Workplace,"243, Nagar Road, Kothrud, Pune",Kothrud,Pune,Pune,Maharashtra,411038,18.503942,73.80752,Low
LOC001626,Synthetic Other - Vishrantwadi 1626,Other,"328, Market Road, Vishrantwadi, Pune",Vishrantwadi,Pune,Pune,Maharashtra,411015,18.567893,73.882125,Medium
LOC001627,Synthetic Hotel - Pimpri 1627,Hotel,"708, College Road, Pimpri, Pune",Pimpri,Pune,Pune,Maharashtra,411018,18.635774,73.806377,Low
LOC001628,Synthetic Residence - Baner 1628,Residence,"696, Park Road, Baner, Pune",Baner,Pune,Pune,Maharashtra,411045,18.552976,73.790885,Low
LOC001629,Synthetic ATM - Bhosari 1629,ATM,"255, Nagar Road, Bhosari, Pune",Bhosari,Pune,Pune,Maharashtra,411039,18.636433,73.846373,Medium
LOC001630,Synthetic Crime Scene - Swargate 1630,Crime Scene,"696, Nagar Road, Swargate, Pune",Swargate,Pune,Pune,Maharashtra,411037,18.493828,73.869983,Medium
LOC001631,Synthetic Workplace - Dhankawadi 1631,Workplace,"393, Main Road, Dhankawadi, Pune",Dhankawadi,Pune,Pune,Maharashtra,411043,18.468154,73.855536,Low
LOC001632,Synthetic Residence - Dhankawadi 1632,Residence,"551, Station Road, Dhankawadi, Pune",Dhankawadi,Pune,Pune,Maharashtra,411043,18.464063,73.844115,Low
LOC001633,Synthetic Workplace - Yerawada 1633,Workplace,"706, Link Road, Yerawada, Pune",Yerawada,Pune,Pune,Maharashtra,411006,18.549041,73.883398,High
LOC001634,Synthetic Residence - Vishrantwadi 1634,Residence,"236, Canal Road, Vishrantwadi, Pune",Vishrantwadi,Pune,Pune,Maharashtra,411015,18.570301,73.875141,Medium
LOC001635,Synthetic Transport Hub - Kothrud 1635,Transport Hub,"312, Industrial Road, Kothrud, Pune",Kothrud,Pune,Pune,Maharashtra,411038,18.513441,73.800787,Low
LOC001636,Synthetic Bank - Swargate 1636,Bank,"392, Main Road, Swargate, Pune",Swargate,Pune,Pune,Maharashtra,411037,18.494819,73.859198,Low
LOC001637,Synthetic Workplace - Aundh 1637,Workplace,"215, Park Road, Aundh, Pune",Aundh,Pune,Pune,Maharashtra,411007,18.551371,73.807836,Low
LOC001638,Synthetic Restaurant - Hadapsar 1638,Restaurant,"926, Temple Road, Hadapsar, Pune",Hadapsar,Pune,Pune,Maharashtra,411028,18.508148,73.921437,Low
LOC001639,Synthetic Police Station - Baner,Police Station,"626, Canal Road, Baner, Pune",Baner,Pune,Pune,Maharashtra,411045,18.556005,73.782429,Low
LOC001640,Synthetic Residence - Wakad 1640,Residence,"336, Main Road, Wakad, Pune",Wakad,Pune,Pune,Maharashtra,411057,18.60233,73.755741,High
LOC001641,Synthetic Bank - Aundh 1641,Bank,"596, Market Road, Aundh, Pune",Aundh,Pune,Pune,Maharashtra,411007,18.558494,73.809811,Medium
LOC001642,Synthetic Residence - Kothrud 1642,Residence,"394, Canal Road, Kothrud, Pune",Kothrud,Pune,Pune,Maharashtra,411038,18.506076,73.800802,Low
LOC001643,Synthetic Workplace - Viman Nagar 1643,Workplace,"292, Temple Road, Viman Nagar, Pune",Viman Nagar,Pune,Pune,Maharashtra,411014,18.562628,73.921177,Low
LOC001644,Synthetic Police Station - Swargate,Police Station,"792, Main Road, Swargate, Pune",Swargate,Pune,Pune,Maharashtra,411037,18.507828,73.864118,Medium
LOC001645,Synthetic Restaurant - Viman Nagar 1645,Restaurant,"731, Park Road, Viman Nagar, Pune",Viman Nagar,Pune,Pune,Maharashtra,411014,18.573801,73.916574,Low
LOC001646,Synthetic Residence - Bhosari 1646,Residence,"471, College Road, Bhosari, Pune",Bhosari,Pune,Pune,Maharashtra,411039,18.635732,73.854623,High
LOC001647,Synthetic Workplace - Dhankawadi 1647,Workplace,"368, Temple Road, Dhankawadi, Pune",Dhankawadi,Pune,Pune,Maharashtra,411043,18.465177,73.845595,Medium
LOC001648,Synthetic Crime Scene - Kondhwa 1648,Crime Scene,"416, Station Road, Kondhwa, Pune",Kondhwa,Pune,Pune,Maharashtra,411048,18.467185,73.88754,Low
LOC001649,Synthetic Residence - Viman Nagar 1649,Residence,"375, Canal Road, Viman Nagar, Pune",Viman Nagar,Pune,Pune,Maharashtra,411014,18.562128,73.919753,Low
LOC001650,Synthetic Residence - Kothrud 1650,Residence,"820, Temple Road, Kothrud, Pune",Kothrud,Pune,Pune,Maharashtra,411038,18.502025,73.807302,Low
LOC001651,Synthetic Residence - Bhosari 1651,Residence,"825, Nagar Road, Bhosari, Pune",Bhosari,Pune,Pune,Maharashtra,411039,18.627525,73.840312,Low
LOC001652,Synthetic Other - Shivajinagar 1652,Other,"526, Canal Road, Shivajinagar, Pune",Shivajinagar,Pune,Pune,Maharashtra,411005,18.532854,73.843886,Medium
LOC001653,Synthetic Bank - Baner 1653,Bank,"294, Industrial Road, Baner, Pune",Baner,Pune,Pune,Maharashtra,411045,18.562085,73.781142,Medium
LOC001654,Synthetic Crime Scene - Hadapsar 1654,Crime Scene,"976, College Road, Hadapsar, Pune",Hadapsar,Pune,Pune,Maharashtra,411028,18.50614,73.933373,Low
LOC001655,Synthetic Residence - Chinchwad 1655,Residence,"395, Market Road, Chinchwad, Pune",Chinchwad,Pune,Pune,Maharashtra,411033,18.62972,73.806579,Low
LOC001656,Synthetic Residence - Kothrud 1656,Residence,"300, Station Road, Kothrud, Pune",Kothrud,Pune,Pune,Maharashtra,411038,18.502228,73.809611,Low
LOC001657,Synthetic Transport Hub - Chinchwad 1657,Transport Hub,"822, Nagar Road, Chinchwad, Pune",Chinchwad,Pune,Pune,Maharashtra,411033,18.62991,73.803144,Low
LOC001658,Synthetic Residence - Yerawada 1658,Residence,"439, Canal Road, Yerawada, Pune",Yerawada,Pune,Pune,Maharashtra,411006,18.545163,73.873108,Low
LOC001659,Synthetic Residence - Chinchwad 1659,Residence,"564, Station Road, Chinchwad, Pune",Chinchwad,Pune,Pune,Maharashtra,411033,18.63661,73.792672,Low
LOC001660,Synthetic ATM - Kondhwa 1660,ATM,"728, Nagar Road, Kondhwa, Pune",Kondhwa,Pune,Pune,Maharashtra,411048,18.473574,73.887766,Low
LOC001661,Synthetic Residence - Aundh 1661,Residence,"265, Park Road, Aundh, Pune",Aundh,Pune,Pune,Maharashtra,411007,18.562523,73.807895,Low
LOC001662,Synthetic Restaurant - Katraj 1662,Restaurant,"684, Main Road, Katraj, Pune",Katraj,Pune,Pune,Maharashtra,411046,18.449375,73.869758,Low
LOC001663,Synthetic Residence - Kondhwa 1663,Residence,"69, Temple Road, Kondhwa, Pune",Kondhwa,Pune,Pune,Maharashtra,411048,18.465723,73.897412,Low
LOC001664,Synthetic Transport Hub - Vishrantwadi 1664,Transport Hub,"22, Nagar Road, Vishrantwadi, Pune",Vishrantwadi,Pune,Pune,Maharashtra,411015,18.574459,73.880186,Low
LOC001665,Synthetic Residence - Pimpri 1665,Residence,"105, Link Road, Pimpri, Pune",Pimpri,Pune,Pune,Maharashtra,411018,18.637254,73.798909,Low
LOC001666,Synthetic Meeting Point - Pimpri 1666,Meeting Point,"899, Link Road, Pimpri, Pune",Pimpri,Pune,Pune,Maharashtra,411018,18.63178,73.806072,Low
LOC001667,Synthetic Crime Scene - Wakad 1667,Crime Scene,"803, Nagar Road, Wakad, Pune",Wakad,Pune,Pune,Maharashtra,411057,18.59812,73.768051,Low
LOC001668,Synthetic Crime Scene - Bhosari 1668,Crime Scene,"183, Temple Road, Bhosari, Pune",Bhosari,Pune,Pune,Maharashtra,411039,18.623048,73.853837,Low
LOC001669,Synthetic Residence - Aundh 1669,Residence,"243, Temple Road, Aundh, Pune",Aundh,Pune,Pune,Maharashtra,411007,18.554772,73.810712,Medium
LOC001670,Synthetic Crime Scene - Shivajinagar 1670,Crime Scene,"304, Link Road, Shivajinagar, Pune",Shivajinagar,Pune,Pune,Maharashtra,411005,18.538295,73.849788,Medium
LOC001671,Synthetic Workplace - Vishrantwadi 1671,Workplace,"457, Park Road, Vishrantwadi, Pune",Vishrantwadi,Pune,Pune,Maharashtra,411015,18.572404,73.880851,Low
LOC001672,Synthetic Warehouse - Kothrud 1672,Warehouse,"196, Station Road, Kothrud, Pune",Kothrud,Pune,Pune,Maharashtra,411038,18.499642,73.806127,High
LOC001673,Synthetic Residence - Bhosari 1673,Residence,"874, Link Road, Bhosari, Pune",Bhosari,Pune,Pune,Maharashtra,411039,18.623864,73.846145,Medium
LOC001674,Synthetic Transport Hub - Baner 1674,Transport Hub,"423, College Road, Baner, Pune",Baner,Pune,Pune,Maharashtra,411045,18.560067,73.794708,Low
LOC001675,Synthetic Transport Hub - Pimpri 1675,Transport Hub,"387, Temple Road, Pimpri, Pune",Pimpri,Pune,Pune,Maharashtra,411018,18.625532,73.80597,Low
LOC001676,Synthetic Residence - Katraj 1676,Residence,"806, Market Road, Katraj, Pune",Katraj,Pune,Pune,Maharashtra,411046,18.460774,73.861358,Low
LOC001677,Synthetic Residence - Baner 1677,Residence,"281, Main Road, Baner, Pune",Baner,Pune,Pune,Maharashtra,411045,18.555958,73.793931,Medium
LOC001678,Synthetic Bank - Aundh 1678,Bank,"102, Market Road, Aundh, Pune",Aundh,Pune,Pune,Maharashtra,411007,18.566919,73.799049,Medium
LOC001679,Synthetic Warehouse - Viman Nagar 1679,Warehouse,"999, Link Road, Viman Nagar, Pune",Viman Nagar,Pune,Pune,Maharashtra,411014,18.560726,73.922198,Low
LOC001680,Synthetic Crime Scene - Shivajinagar 1680,Crime Scene,"262, Temple Road, Shivajinagar, Pune",Shivajinagar,Pune,Pune,Maharashtra,411005,18.538704,73.841057,Low
LOC001681,Synthetic Crime Scene - Yerawada 1681,Crime Scene,"357, Industrial Road, Yerawada, Pune",Yerawada,Pune,Pune,Maharashtra,411006,18.546529,73.881664,High
LOC001682,Synthetic Transport Hub - Vishrantwadi 1682,Transport Hub,"907, Temple Road, Vishrantwadi, Pune",Vishrantwadi,Pune,Pune,Maharashtra,411015,18.559227,73.8785,Medium
LOC001683,Synthetic Crime Scene - Kothrud 1683,Crime Scene,"740, Park Road, Kothrud, Pune",Kothrud,Pune,Pune,Maharashtra,411038,18.515327,73.815164,Medium
LOC001684,Synthetic Workplace - Hadapsar 1684,Workplace,"581, Industrial Road, Hadapsar, Pune",Hadapsar,Pune,Pune,Maharashtra,411028,18.513769,73.922595,Medium
LOC001685,Synthetic Restaurant - Wakad 1685,Restaurant,"989, Industrial Road, Wakad, Pune",Wakad,Pune,Pune,Maharashtra,411057,18.597433,73.765578,Low
LOC001686,Synthetic Residence - Wakad 1686,Residence,"557, Link Road, Wakad, Pune",Wakad,Pune,Pune,Maharashtra,411057,18.600464,73.769827,Medium
LOC001687,Synthetic Restaurant - Kondhwa 1687,Restaurant,"699, Canal Road, Kondhwa, Pune",Kondhwa,Pune,Pune,Maharashtra,411048,18.473494,73.896671,Medium
LOC001688,Synthetic Residence - Katraj 1688,Residence,"59, Temple Road, Katraj, Pune",Katraj,Pune,Pune,Maharashtra,411046,18.449521,73.864644,Low
LOC001689,Synthetic Meeting Point - Kondhwa 1689,Meeting Point,"981, Station Road, Kondhwa, Pune",Kondhwa,Pune,Pune,Maharashtra,411048,18.475895,73.887605,Medium
LOC001690,Synthetic Meeting Point - Kondhwa 1690,Meeting Point,"43, Canal Road, Kondhwa, Pune",Kondhwa,Pune,Pune,Maharashtra,411048,18.463223,73.895255,Low
LOC001691,Synthetic Residence - Katraj 1691,Residence,"699, Temple Road, Katraj, Pune",Katraj,Pune,Pune,Maharashtra,411046,18.457242,73.857468,Medium
LOC001692,Synthetic ATM - Wakad 1692,ATM,"657, Temple Road, Wakad, Pune",Wakad,Pune,Pune,Maharashtra,411057,18.598675,73.766613,Medium
LOC001693,Synthetic Warehouse - Hadapsar 1693,Warehouse,"91, Link Road, Hadapsar, Pune",Hadapsar,Pune,Pune,Maharashtra,411028,18.512466,73.93393,High
LOC001694,Synthetic Residence - Dhankawadi 1694,Residence,"210, Market Road, Dhankawadi, Pune",Dhankawadi,Pune,Pune,Maharashtra,411043,18.461932,73.852264,Medium
LOC001695,Synthetic Other - Viman Nagar 1695,Other,"708, Link Road, Viman Nagar, Pune",Viman Nagar,Pune,Pune,Maharashtra,411014,18.564829,73.912418,High
LOC001696,Synthetic Bank - Kothrud 1696,Bank,"589, Market Road, Kothrud, Pune",Kothrud,Pune,Pune,Maharashtra,411038,18.511722,73.800205,Low
LOC001697,Synthetic Transport Hub - Chinchwad 1697,Transport Hub,"632, College Road, Chinchwad, Pune",Chinchwad,Pune,Pune,Maharashtra,411033,18.623193,73.803176,Low
LOC001698,Synthetic Transport Hub - Viman Nagar 1698,Transport Hub,"199, Market Road, Viman Nagar, Pune",Viman Nagar,Pune,Pune,Maharashtra,411014,18.569802,73.913093,High
LOC001699,Synthetic Warehouse - Yerawada 1699,Warehouse,"425, Temple Road, Yerawada, Pune",Yerawada,Pune,Pune,Maharashtra,411006,18.555856,73.874611,Low
LOC001700,Synthetic Crime Scene - Kondhwa 1700,Crime Scene,"845, College Road, Kondhwa, Pune",Kondhwa,Pune,Pune,Maharashtra,411048,18.472934,73.887565,Medium
LOC001701,Synthetic Restaurant - Baner 1701,Restaurant,"171, Industrial Road, Baner, Pune",Baner,Pune,Pune,Maharashtra,411045,18.552784,73.794032,High
LOC001702,Synthetic Residence - Baner 1702,Residence,"567, Station Road, Baner, Pune",Baner,Pune,Pune,Maharashtra,411045,18.56102,73.788667,Low
LOC001703,Synthetic Other - Yerawada 1703,Other,"337, Station Road, Yerawada, Pune",Yerawada,Pune,Pune,Maharashtra,411006,18.552512,73.875505,Low
LOC001704,Synthetic Warehouse - Baner 1704,Warehouse,"753, Canal Road, Baner, Pune",Baner,Pune,Pune,Maharashtra,411045,18.555193,73.791339,Low
LOC001705,Synthetic Residence - Bhosari 1705,Residence,"265, Main Road, Bhosari, Pune",Bhosari,Pune,Pune,Maharashtra,411039,18.62524,73.849677,Low
LOC001706,Synthetic Hotel - Viman Nagar 1706,Hotel,"51, Market Road, Viman Nagar, Pune",Viman Nagar,Pune,Pune,Maharashtra,411014,18.568942,73.912582,Low
LOC001707,Synthetic Residence - Wakad 1707,Residence,"563, Canal Road, Wakad, Pune",Wakad,Pune,Pune,Maharashtra,411057,18.59789,73.765538,Low
LOC001708,Synthetic Workplace - Chinchwad 1708,Workplace,"395, Nagar Road, Chinchwad, Pune",Chinchwad,Pune,Pune,Maharashtra,411033,18.633852,73.802466,Medium
LOC001709,Synthetic Residence - Hadapsar 1709,Residence,"936, College Road, Hadapsar, Pune",Hadapsar,Pune,Pune,Maharashtra,411028,18.510315,73.918443,Medium
LOC001710,Synthetic Bank - Katraj 1710,Bank,"213, Temple Road, Katraj, Pune",Katraj,Pune,Pune,Maharashtra,411046,18.456723,73.872397,Low
LOC001711,Synthetic Residence - Baner 1711,Residence,"845, Main Road, Baner, Pune",Baner,Pune,Pune,Maharashtra,411045,18.560042,73.788913,Medium
LOC001712,Synthetic Restaurant - Aundh 1712,Restaurant,"135, Temple Road, Aundh, Pune",Aundh,Pune,Pune,Maharashtra,411007,18.566107,73.807975,Low
LOC001713,Synthetic Crime Scene - Baner 1713,Crime Scene,"643, Industrial Road, Baner, Pune",Baner,Pune,Pune,Maharashtra,411045,18.552112,73.790434,Medium
LOC001714,Synthetic Crime Scene - Wakad 1714,Crime Scene,"408, Market Road, Wakad, Pune",Wakad,Pune,Pune,Maharashtra,411057,18.60581,73.761805,Medium
LOC001715,Synthetic Meeting Point - Viman Nagar 1715,Meeting Point,"984, Canal Road, Viman Nagar, Pune",Viman Nagar,Pune,Pune,Maharashtra,411014,18.572503,73.917532,High
LOC001716,Synthetic Workplace - Hadapsar 1716,Workplace,"145, Nagar Road, Hadapsar, Pune",Hadapsar,Pune,Pune,Maharashtra,411028,18.503955,73.926252,Medium
LOC001717,Synthetic Hotel - Kondhwa 1717,Hotel,"981, Industrial Road, Kondhwa, Pune",Kondhwa,Pune,Pune,Maharashtra,411048,18.468369,73.889854,Medium
LOC001718,Synthetic ATM - Shivajinagar 1718,ATM,"823, Nagar Road, Shivajinagar, Pune",Shivajinagar,Pune,Pune,Maharashtra,411005,18.537482,73.852503,Low
LOC001719,Synthetic Restaurant - Pimpri 1719,Restaurant,"990, Industrial Road, Pimpri, Pune",Pimpri,Pune,Pune,Maharashtra,411018,18.633727,73.795067,High
LOC001720,Synthetic Restaurant - Bhosari 1720,Restaurant,"39, Nagar Road, Bhosari, Pune",Bhosari,Pune,Pune,Maharashtra,411039,18.62533,73.851122,Medium
LOC001721,Synthetic Transport Hub - Dhankawadi 1721,Transport Hub,"895, Market Road, Dhankawadi, Pune",Dhankawadi,Pune,Pune,Maharashtra,411043,18.463381,73.844022,Medium
LOC001722,Synthetic Residence - Hadapsar 1722,Residence,"219, Link Road, Hadapsar, Pune",Hadapsar,Pune,Pune,Maharashtra,411028,18.512463,73.926572,Low
LOC001723,Synthetic Residence - Katraj 1723,Residence,"708, Park Road, Katraj, Pune",Katraj,Pune,Pune,Maharashtra,411046,18.445227,73.86608,Low
LOC001724,Synthetic Residence - Vishrantwadi 1724,Residence,"924, Nagar Road, Vishrantwadi, Pune",Vishrantwadi,Pune,Pune,Maharashtra,411015,18.572795,73.885172,Medium
LOC001725,Synthetic Crime Scene - Baner 1725,Crime Scene,"807, Park Road, Baner, Pune",Baner,Pune,Pune,Maharashtra,411045,18.563415,73.792032,Medium
LOC001726,Synthetic Police Station - Katraj,Police Station,"302, College Road, Katraj, Pune",Katraj,Pune,Pune,Maharashtra,411046,18.456498,73.872223,Medium
LOC001727,Synthetic Workplace - Aundh 1727,Workplace,"645, Link Road, Aundh, Pune",Aundh,Pune,Pune,Maharashtra,411007,18.564915,73.809516,Low
LOC001728,Synthetic Residence - Wakad 1728,Residence,"119, Main Road, Wakad, Pune",Wakad,Pune,Pune,Maharashtra,411057,18.606538,73.761303,Low
LOC001729,Synthetic Residence - Dhankawadi 1729,Residence,"17, Main Road, Dhankawadi, Pune",Dhankawadi,Pune,Pune,Maharashtra,411043,18.470002,73.850566,Low
LOC001730,Synthetic Restaurant - Hadapsar 1730,Restaurant,"400, Nagar Road, Hadapsar, Pune",Hadapsar,Pune,Pune,Maharashtra,411028,18.516066,73.918288,Low
LOC001731,Synthetic Workplace - Kothrud 1731,Workplace,"982, Station Road, Kothrud, Pune",Kothrud,Pune,Pune,Maharashtra,411038,18.502173,73.811362,Low
LOC001732,Synthetic Residence - Chinchwad 1732,Residence,"415, Station Road, Chinchwad, Pune",Chinchwad,Pune,Pune,Maharashtra,411033,18.630274,73.80502,Low
LOC001733,Synthetic Hotel - Pimpri 1733,Hotel,"610, Station Road, Pimpri, Pune",Pimpri,Pune,Pune,Maharashtra,411018,18.637127,73.794431,Low
LOC001734,Synthetic ATM - Chinchwad 1734,ATM,"887, Canal Road, Chinchwad, Pune",Chinchwad,Pune,Pune,Maharashtra,411033,18.62874,73.801814,Medium
LOC001735,Synthetic Residence - Hadapsar 1735,Residence,"644, Nagar Road, Hadapsar, Pune",Hadapsar,Pune,Pune,Maharashtra,411028,18.507058,73.921651,Medium
LOC001736,Synthetic Crime Scene - Baner 1736,Crime Scene,"493, Link Road, Baner, Pune",Baner,Pune,Pune,Maharashtra,411045,18.560133,73.785812,Low
LOC001737,Synthetic Police Station - Baner,Police Station,"229, Temple Road, Baner, Pune",Baner,Pune,Pune,Maharashtra,411045,18.566719,73.790774,High
LOC001738,Synthetic ATM - Viman Nagar 1738,ATM,"378, Park Road, Viman Nagar, Pune",Viman Nagar,Pune,Pune,Maharashtra,411014,18.572161,73.907191,Medium
LOC001739,Synthetic Workplace - Yerawada 1739,Workplace,"787, Canal Road, Yerawada, Pune",Yerawada,Pune,Pune,Maharashtra,411006,18.542608,73.878404,Medium
LOC001740,Synthetic Bank - Wakad 1740,Bank,"629, Main Road, Wakad, Pune",Wakad,Pune,Pune,Maharashtra,411057,18.593132,73.757072,Low
LOC001741,Synthetic Crime Scene - Katraj 1741,Crime Scene,"808, Market Road, Katraj, Pune",Katraj,Pune,Pune,Maharashtra,411046,18.445098,73.860865,Low
LOC001742,Synthetic Residence - Shivajinagar 1742,Residence,"333, College Road, Shivajinagar, Pune",Shivajinagar,Pune,Pune,Maharashtra,411005,18.525616,73.839534,Low
LOC001743,Synthetic Workplace - Kothrud 1743,Workplace,"237, Industrial Road, Kothrud, Pune",Kothrud,Pune,Pune,Maharashtra,411038,18.502397,73.808806,Medium
LOC001744,Synthetic Workplace - Aundh 1744,Workplace,"910, Nagar Road, Aundh, Pune",Aundh,Pune,Pune,Maharashtra,411007,18.563628,73.801265,Medium
LOC001745,Synthetic Restaurant - Wakad 1745,Restaurant,"220, Main Road, Wakad, Pune",Wakad,Pune,Pune,Maharashtra,411057,18.59858,73.768369,Low
LOC001746,Synthetic Meeting Point - Viman Nagar 1746,Meeting Point,"71, Station Road, Viman Nagar, Pune",Viman Nagar,Pune,Pune,Maharashtra,411014,18.57272,73.911918,High
LOC001747,Synthetic Restaurant - Wakad 1747,Restaurant,"893, College Road, Wakad, Pune",Wakad,Pune,Pune,Maharashtra,411057,18.605782,73.755575,Low
LOC001748,Synthetic Meeting Point - Viman Nagar 1748,Meeting Point,"967, Main Road, Viman Nagar, Pune",Viman Nagar,Pune,Pune,Maharashtra,411014,18.56042,73.920539,Low
LOC001749,Synthetic Residence - Kondhwa 1749,Residence,"907, Nagar Road, Kondhwa, Pune",Kondhwa,Pune,Pune,Maharashtra,411048,18.465882,73.888092,Low
LOC001750,Synthetic Transport Hub - Aundh 1750,Transport Hub,"662, Station Road, Aundh, Pune",Aundh,Pune,Pune,Maharashtra,411007,18.562881,73.81243,Low
LOC001751,Synthetic Transport Hub - Pimpri 1751,Transport Hub,"294, College Road, Pimpri, Pune",Pimpri,Pune,Pune,Maharashtra,411018,18.632094,73.804774,Low
LOC001752,Synthetic ATM - Aundh 1752,ATM,"280, Temple Road, Aundh, Pune",Aundh,Pune,Pune,Maharashtra,411007,18.566739,73.802184,Low
LOC001753,Synthetic Transport Hub - Hadapsar 1753,Transport Hub,"177, College Road, Hadapsar, Pune",Hadapsar,Pune,Pune,Maharashtra,411028,18.50732,73.918658,Medium
LOC001754,Synthetic Warehouse - Viman Nagar 1754,Warehouse,"766, Temple Road, Viman Nagar, Pune",Viman Nagar,Pune,Pune,Maharashtra,411014,18.569195,73.920086,Low
LOC001755,Synthetic Hotel - Hadapsar 1755,Hotel,"463, Industrial Road, Hadapsar, Pune",Hadapsar,Pune,Pune,Maharashtra,411028,18.513444,73.932764,Low
LOC001756,Synthetic Residence - Pimpri 1756,Residence,"276, Canal Road, Pimpri, Pune",Pimpri,Pune,Pune,Maharashtra,411018,18.621938,73.800873,Medium
LOC001757,Synthetic Crime Scene - Pimpri 1757,Crime Scene,"816, Station Road, Pimpri, Pune",Pimpri,Pune,Pune,Maharashtra,411018,18.62495,73.805922,Medium
LOC001758,Synthetic Transport Hub - Aundh 1758,Transport Hub,"114, Park Road, Aundh, Pune",Aundh,Pune,Pune,Maharashtra,411007,18.55197,73.811455,Low
LOC001759,Synthetic Restaurant - Katraj 1759,Restaurant,"446, Station Road, Katraj, Pune",Katraj,Pune,Pune,Maharashtra,411046,18.453327,73.869926,Medium
LOC001760,Synthetic Crime Scene - Katraj 1760,Crime Scene,"736, College Road, Katraj, Pune",Katraj,Pune,Pune,Maharashtra,411046,18.452171,73.86364,Low
LOC001761,Synthetic Workplace - Swargate 1761,Workplace,"791, Market Road, Swargate, Pune",Swargate,Pune,Pune,Maharashtra,411037,18.49561,73.863768,Low
LOC001762,Synthetic Crime Scene - Kothrud 1762,Crime Scene,"477, Industrial Road, Kothrud, Pune",Kothrud,Pune,Pune,Maharashtra,411038,18.503281,73.810655,Low
LOC001763,Synthetic Warehouse - Wakad 1763,Warehouse,"650, Park Road, Wakad, Pune",Wakad,Pune,Pune,Maharashtra,411057,18.592452,73.764482,Low
LOC001764,Synthetic Transport Hub - Hadapsar 1764,Transport Hub,"547, Temple Road, Hadapsar, Pune",Hadapsar,Pune,Pune,Maharashtra,411028,18.516527,73.927111,High
LOC001765,Synthetic Workplace - Bhosari 1765,Workplace,"883, Market Road, Bhosari, Pune",Bhosari,Pune,Pune,Maharashtra,411039,18.623045,73.853374,Low
LOC001766,Synthetic Meeting Point - Wakad 1766,Meeting Point,"579, Canal Road, Wakad, Pune",Wakad,Pune,Pune,Maharashtra,411057,18.60556,73.761569,Low
LOC001767,Synthetic Crime Scene - Shivajinagar 1767,Crime Scene,"167, College Road, Shivajinagar, Pune",Shivajinagar,Pune,Pune,Maharashtra,411005,18.533519,73.852082,Medium
LOC001768,Synthetic Workplace - Wakad 1768,Workplace,"338, Industrial Road, Wakad, Pune",Wakad,Pune,Pune,Maharashtra,411057,18.600241,73.764798,Low
LOC001769,Synthetic ATM - Chinchwad 1769,ATM,"494, Nagar Road, Chinchwad, Pune",Chinchwad,Pune,Pune,Maharashtra,411033,18.62524,73.802349,Medium
LOC001770,Synthetic Residence - Chinchwad 1770,Residence,"148, Nagar Road, Chinchwad, Pune",Chinchwad,Pune,Pune,Maharashtra,411033,18.632524,73.792054,Medium
LOC001771,Synthetic Transport Hub - Vishrantwadi 1771,Transport Hub,"864, Nagar Road, Vishrantwadi, Pune",Vishrantwadi,Pune,Pune,Maharashtra,411015,18.57419,73.871027,Medium
LOC001772,Synthetic Crime Scene - Aundh 1772,Crime Scene,"36, Industrial Road, Aundh, Pune",Aundh,Pune,Pune,Maharashtra,411007,18.557722,73.814519,Low
LOC001773,Synthetic Hotel - Kothrud 1773,Hotel,"668, Temple Road, Kothrud, Pune",Kothrud,Pune,Pune,Maharashtra,411038,18.500536,73.807042,Medium
LOC001774,Synthetic ATM - Pimpri 1774,ATM,"105, Canal Road, Pimpri, Pune",Pimpri,Pune,Pune,Maharashtra,411018,18.633411,73.803972,Medium
LOC001775,Synthetic Restaurant - Hadapsar 1775,Restaurant,"18, Nagar Road, Hadapsar, Pune",Hadapsar,Pune,Pune,Maharashtra,411028,18.515463,73.931512,Low
LOC001776,Synthetic Residence - Yerawada 1776,Residence,"523, Nagar Road, Yerawada, Pune",Yerawada,Pune,Pune,Maharashtra,411006,18.553231,73.880635,Low
LOC001777,Synthetic Bank - Kondhwa 1777,Bank,"449, Station Road, Kondhwa, Pune",Kondhwa,Pune,Pune,Maharashtra,411048,18.469887,73.888433,Medium
LOC001778,Synthetic Police Station - Viman Nagar,Police Station,"96, Station Road, Viman Nagar, Pune",Viman Nagar,Pune,Pune,Maharashtra,411014,18.564558,73.907217,Low
LOC001779,Synthetic Meeting Point - Hadapsar 1779,Meeting Point,"293, Park Road, Hadapsar, Pune",Hadapsar,Pune,Pune,Maharashtra,411028,18.512862,73.920619,High
LOC001780,Synthetic Restaurant - Dhankawadi 1780,Restaurant,"816, Industrial Road, Dhankawadi, Pune",Dhankawadi,Pune,Pune,Maharashtra,411043,18.459544,73.845839,Low
LOC001781,Synthetic Transport Hub - Yerawada 1781,Transport Hub,"655, Link Road, Yerawada, Pune",Yerawada,Pune,Pune,Maharashtra,411006,18.541826,73.878834,Medium
LOC001782,Synthetic Workplace - Swargate 1782,Workplace,"559, Market Road, Swargate, Pune",Swargate,Pune,Pune,Maharashtra,411037,18.507136,73.867926,Medium
LOC001783,Synthetic Crime Scene - Kothrud 1783,Crime Scene,"96, Market Road, Kothrud, Pune",Kothrud,Pune,Pune,Maharashtra,411038,18.500603,73.812469,Low
LOC001784,Synthetic Residence - Kothrud 1784,Residence,"997, Industrial Road, Kothrud, Pune",Kothrud,Pune,Pune,Maharashtra,411038,18.504861,73.809857,Medium
LOC001785,Synthetic Residence - Chinchwad 1785,Residence,"781, Market Road, Chinchwad, Pune",Chinchwad,Pune,Pune,Maharashtra,411033,18.622086,73.798424,Medium
LOC001786,Synthetic Crime Scene - Baner 1786,Crime Scene,"463, Main Road, Baner, Pune",Baner,Pune,Pune,Maharashtra,411045,18.558662,73.782271,Low
LOC001787,Synthetic Crime Scene - Katraj 1787,Crime Scene,"704, Park Road, Katraj, Pune",Katraj,Pune,Pune,Maharashtra,411046,18.456732,73.86057,Medium
LOC001788,Synthetic Transport Hub - Wakad 1788,Transport Hub,"729, Park Road, Wakad, Pune",Wakad,Pune,Pune,Maharashtra,411057,18.594993,73.767666,Medium
LOC001789,Synthetic Residence - Swargate 1789,Residence,"108, Main Road, Swargate, Pune",Swargate,Pune,Pune,Maharashtra,411037,18.507433,73.867949,Low
LOC001790,Synthetic Residence - Yerawada 1790,Residence,"295, College Road, Yerawada, Pune",Yerawada,Pune,Pune,Maharashtra,411006,18.553106,73.884706,Low
LOC001791,Synthetic Workplace - Swargate 1791,Workplace,"211, Nagar Road, Swargate, Pune",Swargate,Pune,Pune,Maharashtra,411037,18.503827,73.86323,Medium
LOC001792,Synthetic Residence - Dhankawadi 1792,Residence,"306, Industrial Road, Dhankawadi, Pune",Dhankawadi,Pune,Pune,Maharashtra,411043,18.465315,73.85604,High
LOC001793,Synthetic Hotel - Dhankawadi 1793,Hotel,"355, Temple Road, Dhankawadi, Pune",Dhankawadi,Pune,Pune,Maharashtra,411043,18.462319,73.851852,High
LOC001794,Synthetic Workplace - Viman Nagar 1794,Workplace,"646, Temple Road, Viman Nagar, Pune",Viman Nagar,Pune,Pune,Maharashtra,411014,18.560158,73.915088,Medium
LOC001795,Synthetic Restaurant - Baner 1795,Restaurant,"580, Canal Road, Baner, Pune",Baner,Pune,Pune,Maharashtra,411045,18.55545,73.778886,High
LOC001796,Synthetic Meeting Point - Katraj 1796,Meeting Point,"784, Park Road, Katraj, Pune",Katraj,Pune,Pune,Maharashtra,411046,18.449301,73.866297,Medium
LOC001797,Synthetic Workplace - Chinchwad 1797,Workplace,"600, Temple Road, Chinchwad, Pune",Chinchwad,Pune,Pune,Maharashtra,411033,18.623502,73.79555,Medium
LOC001798,Synthetic Meeting Point - Wakad 1798,Meeting Point,"333, Temple Road, Wakad, Pune",Wakad,Pune,Pune,Maharashtra,411057,18.59385,73.756053,Medium
LOC001799,Synthetic Residence - Viman Nagar 1799,Residence,"328, Station Road, Viman Nagar, Pune",Viman Nagar,Pune,Pune,Maharashtra,411014,18.565012,73.917049,High
LOC001800,Synthetic Crime Scene - Wakad 1800,Crime Scene,"812, Link Road, Wakad, Pune",Wakad,Pune,Pune,Maharashtra,411057,18.605991,73.760507,Low
LOC001801,Synthetic Residence - Kothrud 1801,Residence,"590, Park Road, Kothrud, Pune",Kothrud,Pune,Pune,Maharashtra,411038,18.504247,73.808977,Low
LOC001802,Synthetic Warehouse - Hadapsar 1802,Warehouse,"469, Temple Road, Hadapsar, Pune",Hadapsar,Pune,Pune,Maharashtra,411028,18.509507,73.933969,Low
LOC001803,Synthetic Warehouse - Chinchwad 1803,Warehouse,"570, Nagar Road, Chinchwad, Pune",Chinchwad,Pune,Pune,Maharashtra,411033,18.634831,73.795766,Low
LOC001804,Synthetic Restaurant - Bhosari 1804,Restaurant,"378, Market Road, Bhosari, Pune",Bhosari,Pune,Pune,Maharashtra,411039,18.624677,73.854487,Low
LOC001805,Synthetic Transport Hub - Kothrud 1805,Transport Hub,"462, Market Road, Kothrud, Pune",Kothrud,Pune,Pune,Maharashtra,411038,18.507292,73.809875,Medium
LOC001806,Synthetic Workplace - Shivajinagar 1806,Workplace,"24, Station Road, Shivajinagar, Pune",Shivajinagar,Pune,Pune,Maharashtra,411005,18.53357,73.848283,Medium
LOC001807,Synthetic Hotel - Hadapsar 1807,Hotel,"428, Canal Road, Hadapsar, Pune",Hadapsar,Pune,Pune,Maharashtra,411028,18.512843,73.922017,Low
LOC001808,Synthetic Hotel - Katraj 1808,Hotel,"54, Nagar Road, Katraj, Pune",Katraj,Pune,Pune,Maharashtra,411046,18.459442,73.867193,Low
LOC001809,Synthetic Restaurant - Dhankawadi 1809,Restaurant,"991, Station Road, Dhankawadi, Pune",Dhankawadi,Pune,Pune,Maharashtra,411043,18.467088,73.852371,Low
LOC001810,Synthetic Restaurant - Shivajinagar 1810,Restaurant,"822, Park Road, Shivajinagar, Pune",Shivajinagar,Pune,Pune,Maharashtra,411005,18.525114,73.846204,High
LOC001811,Synthetic Residence - Viman Nagar 1811,Residence,"673, Nagar Road, Viman Nagar, Pune",Viman Nagar,Pune,Pune,Maharashtra,411014,18.563538,73.911443,Low
LOC001812,Synthetic Residence - Chinchwad 1812,Residence,"601, Market Road, Chinchwad, Pune",Chinchwad,Pune,Pune,Maharashtra,411033,18.631098,73.800627,Low
LOC001813,Synthetic Residence - Yerawada 1813,Residence,"348, Main Road, Yerawada, Pune",Yerawada,Pune,Pune,Maharashtra,411006,18.54038,73.870802,Medium
LOC001814,Synthetic Workplace - Katraj 1814,Workplace,"410, Market Road, Katraj, Pune",Katraj,Pune,Pune,Maharashtra,411046,18.459146,73.867871,Medium
LOC001815,Synthetic Transport Hub - Swargate 1815,Transport Hub,"770, Link Road, Swargate, Pune",Swargate,Pune,Pune,Maharashtra,411037,18.498657,73.865961,Medium
LOC001816,Synthetic Transport Hub - Bhosari 1816,Transport Hub,"460, Station Road, Bhosari, Pune",Bhosari,Pune,Pune,Maharashtra,411039,18.62228,73.844676,Medium
LOC001817,Synthetic Warehouse - Swargate 1817,Warehouse,"362, Temple Road, Swargate, Pune",Swargate,Pune,Pune,Maharashtra,411037,18.496994,73.859597,Low
LOC001818,Synthetic Meeting Point - Vishrantwadi 1818,Meeting Point,"891, Canal Road, Vishrantwadi, Pune",Vishrantwadi,Pune,Pune,Maharashtra,411015,18.568938,73.871857,Medium
LOC001819,Synthetic Police Station - Katraj,Police Station,"60, Link Road, Katraj, Pune",Katraj,Pune,Pune,Maharashtra,411046,18.447663,73.866228,Low
LOC001820,Synthetic Residence - Baner 1820,Residence,"43, Temple Road, Baner, Pune",Baner,Pune,Pune,Maharashtra,411045,18.552111,73.782079,Medium
LOC001821,Synthetic Workplace - Baner 1821,Workplace,"379, Main Road, Baner, Pune",Baner,Pune,Pune,Maharashtra,411045,18.560891,73.792169,High
LOC001822,Synthetic Residence - Hadapsar 1822,Residence,"952, College Road, Hadapsar, Pune",Hadapsar,Pune,Pune,Maharashtra,411028,18.503878,73.928247,Medium
LOC001823,Synthetic Crime Scene - Wakad 1823,Crime Scene,"743, Station Road, Wakad, Pune",Wakad,Pune,Pune,Maharashtra,411057,18.593557,73.769947,Medium
LOC001824,Synthetic Workplace - Vishrantwadi 1824,Workplace,"643, Market Road, Vishrantwadi, Pune",Vishrantwadi,Pune,Pune,Maharashtra,411015,18.559561,73.874082,Low
LOC001825,Synthetic Police Station - Yerawada,Police Station,"392, Industrial Road, Yerawada, Pune",Yerawada,Pune,Pune,Maharashtra,411006,18.548183,73.882651,High
LOC001826,Synthetic Workplace - Shivajinagar 1826,Workplace,"719, College Road, Shivajinagar, Pune",Shivajinagar,Pune,Pune,Maharashtra,411005,18.527873,73.843784,Medium
LOC001827,Synthetic Restaurant - Katraj 1827,Restaurant,"356, Nagar Road, Katraj, Pune",Katraj,Pune,Pune,Maharashtra,411046,18.451477,73.860078,Low
LOC001828,Synthetic Transport Hub - Kothrud 1828,Transport Hub,"320, Main Road, Kothrud, Pune",Kothrud,Pune,Pune,Maharashtra,411038,18.499427,73.801962,Low
LOC001829,Synthetic Workplace - Hadapsar 1829,Workplace,"934, Main Road, Hadapsar, Pune",Hadapsar,Pune,Pune,Maharashtra,411028,18.505147,73.92675,Medium
LOC001830,Synthetic Crime Scene - Shivajinagar 1830,Crime Scene,"682, College Road, Shivajinagar, Pune",Shivajinagar,Pune,Pune,Maharashtra,411005,18.53071,73.849361,Low
LOC001831,Synthetic Crime Scene - Chinchwad 1831,Crime Scene,"468, Industrial Road, Chinchwad, Pune",Chinchwad,Pune,Pune,Maharashtra,411033,18.626534,73.798793,Low
LOC001832,Synthetic Residence - Chinchwad 1832,Residence,"630, Nagar Road, Chinchwad, Pune",Chinchwad,Pune,Pune,Maharashtra,411033,18.633625,73.791725,Low
LOC001833,Synthetic Crime Scene - Aundh 1833,Crime Scene,"561, College Road, Aundh, Pune",Aundh,Pune,Pune,Maharashtra,411007,18.563561,73.810041,Medium
LOC001834,Synthetic Workplace - Chinchwad 1834,Workplace,"987, Canal Road, Chinchwad, Pune",Chinchwad,Pune,Pune,Maharashtra,411033,18.636643,73.794512,Medium
LOC001835,Synthetic Police Station - Viman Nagar,Police Station,"121, College Road, Viman Nagar, Pune",Viman Nagar,Pune,Pune,Maharashtra,411014,18.575371,73.916773,Medium
LOC001836,Synthetic Residence - Baner 1836,Residence,"616, Main Road, Baner, Pune",Baner,Pune,Pune,Maharashtra,411045,18.551821,73.794624,Low
LOC001837,Synthetic Other - Yerawada 1837,Other,"675, Market Road, Yerawada, Pune",Yerawada,Pune,Pune,Maharashtra,411006,18.545159,73.881358,Medium
LOC001838,Synthetic Meeting Point - Viman Nagar 1838,Meeting Point,"413, Temple Road, Viman Nagar, Pune",Viman Nagar,Pune,Pune,Maharashtra,411014,18.561536,73.911203,Low
LOC001839,Synthetic Restaurant - Shivajinagar 1839,Restaurant,"23, Link Road, Shivajinagar, Pune",Shivajinagar,Pune,Pune,Maharashtra,411005,18.523067,73.839489,Medium
LOC001840,Synthetic Crime Scene - Pimpri 1840,Crime Scene,"770, Station Road, Pimpri, Pune",Pimpri,Pune,Pune,Maharashtra,411018,18.626651,73.797969,Low
LOC001841,Synthetic Workplace - Hadapsar 1841,Workplace,"368, Industrial Road, Hadapsar, Pune",Hadapsar,Pune,Pune,Maharashtra,411028,18.507601,73.931269,Low
LOC001842,Synthetic Residence - Katraj 1842,Residence,"144, College Road, Katraj, Pune",Katraj,Pune,Pune,Maharashtra,411046,18.447157,73.863997,Low
LOC001843,Synthetic Residence - Hadapsar 1843,Residence,"295, Main Road, Hadapsar, Pune",Hadapsar,Pune,Pune,Maharashtra,411028,18.506299,73.920433,Medium
LOC001844,Synthetic Workplace - Bhosari 1844,Workplace,"647, Canal Road, Bhosari, Pune",Bhosari,Pune,Pune,Maharashtra,411039,18.635491,73.844533,Low
LOC001845,Synthetic Crime Scene - Vishrantwadi 1845,Crime Scene,"309, Industrial Road, Vishrantwadi, Pune",Vishrantwadi,Pune,Pune,Maharashtra,411015,18.562865,73.877089,Low
LOC001846,Synthetic Meeting Point - Kondhwa 1846,Meeting Point,"652, Nagar Road, Kondhwa, Pune",Kondhwa,Pune,Pune,Maharashtra,411048,18.474291,73.892009,Medium
LOC001847,Synthetic Residence - Viman Nagar 1847,Residence,"707, College Road, Viman Nagar, Pune",Viman Nagar,Pune,Pune,Maharashtra,411014,18.569187,73.91565,High
LOC001848,Synthetic Police Station - Kondhwa,Police Station,"707, Link Road, Kondhwa, Pune",Kondhwa,Pune,Pune,Maharashtra,411048,18.474496,73.887725,Medium
LOC001849,Synthetic ATM - Shivajinagar 1849,ATM,"844, Market Road, Shivajinagar, Pune",Shivajinagar,Pune,Pune,Maharashtra,411005,18.529192,73.843285,Low
LOC001850,Synthetic Crime Scene - Vishrantwadi 1850,Crime Scene,"183, Station Road, Vishrantwadi, Pune",Vishrantwadi,Pune,Pune,Maharashtra,411015,18.567205,73.871274,Medium
LOC001851,Synthetic Crime Scene - Pimpri 1851,Crime Scene,"449, Link Road, Pimpri, Pune",Pimpri,Pune,Pune,Maharashtra,411018,18.624541,73.792828,Low
LOC001852,Synthetic Residence - Bhosari 1852,Residence,"678, Main Road, Bhosari, Pune",Bhosari,Pune,Pune,Maharashtra,411039,18.632553,73.844118,Medium
LOC001853,Synthetic Workplace - Vishrantwadi 1853,Workplace,"234, Market Road, Vishrantwadi, Pune",Vishrantwadi,Pune,Pune,Maharashtra,411015,18.567249,73.878567,Low
LOC001854,Synthetic Meeting Point - Baner 1854,Meeting Point,"222, Market Road, Baner, Pune",Baner,Pune,Pune,Maharashtra,411045,18.561736,73.788936,Medium
LOC001855,Synthetic Crime Scene - Vishrantwadi 1855,Crime Scene,"362, Canal Road, Vishrantwadi, Pune",Vishrantwadi,Pune,Pune,Maharashtra,411015,18.567534,73.875111,Medium
LOC001856,Synthetic Meeting Point - Aundh 1856,Meeting Point,"946, Park Road, Aundh, Pune",Aundh,Pune,Pune,Maharashtra,411007,18.551362,73.799754,Low
LOC001857,Synthetic Transport Hub - Aundh 1857,Transport Hub,"928, Industrial Road, Aundh, Pune",Aundh,Pune,Pune,Maharashtra,411007,18.555255,73.805213,Low
LOC001858,Synthetic Crime Scene - Kothrud 1858,Crime Scene,"75, Nagar Road, Kothrud, Pune",Kothrud,Pune,Pune,Maharashtra,411038,18.499804,73.803453,High
LOC001859,Synthetic Meeting Point - Vishrantwadi 1859,Meeting Point,"392, Nagar Road, Vishrantwadi, Pune",Vishrantwadi,Pune,Pune,Maharashtra,411015,18.564833,73.882582,Low
LOC001860,Synthetic Meeting Point - Katraj 1860,Meeting Point,"980, Park Road, Katraj, Pune",Katraj,Pune,Pune,Maharashtra,411046,18.460709,73.867972,Low
LOC001861,Synthetic Other - Aundh 1861,Other,"105, Industrial Road, Aundh, Pune",Aundh,Pune,Pune,Maharashtra,411007,18.560841,73.803677,Low
LOC001862,Synthetic Transport Hub - Vishrantwadi 1862,Transport Hub,"971, Park Road, Vishrantwadi, Pune",Vishrantwadi,Pune,Pune,Maharashtra,411015,18.562988,73.87387,Medium
LOC001863,Synthetic Residence - Katraj 1863,Residence,"860, Station Road, Katraj, Pune",Katraj,Pune,Pune,Maharashtra,411046,18.449062,73.869517,Low
LOC001864,Synthetic Workplace - Hadapsar 1864,Workplace,"865, Market Road, Hadapsar, Pune",Hadapsar,Pune,Pune,Maharashtra,411028,18.507347,73.920276,Medium
LOC001865,Synthetic Residence - Hadapsar 1865,Residence,"327, Nagar Road, Hadapsar, Pune",Hadapsar,Pune,Pune,Maharashtra,411028,18.508344,73.932245,Low
LOC001866,Synthetic Workplace - Bhosari 1866,Workplace,"215, Park Road, Bhosari, Pune",Bhosari,Pune,Pune,Maharashtra,411039,18.63215,73.851571,High
LOC001867,Synthetic Crime Scene - Vishrantwadi 1867,Crime Scene,"843, Main Road, Vishrantwadi, Pune",Vishrantwadi,Pune,Pune,Maharashtra,411015,18.565786,73.878785,High
LOC001868,Synthetic Crime Scene - Wakad 1868,Crime Scene,"882, Canal Road, Wakad, Pune",Wakad,Pune,Pune,Maharashtra,411057,18.591715,73.767274,Low
LOC001869,Synthetic Workplace - Yerawada 1869,Workplace,"249, College Road, Yerawada, Pune",Yerawada,Pune,Pune,Maharashtra,411006,18.544912,73.8799,Low
LOC001870,Synthetic Hotel - Yerawada 1870,Hotel,"520, Park Road, Yerawada, Pune",Yerawada,Pune,Pune,Maharashtra,411006,18.553383,73.87451,Medium
LOC001871,Synthetic Meeting Point - Swargate 1871,Meeting Point,"327, Main Road, Swargate, Pune",Swargate,Pune,Pune,Maharashtra,411037,18.504388,73.866034,High
LOC001872,Synthetic Transport Hub - Katraj 1872,Transport Hub,"210, Link Road, Katraj, Pune",Katraj,Pune,Pune,Maharashtra,411046,18.457801,73.871895,Low
LOC001873,Synthetic ATM - Kondhwa 1873,ATM,"387, Market Road, Kondhwa, Pune",Kondhwa,Pune,Pune,Maharashtra,411048,18.471917,73.891651,Low
LOC001874,Synthetic Other - Viman Nagar 1874,Other,"668, Nagar Road, Viman Nagar, Pune",Viman Nagar,Pune,Pune,Maharashtra,411014,18.56674,73.92033,Medium
LOC001875,Synthetic Police Station - Bhosari,Police Station,"330, Market Road, Bhosari, Pune",Bhosari,Pune,Pune,Maharashtra,411039,18.626859,73.85366,Medium
LOC001876,Synthetic Meeting Point - Chinchwad 1876,Meeting Point,"463, College Road, Chinchwad, Pune",Chinchwad,Pune,Pune,Maharashtra,411033,18.624371,73.799805,Medium
LOC001877,Synthetic Residence - Bhosari 1877,Residence,"549, Canal Road, Bhosari, Pune",Bhosari,Pune,Pune,Maharashtra,411039,18.633574,73.843509,Low
LOC001878,Synthetic Workplace - Dhankawadi 1878,Workplace,"390, Main Road, Dhankawadi, Pune",Dhankawadi,Pune,Pune,Maharashtra,411043,18.467938,73.854727,Low
LOC001879,Synthetic Transport Hub - Aundh 1879,Transport Hub,"632, Temple Road, Aundh, Pune",Aundh,Pune,Pune,Maharashtra,411007,18.551045,73.811839,Medium
LOC001880,Synthetic Residence - Vishrantwadi 1880,Residence,"290, Market Road, Vishrantwadi, Pune",Vishrantwadi,Pune,Pune,Maharashtra,411015,18.55986,73.871375,Medium
LOC001881,Synthetic Restaurant - Bhosari 1881,Restaurant,"872, Nagar Road, Bhosari, Pune",Bhosari,Pune,Pune,Maharashtra,411039,18.624756,73.842969,Low
LOC001882,Synthetic Bank - Wakad 1882,Bank,"718, Canal Road, Wakad, Pune",Wakad,Pune,Pune,Maharashtra,411057,18.606063,73.763004,Medium
LOC001883,Synthetic Workplace - Chinchwad 1883,Workplace,"837, Nagar Road, Chinchwad, Pune",Chinchwad,Pune,Pune,Maharashtra,411033,18.628511,73.805494,Low
LOC001884,Synthetic Residence - Hadapsar 1884,Residence,"627, Nagar Road, Hadapsar, Pune",Hadapsar,Pune,Pune,Maharashtra,411028,18.512651,73.932316,High
LOC001885,Synthetic Transport Hub - Baner 1885,Transport Hub,"352, Park Road, Baner, Pune",Baner,Pune,Pune,Maharashtra,411045,18.566238,73.785742,Low
LOC001886,Synthetic Transport Hub - Chinchwad 1886,Transport Hub,"797, Link Road, Chinchwad, Pune",Chinchwad,Pune,Pune,Maharashtra,411033,18.631642,73.806369,Low
LOC001887,Synthetic Residence - Bhosari 1887,Residence,"697, Industrial Road, Bhosari, Pune",Bhosari,Pune,Pune,Maharashtra,411039,18.629137,73.854769,Medium
LOC001888,Synthetic Residence - Chinchwad 1888,Residence,"21, College Road, Chinchwad, Pune",Chinchwad,Pune,Pune,Maharashtra,411033,18.625307,73.798038,Low
LOC001889,Synthetic Hotel - Bhosari 1889,Hotel,"880, Market Road, Bhosari, Pune",Bhosari,Pune,Pune,Maharashtra,411039,18.635879,73.853957,Low
LOC001890,Synthetic Workplace - Katraj 1890,Workplace,"490, Nagar Road, Katraj, Pune",Katraj,Pune,Pune,Maharashtra,411046,18.45104,73.870189,Medium
LOC001891,Synthetic Crime Scene - Yerawada 1891,Crime Scene,"225, Nagar Road, Yerawada, Pune",Yerawada,Pune,Pune,Maharashtra,411006,18.553549,73.885434,Low
LOC001892,Synthetic Workplace - Katraj 1892,Workplace,"756, Industrial Road, Katraj, Pune",Katraj,Pune,Pune,Maharashtra,411046,18.45715,73.860517,Low
LOC001893,Synthetic Restaurant - Baner 1893,Restaurant,"930, Main Road, Baner, Pune",Baner,Pune,Pune,Maharashtra,411045,18.565069,73.794353,High
LOC001894,Synthetic Transport Hub - Chinchwad 1894,Transport Hub,"41, Market Road, Chinchwad, Pune",Chinchwad,Pune,Pune,Maharashtra,411033,18.623151,73.801661,Low
LOC001895,Synthetic Police Station - Viman Nagar,Police Station,"634, Market Road, Viman Nagar, Pune",Viman Nagar,Pune,Pune,Maharashtra,411014,18.565761,73.912545,Low
LOC001896,Synthetic Restaurant - Kothrud 1896,Restaurant,"503, Nagar Road, Kothrud, Pune",Kothrud,Pune,Pune,Maharashtra,411038,18.505839,73.807506,Low
LOC001897,Synthetic Residence - Kothrud 1897,Residence,"871, Market Road, Kothrud, Pune",Kothrud,Pune,Pune,Maharashtra,411038,18.500064,73.812837,Medium
LOC001898,Synthetic Restaurant - Wakad 1898,Restaurant,"623, Link Road, Wakad, Pune",Wakad,Pune,Pune,Maharashtra,411057,18.597216,73.759203,High
LOC001899,Synthetic Residence - Kondhwa 1899,Residence,"973, Temple Road, Kondhwa, Pune",Kondhwa,Pune,Pune,Maharashtra,411048,18.465667,73.893341,Low
LOC001900,Synthetic Restaurant - Shivajinagar 1900,Restaurant,"468, Station Road, Shivajinagar, Pune",Shivajinagar,Pune,Pune,Maharashtra,411005,18.536829,73.840257,Low
LOC001901,Synthetic Hotel - Kondhwa 1901,Hotel,"872, Market Road, Kondhwa, Pune",Kondhwa,Pune,Pune,Maharashtra,411048,18.461896,73.883582,Medium
LOC001902,Synthetic ATM - Pimpri 1902,ATM,"617, Canal Road, Pimpri, Pune",Pimpri,Pune,Pune,Maharashtra,411018,18.628629,73.797398,High
LOC001903,Synthetic Bank - Dhankawadi 1903,Bank,"279, Park Road, Dhankawadi, Pune",Dhankawadi,Pune,Pune,Maharashtra,411043,18.470009,73.842337,Low
LOC001904,Synthetic Residence - Bhosari 1904,Residence,"918, Park Road, Bhosari, Pune",Bhosari,Pune,Pune,Maharashtra,411039,18.629943,73.848447,High
LOC001905,Synthetic Other - Baner 1905,Other,"488, Park Road, Baner, Pune",Baner,Pune,Pune,Maharashtra,411045,18.563266,73.782935,Low
LOC001906,Synthetic Warehouse - Katraj 1906,Warehouse,"895, Link Road, Katraj, Pune",Katraj,Pune,Pune,Maharashtra,411046,18.452269,73.86418,Low
LOC001907,Synthetic Restaurant - Viman Nagar 1907,Restaurant,"392, Link Road, Viman Nagar, Pune",Viman Nagar,Pune,Pune,Maharashtra,411014,18.561506,73.914171,High
LOC001908,Synthetic Workplace - Pimpri 1908,Workplace,"280, Temple Road, Pimpri, Pune",Pimpri,Pune,Pune,Maharashtra,411018,18.630254,73.805931,High
LOC001909,Synthetic Workplace - Hadapsar 1909,Workplace,"331, Station Road, Hadapsar, Pune",Hadapsar,Pune,Pune,Maharashtra,411028,18.503285,73.929562,Low
LOC001910,Synthetic Meeting Point - Chinchwad 1910,Meeting Point,"524, Park Road, Chinchwad, Pune",Chinchwad,Pune,Pune,Maharashtra,411033,18.626869,73.796015,Medium
LOC001911,Synthetic Crime Scene - Vishrantwadi 1911,Crime Scene,"156, Main Road, Vishrantwadi, Pune",Vishrantwadi,Pune,Pune,Maharashtra,411015,18.561054,73.883636,Medium
LOC001912,Synthetic Residence - Chinchwad 1912,Residence,"683, College Road, Chinchwad, Pune",Chinchwad,Pune,Pune,Maharashtra,411033,18.635819,73.795238,Low
LOC001913,Synthetic Bank - Swargate 1913,Bank,"334, Main Road, Swargate, Pune",Swargate,Pune,Pune,Maharashtra,411037,18.496487,73.861921,Medium
LOC001914,Synthetic Police Station - Kondhwa,Police Station,"355, Link Road, Kondhwa, Pune",Kondhwa,Pune,Pune,Maharashtra,411048,18.476338,73.888439,Low
LOC001915,Synthetic Workplace - Shivajinagar 1915,Workplace,"790, Link Road, Shivajinagar, Pune",Shivajinagar,Pune,Pune,Maharashtra,411005,18.526884,73.840012,High
LOC001916,Synthetic Residence - Hadapsar 1916,Residence,"79, Main Road, Hadapsar, Pune",Hadapsar,Pune,Pune,Maharashtra,411028,18.50983,73.918131,Medium
LOC001917,Synthetic Crime Scene - Wakad 1917,Crime Scene,"155, Canal Road, Wakad, Pune",Wakad,Pune,Pune,Maharashtra,411057,18.593189,73.760447,Low
LOC001918,Synthetic Residence - Swargate 1918,Residence,"933, Park Road, Swargate, Pune",Swargate,Pune,Pune,Maharashtra,411037,18.499818,73.865637,Low
LOC001919,Synthetic Restaurant - Vishrantwadi 1919,Restaurant,"845, College Road, Vishrantwadi, Pune",Vishrantwadi,Pune,Pune,Maharashtra,411015,18.572582,73.877891,Medium
LOC001920,Synthetic Workplace - Chinchwad 1920,Workplace,"354, College Road, Chinchwad, Pune",Chinchwad,Pune,Pune,Maharashtra,411033,18.627022,73.793086,High
LOC001921,Synthetic Residence - Swargate 1921,Residence,"340, Station Road, Swargate, Pune",Swargate,Pune,Pune,Maharashtra,411037,18.496571,73.858383,Low
LOC001922,Synthetic Bank - Aundh 1922,Bank,"496, Link Road, Aundh, Pune",Aundh,Pune,Pune,Maharashtra,411007,18.566403,73.805199,Low
LOC001923,Synthetic Residence - Kothrud 1923,Residence,"753, Temple Road, Kothrud, Pune",Kothrud,Pune,Pune,Maharashtra,411038,18.506115,73.811223,Low
LOC001924,Synthetic Transport Hub - Viman Nagar 1924,Transport Hub,"882, Industrial Road, Viman Nagar, Pune",Viman Nagar,Pune,Pune,Maharashtra,411014,18.570587,73.91869,Low
LOC001925,Synthetic Crime Scene - Kondhwa 1925,Crime Scene,"396, Park Road, Kondhwa, Pune",Kondhwa,Pune,Pune,Maharashtra,411048,18.46813,73.888819,Medium
LOC001926,Synthetic Workplace - Chinchwad 1926,Workplace,"932, Main Road, Chinchwad, Pune",Chinchwad,Pune,Pune,Maharashtra,411033,18.622816,73.802369,Low
LOC001927,Synthetic Restaurant - Pimpri 1927,Restaurant,"20, Temple Road, Pimpri, Pune",Pimpri,Pune,Pune,Maharashtra,411018,18.628578,73.792179,High
LOC001928,Synthetic Transport Hub - Baner 1928,Transport Hub,"570, Canal Road, Baner, Pune",Baner,Pune,Pune,Maharashtra,411045,18.551202,73.783035,Medium
LOC001929,Synthetic Workplace - Yerawada 1929,Workplace,"549, Industrial Road, Yerawada, Pune",Yerawada,Pune,Pune,Maharashtra,411006,18.541882,73.872549,Medium
LOC001930,Synthetic Crime Scene - Bhosari 1930,Crime Scene,"70, Temple Road, Bhosari, Pune",Bhosari,Pune,Pune,Maharashtra,411039,18.629589,73.84709,Low
LOC001931,Synthetic Workplace - Yerawada 1931,Workplace,"267, Park Road, Yerawada, Pune",Yerawada,Pune,Pune,Maharashtra,411006,18.546363,73.877317,Low
LOC001932,Synthetic Residence - Bhosari 1932,Residence,"476, Park Road, Bhosari, Pune",Bhosari,Pune,Pune,Maharashtra,411039,18.634706,73.848583,Low
LOC001933,Synthetic Workplace - Pimpri 1933,Workplace,"630, Station Road, Pimpri, Pune",Pimpri,Pune,Pune,Maharashtra,411018,18.637544,73.801626,Low
LOC001934,Synthetic Workplace - Vishrantwadi 1934,Workplace,"967, Station Road, Vishrantwadi, Pune",Vishrantwadi,Pune,Pune,Maharashtra,411015,18.57011,73.87668,High
LOC001935,Synthetic Meeting Point - Vishrantwadi 1935,Meeting Point,"223, Canal Road, Vishrantwadi, Pune",Vishrantwadi,Pune,Pune,Maharashtra,411015,18.562239,73.880556,Low
LOC001936,Synthetic Workplace - Kothrud 1936,Workplace,"613, Market Road, Kothrud, Pune",Kothrud,Pune,Pune,Maharashtra,411038,18.508429,73.808113,Low
LOC001937,Synthetic Transport Hub - Bhosari 1937,Transport Hub,"471, Canal Road, Bhosari, Pune",Bhosari,Pune,Pune,Maharashtra,411039,18.636687,73.852222,Medium
LOC001938,Synthetic Residence - Chinchwad 1938,Residence,"573, Link Road, Chinchwad, Pune",Chinchwad,Pune,Pune,Maharashtra,411033,18.635385,73.792769,Low
LOC001939,Synthetic Residence - Dhankawadi 1939,Residence,"590, Station Road, Dhankawadi, Pune",Dhankawadi,Pune,Pune,Maharashtra,411043,18.474876,73.844926,Low
LOC001940,Synthetic Other - Pimpri 1940,Other,"639, College Road, Pimpri, Pune",Pimpri,Pune,Pune,Maharashtra,411018,18.635465,73.796868,Low
LOC001941,Synthetic ATM - Yerawada 1941,ATM,"205, Nagar Road, Yerawada, Pune",Yerawada,Pune,Pune,Maharashtra,411006,18.541793,73.882374,High
LOC001942,Synthetic Crime Scene - Baner 1942,Crime Scene,"694, Station Road, Baner, Pune",Baner,Pune,Pune,Maharashtra,411045,18.561878,73.792836,Low
LOC001943,Synthetic Warehouse - Yerawada 1943,Warehouse,"180, Nagar Road, Yerawada, Pune",Yerawada,Pune,Pune,Maharashtra,411006,18.552358,73.874047,Low
LOC001944,Synthetic Workplace - Bhosari 1944,Workplace,"180, Station Road, Bhosari, Pune",Bhosari,Pune,Pune,Maharashtra,411039,18.629989,73.85468,Medium
LOC001945,Synthetic Residence - Wakad 1945,Residence,"589, Temple Road, Wakad, Pune",Wakad,Pune,Pune,Maharashtra,411057,18.599391,73.76815,Low
LOC001946,Synthetic ATM - Swargate 1946,ATM,"326, Market Road, Swargate, Pune",Swargate,Pune,Pune,Maharashtra,411037,18.506898,73.862507,Medium
LOC001947,Synthetic Residence - Katraj 1947,Residence,"116, Station Road, Katraj, Pune",Katraj,Pune,Pune,Maharashtra,411046,18.457064,73.865539,Low
LOC001948,Synthetic Transport Hub - Shivajinagar 1948,Transport Hub,"892, Canal Road, Shivajinagar, Pune",Shivajinagar,Pune,Pune,Maharashtra,411005,18.529546,73.845527,Low
LOC001949,Synthetic ATM - Chinchwad 1949,ATM,"564, Link Road, Chinchwad, Pune",Chinchwad,Pune,Pune,Maharashtra,411033,18.624194,73.803156,Medium
LOC001950,Synthetic Residence - Vishrantwadi 1950,Residence,"107, Market Road, Vishrantwadi, Pune",Vishrantwadi,Pune,Pune,Maharashtra,411015,18.566298,73.870985,High
LOC001951,Synthetic Warehouse - Yerawada 1951,Warehouse,"704, Park Road, Yerawada, Pune",Yerawada,Pune,Pune,Maharashtra,411006,18.550693,73.875959,Low
LOC001952,Synthetic Restaurant - Kondhwa 1952,Restaurant,"206, Main Road, Kondhwa, Pune",Kondhwa,Pune,Pune,Maharashtra,411048,18.476195,73.888317,Low
LOC001953,Synthetic Bank - Baner 1953,Bank,"810, Temple Road, Baner, Pune",Baner,Pune,Pune,Maharashtra,411045,18.55695,73.783441,Low
LOC001954,Synthetic Hotel - Pimpri 1954,Hotel,"828, Park Road, Pimpri, Pune",Pimpri,Pune,Pune,Maharashtra,411018,18.623629,73.793834,Low
LOC001955,Synthetic Workplace - Yerawada 1955,Workplace,"116, Industrial Road, Yerawada, Pune",Yerawada,Pune,Pune,Maharashtra,411006,18.5491,73.879106,Medium
LOC001956,Synthetic Crime Scene - Wakad 1956,Crime Scene,"707, Station Road, Wakad, Pune",Wakad,Pune,Pune,Maharashtra,411057,18.593326,73.755882,Low
LOC001957,Synthetic Meeting Point - Hadapsar 1957,Meeting Point,"168, Industrial Road, Hadapsar, Pune",Hadapsar,Pune,Pune,Maharashtra,411028,18.503424,73.925594,Medium
LOC001958,Synthetic Crime Scene - Bhosari 1958,Crime Scene,"781, Main Road, Bhosari, Pune",Bhosari,Pune,Pune,Maharashtra,411039,18.629423,73.851311,Low
LOC001959,Synthetic Residence - Dhankawadi 1959,Residence,"272, College Road, Dhankawadi, Pune",Dhankawadi,Pune,Pune,Maharashtra,411043,18.473069,73.852161,Medium
LOC001960,Synthetic Residence - Viman Nagar 1960,Residence,"601, College Road, Viman Nagar, Pune",Viman Nagar,Pune,Pune,Maharashtra,411014,18.571903,73.912508,Low
LOC001961,Synthetic Bank - Wakad 1961,Bank,"507, Industrial Road, Wakad, Pune",Wakad,Pune,Pune,Maharashtra,411057,18.603768,73.763158,Medium
LOC001962,Synthetic Workplace - Katraj 1962,Workplace,"913, Park Road, Katraj, Pune",Katraj,Pune,Pune,Maharashtra,411046,18.454347,73.857736,Low
LOC001963,Synthetic Crime Scene - Aundh 1963,Crime Scene,"677, College Road, Aundh, Pune",Aundh,Pune,Pune,Maharashtra,411007,18.557362,73.807461,Medium
LOC001964,Synthetic Workplace - Wakad 1964,Workplace,"49, Temple Road, Wakad, Pune",Wakad,Pune,Pune,Maharashtra,411057,18.605219,73.765638,Medium
LOC001965,Synthetic Residence - Swargate 1965,Residence,"934, Main Road, Swargate, Pune",Swargate,Pune,Pune,Maharashtra,411037,18.502018,73.857067,Low
LOC001966,Synthetic Bank - Vishrantwadi 1966,Bank,"995, Park Road, Vishrantwadi, Pune",Vishrantwadi,Pune,Pune,Maharashtra,411015,18.573797,73.872887,Medium
LOC001967,Synthetic Residence - Katraj 1967,Residence,"275, College Road, Katraj, Pune",Katraj,Pune,Pune,Maharashtra,411046,18.460169,73.862983,Low
LOC001968,Synthetic Transport Hub - Wakad 1968,Transport Hub,"529, Market Road, Wakad, Pune",Wakad,Pune,Pune,Maharashtra,411057,18.599836,73.756958,Low
LOC001969,Synthetic Meeting Point - Aundh 1969,Meeting Point,"53, Link Road, Aundh, Pune",Aundh,Pune,Pune,Maharashtra,411007,18.564013,73.808934,Medium
LOC001970,Synthetic Meeting Point - Swargate 1970,Meeting Point,"81, Nagar Road, Swargate, Pune",Swargate,Pune,Pune,Maharashtra,411037,18.509217,73.858634,Medium
LOC001971,Synthetic Other - Viman Nagar 1971,Other,"709, Station Road, Viman Nagar, Pune",Viman Nagar,Pune,Pune,Maharashtra,411014,18.571435,73.914249,Low
LOC001972,Synthetic Crime Scene - Pimpri 1972,Crime Scene,"734, Station Road, Pimpri, Pune",Pimpri,Pune,Pune,Maharashtra,411018,18.626299,73.807505,Low
LOC001973,Synthetic Hotel - Vishrantwadi 1973,Hotel,"187, Main Road, Vishrantwadi, Pune",Vishrantwadi,Pune,Pune,Maharashtra,411015,18.562122,73.878359,Medium
LOC001974,Synthetic Residence - Vishrantwadi 1974,Residence,"788, Main Road, Vishrantwadi, Pune",Vishrantwadi,Pune,Pune,Maharashtra,411015,18.574372,73.876837,Medium
LOC001975,Synthetic Meeting Point - Chinchwad 1975,Meeting Point,"669, Link Road, Chinchwad, Pune",Chinchwad,Pune,Pune,Maharashtra,411033,18.625216,73.795138,Medium
LOC001976,Synthetic Residence - Pimpri 1976,Residence,"362, Link Road, Pimpri, Pune",Pimpri,Pune,Pune,Maharashtra,411018,18.623264,73.796708,Low
LOC001977,Synthetic Transport Hub - Kondhwa 1977,Transport Hub,"47, Market Road, Kondhwa, Pune",Kondhwa,Pune,Pune,Maharashtra,411048,18.472727,73.894671,High
LOC001978,Synthetic Meeting Point - Katraj 1978,Meeting Point,"624, College Road, Katraj, Pune",Katraj,Pune,Pune,Maharashtra,411046,18.458301,73.865681,Low
LOC001979,Synthetic Crime Scene - Shivajinagar 1979,Crime Scene,"68, Link Road, Shivajinagar, Pune",Shivajinagar,Pune,Pune,Maharashtra,411005,18.53536,73.851569,High
LOC001980,Synthetic Residence - Shivajinagar 1980,Residence,"535, Main Road, Shivajinagar, Pune",Shivajinagar,Pune,Pune,Maharashtra,411005,18.530276,73.839128,Medium
LOC001981,Synthetic Workplace - Dhankawadi 1981,Workplace,"361, Market Road, Dhankawadi, Pune",Dhankawadi,Pune,Pune,Maharashtra,411043,18.467981,73.848588,Low
LOC001982,Synthetic Warehouse - Aundh 1982,Warehouse,"626, Main Road, Aundh, Pune",Aundh,Pune,Pune,Maharashtra,411007,18.554822,73.813077,Medium
LOC001983,Synthetic Crime Scene - Aundh 1983,Crime Scene,"109, College Road, Aundh, Pune",Aundh,Pune,Pune,Maharashtra,411007,18.566984,73.811524,Low
LOC001984,Synthetic Workplace - Hadapsar 1984,Workplace,"930, Park Road, Hadapsar, Pune",Hadapsar,Pune,Pune,Maharashtra,411028,18.51555,73.926956,Low
LOC001985,Synthetic Hotel - Aundh 1985,Hotel,"782, Industrial Road, Aundh, Pune",Aundh,Pune,Pune,Maharashtra,411007,18.565301,73.804992,Low
LOC001986,Synthetic Residence - Bhosari 1986,Residence,"480, College Road, Bhosari, Pune",Bhosari,Pune,Pune,Maharashtra,411039,18.62315,73.848188,Medium
LOC001987,Synthetic Restaurant - Swargate 1987,Restaurant,"377, Temple Road, Swargate, Pune",Swargate,Pune,Pune,Maharashtra,411037,18.498557,73.85577,Low
LOC001988,Synthetic Workplace - Baner 1988,Workplace,"507, Market Road, Baner, Pune",Baner,Pune,Pune,Maharashtra,411045,18.560769,73.782207,Low
LOC001989,Synthetic Police Station - Chinchwad,Police Station,"307, Market Road, Chinchwad, Pune",Chinchwad,Pune,Pune,Maharashtra,411033,18.62229,73.795732,Low
LOC001990,Synthetic Crime Scene - Katraj 1990,Crime Scene,"465, Nagar Road, Katraj, Pune",Katraj,Pune,Pune,Maharashtra,411046,18.4567,73.8631,Medium
LOC001991,Synthetic Transport Hub - Swargate 1991,Transport Hub,"483, Market Road, Swargate, Pune",Swargate,Pune,Pune,Maharashtra,411037,18.505151,73.863914,Low
LOC001992,Synthetic Residence - Kondhwa 1992,Residence,"825, Industrial Road, Kondhwa, Pune",Kondhwa,Pune,Pune,Maharashtra,411048,18.470089,73.888023,Medium
LOC001993,Synthetic Workplace - Hadapsar 1993,Workplace,"252, College Road, Hadapsar, Pune",Hadapsar,Pune,Pune,Maharashtra,411028,18.514455,73.925536,High
LOC001994,Synthetic Residence - Dhankawadi 1994,Residence,"754, Canal Road, Dhankawadi, Pune",Dhankawadi,Pune,Pune,Maharashtra,411043,18.471462,73.849981,Low
LOC001995,Synthetic Residence - Baner 1995,Residence,"379, Industrial Road, Baner, Pune",Baner,Pune,Pune,Maharashtra,411045,18.563283,73.780903,Low
LOC001996,Synthetic Hotel - Baner 1996,Hotel,"893, Main Road, Baner, Pune",Baner,Pune,Pune,Maharashtra,411045,18.556031,73.779075,Medium
LOC001997,Synthetic Crime Scene - Katraj 1997,Crime Scene,"118, Park Road, Katraj, Pune",Katraj,Pune,Pune,Maharashtra,411046,18.450408,73.860866,Low
LOC001998,Synthetic Police Station - Baner,Police Station,"471, Industrial Road, Baner, Pune",Baner,Pune,Pune,Maharashtra,411045,18.560333,73.794087,Low
LOC001999,Synthetic Restaurant - Bhosari 1999,Restaurant,"641, College Road, Bhosari, Pune",Bhosari,Pune,Pune,Maharashtra,411039,18.625208,73.845896,Low
LOC002000,Synthetic Hotel - Baner 2000,Hotel,"353, College Road, Baner, Pune",Baner,Pune,Pune,Maharashtra,411045,18.562664,73.791521,Medium
LOC002001,Synthetic Restaurant - Hadapsar 2001,Restaurant,"73, Industrial Road, Hadapsar, Pune",Hadapsar,Pune,Pune,Maharashtra,411028,18.505437,73.924528,Medium
LOC002002,Synthetic Warehouse - Hadapsar 2002,Warehouse,"826, Industrial Road, Hadapsar, Pune",Hadapsar,Pune,Pune,Maharashtra,411028,18.514405,73.926361,Low
LOC002003,Synthetic Warehouse - Katraj 2003,Warehouse,"347, Main Road, Katraj, Pune",Katraj,Pune,Pune,Maharashtra,411046,18.448714,73.866325,Medium
LOC002004,Synthetic Transport Hub - Vishrantwadi 2004,Transport Hub,"230, Link Road, Vishrantwadi, Pune",Vishrantwadi,Pune,Pune,Maharashtra,411015,18.56065,73.881014,High
LOC002005,Synthetic Bank - Viman Nagar 2005,Bank,"905, Market Road, Viman Nagar, Pune",Viman Nagar,Pune,Pune,Maharashtra,411014,18.574622,73.907192,Medium
LOC002006,Synthetic Crime Scene - Baner 2006,Crime Scene,"474, Market Road, Baner, Pune",Baner,Pune,Pune,Maharashtra,411045,18.558662,73.791631,High
LOC002007,Synthetic Residence - Wakad 2007,Residence,"793, Temple Road, Wakad, Pune",Wakad,Pune,Pune,Maharashtra,411057,18.604956,73.759883,High
LOC002008,Synthetic Meeting Point - Dhankawadi 2008,Meeting Point,"788, Temple Road, Dhankawadi, Pune",Dhankawadi,Pune,Pune,Maharashtra,411043,18.471811,73.856328,Low
LOC002009,Synthetic Workplace - Wakad 2009,Workplace,"745, Park Road, Wakad, Pune",Wakad,Pune,Pune,Maharashtra,411057,18.600403,73.768672,Low
LOC002010,Synthetic Restaurant - Chinchwad 2010,Restaurant,"365, College Road, Chinchwad, Pune",Chinchwad,Pune,Pune,Maharashtra,411033,18.635131,73.803513,Medium
LOC002011,Synthetic Workplace - Dhankawadi 2011,Workplace,"142, Canal Road, Dhankawadi, Pune",Dhankawadi,Pune,Pune,Maharashtra,411043,18.460372,73.846438,Low
LOC002012,Synthetic Residence - Baner 2012,Residence,"452, Canal Road, Baner, Pune",Baner,Pune,Pune,Maharashtra,411045,18.564583,73.793874,Low
LOC002013,Synthetic Residence - Yerawada 2013,Residence,"215, Station Road, Yerawada, Pune",Yerawada,Pune,Pune,Maharashtra,411006,18.542493,73.88537,Medium
LOC002014,Synthetic Warehouse - Vishrantwadi 2014,Warehouse,"942, Temple Road, Vishrantwadi, Pune",Vishrantwadi,Pune,Pune,Maharashtra,411015,18.562279,73.871248,Low
LOC002015,Synthetic ATM - Dhankawadi 2015,ATM,"775, Canal Road, Dhankawadi, Pune",Dhankawadi,Pune,Pune,Maharashtra,411043,18.474297,73.854283,Medium
LOC002016,Synthetic Crime Scene - Bhosari 2016,Crime Scene,"786, Station Road, Bhosari, Pune",Bhosari,Pune,Pune,Maharashtra,411039,18.629293,73.844283,Low
LOC002017,Synthetic Restaurant - Dhankawadi 2017,Restaurant,"489, Nagar Road, Dhankawadi, Pune",Dhankawadi,Pune,Pune,Maharashtra,411043,18.468247,73.850071,Low
LOC002018,Synthetic Residence - Katraj 2018,Residence,"196, Temple Road, Katraj, Pune",Katraj,Pune,Pune,Maharashtra,411046,18.449005,73.867759,High
LOC002019,Synthetic Warehouse - Yerawada 2019,Warehouse,"883, College Road, Yerawada, Pune",Yerawada,Pune,Pune,Maharashtra,411006,18.547764,73.871877,Medium
LOC002020,Synthetic Workplace - Shivajinagar 2020,Workplace,"515, Main Road, Shivajinagar, Pune",Shivajinagar,Pune,Pune,Maharashtra,411005,18.535574,73.849647,Low
LOC002021,Synthetic Transport Hub - Wakad 2021,Transport Hub,"606, Market Road, Wakad, Pune",Wakad,Pune,Pune,Maharashtra,411057,18.592681,73.761881,Low
LOC002022,Synthetic Other - Swargate 2022,Other,"966, Market Road, Swargate, Pune",Swargate,Pune,Pune,Maharashtra,411037,18.496147,73.866988,Medium
LOC002023,Synthetic Meeting Point - Bhosari 2023,Meeting Point,"139, Canal Road, Bhosari, Pune",Bhosari,Pune,Pune,Maharashtra,411039,18.630506,73.844723,Low
LOC002024,Synthetic Residence - Bhosari 2024,Residence,"804, Station Road, Bhosari, Pune",Bhosari,Pune,Pune,Maharashtra,411039,18.626952,73.851748,Low
LOC002025,Synthetic Residence - Dhankawadi 2025,Residence,"344, College Road, Dhankawadi, Pune",Dhankawadi,Pune,Pune,Maharashtra,411043,18.467113,73.85068,Medium
LOC002026,Synthetic Restaurant - Yerawada 2026,Restaurant,"862, Canal Road, Yerawada, Pune",Yerawada,Pune,Pune,Maharashtra,411006,18.547766,73.883102,Medium
LOC002027,Synthetic Restaurant - Kothrud 2027,Restaurant,"165, Canal Road, Kothrud, Pune",Kothrud,Pune,Pune,Maharashtra,411038,18.51348,73.807148,Low
LOC002028,Synthetic ATM - Chinchwad 2028,ATM,"68, Link Road, Chinchwad, Pune",Chinchwad,Pune,Pune,Maharashtra,411033,18.625083,73.795722,Low
LOC002029,Synthetic Workplace - Katraj 2029,Workplace,"153, Industrial Road, Katraj, Pune",Katraj,Pune,Pune,Maharashtra,411046,18.45035,73.872691,Low
LOC002030,Synthetic ATM - Kondhwa 2030,ATM,"915, Nagar Road, Kondhwa, Pune",Kondhwa,Pune,Pune,Maharashtra,411048,18.469949,73.885253,Low
LOC002031,Synthetic Crime Scene - Yerawada 2031,Crime Scene,"651, Link Road, Yerawada, Pune",Yerawada,Pune,Pune,Maharashtra,411006,18.555137,73.873391,Medium
LOC002032,Synthetic Workplace - Baner 2032,Workplace,"26, Market Road, Baner, Pune",Baner,Pune,Pune,Maharashtra,411045,18.554251,73.784404,Low
LOC002033,Synthetic Workplace - Aundh 2033,Workplace,"141, College Road, Aundh, Pune",Aundh,Pune,Pune,Maharashtra,411007,18.559523,73.802894,High
LOC002034,Synthetic Workplace - Wakad 2034,Workplace,"969, Nagar Road, Wakad, Pune",Wakad,Pune,Pune,Maharashtra,411057,18.592464,73.756493,Low
LOC002035,Synthetic Crime Scene - Chinchwad 2035,Crime Scene,"777, Main Road, Chinchwad, Pune",Chinchwad,Pune,Pune,Maharashtra,411033,18.632834,73.796934,Low
LOC002036,Synthetic Warehouse - Bhosari 2036,Warehouse,"124, College Road, Bhosari, Pune",Bhosari,Pune,Pune,Maharashtra,411039,18.631336,73.845737,Low
LOC002037,Synthetic Bank - Yerawada 2037,Bank,"220, Temple Road, Yerawada, Pune",Yerawada,Pune,Pune,Maharashtra,411006,18.544197,73.873562,Low
LOC002038,Synthetic Police Station - Aundh,Police Station,"866, Nagar Road, Aundh, Pune",Aundh,Pune,Pune,Maharashtra,411007,18.56322,73.808116,Low
LOC002039,Synthetic Meeting Point - Baner 2039,Meeting Point,"374, Market Road, Baner, Pune",Baner,Pune,Pune,Maharashtra,411045,18.563689,73.790645,Low
LOC002040,Synthetic Restaurant - Dhankawadi 2040,Restaurant,"372, College Road, Dhankawadi, Pune",Dhankawadi,Pune,Pune,Maharashtra,411043,18.461728,73.844291,Medium
LOC002041,Synthetic Residence - Vishrantwadi 2041,Residence,"401, Temple Road, Vishrantwadi, Pune",Vishrantwadi,Pune,Pune,Maharashtra,411015,18.566113,73.881214,Medium
LOC002042,Synthetic Bank - Swargate 2042,Bank,"522, Nagar Road, Swargate, Pune",Swargate,Pune,Pune,Maharashtra,411037,18.494582,73.86596,Low
LOC002043,Synthetic Transport Hub - Pimpri 2043,Transport Hub,"750, Industrial Road, Pimpri, Pune",Pimpri,Pune,Pune,Maharashtra,411018,18.632381,73.795366,Medium
LOC002044,Synthetic Restaurant - Kothrud 2044,Restaurant,"734, Canal Road, Kothrud, Pune",Kothrud,Pune,Pune,Maharashtra,411038,18.511762,73.800644,Low
LOC002045,Synthetic Warehouse - Chinchwad 2045,Warehouse,"528, Link Road, Chinchwad, Pune",Chinchwad,Pune,Pune,Maharashtra,411033,18.637444,73.792909,Low
LOC002046,Synthetic Transport Hub - Pimpri 2046,Transport Hub,"936, Link Road, Pimpri, Pune",Pimpri,Pune,Pune,Maharashtra,411018,18.62253,73.805317,Low
LOC002047,Synthetic Bank - Aundh 2047,Bank,"453, Park Road, Aundh, Pune",Aundh,Pune,Pune,Maharashtra,411007,18.551347,73.810912,Low
LOC002048,Synthetic Workplace - Yerawada 2048,Workplace,"579, Industrial Road, Yerawada, Pune",Yerawada,Pune,Pune,Maharashtra,411006,18.555851,73.874167,Medium
LOC002049,Synthetic Police Station - Katraj,Police Station,"134, Temple Road, Katraj, Pune",Katraj,Pune,Pune,Maharashtra,411046,18.453183,73.862602,Medium
LOC002050,Synthetic Hotel - Bhosari 2050,Hotel,"956, Market Road, Bhosari, Pune",Bhosari,Pune,Pune,Maharashtra,411039,18.627648,73.848241,Medium
LOC002051,Synthetic Workplace - Yerawada 2051,Workplace,"50, Station Road, Yerawada, Pune",Yerawada,Pune,Pune,Maharashtra,411006,18.555406,73.871075,Low
LOC002052,Synthetic Residence - Swargate 2052,Residence,"567, Canal Road, Swargate, Pune",Swargate,Pune,Pune,Maharashtra,411037,18.508381,73.856114,Low
LOC002053,Synthetic Hotel - Shivajinagar 2053,Hotel,"159, Link Road, Shivajinagar, Pune",Shivajinagar,Pune,Pune,Maharashtra,411005,18.526944,73.847088,Low
LOC002054,Synthetic Residence - Yerawada 2054,Residence,"452, Park Road, Yerawada, Pune",Yerawada,Pune,Pune,Maharashtra,411006,18.542368,73.873916,Low
LOC002055,Synthetic Restaurant - Katraj 2055,Restaurant,"978, Nagar Road, Katraj, Pune",Katraj,Pune,Pune,Maharashtra,411046,18.453169,73.860386,Medium
LOC002056,Synthetic Transport Hub - Yerawada 2056,Transport Hub,"556, Nagar Road, Yerawada, Pune",Yerawada,Pune,Pune,Maharashtra,411006,18.553606,73.874683,Low
LOC002057,Synthetic ATM - Bhosari 2057,ATM,"745, Canal Road, Bhosari, Pune",Bhosari,Pune,Pune,Maharashtra,411039,18.625958,73.847862,Low
LOC002058,Synthetic Transport Hub - Yerawada 2058,Transport Hub,"378, Industrial Road, Yerawada, Pune",Yerawada,Pune,Pune,Maharashtra,411006,18.551636,73.876699,Medium
LOC002059,Synthetic Restaurant - Viman Nagar 2059,Restaurant,"511, Market Road, Viman Nagar, Pune",Viman Nagar,Pune,Pune,Maharashtra,411014,18.57363,73.911159,High
LOC002060,Synthetic Workplace - Shivajinagar 2060,Workplace,"661, Station Road, Shivajinagar, Pune",Shivajinagar,Pune,Pune,Maharashtra,411005,18.523179,73.841537,Medium
LOC002061,Synthetic Transport Hub - Shivajinagar 2061,Transport Hub,"168, Link Road, Shivajinagar, Pune",Shivajinagar,Pune,Pune,Maharashtra,411005,18.536497,73.843431,Medium
LOC002062,Synthetic Residence - Chinchwad 2062,Residence,"990, Market Road, Chinchwad, Pune",Chinchwad,Pune,Pune,Maharashtra,411033,18.634572,73.807004,Low
LOC002063,Synthetic Residence - Hadapsar 2063,Residence,"311, Main Road, Hadapsar, Pune",Hadapsar,Pune,Pune,Maharashtra,411028,18.511924,73.92611,Medium
LOC002064,Synthetic Residence - Shivajinagar 2064,Residence,"516, Nagar Road, Shivajinagar, Pune",Shivajinagar,Pune,Pune,Maharashtra,411005,18.528396,73.84746,Low
LOC002065,Synthetic ATM - Pimpri 2065,ATM,"439, Main Road, Pimpri, Pune",Pimpri,Pune,Pune,Maharashtra,411018,18.626378,73.800668,Medium
LOC002066,Synthetic Meeting Point - Wakad 2066,Meeting Point,"472, Temple Road, Wakad, Pune",Wakad,Pune,Pune,Maharashtra,411057,18.600808,73.7668,Low
LOC002067,Synthetic Meeting Point - Kothrud 2067,Meeting Point,"494, Main Road, Kothrud, Pune",Kothrud,Pune,Pune,Maharashtra,411038,18.509383,73.813123,Medium
LOC002068,Synthetic Meeting Point - Bhosari 2068,Meeting Point,"226, Link Road, Bhosari, Pune",Bhosari,Pune,Pune,Maharashtra,411039,18.631356,73.846374,Low
LOC002069,Synthetic Bank - Chinchwad 2069,Bank,"911, Temple Road, Chinchwad, Pune",Chinchwad,Pune,Pune,Maharashtra,411033,18.628518,73.799357,Medium
LOC002070,Synthetic Transport Hub - Hadapsar 2070,Transport Hub,"786, Park Road, Hadapsar, Pune",Hadapsar,Pune,Pune,Maharashtra,411028,18.506004,73.921544,Medium
LOC002071,Synthetic Workplace - Baner 2071,Workplace,"644, Main Road, Baner, Pune",Baner,Pune,Pune,Maharashtra,411045,18.552912,73.781317,Medium
LOC002072,Synthetic Workplace - Baner 2072,Workplace,"818, Station Road, Baner, Pune",Baner,Pune,Pune,Maharashtra,411045,18.552061,73.779718,High
LOC002073,Synthetic Hotel - Kothrud 2073,Hotel,"827, Canal Road, Kothrud, Pune",Kothrud,Pune,Pune,Maharashtra,411038,18.503553,73.815414,Low
LOC002074,Synthetic ATM - Chinchwad 2074,ATM,"671, Main Road, Chinchwad, Pune",Chinchwad,Pune,Pune,Maharashtra,411033,18.630401,73.79924,Low
LOC002075,Synthetic Transport Hub - Aundh 2075,Transport Hub,"336, Link Road, Aundh, Pune",Aundh,Pune,Pune,Maharashtra,411007,18.551719,73.801278,Low
LOC002076,Synthetic Workplace - Pimpri 2076,Workplace,"865, Station Road, Pimpri, Pune",Pimpri,Pune,Pune,Maharashtra,411018,18.630303,73.803217,Low
LOC002077,Synthetic Transport Hub - Shivajinagar 2077,Transport Hub,"844, Station Road, Shivajinagar, Pune",Shivajinagar,Pune,Pune,Maharashtra,411005,18.537371,73.84826,Medium
LOC002078,Synthetic Workplace - Viman Nagar 2078,Workplace,"502, Main Road, Viman Nagar, Pune",Viman Nagar,Pune,Pune,Maharashtra,411014,18.571957,73.916004,Medium
LOC002079,Synthetic Residence - Bhosari 2079,Residence,"235, Canal Road, Bhosari, Pune",Bhosari,Pune,Pune,Maharashtra,411039,18.628729,73.854928,Medium
LOC002080,Synthetic Residence - Pimpri 2080,Residence,"388, College Road, Pimpri, Pune",Pimpri,Pune,Pune,Maharashtra,411018,18.621882,73.805494,Low
LOC002081,Synthetic Warehouse - Katraj 2081,Warehouse,"122, Station Road, Katraj, Pune",Katraj,Pune,Pune,Maharashtra,411046,18.456153,73.858947,Medium
LOC002082,Synthetic Bank - Dhankawadi 2082,Bank,"519, Temple Road, Dhankawadi, Pune",Dhankawadi,Pune,Pune,Maharashtra,411043,18.473177,73.854723,Low
LOC002083,Synthetic Crime Scene - Shivajinagar 2083,Crime Scene,"815, Park Road, Shivajinagar, Pune",Shivajinagar,Pune,Pune,Maharashtra,411005,18.528917,73.84077,High
LOC002084,Synthetic Hotel - Dhankawadi 2084,Hotel,"182, Nagar Road, Dhankawadi, Pune",Dhankawadi,Pune,Pune,Maharashtra,411043,18.470247,73.849317,Low
LOC002085,Synthetic Residence - Kondhwa 2085,Residence,"192, College Road, Kondhwa, Pune",Kondhwa,Pune,Pune,Maharashtra,411048,18.463329,73.885835,Low
LOC002086,Synthetic Residence - Swargate 2086,Residence,"992, Canal Road, Swargate, Pune",Swargate,Pune,Pune,Maharashtra,411037,18.508338,73.86623,Low
LOC002087,Synthetic Workplace - Hadapsar 2087,Workplace,"814, Main Road, Hadapsar, Pune",Hadapsar,Pune,Pune,Maharashtra,411028,18.505461,73.92918,Low
LOC002088,Synthetic Workplace - Dhankawadi 2088,Workplace,"404, Station Road, Dhankawadi, Pune",Dhankawadi,Pune,Pune,Maharashtra,411043,18.459228,73.855149,Low
LOC002089,Synthetic Residence - Baner 2089,Residence,"666, Park Road, Baner, Pune",Baner,Pune,Pune,Maharashtra,411045,18.560072,73.782618,Low
LOC002090,Synthetic Crime Scene - Hadapsar 2090,Crime Scene,"961, Station Road, Hadapsar, Pune",Hadapsar,Pune,Pune,Maharashtra,411028,18.509879,73.923462,Medium
LOC002091,Synthetic Bank - Shivajinagar 2091,Bank,"22, Nagar Road, Shivajinagar, Pune",Shivajinagar,Pune,Pune,Maharashtra,411005,18.524332,73.852175,Low
LOC002092,Synthetic Residence - Bhosari 2092,Residence,"369, Nagar Road, Bhosari, Pune",Bhosari,Pune,Pune,Maharashtra,411039,18.631693,73.850568,High
LOC002093,Synthetic Police Station - Kothrud,Police Station,"624, Nagar Road, Kothrud, Pune",Kothrud,Pune,Pune,Maharashtra,411038,18.513749,73.815129,Medium
LOC002094,Synthetic Crime Scene - Wakad 2094,Crime Scene,"524, Market Road, Wakad, Pune",Wakad,Pune,Pune,Maharashtra,411057,18.598525,73.76624,Low
LOC002095,Synthetic Residence - Wakad 2095,Residence,"603, Temple Road, Wakad, Pune",Wakad,Pune,Pune,Maharashtra,411057,18.60172,73.764623,Medium
LOC002096,Synthetic Crime Scene - Wakad 2096,Crime Scene,"69, Canal Road, Wakad, Pune",Wakad,Pune,Pune,Maharashtra,411057,18.595678,73.761935,Low
LOC002097,Synthetic Meeting Point - Shivajinagar 2097,Meeting Point,"881, Temple Road, Shivajinagar, Pune",Shivajinagar,Pune,Pune,Maharashtra,411005,18.538378,73.848103,Medium
LOC002098,Synthetic Restaurant - Kothrud 2098,Restaurant,"273, Park Road, Kothrud, Pune",Kothrud,Pune,Pune,Maharashtra,411038,18.51188,73.812101,Low
LOC002099,Synthetic Meeting Point - Baner 2099,Meeting Point,"732, Park Road, Baner, Pune",Baner,Pune,Pune,Maharashtra,411045,18.564676,73.791023,High
LOC002100,Synthetic Residence - Dhankawadi 2100,Residence,"141, Station Road, Dhankawadi, Pune",Dhankawadi,Pune,Pune,Maharashtra,411043,18.466356,73.855519,Low
LOC002101,Synthetic Workplace - Chinchwad 2101,Workplace,"182, Nagar Road, Chinchwad, Pune",Chinchwad,Pune,Pune,Maharashtra,411033,18.624042,73.802834,Medium
LOC002102,Synthetic Other - Bhosari 2102,Other,"737, Link Road, Bhosari, Pune",Bhosari,Pune,Pune,Maharashtra,411039,18.624381,73.85192,Low
LOC002103,Synthetic Residence - Hadapsar 2103,Residence,"375, Link Road, Hadapsar, Pune",Hadapsar,Pune,Pune,Maharashtra,411028,18.506344,73.921448,Low
LOC002104,Synthetic Hotel - Kothrud 2104,Hotel,"14, Park Road, Kothrud, Pune",Kothrud,Pune,Pune,Maharashtra,411038,18.507236,73.806071,Low
LOC002105,Synthetic Meeting Point - Pimpri 2105,Meeting Point,"331, Industrial Road, Pimpri, Pune",Pimpri,Pune,Pune,Maharashtra,411018,18.627939,73.795916,Low
LOC002106,Synthetic Warehouse - Vishrantwadi 2106,Warehouse,"99, Canal Road, Vishrantwadi, Pune",Vishrantwadi,Pune,Pune,Maharashtra,411015,18.55962,73.885272,Low
LOC002107,Synthetic Residence - Pimpri 2107,Residence,"754, Canal Road, Pimpri, Pune",Pimpri,Pune,Pune,Maharashtra,411018,18.626772,73.798593,Low
LOC002108,Synthetic Hotel - Bhosari 2108,Hotel,"889, College Road, Bhosari, Pune",Bhosari,Pune,Pune,Maharashtra,411039,18.624859,73.852538,Medium
LOC002109,Synthetic Crime Scene - Kondhwa 2109,Crime Scene,"116, Nagar Road, Kondhwa, Pune",Kondhwa,Pune,Pune,Maharashtra,411048,18.468866,73.88965,Low
LOC002110,Synthetic Workplace - Aundh 2110,Workplace,"932, Nagar Road, Aundh, Pune",Aundh,Pune,Pune,Maharashtra,411007,18.553469,73.802155,Low
LOC002111,Synthetic Meeting Point - Vishrantwadi 2111,Meeting Point,"781, College Road, Vishrantwadi, Pune",Vishrantwadi,Pune,Pune,Maharashtra,411015,18.568458,73.884506,Medium
LOC002112,Synthetic Warehouse - Chinchwad 2112,Warehouse,"559, Station Road, Chinchwad, Pune",Chinchwad,Pune,Pune,Maharashtra,411033,18.629772,73.793837,Medium
LOC002113,Synthetic ATM - Kondhwa 2113,ATM,"957, Nagar Road, Kondhwa, Pune",Kondhwa,Pune,Pune,Maharashtra,411048,18.462765,73.893953,Medium
LOC002114,Synthetic Workplace - Dhankawadi 2114,Workplace,"21, Park Road, Dhankawadi, Pune",Dhankawadi,Pune,Pune,Maharashtra,411043,18.468766,73.843571,Low
LOC002115,Synthetic Residence - Shivajinagar 2115,Residence,"436, Temple Road, Shivajinagar, Pune",Shivajinagar,Pune,Pune,Maharashtra,411005,18.525703,73.850352,Medium
LOC002116,Synthetic Restaurant - Kondhwa 2116,Restaurant,"793, Nagar Road, Kondhwa, Pune",Kondhwa,Pune,Pune,Maharashtra,411048,18.470741,73.885274,Low
LOC002117,Synthetic Residence - Dhankawadi 2117,Residence,"958, Market Road, Dhankawadi, Pune",Dhankawadi,Pune,Pune,Maharashtra,411043,18.469039,73.855326,High
LOC002118,Synthetic Meeting Point - Kondhwa 2118,Meeting Point,"179, Industrial Road, Kondhwa, Pune",Kondhwa,Pune,Pune,Maharashtra,411048,18.47528,73.888134,Medium
LOC002119,Synthetic Workplace - Hadapsar 2119,Workplace,"503, Nagar Road, Hadapsar, Pune",Hadapsar,Pune,Pune,Maharashtra,411028,18.511776,73.923049,Low
LOC002120,Synthetic Residence - Kondhwa 2120,Residence,"388, Link Road, Kondhwa, Pune",Kondhwa,Pune,Pune,Maharashtra,411048,18.46585,73.89615,Low
LOC002121,Synthetic Residence - Bhosari 2121,Residence,"869, Main Road, Bhosari, Pune",Bhosari,Pune,Pune,Maharashtra,411039,18.625042,73.843166,Low
LOC002122,Synthetic Crime Scene - Dhankawadi 2122,Crime Scene,"730, Canal Road, Dhankawadi, Pune",Dhankawadi,Pune,Pune,Maharashtra,411043,18.472052,73.852246,High
LOC002123,Synthetic Residence - Hadapsar 2123,Residence,"693, Station Road, Hadapsar, Pune",Hadapsar,Pune,Pune,Maharashtra,411028,18.504587,73.92919,Medium
LOC002124,Synthetic Workplace - Shivajinagar 2124,Workplace,"710, Temple Road, Shivajinagar, Pune",Shivajinagar,Pune,Pune,Maharashtra,411005,18.531035,73.847088,Medium
LOC002125,Synthetic Residence - Aundh 2125,Residence,"10, Link Road, Aundh, Pune",Aundh,Pune,Pune,Maharashtra,411007,18.564348,73.812235,Low
LOC002126,Synthetic ATM - Kondhwa 2126,ATM,"755, Nagar Road, Kondhwa, Pune",Kondhwa,Pune,Pune,Maharashtra,411048,18.468231,73.890232,Low
LOC002127,Synthetic Bank - Viman Nagar 2127,Bank,"778, Canal Road, Viman Nagar, Pune",Viman Nagar,Pune,Pune,Maharashtra,411014,18.566692,73.908229,Medium
LOC002128,Synthetic Bank - Katraj 2128,Bank,"659, Temple Road, Katraj, Pune",Katraj,Pune,Pune,Maharashtra,411046,18.445156,73.865646,Low
LOC002129,Synthetic Other - Bhosari 2129,Other,"386, Industrial Road, Bhosari, Pune",Bhosari,Pune,Pune,Maharashtra,411039,18.626032,73.84297,Medium
LOC002130,Synthetic Residence - Vishrantwadi 2130,Residence,"408, Market Road, Vishrantwadi, Pune",Vishrantwadi,Pune,Pune,Maharashtra,411015,18.5744,73.877868,Low
LOC002131,Synthetic Other - Swargate 2131,Other,"938, Main Road, Swargate, Pune",Swargate,Pune,Pune,Maharashtra,411037,18.501802,73.857463,Low
LOC002132,Synthetic Workplace - Kondhwa 2132,Workplace,"276, Park Road, Kondhwa, Pune",Kondhwa,Pune,Pune,Maharashtra,411048,18.461751,73.888944,Medium
LOC002133,Synthetic Crime Scene - Bhosari 2133,Crime Scene,"414, Main Road, Bhosari, Pune",Bhosari,Pune,Pune,Maharashtra,411039,18.630954,73.847511,Low
LOC002134,Synthetic ATM - Katraj 2134,ATM,"672, Link Road, Katraj, Pune",Katraj,Pune,Pune,Maharashtra,411046,18.455334,73.861224,Low
LOC002135,Synthetic Crime Scene - Wakad 2135,Crime Scene,"88, Link Road, Wakad, Pune",Wakad,Pune,Pune,Maharashtra,411057,18.59249,73.76682,Low
LOC002136,Synthetic Workplace - Swargate 2136,Workplace,"119, Market Road, Swargate, Pune",Swargate,Pune,Pune,Maharashtra,411037,18.504355,73.857195,Low
LOC002137,Synthetic Residence - Katraj 2137,Residence,"217, Industrial Road, Katraj, Pune",Katraj,Pune,Pune,Maharashtra,411046,18.447657,73.870307,Medium
LOC002138,Synthetic Transport Hub - Shivajinagar 2138,Transport Hub,"301, Market Road, Shivajinagar, Pune",Shivajinagar,Pune,Pune,Maharashtra,411005,18.523013,73.848322,Low
LOC002139,Synthetic Residence - Pimpri 2139,Residence,"881, Link Road, Pimpri, Pune",Pimpri,Pune,Pune,Maharashtra,411018,18.623704,73.800851,Medium
LOC002140,Synthetic Residence - Katraj 2140,Residence,"52, Market Road, Katraj, Pune",Katraj,Pune,Pune,Maharashtra,411046,18.453672,73.862099,Medium
LOC002141,Synthetic Meeting Point - Katraj 2141,Meeting Point,"331, Industrial Road, Katraj, Pune",Katraj,Pune,Pune,Maharashtra,411046,18.445219,73.871671,Low
LOC002142,Synthetic Transport Hub - Katraj 2142,Transport Hub,"873, Main Road, Katraj, Pune",Katraj,Pune,Pune,Maharashtra,411046,18.45943,73.862035,Low
LOC002143,Synthetic Residence - Vishrantwadi 2143,Residence,"778, Market Road, Vishrantwadi, Pune",Vishrantwadi,Pune,Pune,Maharashtra,411015,18.562867,73.871239,Low
LOC002144,Synthetic Workplace - Pimpri 2144,Workplace,"116, College Road, Pimpri, Pune",Pimpri,Pune,Pune,Maharashtra,411018,18.634959,73.806219,Medium
LOC002145,Synthetic Workplace - Pimpri 2145,Workplace,"558, Canal Road, Pimpri, Pune",Pimpri,Pune,Pune,Maharashtra,411018,18.630569,73.799896,Low
LOC002146,Synthetic Residence - Viman Nagar 2146,Residence,"62, College Road, Viman Nagar, Pune",Viman Nagar,Pune,Pune,Maharashtra,411014,18.573741,73.91203,Medium
LOC002147,Synthetic Residence - Wakad 2147,Residence,"595, Nagar Road, Wakad, Pune",Wakad,Pune,Pune,Maharashtra,411057,18.59707,73.761949,Medium
LOC002148,Synthetic Restaurant - Vishrantwadi 2148,Restaurant,"16, Canal Road, Vishrantwadi, Pune",Vishrantwadi,Pune,Pune,Maharashtra,411015,18.570466,73.881072,Medium
LOC002149,Synthetic Crime Scene - Shivajinagar 2149,Crime Scene,"669, Station Road, Shivajinagar, Pune",Shivajinagar,Pune,Pune,Maharashtra,411005,18.536219,73.852329,Low
LOC002150,Synthetic Other - Dhankawadi 2150,Other,"472, Park Road, Dhankawadi, Pune",Dhankawadi,Pune,Pune,Maharashtra,411043,18.46096,73.850763,Low
LOC002151,Synthetic Residence - Hadapsar 2151,Residence,"45, Industrial Road, Hadapsar, Pune",Hadapsar,Pune,Pune,Maharashtra,411028,18.513077,73.928157,High
LOC002152,Synthetic Residence - Pimpri 2152,Residence,"941, Temple Road, Pimpri, Pune",Pimpri,Pune,Pune,Maharashtra,411018,18.630512,73.792563,Medium
LOC002153,Synthetic Workplace - Katraj 2153,Workplace,"750, Nagar Road, Katraj, Pune",Katraj,Pune,Pune,Maharashtra,411046,18.454097,73.859613,Medium
LOC002154,Synthetic Crime Scene - Bhosari 2154,Crime Scene,"170, Canal Road, Bhosari, Pune",Bhosari,Pune,Pune,Maharashtra,411039,18.62432,73.850397,Low
LOC002155,Synthetic Other - Pimpri 2155,Other,"632, Park Road, Pimpri, Pune",Pimpri,Pune,Pune,Maharashtra,411018,18.629875,73.79583,Medium
LOC002156,Synthetic Crime Scene - Chinchwad 2156,Crime Scene,"362, Nagar Road, Chinchwad, Pune",Chinchwad,Pune,Pune,Maharashtra,411033,18.634204,73.803181,Medium
LOC002157,Synthetic Residence - Shivajinagar 2157,Residence,"744, Station Road, Shivajinagar, Pune",Shivajinagar,Pune,Pune,Maharashtra,411005,18.537396,73.839069,Low
LOC002158,Synthetic Workplace - Vishrantwadi 2158,Workplace,"592, Temple Road, Vishrantwadi, Pune",Vishrantwadi,Pune,Pune,Maharashtra,411015,18.563851,73.88083,Low
LOC002159,Synthetic Restaurant - Bhosari 2159,Restaurant,"34, Canal Road, Bhosari, Pune",Bhosari,Pune,Pune,Maharashtra,411039,18.636773,73.854896,Low
LOC002160,Synthetic Residence - Chinchwad 2160,Residence,"419, Nagar Road, Chinchwad, Pune",Chinchwad,Pune,Pune,Maharashtra,411033,18.628469,73.798023,Low
LOC002161,Synthetic Bank - Yerawada 2161,Bank,"972, Main Road, Yerawada, Pune",Yerawada,Pune,Pune,Maharashtra,411006,18.552368,73.877083,Low
LOC002162,Synthetic Residence - Dhankawadi 2162,Residence,"176, Park Road, Dhankawadi, Pune",Dhankawadi,Pune,Pune,Maharashtra,411043,18.460556,73.84688,Medium
LOC002163,Synthetic Crime Scene - Shivajinagar 2163,Crime Scene,"624, Park Road, Shivajinagar, Pune",Shivajinagar,Pune,Pune,Maharashtra,411005,18.527001,73.840764,Medium
LOC002164,Synthetic Meeting Point - Yerawada 2164,Meeting Point,"233, Nagar Road, Yerawada, Pune",Yerawada,Pune,Pune,Maharashtra,411006,18.540251,73.878566,Medium
LOC002165,Synthetic ATM - Vishrantwadi 2165,ATM,"458, Temple Road, Vishrantwadi, Pune",Vishrantwadi,Pune,Pune,Maharashtra,411015,18.573712,73.87005,Medium
LOC002166,Synthetic ATM - Bhosari 2166,ATM,"856, Nagar Road, Bhosari, Pune",Bhosari,Pune,Pune,Maharashtra,411039,18.636785,73.854201,Medium
LOC002167,Synthetic Residence - Pimpri 2167,Residence,"586, Nagar Road, Pimpri, Pune",Pimpri,Pune,Pune,Maharashtra,411018,18.626035,73.801755,Medium
LOC002168,Synthetic Crime Scene - Shivajinagar 2168,Crime Scene,"301, Park Road, Shivajinagar, Pune",Shivajinagar,Pune,Pune,Maharashtra,411005,18.52808,73.842448,Low
LOC002169,Synthetic Residence - Dhankawadi 2169,Residence,"826, Canal Road, Dhankawadi, Pune",Dhankawadi,Pune,Pune,Maharashtra,411043,18.474883,73.844763,Low
LOC002170,Synthetic Crime Scene - Wakad 2170,Crime Scene,"747, Industrial Road, Wakad, Pune",Wakad,Pune,Pune,Maharashtra,411057,18.597672,73.769706,Low
LOC002171,Synthetic Bank - Swargate 2171,Bank,"100, College Road, Swargate, Pune",Swargate,Pune,Pune,Maharashtra,411037,18.497681,73.871107,Low
LOC002172,Synthetic Residence - Pimpri 2172,Residence,"928, College Road, Pimpri, Pune",Pimpri,Pune,Pune,Maharashtra,411018,18.622644,73.795626,Medium
LOC002173,Synthetic Restaurant - Kothrud 2173,Restaurant,"891, Station Road, Kothrud, Pune",Kothrud,Pune,Pune,Maharashtra,411038,18.512444,73.806635,Medium
LOC002174,Synthetic Workplace - Swargate 2174,Workplace,"149, Temple Road, Swargate, Pune",Swargate,Pune,Pune,Maharashtra,411037,18.497371,73.866477,Low
LOC002175,Synthetic ATM - Aundh 2175,ATM,"51, Nagar Road, Aundh, Pune",Aundh,Pune,Pune,Maharashtra,411007,18.564015,73.799005,Medium
LOC002176,Synthetic Residence - Yerawada 2176,Residence,"884, Temple Road, Yerawada, Pune",Yerawada,Pune,Pune,Maharashtra,411006,18.542714,73.876819,Medium
LOC002177,Synthetic Workplace - Swargate 2177,Workplace,"666, Nagar Road, Swargate, Pune",Swargate,Pune,Pune,Maharashtra,411037,18.496033,73.856526,Low
LOC002178,Synthetic Warehouse - Hadapsar 2178,Warehouse,"308, Park Road, Hadapsar, Pune",Hadapsar,Pune,Pune,Maharashtra,411028,18.514056,73.924312,Low
LOC002179,Synthetic Crime Scene - Aundh 2179,Crime Scene,"310, Market Road, Aundh, Pune",Aundh,Pune,Pune,Maharashtra,411007,18.553002,73.81059,Medium
LOC002180,Synthetic Police Station - Pimpri,Police Station,"973, Station Road, Pimpri, Pune",Pimpri,Pune,Pune,Maharashtra,411018,18.622785,73.794651,High
LOC002181,Synthetic Crime Scene - Kothrud 2181,Crime Scene,"355, Industrial Road, Kothrud, Pune",Kothrud,Pune,Pune,Maharashtra,411038,18.502652,73.811383,Medium
LOC002182,Synthetic Residence - Viman Nagar 2182,Residence,"371, Station Road, Viman Nagar, Pune",Viman Nagar,Pune,Pune,Maharashtra,411014,18.563922,73.911792,Medium
LOC002183,Synthetic Bank - Wakad 2183,Bank,"539, Station Road, Wakad, Pune",Wakad,Pune,Pune,Maharashtra,411057,18.606908,73.766605,Medium
LOC002184,Synthetic Residence - Dhankawadi 2184,Residence,"665, Nagar Road, Dhankawadi, Pune",Dhankawadi,Pune,Pune,Maharashtra,411043,18.464826,73.854841,Low
LOC002185,Synthetic Residence - Hadapsar 2185,Residence,"644, Temple Road, Hadapsar, Pune",Hadapsar,Pune,Pune,Maharashtra,411028,18.503738,73.920441,Medium
LOC002186,Synthetic Workplace - Shivajinagar 2186,Workplace,"98, Link Road, Shivajinagar, Pune",Shivajinagar,Pune,Pune,Maharashtra,411005,18.53211,73.843865,Low
LOC002187,Synthetic ATM - Kothrud 2187,ATM,"438, Temple Road, Kothrud, Pune",Kothrud,Pune,Pune,Maharashtra,411038,18.51174,73.802709,Medium
LOC002188,Synthetic Residence - Bhosari 2188,Residence,"177, College Road, Bhosari, Pune",Bhosari,Pune,Pune,Maharashtra,411039,18.636566,73.849595,Low
LOC002189,Synthetic Residence - Yerawada 2189,Residence,"811, Park Road, Yerawada, Pune",Yerawada,Pune,Pune,Maharashtra,411006,18.551484,73.879732,Low
LOC002190,Synthetic Residence - Shivajinagar 2190,Residence,"785, Link Road, Shivajinagar, Pune",Shivajinagar,Pune,Pune,Maharashtra,411005,18.535812,73.852338,Low
LOC002191,Synthetic Workplace - Yerawada 2191,Workplace,"628, College Road, Yerawada, Pune",Yerawada,Pune,Pune,Maharashtra,411006,18.554713,73.882363,Low
LOC002192,Synthetic Crime Scene - Kothrud 2192,Crime Scene,"700, Park Road, Kothrud, Pune",Kothrud,Pune,Pune,Maharashtra,411038,18.508802,73.80616,Medium
LOC002193,Synthetic Meeting Point - Swargate 2193,Meeting Point,"284, Nagar Road, Swargate, Pune",Swargate,Pune,Pune,Maharashtra,411037,18.50392,73.870081,High
LOC002194,Synthetic Residence - Vishrantwadi 2194,Residence,"168, Station Road, Vishrantwadi, Pune",Vishrantwadi,Pune,Pune,Maharashtra,411015,18.563822,73.871784,Low
LOC002195,Synthetic Hotel - Bhosari 2195,Hotel,"344, Main Road, Bhosari, Pune",Bhosari,Pune,Pune,Maharashtra,411039,18.633795,73.846503,Low
LOC002196,Synthetic Residence - Chinchwad 2196,Residence,"96, Park Road, Chinchwad, Pune",Chinchwad,Pune,Pune,Maharashtra,411033,18.623977,73.797449,Low
LOC002197,Synthetic Residence - Kothrud 2197,Residence,"372, Link Road, Kothrud, Pune",Kothrud,Pune,Pune,Maharashtra,411038,18.499596,73.811252,Medium
LOC002198,Synthetic Residence - Kondhwa 2198,Residence,"241, Market Road, Kondhwa, Pune",Kondhwa,Pune,Pune,Maharashtra,411048,18.474384,73.886022,Low
LOC002199,Synthetic Workplace - Kondhwa 2199,Workplace,"985, Industrial Road, Kondhwa, Pune",Kondhwa,Pune,Pune,Maharashtra,411048,18.469068,73.89451,Low
LOC002200,Synthetic Restaurant - Viman Nagar 2200,Restaurant,"162, Industrial Road, Viman Nagar, Pune",Viman Nagar,Pune,Pune,Maharashtra,411014,18.560419,73.908515,Low
LOC002201,Synthetic Workplace - Dhankawadi 2201,Workplace,"672, Station Road, Dhankawadi, Pune",Dhankawadi,Pune,Pune,Maharashtra,411043,18.467425,73.856387,Low
LOC002202,Synthetic Crime Scene - Aundh 2202,Crime Scene,"39, Canal Road, Aundh, Pune",Aundh,Pune,Pune,Maharashtra,411007,18.563936,73.801837,Low
LOC002203,Synthetic Residence - Viman Nagar 2203,Residence,"52, Main Road, Viman Nagar, Pune",Viman Nagar,Pune,Pune,Maharashtra,411014,18.5725,73.906913,Medium
LOC002204,Synthetic Residence - Vishrantwadi 2204,Residence,"396, Industrial Road, Vishrantwadi, Pune",Vishrantwadi,Pune,Pune,Maharashtra,411015,18.571225,73.879205,High
LOC002205,Synthetic Residence - Kothrud 2205,Residence,"446, Station Road, Kothrud, Pune",Kothrud,Pune,Pune,Maharashtra,411038,18.514606,73.808769,Medium
LOC002206,Synthetic Crime Scene - Yerawada 2206,Crime Scene,"78, Link Road, Yerawada, Pune",Yerawada,Pune,Pune,Maharashtra,411006,18.548822,73.875999,Medium
LOC002207,Synthetic Bank - Baner 2207,Bank,"519, Main Road, Baner, Pune",Baner,Pune,Pune,Maharashtra,411045,18.554362,73.781444,Low
LOC002208,Synthetic Meeting Point - Swargate 2208,Meeting Point,"682, Industrial Road, Swargate, Pune",Swargate,Pune,Pune,Maharashtra,411037,18.499417,73.864695,Low
LOC002209,Synthetic Residence - Kondhwa 2209,Residence,"499, Canal Road, Kondhwa, Pune",Kondhwa,Pune,Pune,Maharashtra,411048,18.464149,73.882968,Medium
LOC002210,Synthetic Bank - Shivajinagar 2210,Bank,"204, Temple Road, Shivajinagar, Pune",Shivajinagar,Pune,Pune,Maharashtra,411005,18.531453,73.849709,Low
LOC002211,Synthetic Residence - Aundh 2211,Residence,"511, Canal Road, Aundh, Pune",Aundh,Pune,Pune,Maharashtra,411007,18.563851,73.812761,Low
LOC002212,Synthetic Workplace - Katraj 2212,Workplace,"43, Industrial Road, Katraj, Pune",Katraj,Pune,Pune,Maharashtra,411046,18.453339,73.86127,Low
LOC002213,Synthetic Bank - Aundh 2213,Bank,"114, Market Road, Aundh, Pune",Aundh,Pune,Pune,Maharashtra,411007,18.56679,73.813742,High
LOC002214,Synthetic Residence - Chinchwad 2214,Residence,"316, Nagar Road, Chinchwad, Pune",Chinchwad,Pune,Pune,Maharashtra,411033,18.622233,73.804546,Low
LOC002215,Synthetic Residence - Kondhwa 2215,Residence,"775, Nagar Road, Kondhwa, Pune",Kondhwa,Pune,Pune,Maharashtra,411048,18.468812,73.891855,Low
LOC002216,Synthetic Warehouse - Aundh 2216,Warehouse,"107, Industrial Road, Aundh, Pune",Aundh,Pune,Pune,Maharashtra,411007,18.565097,73.813999,Medium
LOC002217,Synthetic Crime Scene - Dhankawadi 2217,Crime Scene,"291, Link Road, Dhankawadi, Pune",Dhankawadi,Pune,Pune,Maharashtra,411043,18.466205,73.842001,Low
LOC002218,Synthetic Restaurant - Hadapsar 2218,Restaurant,"461, Station Road, Hadapsar, Pune",Hadapsar,Pune,Pune,Maharashtra,411028,18.51,73.932436,Medium
LOC002219,Synthetic Transport Hub - Kothrud 2219,Transport Hub,"48, Industrial Road, Kothrud, Pune",Kothrud,Pune,Pune,Maharashtra,411038,18.510069,73.800842,Low
LOC002220,Synthetic Transport Hub - Wakad 2220,Transport Hub,"965, Link Road, Wakad, Pune",Wakad,Pune,Pune,Maharashtra,411057,18.593931,73.770234,Low
LOC002221,Synthetic Residence - Swargate 2221,Residence,"254, Market Road, Swargate, Pune",Swargate,Pune,Pune,Maharashtra,411037,18.495864,73.863788,Low
LOC002222,Synthetic Residence - Dhankawadi 2222,Residence,"461, Main Road, Dhankawadi, Pune",Dhankawadi,Pune,Pune,Maharashtra,411043,18.472475,73.848783,Medium
LOC002223,Synthetic Workplace - Bhosari 2223,Workplace,"262, Station Road, Bhosari, Pune",Bhosari,Pune,Pune,Maharashtra,411039,18.624431,73.849547,Low
LOC002224,Synthetic Residence - Chinchwad 2224,Residence,"20, Temple Road, Chinchwad, Pune",Chinchwad,Pune,Pune,Maharashtra,411033,18.624963,73.791895,Low
LOC002225,Synthetic Transport Hub - Bhosari 2225,Transport Hub,"870, Station Road, Bhosari, Pune",Bhosari,Pune,Pune,Maharashtra,411039,18.62842,73.840269,Medium
LOC002226,Synthetic Warehouse - Vishrantwadi 2226,Warehouse,"991, Link Road, Vishrantwadi, Pune",Vishrantwadi,Pune,Pune,Maharashtra,411015,18.5626,73.883391,Low
LOC002227,Synthetic Residence - Hadapsar 2227,Residence,"57, Industrial Road, Hadapsar, Pune",Hadapsar,Pune,Pune,Maharashtra,411028,18.509747,73.926311,Low
LOC002228,Synthetic ATM - Baner 2228,ATM,"397, Link Road, Baner, Pune",Baner,Pune,Pune,Maharashtra,411045,18.562293,73.780989,Low
LOC002229,Synthetic Crime Scene - Viman Nagar 2229,Crime Scene,"363, College Road, Viman Nagar, Pune",Viman Nagar,Pune,Pune,Maharashtra,411014,18.571067,73.919898,Low
LOC002230,Synthetic Workplace - Katraj 2230,Workplace,"961, Link Road, Katraj, Pune",Katraj,Pune,Pune,Maharashtra,411046,18.450929,73.864326,Medium
LOC002231,Synthetic Residence - Dhankawadi 2231,Residence,"298, Industrial Road, Dhankawadi, Pune",Dhankawadi,Pune,Pune,Maharashtra,411043,18.46719,73.842898,Medium
LOC002232,Synthetic Workplace - Viman Nagar 2232,Workplace,"907, College Road, Viman Nagar, Pune",Viman Nagar,Pune,Pune,Maharashtra,411014,18.571802,73.90644,Medium
LOC002233,Synthetic Police Station - Bhosari,Police Station,"649, Main Road, Bhosari, Pune",Bhosari,Pune,Pune,Maharashtra,411039,18.636836,73.843978,Low
LOC002234,Synthetic Transport Hub - Vishrantwadi 2234,Transport Hub,"247, Link Road, Vishrantwadi, Pune",Vishrantwadi,Pune,Pune,Maharashtra,411015,18.573083,73.881495,Medium
LOC002235,Synthetic ATM - Hadapsar 2235,ATM,"661, Nagar Road, Hadapsar, Pune",Hadapsar,Pune,Pune,Maharashtra,411028,18.502377,73.93312,High
LOC002236,Synthetic Warehouse - Aundh 2236,Warehouse,"187, College Road, Aundh, Pune",Aundh,Pune,Pune,Maharashtra,411007,18.55758,73.811461,Medium
LOC002237,Synthetic Meeting Point - Kondhwa 2237,Meeting Point,"106, Main Road, Kondhwa, Pune",Kondhwa,Pune,Pune,Maharashtra,411048,18.473485,73.890278,Low
LOC002238,Synthetic Meeting Point - Kothrud 2238,Meeting Point,"904, Station Road, Kothrud, Pune",Kothrud,Pune,Pune,Maharashtra,411038,18.505177,73.802183,Medium
LOC002239,Synthetic Crime Scene - Yerawada 2239,Crime Scene,"169, Link Road, Yerawada, Pune",Yerawada,Pune,Pune,Maharashtra,411006,18.555098,73.878218,Medium
LOC002240,Synthetic Bank - Shivajinagar 2240,Bank,"583, Park Road, Shivajinagar, Pune",Shivajinagar,Pune,Pune,Maharashtra,411005,18.530615,73.84937,Medium
LOC002241,Synthetic Residence - Wakad 2241,Residence,"861, Station Road, Wakad, Pune",Wakad,Pune,Pune,Maharashtra,411057,18.60377,73.757741,Low
LOC002242,Synthetic Residence - Swargate 2242,Residence,"388, Industrial Road, Swargate, Pune",Swargate,Pune,Pune,Maharashtra,411037,18.506866,73.868972,Low
LOC002243,Synthetic ATM - Pimpri 2243,ATM,"180, Temple Road, Pimpri, Pune",Pimpri,Pune,Pune,Maharashtra,411018,18.63219,73.798244,Low
LOC002244,Synthetic Police Station - Pimpri,Police Station,"462, Nagar Road, Pimpri, Pune",Pimpri,Pune,Pune,Maharashtra,411018,18.635586,73.796798,Medium
LOC002245,Synthetic Residence - Katraj 2245,Residence,"611, Link Road, Katraj, Pune",Katraj,Pune,Pune,Maharashtra,411046,18.460882,73.868031,Medium
LOC002246,Synthetic Residence - Kondhwa 2246,Residence,"499, Canal Road, Kondhwa, Pune",Kondhwa,Pune,Pune,Maharashtra,411048,18.470055,73.897719,Low
LOC002247,Synthetic Meeting Point - Yerawada 2247,Meeting Point,"901, Industrial Road, Yerawada, Pune",Yerawada,Pune,Pune,Maharashtra,411006,18.54088,73.875946,Medium
LOC002248,Synthetic Residence - Bhosari 2248,Residence,"546, Link Road, Bhosari, Pune",Bhosari,Pune,Pune,Maharashtra,411039,18.634481,73.848564,High
LOC002249,Synthetic Residence - Katraj 2249,Residence,"820, Temple Road, Katraj, Pune",Katraj,Pune,Pune,Maharashtra,411046,18.458983,73.868062,Low
LOC002250,Synthetic ATM - Dhankawadi 2250,ATM,"724, Market Road, Dhankawadi, Pune",Dhankawadi,Pune,Pune,Maharashtra,411043,18.46042,73.856542,Medium
LOC002251,Synthetic Hotel - Katraj 2251,Hotel,"238, Main Road, Katraj, Pune",Katraj,Pune,Pune,Maharashtra,411046,18.459379,73.860453,Medium
LOC002252,Synthetic Workplace - Kothrud 2252,Workplace,"313, Canal Road, Kothrud, Pune",Kothrud,Pune,Pune,Maharashtra,411038,18.51302,73.811856,Low
LOC002253,Synthetic Police Station - Pimpri,Police Station,"285, Park Road, Pimpri, Pune",Pimpri,Pune,Pune,Maharashtra,411018,18.629158,73.798983,Low
LOC002254,Synthetic Crime Scene - Vishrantwadi 2254,Crime Scene,"476, Temple Road, Vishrantwadi, Pune",Vishrantwadi,Pune,Pune,Maharashtra,411015,18.572336,73.871736,Low
LOC002255,Synthetic ATM - Pimpri 2255,ATM,"349, College Road, Pimpri, Pune",Pimpri,Pune,Pune,Maharashtra,411018,18.622079,73.793092,Low
LOC002256,Synthetic Residence - Bhosari 2256,Residence,"987, Temple Road, Bhosari, Pune",Bhosari,Pune,Pune,Maharashtra,411039,18.626593,73.842989,Low
LOC002257,Synthetic Transport Hub - Yerawada 2257,Transport Hub,"562, Park Road, Yerawada, Pune",Yerawada,Pune,Pune,Maharashtra,411006,18.552871,73.876196,Low
LOC002258,Synthetic Workplace - Bhosari 2258,Workplace,"280, College Road, Bhosari, Pune",Bhosari,Pune,Pune,Maharashtra,411039,18.622743,73.839187,Low
LOC002259,Synthetic Transport Hub - Shivajinagar 2259,Transport Hub,"373, College Road, Shivajinagar, Pune",Shivajinagar,Pune,Pune,Maharashtra,411005,18.528564,73.851166,Low
LOC002260,Synthetic Residence - Dhankawadi 2260,Residence,"497, College Road, Dhankawadi, Pune",Dhankawadi,Pune,Pune,Maharashtra,411043,18.466953,73.841748,Medium
LOC002261,Synthetic Other - Baner 2261,Other,"394, Temple Road, Baner, Pune",Baner,Pune,Pune,Maharashtra,411045,18.553785,73.793251,Low
LOC002262,Synthetic Residence - Katraj 2262,Residence,"336, Link Road, Katraj, Pune",Katraj,Pune,Pune,Maharashtra,411046,18.459877,73.860346,High
LOC002263,Synthetic Crime Scene - Aundh 2263,Crime Scene,"38, Canal Road, Aundh, Pune",Aundh,Pune,Pune,Maharashtra,411007,18.555868,73.801893,High
LOC002264,Synthetic Residence - Kondhwa 2264,Residence,"525, Canal Road, Kondhwa, Pune",Kondhwa,Pune,Pune,Maharashtra,411048,18.462433,73.892278,Low
LOC002265,Synthetic Bank - Wakad 2265,Bank,"232, Station Road, Wakad, Pune",Wakad,Pune,Pune,Maharashtra,411057,18.606062,73.759598,Low
LOC002266,Synthetic Bank - Yerawada 2266,Bank,"405, Main Road, Yerawada, Pune",Yerawada,Pune,Pune,Maharashtra,411006,18.546558,73.883714,Low
LOC002267,Synthetic Crime Scene - Dhankawadi 2267,Crime Scene,"285, Temple Road, Dhankawadi, Pune",Dhankawadi,Pune,Pune,Maharashtra,411043,18.46221,73.844795,High
LOC002268,Synthetic ATM - Vishrantwadi 2268,ATM,"305, Main Road, Vishrantwadi, Pune",Vishrantwadi,Pune,Pune,Maharashtra,411015,18.563689,73.878581,Medium
LOC002269,Synthetic Residence - Yerawada 2269,Residence,"701, Temple Road, Yerawada, Pune",Yerawada,Pune,Pune,Maharashtra,411006,18.551315,73.877289,Low
LOC002270,Synthetic Warehouse - Hadapsar 2270,Warehouse,"284, Park Road, Hadapsar, Pune",Hadapsar,Pune,Pune,Maharashtra,411028,18.502536,73.926832,Medium
LOC002271,Synthetic Transport Hub - Kothrud 2271,Transport Hub,"385, Nagar Road, Kothrud, Pune",Kothrud,Pune,Pune,Maharashtra,411038,18.505043,73.814264,Low
LOC002272,Synthetic Other - Dhankawadi 2272,Other,"416, Park Road, Dhankawadi, Pune",Dhankawadi,Pune,Pune,Maharashtra,411043,18.467803,73.847913,Low
LOC002273,Synthetic Residence - Wakad 2273,Residence,"906, College Road, Wakad, Pune",Wakad,Pune,Pune,Maharashtra,411057,18.60097,73.76263,High
LOC002274,Synthetic Other - Yerawada 2274,Other,"255, Canal Road, Yerawada, Pune",Yerawada,Pune,Pune,Maharashtra,411006,18.54654,73.874639,Low
LOC002275,Synthetic Crime Scene - Kondhwa 2275,Crime Scene,"715, College Road, Kondhwa, Pune",Kondhwa,Pune,Pune,Maharashtra,411048,18.462467,73.884968,Low
LOC002276,Synthetic Bank - Wakad 2276,Bank,"637, Nagar Road, Wakad, Pune",Wakad,Pune,Pune,Maharashtra,411057,18.60025,73.760561,High
LOC002277,Synthetic Residence - Kothrud 2277,Residence,"409, Station Road, Kothrud, Pune",Kothrud,Pune,Pune,Maharashtra,411038,18.515005,73.800975,Low
LOC002278,Synthetic Residence - Wakad 2278,Residence,"193, Industrial Road, Wakad, Pune",Wakad,Pune,Pune,Maharashtra,411057,18.596884,73.760501,Low
LOC002279,Synthetic Police Station - Aundh,Police Station,"500, Station Road, Aundh, Pune",Aundh,Pune,Pune,Maharashtra,411007,18.564637,73.806239,Low
LOC002280,Synthetic Residence - Viman Nagar 2280,Residence,"672, Temple Road, Viman Nagar, Pune",Viman Nagar,Pune,Pune,Maharashtra,411014,18.56443,73.911934,Low
LOC002281,Synthetic Residence - Shivajinagar 2281,Residence,"522, College Road, Shivajinagar, Pune",Shivajinagar,Pune,Pune,Maharashtra,411005,18.53612,73.850176,Low
LOC002282,Synthetic ATM - Katraj 2282,ATM,"840, Main Road, Katraj, Pune",Katraj,Pune,Pune,Maharashtra,411046,18.458162,73.871178,Medium
LOC002283,Synthetic Other - Hadapsar 2283,Other,"183, Station Road, Hadapsar, Pune",Hadapsar,Pune,Pune,Maharashtra,411028,18.505284,73.926353,Low
LOC002284,Synthetic Police Station - Vishrantwadi,Police Station,"922, Nagar Road, Vishrantwadi, Pune",Vishrantwadi,Pune,Pune,Maharashtra,411015,18.573086,73.875361,Low
LOC002285,Synthetic Workplace - Viman Nagar 2285,Workplace,"794, Nagar Road, Viman Nagar, Pune",Viman Nagar,Pune,Pune,Maharashtra,411014,18.564784,73.915126,Medium
LOC002286,Synthetic Hotel - Aundh 2286,Hotel,"86, Park Road, Aundh, Pune",Aundh,Pune,Pune,Maharashtra,411007,18.552453,73.799459,Medium
LOC002287,Synthetic Residence - Katraj 2287,Residence,"612, Canal Road, Katraj, Pune",Katraj,Pune,Pune,Maharashtra,411046,18.455228,73.872838,Low
LOC002288,Synthetic Residence - Yerawada 2288,Residence,"559, Canal Road, Yerawada, Pune",Yerawada,Pune,Pune,Maharashtra,411006,18.555485,73.871272,Medium
LOC002289,Synthetic Residence - Yerawada 2289,Residence,"287, Temple Road, Yerawada, Pune",Yerawada,Pune,Pune,Maharashtra,411006,18.550607,73.883104,Low
LOC002290,Synthetic Other - Wakad 2290,Other,"965, Link Road, Wakad, Pune",Wakad,Pune,Pune,Maharashtra,411057,18.592984,73.76383,Low
LOC002291,Synthetic Residence - Viman Nagar 2291,Residence,"329, Industrial Road, Viman Nagar, Pune",Viman Nagar,Pune,Pune,Maharashtra,411014,18.569602,73.915397,Medium
LOC002292,Synthetic Residence - Wakad 2292,Residence,"159, Industrial Road, Wakad, Pune",Wakad,Pune,Pune,Maharashtra,411057,18.602674,73.762647,Medium
LOC002293,Synthetic Workplace - Swargate 2293,Workplace,"343, Canal Road, Swargate, Pune",Swargate,Pune,Pune,Maharashtra,411037,18.504126,73.86924,Low
LOC002294,Synthetic Hotel - Viman Nagar 2294,Hotel,"179, College Road, Viman Nagar, Pune",Viman Nagar,Pune,Pune,Maharashtra,411014,18.560391,73.909198,Low
LOC002295,Synthetic Residence - Chinchwad 2295,Residence,"117, Temple Road, Chinchwad, Pune",Chinchwad,Pune,Pune,Maharashtra,411033,18.629046,73.798812,High
LOC002296,Synthetic Residence - Wakad 2296,Residence,"380, Station Road, Wakad, Pune",Wakad,Pune,Pune,Maharashtra,411057,18.604109,73.7686,Low
LOC002297,Synthetic Meeting Point - Katraj 2297,Meeting Point,"900, Park Road, Katraj, Pune",Katraj,Pune,Pune,Maharashtra,411046,18.457799,73.865053,Low
LOC002298,Synthetic Workplace - Aundh 2298,Workplace,"114, Main Road, Aundh, Pune",Aundh,Pune,Pune,Maharashtra,411007,18.561293,73.799412,Medium
LOC002299,Synthetic Crime Scene - Vishrantwadi 2299,Crime Scene,"206, College Road, Vishrantwadi, Pune",Vishrantwadi,Pune,Pune,Maharashtra,411015,18.561436,73.876068,Medium
LOC002300,Synthetic Workplace - Dhankawadi 2300,Workplace,"905, Nagar Road, Dhankawadi, Pune",Dhankawadi,Pune,Pune,Maharashtra,411043,18.474381,73.855753,Low
LOC002301,Synthetic Restaurant - Yerawada 2301,Restaurant,"634, Market Road, Yerawada, Pune",Yerawada,Pune,Pune,Maharashtra,411006,18.547067,73.871001,Low
LOC002302,Synthetic Crime Scene - Baner 2302,Crime Scene,"909, Park Road, Baner, Pune",Baner,Pune,Pune,Maharashtra,411045,18.557638,73.781466,Low
LOC002303,Synthetic Workplace - Shivajinagar 2303,Workplace,"743, Market Road, Shivajinagar, Pune",Shivajinagar,Pune,Pune,Maharashtra,411005,18.526739,73.842273,Medium
LOC002304,Synthetic Workplace - Pimpri 2304,Workplace,"872, Canal Road, Pimpri, Pune",Pimpri,Pune,Pune,Maharashtra,411018,18.623009,73.794438,High
LOC002305,Synthetic Warehouse - Katraj 2305,Warehouse,"95, Main Road, Katraj, Pune",Katraj,Pune,Pune,Maharashtra,411046,18.456353,73.862601,Low
LOC002306,Synthetic Transport Hub - Dhankawadi 2306,Transport Hub,"642, Market Road, Dhankawadi, Pune",Dhankawadi,Pune,Pune,Maharashtra,411043,18.46714,73.844362,Low
LOC002307,Synthetic Workplace - Chinchwad 2307,Workplace,"654, College Road, Chinchwad, Pune",Chinchwad,Pune,Pune,Maharashtra,411033,18.622523,73.802753,Medium
LOC002308,Synthetic Meeting Point - Dhankawadi 2308,Meeting Point,"59, Market Road, Dhankawadi, Pune",Dhankawadi,Pune,Pune,Maharashtra,411043,18.471936,73.846443,Medium
LOC002309,Synthetic Transport Hub - Kondhwa 2309,Transport Hub,"480, Canal Road, Kondhwa, Pune",Kondhwa,Pune,Pune,Maharashtra,411048,18.473829,73.890113,Low
LOC002310,Synthetic Workplace - Kothrud 2310,Workplace,"505, Park Road, Kothrud, Pune",Kothrud,Pune,Pune,Maharashtra,411038,18.50084,73.812841,Medium
LOC002311,Synthetic Residence - Pimpri 2311,Residence,"391, Nagar Road, Pimpri, Pune",Pimpri,Pune,Pune,Maharashtra,411018,18.628337,73.804149,Low
LOC002312,Synthetic Workplace - Bhosari 2312,Workplace,"870, Industrial Road, Bhosari, Pune",Bhosari,Pune,Pune,Maharashtra,411039,18.633029,73.846318,Medium
LOC002313,Synthetic Hotel - Pimpri 2313,Hotel,"755, College Road, Pimpri, Pune",Pimpri,Pune,Pune,Maharashtra,411018,18.637652,73.798524,Low
LOC002314,Synthetic Crime Scene - Pimpri 2314,Crime Scene,"727, Temple Road, Pimpri, Pune",Pimpri,Pune,Pune,Maharashtra,411018,18.635101,73.802954,Low
LOC002315,Synthetic Transport Hub - Chinchwad 2315,Transport Hub,"441, Main Road, Chinchwad, Pune",Chinchwad,Pune,Pune,Maharashtra,411033,18.631275,73.801546,Low
LOC002316,Synthetic Residence - Kondhwa 2316,Residence,"23, Park Road, Kondhwa, Pune",Kondhwa,Pune,Pune,Maharashtra,411048,18.471922,73.888018,Low
LOC002317,Synthetic Warehouse - Kondhwa 2317,Warehouse,"286, College Road, Kondhwa, Pune",Kondhwa,Pune,Pune,Maharashtra,411048,18.466861,73.893143,Low
LOC002318,Synthetic Hotel - Chinchwad 2318,Hotel,"835, Link Road, Chinchwad, Pune",Chinchwad,Pune,Pune,Maharashtra,411033,18.636227,73.804895,High
LOC002319,Synthetic Hotel - Yerawada 2319,Hotel,"772, Station Road, Yerawada, Pune",Yerawada,Pune,Pune,Maharashtra,411006,18.545679,73.875073,Low
LOC002320,Synthetic Workplace - Viman Nagar 2320,Workplace,"705, Main Road, Viman Nagar, Pune",Viman Nagar,Pune,Pune,Maharashtra,411014,18.566237,73.914428,Low
LOC002321,Synthetic Meeting Point - Shivajinagar 2321,Meeting Point,"228, Nagar Road, Shivajinagar, Pune",Shivajinagar,Pune,Pune,Maharashtra,411005,18.52904,73.850361,Medium
LOC002322,Synthetic Bank - Yerawada 2322,Bank,"966, Canal Road, Yerawada, Pune",Yerawada,Pune,Pune,Maharashtra,411006,18.546812,73.88562,Low
LOC002323,Synthetic Restaurant - Yerawada 2323,Restaurant,"71, Industrial Road, Yerawada, Pune",Yerawada,Pune,Pune,Maharashtra,411006,18.543468,73.875277,High
LOC002324,Synthetic Bank - Viman Nagar 2324,Bank,"91, Park Road, Viman Nagar, Pune",Viman Nagar,Pune,Pune,Maharashtra,411014,18.571525,73.921408,Low
LOC002325,Synthetic Crime Scene - Viman Nagar 2325,Crime Scene,"877, Market Road, Viman Nagar, Pune",Viman Nagar,Pune,Pune,Maharashtra,411014,18.565918,73.920733,Low
LOC002326,Synthetic Other - Chinchwad 2326,Other,"397, Station Road, Chinchwad, Pune",Chinchwad,Pune,Pune,Maharashtra,411033,18.624893,73.800873,Low
LOC002327,Synthetic Workplace - Chinchwad 2327,Workplace,"119, Canal Road, Chinchwad, Pune",Chinchwad,Pune,Pune,Maharashtra,411033,18.628122,73.803173,Medium
LOC002328,Synthetic Residence - Bhosari 2328,Residence,"508, Main Road, Bhosari, Pune",Bhosari,Pune,Pune,Maharashtra,411039,18.626646,73.842378,Medium
LOC002329,Synthetic Workplace - Viman Nagar 2329,Workplace,"717, Link Road, Viman Nagar, Pune",Viman Nagar,Pune,Pune,Maharashtra,411014,18.564824,73.921716,Low
LOC002330,Synthetic Workplace - Vishrantwadi 2330,Workplace,"475, Temple Road, Vishrantwadi, Pune",Vishrantwadi,Pune,Pune,Maharashtra,411015,18.566813,73.879421,High
LOC002331,Synthetic Crime Scene - Shivajinagar 2331,Crime Scene,"206, Nagar Road, Shivajinagar, Pune",Shivajinagar,Pune,Pune,Maharashtra,411005,18.522968,73.850714,Low
LOC002332,Synthetic Residence - Vishrantwadi 2332,Residence,"223, Link Road, Vishrantwadi, Pune",Vishrantwadi,Pune,Pune,Maharashtra,411015,18.561736,73.879666,Low
LOC002333,Synthetic Hotel - Swargate 2333,Hotel,"235, Park Road, Swargate, Pune",Swargate,Pune,Pune,Maharashtra,411037,18.49755,73.856209,Low
LOC002334,Synthetic Workplace - Aundh 2334,Workplace,"19, Park Road, Aundh, Pune",Aundh,Pune,Pune,Maharashtra,411007,18.565306,73.805747,Medium
LOC002335,Synthetic Restaurant - Kondhwa 2335,Restaurant,"103, Industrial Road, Kondhwa, Pune",Kondhwa,Pune,Pune,Maharashtra,411048,18.464823,73.888034,Low
LOC002336,Synthetic Hotel - Yerawada 2336,Hotel,"232, Nagar Road, Yerawada, Pune",Yerawada,Pune,Pune,Maharashtra,411006,18.545676,73.874856,Low
LOC002337,Synthetic Police Station - Viman Nagar,Police Station,"217, Station Road, Viman Nagar, Pune",Viman Nagar,Pune,Pune,Maharashtra,411014,18.569434,73.907116,Medium
LOC002338,Synthetic Residence - Pimpri 2338,Residence,"124, Main Road, Pimpri, Pune",Pimpri,Pune,Pune,Maharashtra,411018,18.627585,73.806763,Low
LOC002339,Synthetic Workplace - Chinchwad 2339,Workplace,"984, Link Road, Chinchwad, Pune",Chinchwad,Pune,Pune,Maharashtra,411033,18.625099,73.805077,Low
LOC002340,Synthetic Police Station - Aundh,Police Station,"294, Market Road, Aundh, Pune",Aundh,Pune,Pune,Maharashtra,411007,18.556459,73.8076,Low
LOC002341,Synthetic Warehouse - Pimpri 2341,Warehouse,"377, Temple Road, Pimpri, Pune",Pimpri,Pune,Pune,Maharashtra,411018,18.628465,73.805985,Low
LOC002342,Synthetic Residence - Bhosari 2342,Residence,"429, Temple Road, Bhosari, Pune",Bhosari,Pune,Pune,Maharashtra,411039,18.634927,73.849444,High
LOC002343,Synthetic Warehouse - Kondhwa 2343,Warehouse,"58, Temple Road, Kondhwa, Pune",Kondhwa,Pune,Pune,Maharashtra,411048,18.461887,73.882231,Low
LOC002344,Synthetic Meeting Point - Dhankawadi 2344,Meeting Point,"951, Nagar Road, Dhankawadi, Pune",Dhankawadi,Pune,Pune,Maharashtra,411043,18.471556,73.843163,Medium
LOC002345,Synthetic Workplace - Vishrantwadi 2345,Workplace,"907, Temple Road, Vishrantwadi, Pune",Vishrantwadi,Pune,Pune,Maharashtra,411015,18.565221,73.8732,Medium
LOC002346,Synthetic Crime Scene - Bhosari 2346,Crime Scene,"137, College Road, Bhosari, Pune",Bhosari,Pune,Pune,Maharashtra,411039,18.628793,73.846763,Medium
LOC002347,Synthetic Workplace - Vishrantwadi 2347,Workplace,"84, Canal Road, Vishrantwadi, Pune",Vishrantwadi,Pune,Pune,Maharashtra,411015,18.57348,73.879704,Medium
LOC002348,Synthetic Meeting Point - Yerawada 2348,Meeting Point,"835, Nagar Road, Yerawada, Pune",Yerawada,Pune,Pune,Maharashtra,411006,18.553744,73.876191,High
LOC002349,Synthetic Restaurant - Hadapsar 2349,Restaurant,"718, Market Road, Hadapsar, Pune",Hadapsar,Pune,Pune,Maharashtra,411028,18.502227,73.920998,Medium
LOC002350,Synthetic Bank - Bhosari 2350,Bank,"600, Temple Road, Bhosari, Pune",Bhosari,Pune,Pune,Maharashtra,411039,18.637299,73.843485,Medium
LOC002351,Synthetic Residence - Katraj 2351,Residence,"35, Station Road, Katraj, Pune",Katraj,Pune,Pune,Maharashtra,411046,18.454135,73.866283,Medium
LOC002352,Synthetic Meeting Point - Viman Nagar 2352,Meeting Point,"252, Temple Road, Viman Nagar, Pune",Viman Nagar,Pune,Pune,Maharashtra,411014,18.570493,73.91917,Low
LOC002353,Synthetic Restaurant - Shivajinagar 2353,Restaurant,"642, Link Road, Shivajinagar, Pune",Shivajinagar,Pune,Pune,Maharashtra,411005,18.523866,73.840378,Medium
LOC002354,Synthetic Warehouse - Viman Nagar 2354,Warehouse,"970, Industrial Road, Viman Nagar, Pune",Viman Nagar,Pune,Pune,Maharashtra,411014,18.56336,73.92106,Low
LOC002355,Synthetic Bank - Vishrantwadi 2355,Bank,"616, Market Road, Vishrantwadi, Pune",Vishrantwadi,Pune,Pune,Maharashtra,411015,18.564469,73.881709,Low
LOC002356,Synthetic Residence - Kondhwa 2356,Residence,"628, College Road, Kondhwa, Pune",Kondhwa,Pune,Pune,Maharashtra,411048,18.462669,73.897175,Low
LOC002357,Synthetic Crime Scene - Viman Nagar 2357,Crime Scene,"392, Link Road, Viman Nagar, Pune",Viman Nagar,Pune,Pune,Maharashtra,411014,18.568177,73.912864,Low
LOC002358,Synthetic Transport Hub - Katraj 2358,Transport Hub,"824, Park Road, Katraj, Pune",Katraj,Pune,Pune,Maharashtra,411046,18.455783,73.867041,Medium
LOC002359,Synthetic Residence - Baner 2359,Residence,"651, Park Road, Baner, Pune",Baner,Pune,Pune,Maharashtra,411045,18.563789,73.79098,High
LOC002360,Synthetic Crime Scene - Shivajinagar 2360,Crime Scene,"799, Nagar Road, Shivajinagar, Pune",Shivajinagar,Pune,Pune,Maharashtra,411005,18.528141,73.845473,Low
LOC002361,Synthetic Workplace - Yerawada 2361,Workplace,"811, Market Road, Yerawada, Pune",Yerawada,Pune,Pune,Maharashtra,411006,18.549268,73.870606,Low
LOC002362,Synthetic Restaurant - Dhankawadi 2362,Restaurant,"740, Temple Road, Dhankawadi, Pune",Dhankawadi,Pune,Pune,Maharashtra,411043,18.463213,73.85513,Low
LOC002363,Synthetic ATM - Chinchwad 2363,ATM,"830, Main Road, Chinchwad, Pune",Chinchwad,Pune,Pune,Maharashtra,411033,18.632701,73.801404,Low
LOC002364,Synthetic Restaurant - Wakad 2364,Restaurant,"499, Industrial Road, Wakad, Pune",Wakad,Pune,Pune,Maharashtra,411057,18.597742,73.762482,Medium
LOC002365,Synthetic Restaurant - Baner 2365,Restaurant,"907, Park Road, Baner, Pune",Baner,Pune,Pune,Maharashtra,411045,18.551491,73.790358,Low
LOC002366,Synthetic Warehouse - Wakad 2366,Warehouse,"515, Nagar Road, Wakad, Pune",Wakad,Pune,Pune,Maharashtra,411057,18.592745,73.758139,Low
LOC002367,Synthetic Residence - Vishrantwadi 2367,Residence,"624, College Road, Vishrantwadi, Pune",Vishrantwadi,Pune,Pune,Maharashtra,411015,18.566473,73.879738,Medium
LOC002368,Synthetic Meeting Point - Pimpri 2368,Meeting Point,"67, Market Road, Pimpri, Pune",Pimpri,Pune,Pune,Maharashtra,411018,18.631769,73.803575,Low
LOC002369,Synthetic Workplace - Hadapsar 2369,Workplace,"228, Link Road, Hadapsar, Pune",Hadapsar,Pune,Pune,Maharashtra,411028,18.513462,73.922748,Low
LOC002370,Synthetic ATM - Katraj 2370,ATM,"646, Park Road, Katraj, Pune",Katraj,Pune,Pune,Maharashtra,411046,18.445474,73.871804,Low
LOC002371,Synthetic Police Station - Baner,Police Station,"928, Main Road, Baner, Pune",Baner,Pune,Pune,Maharashtra,411045,18.561296,73.790171,Medium
LOC002372,Synthetic Hotel - Kothrud 2372,Hotel,"925, Main Road, Kothrud, Pune",Kothrud,Pune,Pune,Maharashtra,411038,18.507575,73.801492,Low
LOC002373,Synthetic Residence - Kondhwa 2373,Residence,"572, Temple Road, Kondhwa, Pune",Kondhwa,Pune,Pune,Maharashtra,411048,18.463323,73.88362,Low
LOC002374,Synthetic Meeting Point - Swargate 2374,Meeting Point,"664, College Road, Swargate, Pune",Swargate,Pune,Pune,Maharashtra,411037,18.496753,73.866097,Medium
LOC002375,Synthetic ATM - Baner 2375,ATM,"550, Main Road, Baner, Pune",Baner,Pune,Pune,Maharashtra,411045,18.56417,73.779277,Medium
LOC002376,Synthetic Restaurant - Bhosari 2376,Restaurant,"569, Canal Road, Bhosari, Pune",Bhosari,Pune,Pune,Maharashtra,411039,18.625906,73.852429,Low
LOC002377,Synthetic Transport Hub - Wakad 2377,Transport Hub,"566, Link Road, Wakad, Pune",Wakad,Pune,Pune,Maharashtra,411057,18.595197,73.769496,Low
LOC002378,Synthetic Workplace - Vishrantwadi 2378,Workplace,"765, Canal Road, Vishrantwadi, Pune",Vishrantwadi,Pune,Pune,Maharashtra,411015,18.573913,73.878169,Medium
LOC002379,Synthetic Warehouse - Chinchwad 2379,Warehouse,"404, Link Road, Chinchwad, Pune",Chinchwad,Pune,Pune,Maharashtra,411033,18.628316,73.793442,Medium
LOC002380,Synthetic Residence - Wakad 2380,Residence,"180, Station Road, Wakad, Pune",Wakad,Pune,Pune,Maharashtra,411057,18.595365,73.760364,Low
LOC002381,Synthetic Workplace - Katraj 2381,Workplace,"436, Link Road, Katraj, Pune",Katraj,Pune,Pune,Maharashtra,411046,18.445598,73.864363,Low
LOC002382,Synthetic Restaurant - Bhosari 2382,Restaurant,"949, Canal Road, Bhosari, Pune",Bhosari,Pune,Pune,Maharashtra,411039,18.631528,73.853798,High
LOC002383,Synthetic ATM - Kothrud 2383,ATM,"262, Station Road, Kothrud, Pune",Kothrud,Pune,Pune,Maharashtra,411038,18.501451,73.815656,Medium
LOC002384,Synthetic Transport Hub - Bhosari 2384,Transport Hub,"614, College Road, Bhosari, Pune",Bhosari,Pune,Pune,Maharashtra,411039,18.626973,73.850596,High
LOC002385,Synthetic Residence - Hadapsar 2385,Residence,"538, College Road, Hadapsar, Pune",Hadapsar,Pune,Pune,Maharashtra,411028,18.504147,73.926553,Low
LOC002386,Synthetic Transport Hub - Hadapsar 2386,Transport Hub,"283, College Road, Hadapsar, Pune",Hadapsar,Pune,Pune,Maharashtra,411028,18.509509,73.918689,Medium
LOC002387,Synthetic Warehouse - Viman Nagar 2387,Warehouse,"366, Industrial Road, Viman Nagar, Pune",Viman Nagar,Pune,Pune,Maharashtra,411014,18.560468,73.913683,Low
LOC002388,Synthetic Residence - Chinchwad 2388,Residence,"448, Main Road, Chinchwad, Pune",Chinchwad,Pune,Pune,Maharashtra,411033,18.62983,73.799711,Low
LOC002389,Synthetic Residence - Chinchwad 2389,Residence,"13, Temple Road, Chinchwad, Pune",Chinchwad,Pune,Pune,Maharashtra,411033,18.634656,73.801978,Low
LOC002390,Synthetic Residence - Chinchwad 2390,Residence,"158, Main Road, Chinchwad, Pune",Chinchwad,Pune,Pune,Maharashtra,411033,18.627798,73.798505,Medium
LOC002391,Synthetic Meeting Point - Vishrantwadi 2391,Meeting Point,"913, Industrial Road, Vishrantwadi, Pune",Vishrantwadi,Pune,Pune,Maharashtra,411015,18.572756,73.885392,Low
LOC002392,Synthetic Hotel - Chinchwad 2392,Hotel,"65, Main Road, Chinchwad, Pune",Chinchwad,Pune,Pune,Maharashtra,411033,18.633548,73.793378,Low
LOC002393,Synthetic Crime Scene - Dhankawadi 2393,Crime Scene,"220, Park Road, Dhankawadi, Pune",Dhankawadi,Pune,Pune,Maharashtra,411043,18.463387,73.848151,High
LOC002394,Synthetic Meeting Point - Wakad 2394,Meeting Point,"681, College Road, Wakad, Pune",Wakad,Pune,Pune,Maharashtra,411057,18.598658,73.757035,Medium
LOC002395,Synthetic Residence - Hadapsar 2395,Residence,"883, Market Road, Hadapsar, Pune",Hadapsar,Pune,Pune,Maharashtra,411028,18.50238,73.927506,Medium
LOC002396,Synthetic Residence - Hadapsar 2396,Residence,"868, Market Road, Hadapsar, Pune",Hadapsar,Pune,Pune,Maharashtra,411028,18.515677,73.932861,Low
LOC002397,Synthetic Workplace - Katraj 2397,Workplace,"741, Canal Road, Katraj, Pune",Katraj,Pune,Pune,Maharashtra,411046,18.454021,73.857676,Medium
LOC002398,Synthetic Residence - Pimpri 2398,Residence,"276, Park Road, Pimpri, Pune",Pimpri,Pune,Pune,Maharashtra,411018,18.624518,73.803082,Medium
LOC002399,Synthetic Meeting Point - Vishrantwadi 2399,Meeting Point,"392, Main Road, Vishrantwadi, Pune",Vishrantwadi,Pune,Pune,Maharashtra,411015,18.574865,73.877549,Medium
LOC002400,Synthetic Crime Scene - Kothrud 2400,Crime Scene,"352, Link Road, Kothrud, Pune",Kothrud,Pune,Pune,Maharashtra,411038,18.509685,73.812043,Low
LOC002401,Synthetic Crime Scene - Swargate 2401,Crime Scene,"635, Market Road, Swargate, Pune",Swargate,Pune,Pune,Maharashtra,411037,18.502331,73.865149,Low
LOC002402,Synthetic Crime Scene - Viman Nagar 2402,Crime Scene,"270, Link Road, Viman Nagar, Pune",Viman Nagar,Pune,Pune,Maharashtra,411014,18.573127,73.914265,Low
LOC002403,Synthetic Warehouse - Baner 2403,Warehouse,"421, College Road, Baner, Pune",Baner,Pune,Pune,Maharashtra,411045,18.557758,73.781273,Low
LOC002404,Synthetic Bank - Dhankawadi 2404,Bank,"771, Link Road, Dhankawadi, Pune",Dhankawadi,Pune,Pune,Maharashtra,411043,18.468763,73.848335,Low
LOC002405,Synthetic Transport Hub - Bhosari 2405,Transport Hub,"181, Industrial Road, Bhosari, Pune",Bhosari,Pune,Pune,Maharashtra,411039,18.635295,73.845069,Low
LOC002406,Synthetic Crime Scene - Pimpri 2406,Crime Scene,"901, Link Road, Pimpri, Pune",Pimpri,Pune,Pune,Maharashtra,411018,18.629699,73.801352,Low
LOC002407,Synthetic Crime Scene - Kothrud 2407,Crime Scene,"977, College Road, Kothrud, Pune",Kothrud,Pune,Pune,Maharashtra,411038,18.505227,73.802674,Low
LOC002408,Synthetic Workplace - Bhosari 2408,Workplace,"381, Main Road, Bhosari, Pune",Bhosari,Pune,Pune,Maharashtra,411039,18.625498,73.849457,Low
LOC002409,Synthetic Residence - Kondhwa 2409,Residence,"812, Industrial Road, Kondhwa, Pune",Kondhwa,Pune,Pune,Maharashtra,411048,18.476361,73.892809,High
LOC002410,Synthetic Hotel - Vishrantwadi 2410,Hotel,"951, College Road, Vishrantwadi, Pune",Vishrantwadi,Pune,Pune,Maharashtra,411015,18.566534,73.871037,Low
LOC002411,Synthetic Residence - Wakad 2411,Residence,"463, Nagar Road, Wakad, Pune",Wakad,Pune,Pune,Maharashtra,411057,18.603938,73.755023,Low
LOC002412,Synthetic Workplace - Aundh 2412,Workplace,"457, College Road, Aundh, Pune",Aundh,Pune,Pune,Maharashtra,411007,18.56564,73.813065,Low
LOC002413,Synthetic Residence - Viman Nagar 2413,Residence,"102, Main Road, Viman Nagar, Pune",Viman Nagar,Pune,Pune,Maharashtra,411014,18.573977,73.91202,Low
LOC002414,Synthetic Workplace - Vishrantwadi 2414,Workplace,"489, Park Road, Vishrantwadi, Pune",Vishrantwadi,Pune,Pune,Maharashtra,411015,18.564202,73.87233,Low
LOC002415,Synthetic Workplace - Dhankawadi 2415,Workplace,"594, Park Road, Dhankawadi, Pune",Dhankawadi,Pune,Pune,Maharashtra,411043,18.461637,73.855431,Low
LOC002416,Synthetic Meeting Point - Wakad 2416,Meeting Point,"41, Nagar Road, Wakad, Pune",Wakad,Pune,Pune,Maharashtra,411057,18.606424,73.767175,Low
LOC002417,Synthetic ATM - Pimpri 2417,ATM,"524, Industrial Road, Pimpri, Pune",Pimpri,Pune,Pune,Maharashtra,411018,18.626632,73.798538,Medium
LOC002418,Synthetic Residence - Kondhwa 2418,Residence,"274, Link Road, Kondhwa, Pune",Kondhwa,Pune,Pune,Maharashtra,411048,18.464791,73.897014,Medium
LOC002419,Synthetic Restaurant - Katraj 2419,Restaurant,"181, Market Road, Katraj, Pune",Katraj,Pune,Pune,Maharashtra,411046,18.458645,73.859993,Medium
LOC002420,Synthetic Hotel - Dhankawadi 2420,Hotel,"549, Nagar Road, Dhankawadi, Pune",Dhankawadi,Pune,Pune,Maharashtra,411043,18.461099,73.852294,Low
LOC002421,Synthetic Workplace - Pimpri 2421,Workplace,"806, Temple Road, Pimpri, Pune",Pimpri,Pune,Pune,Maharashtra,411018,18.629394,73.80497,Low
LOC002422,Synthetic Crime Scene - Pimpri 2422,Crime Scene,"958, Nagar Road, Pimpri, Pune",Pimpri,Pune,Pune,Maharashtra,411018,18.628882,73.796889,Low
LOC002423,Synthetic Residence - Aundh 2423,Residence,"530, Market Road, Aundh, Pune",Aundh,Pune,Pune,Maharashtra,411007,18.554907,73.80771,Medium
LOC002424,Synthetic Transport Hub - Viman Nagar 2424,Transport Hub,"753, Main Road, Viman Nagar, Pune",Viman Nagar,Pune,Pune,Maharashtra,411014,18.571228,73.906719,Low
LOC002425,Synthetic Workplace - Katraj 2425,Workplace,"687, Nagar Road, Katraj, Pune",Katraj,Pune,Pune,Maharashtra,411046,18.449041,73.8648,Low
LOC002426,Synthetic Workplace - Vishrantwadi 2426,Workplace,"491, Temple Road, Vishrantwadi, Pune",Vishrantwadi,Pune,Pune,Maharashtra,411015,18.563465,73.878848,Medium
LOC002427,Synthetic Workplace - Yerawada 2427,Workplace,"980, Industrial Road, Yerawada, Pune",Yerawada,Pune,Pune,Maharashtra,411006,18.545338,73.877376,Low
LOC002428,Synthetic Other - Wakad 2428,Other,"998, Station Road, Wakad, Pune",Wakad,Pune,Pune,Maharashtra,411057,18.598888,73.755667,Low
LOC002429,Synthetic Workplace - Yerawada 2429,Workplace,"152, College Road, Yerawada, Pune",Yerawada,Pune,Pune,Maharashtra,411006,18.552312,73.875375,High
LOC002430,Synthetic Residence - Kothrud 2430,Residence,"693, Temple Road, Kothrud, Pune",Kothrud,Pune,Pune,Maharashtra,411038,18.509768,73.808691,Low
LOC002431,Synthetic Meeting Point - Hadapsar 2431,Meeting Point,"348, Market Road, Hadapsar, Pune",Hadapsar,Pune,Pune,Maharashtra,411028,18.510004,73.92432,Low
LOC002432,Synthetic Meeting Point - Bhosari 2432,Meeting Point,"185, Canal Road, Bhosari, Pune",Bhosari,Pune,Pune,Maharashtra,411039,18.634446,73.849568,Low
LOC002433,Synthetic Crime Scene - Baner 2433,Crime Scene,"826, Nagar Road, Baner, Pune",Baner,Pune,Pune,Maharashtra,411045,18.554231,73.792412,Low
LOC002434,Synthetic Meeting Point - Yerawada 2434,Meeting Point,"716, Park Road, Yerawada, Pune",Yerawada,Pune,Pune,Maharashtra,411006,18.555901,73.88069,Medium
LOC002435,Synthetic Workplace - Viman Nagar 2435,Workplace,"308, Station Road, Viman Nagar, Pune",Viman Nagar,Pune,Pune,Maharashtra,411014,18.56145,73.920722,High
LOC002436,Synthetic Workplace - Kothrud 2436,Workplace,"413, Nagar Road, Kothrud, Pune",Kothrud,Pune,Pune,Maharashtra,411038,18.501894,73.805454,Medium
LOC002437,Synthetic Crime Scene - Viman Nagar 2437,Crime Scene,"665, Market Road, Viman Nagar, Pune",Viman Nagar,Pune,Pune,Maharashtra,411014,18.567534,73.91379,Low
LOC002438,Synthetic Workplace - Chinchwad 2438,Workplace,"711, Industrial Road, Chinchwad, Pune",Chinchwad,Pune,Pune,Maharashtra,411033,18.631559,73.796214,Low
LOC002439,Synthetic Workplace - Viman Nagar 2439,Workplace,"394, Canal Road, Viman Nagar, Pune",Viman Nagar,Pune,Pune,Maharashtra,411014,18.570209,73.9183,Low
LOC002440,Synthetic Warehouse - Katraj 2440,Warehouse,"296, Market Road, Katraj, Pune",Katraj,Pune,Pune,Maharashtra,411046,18.458675,73.864816,Low
LOC002441,Synthetic Residence - Dhankawadi 2441,Residence,"46, Link Road, Dhankawadi, Pune",Dhankawadi,Pune,Pune,Maharashtra,411043,18.46267,73.850686,Medium
LOC002442,Synthetic Other - Dhankawadi 2442,Other,"397, Temple Road, Dhankawadi, Pune",Dhankawadi,Pune,Pune,Maharashtra,411043,18.46104,73.845034,Medium
LOC002443,Synthetic Restaurant - Kothrud 2443,Restaurant,"811, Park Road, Kothrud, Pune",Kothrud,Pune,Pune,Maharashtra,411038,18.499759,73.807929,Low
LOC002444,Synthetic Other - Baner 2444,Other,"498, Industrial Road, Baner, Pune",Baner,Pune,Pune,Maharashtra,411045,18.565262,73.788525,Low
LOC002445,Synthetic Crime Scene - Dhankawadi 2445,Crime Scene,"168, Market Road, Dhankawadi, Pune",Dhankawadi,Pune,Pune,Maharashtra,411043,18.4644,73.848738,Low
LOC002446,Synthetic Transport Hub - Kondhwa 2446,Transport Hub,"633, Temple Road, Kondhwa, Pune",Kondhwa,Pune,Pune,Maharashtra,411048,18.466194,73.888586,Low
LOC002447,Synthetic Residence - Kothrud 2447,Residence,"310, Main Road, Kothrud, Pune",Kothrud,Pune,Pune,Maharashtra,411038,18.501264,73.80343,Low
LOC002448,Synthetic Meeting Point - Viman Nagar 2448,Meeting Point,"135, Main Road, Viman Nagar, Pune",Viman Nagar,Pune,Pune,Maharashtra,411014,18.570529,73.916546,Low
LOC002449,Synthetic Crime Scene - Shivajinagar 2449,Crime Scene,"173, Temple Road, Shivajinagar, Pune",Shivajinagar,Pune,Pune,Maharashtra,411005,18.532988,73.840992,Medium
LOC002450,Synthetic Residence - Swargate 2450,Residence,"866, Park Road, Swargate, Pune",Swargate,Pune,Pune,Maharashtra,411037,18.506118,73.867507,Low
LOC002451,Synthetic Police Station - Dhankawadi,Police Station,"139, Station Road, Dhankawadi, Pune",Dhankawadi,Pune,Pune,Maharashtra,411043,18.469963,73.850054,Medium
LOC002452,Synthetic Residence - Vishrantwadi 2452,Residence,"186, Industrial Road, Vishrantwadi, Pune",Vishrantwadi,Pune,Pune,Maharashtra,411015,18.570894,73.881998,High
LOC002453,Synthetic Transport Hub - Kothrud 2453,Transport Hub,"714, College Road, Kothrud, Pune",Kothrud,Pune,Pune,Maharashtra,411038,18.512339,73.811344,Low
LOC002454,Synthetic Workplace - Chinchwad 2454,Workplace,"611, College Road, Chinchwad, Pune",Chinchwad,Pune,Pune,Maharashtra,411033,18.63754,73.795319,Medium
LOC002455,Synthetic Hotel - Katraj 2455,Hotel,"840, Station Road, Katraj, Pune",Katraj,Pune,Pune,Maharashtra,411046,18.447657,73.867334,Medium
LOC002456,Synthetic Residence - Aundh 2456,Residence,"949, Market Road, Aundh, Pune",Aundh,Pune,Pune,Maharashtra,411007,18.566456,73.801132,Medium
LOC002457,Synthetic Residence - Aundh 2457,Residence,"133, Park Road, Aundh, Pune",Aundh,Pune,Pune,Maharashtra,411007,18.55763,73.810358,Low
LOC002458,Synthetic Residence - Vishrantwadi 2458,Residence,"731, Link Road, Vishrantwadi, Pune",Vishrantwadi,Pune,Pune,Maharashtra,411015,18.573974,73.877554,Low
LOC002459,Synthetic Other - Bhosari 2459,Other,"991, College Road, Bhosari, Pune",Bhosari,Pune,Pune,Maharashtra,411039,18.623769,73.849143,Low
LOC002460,Synthetic Residence - Yerawada 2460,Residence,"954, Link Road, Yerawada, Pune",Yerawada,Pune,Pune,Maharashtra,411006,18.540554,73.883894,Low
LOC002461,Synthetic Meeting Point - Katraj 2461,Meeting Point,"402, Canal Road, Katraj, Pune",Katraj,Pune,Pune,Maharashtra,411046,18.454528,73.862536,Medium
LOC002462,Synthetic Police Station - Viman Nagar,Police Station,"86, Station Road, Viman Nagar, Pune",Viman Nagar,Pune,Pune,Maharashtra,411014,18.563844,73.915203,Medium
LOC002463,Synthetic Hotel - Baner 2463,Hotel,"343, Link Road, Baner, Pune",Baner,Pune,Pune,Maharashtra,411045,18.556898,73.793626,Low
LOC002464,Synthetic Residence - Dhankawadi 2464,Residence,"595, Market Road, Dhankawadi, Pune",Dhankawadi,Pune,Pune,Maharashtra,411043,18.473726,73.84336,Low
LOC002465,Synthetic Warehouse - Vishrantwadi 2465,Warehouse,"293, Main Road, Vishrantwadi, Pune",Vishrantwadi,Pune,Pune,Maharashtra,411015,18.562088,73.882105,Low
LOC002466,Synthetic Meeting Point - Shivajinagar 2466,Meeting Point,"475, Canal Road, Shivajinagar, Pune",Shivajinagar,Pune,Pune,Maharashtra,411005,18.537555,73.854194,Low
LOC002467,Synthetic Crime Scene - Bhosari 2467,Crime Scene,"787, Canal Road, Bhosari, Pune",Bhosari,Pune,Pune,Maharashtra,411039,18.632855,73.847213,Low
LOC002468,Synthetic Residence - Chinchwad 2468,Residence,"47, Park Road, Chinchwad, Pune",Chinchwad,Pune,Pune,Maharashtra,411033,18.631102,73.807554,Medium
LOC002469,Synthetic Restaurant - Bhosari 2469,Restaurant,"412, Station Road, Bhosari, Pune",Bhosari,Pune,Pune,Maharashtra,411039,18.631462,73.841584,Low
LOC002470,Synthetic Other - Bhosari 2470,Other,"639, Temple Road, Bhosari, Pune",Bhosari,Pune,Pune,Maharashtra,411039,18.637026,73.845583,Low
LOC002471,Synthetic Residence - Baner 2471,Residence,"200, Market Road, Baner, Pune",Baner,Pune,Pune,Maharashtra,411045,18.553175,73.793418,High
LOC002472,Synthetic Residence - Yerawada 2472,Residence,"229, Canal Road, Yerawada, Pune",Yerawada,Pune,Pune,Maharashtra,411006,18.544931,73.881322,Medium
LOC002473,Synthetic Bank - Chinchwad 2473,Bank,"141, College Road, Chinchwad, Pune",Chinchwad,Pune,Pune,Maharashtra,411033,18.635459,73.804428,Low
LOC002474,Synthetic Other - Hadapsar 2474,Other,"661, Park Road, Hadapsar, Pune",Hadapsar,Pune,Pune,Maharashtra,411028,18.506804,73.923748,Low
LOC002475,Synthetic Workplace - Aundh 2475,Workplace,"362, Nagar Road, Aundh, Pune",Aundh,Pune,Pune,Maharashtra,411007,18.560788,73.800335,High
LOC002476,Synthetic Warehouse - Vishrantwadi 2476,Warehouse,"445, Nagar Road, Vishrantwadi, Pune",Vishrantwadi,Pune,Pune,Maharashtra,411015,18.561958,73.877326,Low
LOC002477,Synthetic Transport Hub - Katraj 2477,Transport Hub,"420, Industrial Road, Katraj, Pune",Katraj,Pune,Pune,Maharashtra,411046,18.456528,73.862261,Low
LOC002478,Synthetic Police Station - Hadapsar,Police Station,"605, Temple Road, Hadapsar, Pune",Hadapsar,Pune,Pune,Maharashtra,411028,18.50536,73.923612,High
LOC002479,Synthetic Restaurant - Swargate 2479,Restaurant,"655, Canal Road, Swargate, Pune",Swargate,Pune,Pune,Maharashtra,411037,18.49497,73.856667,Medium
LOC002480,Synthetic Meeting Point - Kondhwa 2480,Meeting Point,"427, Park Road, Kondhwa, Pune",Kondhwa,Pune,Pune,Maharashtra,411048,18.473909,73.897685,Low
LOC002481,Synthetic Crime Scene - Aundh 2481,Crime Scene,"715, Temple Road, Aundh, Pune",Aundh,Pune,Pune,Maharashtra,411007,18.564186,73.806503,Low
LOC002482,Synthetic Residence - Chinchwad 2482,Residence,"861, Station Road, Chinchwad, Pune",Chinchwad,Pune,Pune,Maharashtra,411033,18.634254,73.801816,Medium
LOC002483,Synthetic Hotel - Chinchwad 2483,Hotel,"415, Temple Road, Chinchwad, Pune",Chinchwad,Pune,Pune,Maharashtra,411033,18.632978,73.793337,High
LOC002484,Synthetic Residence - Shivajinagar 2484,Residence,"149, College Road, Shivajinagar, Pune",Shivajinagar,Pune,Pune,Maharashtra,411005,18.526069,73.849386,Low
LOC002485,Synthetic Residence - Kondhwa 2485,Residence,"565, Park Road, Kondhwa, Pune",Kondhwa,Pune,Pune,Maharashtra,411048,18.466087,73.892525,Medium
LOC002486,Synthetic Restaurant - Kondhwa 2486,Restaurant,"642, Industrial Road, Kondhwa, Pune",Kondhwa,Pune,Pune,Maharashtra,411048,18.469514,73.885995,Low
LOC002487,Synthetic Residence - Swargate 2487,Residence,"187, Station Road, Swargate, Pune",Swargate,Pune,Pune,Maharashtra,411037,18.509395,73.863098,Low
LOC002488,Synthetic Restaurant - Viman Nagar 2488,Restaurant,"451, Industrial Road, Viman Nagar, Pune",Viman Nagar,Pune,Pune,Maharashtra,411014,18.567538,73.912254,Medium
LOC002489,Synthetic Workplace - Baner 2489,Workplace,"459, Station Road, Baner, Pune",Baner,Pune,Pune,Maharashtra,411045,18.563512,73.789887,Low
LOC002490,Synthetic Restaurant - Bhosari 2490,Restaurant,"682, Nagar Road, Bhosari, Pune",Bhosari,Pune,Pune,Maharashtra,411039,18.636542,73.847118,Low
LOC002491,Synthetic Crime Scene - Aundh 2491,Crime Scene,"659, Station Road, Aundh, Pune",Aundh,Pune,Pune,Maharashtra,411007,18.565495,73.803236,Low
LOC002492,Synthetic ATM - Viman Nagar 2492,ATM,"615, Canal Road, Viman Nagar, Pune",Viman Nagar,Pune,Pune,Maharashtra,411014,18.563209,73.913084,Medium
LOC002493,Synthetic Residence - Shivajinagar 2493,Residence,"826, Link Road, Shivajinagar, Pune",Shivajinagar,Pune,Pune,Maharashtra,411005,18.527829,73.839764,Medium
LOC002494,Synthetic Crime Scene - Katraj 2494,Crime Scene,"617, Park Road, Katraj, Pune",Katraj,Pune,Pune,Maharashtra,411046,18.445138,73.870934,Low
LOC002495,Synthetic Other - Bhosari 2495,Other,"282, Link Road, Bhosari, Pune",Bhosari,Pune,Pune,Maharashtra,411039,18.622368,73.854197,Medium
LOC002496,Synthetic Transport Hub - Yerawada 2496,Transport Hub,"449, Station Road, Yerawada, Pune",Yerawada,Pune,Pune,Maharashtra,411006,18.55516,73.8852,Medium
LOC002497,Synthetic Bank - Bhosari 2497,Bank,"567, Link Road, Bhosari, Pune",Bhosari,Pune,Pune,Maharashtra,411039,18.632587,73.853423,Low
LOC002498,Synthetic Residence - Pimpri 2498,Residence,"161, Industrial Road, Pimpri, Pune",Pimpri,Pune,Pune,Maharashtra,411018,18.626503,73.798314,Low
LOC002499,Synthetic Meeting Point - Dhankawadi 2499,Meeting Point,"421, Market Road, Dhankawadi, Pune",Dhankawadi,Pune,Pune,Maharashtra,411043,18.474063,73.850587,Low
LOC002500,Synthetic Restaurant - Vishrantwadi 2500,Restaurant,"220, Nagar Road, Vishrantwadi, Pune",Vishrantwadi,Pune,Pune,Maharashtra,411015,18.559597,73.876455,Medium
LOC002501,Synthetic Bank - Katraj 2501,Bank,"130, Canal Road, Katraj, Pune",Katraj,Pune,Pune,Maharashtra,411046,18.455076,73.869288,Low
LOC002502,Synthetic Meeting Point - Bhosari 2502,Meeting Point,"759, Nagar Road, Bhosari, Pune",Bhosari,Pune,Pune,Maharashtra,411039,18.631954,73.848311,Medium
LOC002503,Synthetic Bank - Bhosari 2503,Bank,"167, Temple Road, Bhosari, Pune",Bhosari,Pune,Pune,Maharashtra,411039,18.635465,73.846141,Medium
LOC002504,Synthetic Residence - Wakad 2504,Residence,"138, Station Road, Wakad, Pune",Wakad,Pune,Pune,Maharashtra,411057,18.594197,73.764971,Medium
LOC002505,Synthetic Crime Scene - Baner 2505,Crime Scene,"877, Link Road, Baner, Pune",Baner,Pune,Pune,Maharashtra,411045,18.557168,73.788049,High
LOC002506,Synthetic ATM - Swargate 2506,ATM,"573, Link Road, Swargate, Pune",Swargate,Pune,Pune,Maharashtra,411037,18.508812,73.870847,Low
LOC002507,Synthetic ATM - Vishrantwadi 2507,ATM,"665, Industrial Road, Vishrantwadi, Pune",Vishrantwadi,Pune,Pune,Maharashtra,411015,18.562415,73.875465,Low
LOC002508,Synthetic Residence - Chinchwad 2508,Residence,"611, Temple Road, Chinchwad, Pune",Chinchwad,Pune,Pune,Maharashtra,411033,18.633415,73.798523,Low
LOC002509,Synthetic Workplace - Vishrantwadi 2509,Workplace,"728, Canal Road, Vishrantwadi, Pune",Vishrantwadi,Pune,Pune,Maharashtra,411015,18.562447,73.871292,Low
LOC002510,Synthetic Police Station - Pimpri,Police Station,"257, College Road, Pimpri, Pune",Pimpri,Pune,Pune,Maharashtra,411018,18.624342,73.80585,Medium
LOC002511,Synthetic Restaurant - Baner 2511,Restaurant,"133, Canal Road, Baner, Pune",Baner,Pune,Pune,Maharashtra,411045,18.562941,73.790675,Low
LOC002512,Synthetic Crime Scene - Viman Nagar 2512,Crime Scene,"396, Industrial Road, Viman Nagar, Pune",Viman Nagar,Pune,Pune,Maharashtra,411014,18.565045,73.914852,Medium
LOC002513,Synthetic Transport Hub - Wakad 2513,Transport Hub,"63, Station Road, Wakad, Pune",Wakad,Pune,Pune,Maharashtra,411057,18.597429,73.761765,Medium
LOC002514,Synthetic Residence - Viman Nagar 2514,Residence,"644, Market Road, Viman Nagar, Pune",Viman Nagar,Pune,Pune,Maharashtra,411014,18.560468,73.907046,Low
LOC002515,Synthetic Residence - Dhankawadi 2515,Residence,"763, Industrial Road, Dhankawadi, Pune",Dhankawadi,Pune,Pune,Maharashtra,411043,18.46254,73.849646,High
LOC002516,Synthetic Warehouse - Vishrantwadi 2516,Warehouse,"298, Park Road, Vishrantwadi, Pune",Vishrantwadi,Pune,Pune,Maharashtra,411015,18.559802,73.878758,Medium
LOC002517,Synthetic Crime Scene - Swargate 2517,Crime Scene,"418, Nagar Road, Swargate, Pune",Swargate,Pune,Pune,Maharashtra,411037,18.506796,73.862598,High
LOC002518,Synthetic Crime Scene - Shivajinagar 2518,Crime Scene,"766, Park Road, Shivajinagar, Pune",Shivajinagar,Pune,Pune,Maharashtra,411005,18.537013,73.849878,Low
LOC002519,Synthetic Residence - Yerawada 2519,Residence,"298, Nagar Road, Yerawada, Pune",Yerawada,Pune,Pune,Maharashtra,411006,18.543834,73.872536,Medium
LOC002520,Synthetic ATM - Chinchwad 2520,ATM,"686, Market Road, Chinchwad, Pune",Chinchwad,Pune,Pune,Maharashtra,411033,18.633294,73.806052,Medium
LOC002521,Synthetic Workplace - Kondhwa 2521,Workplace,"216, Main Road, Kondhwa, Pune",Kondhwa,Pune,Pune,Maharashtra,411048,18.475027,73.882538,High
LOC002522,Synthetic Meeting Point - Bhosari 2522,Meeting Point,"251, Park Road, Bhosari, Pune",Bhosari,Pune,Pune,Maharashtra,411039,18.623774,73.851195,Low
LOC002523,Synthetic Crime Scene - Aundh 2523,Crime Scene,"333, Temple Road, Aundh, Pune",Aundh,Pune,Pune,Maharashtra,411007,18.56134,73.811089,High
LOC002524,Synthetic Residence - Kothrud 2524,Residence,"268, College Road, Kothrud, Pune",Kothrud,Pune,Pune,Maharashtra,411038,18.504444,73.806621,Low
LOC002525,Synthetic Restaurant - Dhankawadi 2525,Restaurant,"325, Industrial Road, Dhankawadi, Pune",Dhankawadi,Pune,Pune,Maharashtra,411043,18.468418,73.851279,Low
LOC002526,Synthetic Bank - Wakad 2526,Bank,"973, College Road, Wakad, Pune",Wakad,Pune,Pune,Maharashtra,411057,18.60294,73.758827,Medium
LOC002527,Synthetic Meeting Point - Hadapsar 2527,Meeting Point,"406, Nagar Road, Hadapsar, Pune",Hadapsar,Pune,Pune,Maharashtra,411028,18.51317,73.92966,Medium
LOC002528,Synthetic Residence - Vishrantwadi 2528,Residence,"59, Temple Road, Vishrantwadi, Pune",Vishrantwadi,Pune,Pune,Maharashtra,411015,18.559307,73.874213,Low
LOC002529,Synthetic Residence - Chinchwad 2529,Residence,"127, Temple Road, Chinchwad, Pune",Chinchwad,Pune,Pune,Maharashtra,411033,18.630867,73.805737,High
LOC002530,Synthetic Other - Kothrud 2530,Other,"428, Market Road, Kothrud, Pune",Kothrud,Pune,Pune,Maharashtra,411038,18.515015,73.803854,Medium
LOC002531,Synthetic Residence - Wakad 2531,Residence,"811, Park Road, Wakad, Pune",Wakad,Pune,Pune,Maharashtra,411057,18.595135,73.756595,Low
LOC002532,Synthetic Bank - Vishrantwadi 2532,Bank,"212, Temple Road, Vishrantwadi, Pune",Vishrantwadi,Pune,Pune,Maharashtra,411015,18.565136,73.881127,Low
LOC002533,Synthetic Restaurant - Viman Nagar 2533,Restaurant,"878, College Road, Viman Nagar, Pune",Viman Nagar,Pune,Pune,Maharashtra,411014,18.563353,73.90664,Low
LOC002534,Synthetic Hotel - Chinchwad 2534,Hotel,"844, Main Road, Chinchwad, Pune",Chinchwad,Pune,Pune,Maharashtra,411033,18.630528,73.805547,Medium
LOC002535,Synthetic Workplace - Katraj 2535,Workplace,"580, Industrial Road, Katraj, Pune",Katraj,Pune,Pune,Maharashtra,411046,18.44926,73.866769,High
LOC002536,Synthetic Residence - Dhankawadi 2536,Residence,"94, Market Road, Dhankawadi, Pune",Dhankawadi,Pune,Pune,Maharashtra,411043,18.463535,73.8567,Low
LOC002537,Synthetic Crime Scene - Pimpri 2537,Crime Scene,"384, Park Road, Pimpri, Pune",Pimpri,Pune,Pune,Maharashtra,411018,18.62953,73.798061,High
LOC002538,Synthetic Transport Hub - Shivajinagar 2538,Transport Hub,"202, Temple Road, Shivajinagar, Pune",Shivajinagar,Pune,Pune,Maharashtra,411005,18.538647,73.845413,Low
LOC002539,Synthetic Transport Hub - Hadapsar 2539,Transport Hub,"654, Main Road, Hadapsar, Pune",Hadapsar,Pune,Pune,Maharashtra,411028,18.510117,73.922244,Low
LOC002540,Synthetic Bank - Katraj 2540,Bank,"807, Main Road, Katraj, Pune",Katraj,Pune,Pune,Maharashtra,411046,18.452641,73.866542,Medium
LOC002541,Synthetic Bank - Wakad 2541,Bank,"875, Market Road, Wakad, Pune",Wakad,Pune,Pune,Maharashtra,411057,18.592453,73.756838,Low
LOC002542,Synthetic Crime Scene - Chinchwad 2542,Crime Scene,"330, Nagar Road, Chinchwad, Pune",Chinchwad,Pune,Pune,Maharashtra,411033,18.634377,73.797976,Low
LOC002543,Synthetic Residence - Baner 2543,Residence,"916, Main Road, Baner, Pune",Baner,Pune,Pune,Maharashtra,411045,18.552955,73.793212,High
LOC002544,Synthetic Workplace - Shivajinagar 2544,Workplace,"270, Park Road, Shivajinagar, Pune",Shivajinagar,Pune,Pune,Maharashtra,411005,18.531659,73.847732,Medium
LOC002545,Synthetic Crime Scene - Wakad 2545,Crime Scene,"381, Industrial Road, Wakad, Pune",Wakad,Pune,Pune,Maharashtra,411057,18.595463,73.769118,Low
LOC002546,Synthetic Residence - Dhankawadi 2546,Residence,"28, Park Road, Dhankawadi, Pune",Dhankawadi,Pune,Pune,Maharashtra,411043,18.465217,73.843196,Medium
LOC002547,Synthetic Bank - Dhankawadi 2547,Bank,"765, Link Road, Dhankawadi, Pune",Dhankawadi,Pune,Pune,Maharashtra,411043,18.46302,73.844271,Low
LOC002548,Synthetic Crime Scene - Bhosari 2548,Crime Scene,"494, Industrial Road, Bhosari, Pune",Bhosari,Pune,Pune,Maharashtra,411039,18.623674,73.849899,Low
LOC002549,Synthetic ATM - Hadapsar 2549,ATM,"677, Main Road, Hadapsar, Pune",Hadapsar,Pune,Pune,Maharashtra,411028,18.510024,73.928698,Medium
LOC002550,Synthetic Residence - Aundh 2550,Residence,"891, Park Road, Aundh, Pune",Aundh,Pune,Pune,Maharashtra,411007,18.553006,73.800365,Low
LOC002551,Synthetic Meeting Point - Bhosari 2551,Meeting Point,"967, Market Road, Bhosari, Pune",Bhosari,Pune,Pune,Maharashtra,411039,18.633485,73.849196,Low
LOC002552,Synthetic Meeting Point - Chinchwad 2552,Meeting Point,"791, Market Road, Chinchwad, Pune",Chinchwad,Pune,Pune,Maharashtra,411033,18.621935,73.799129,Low
LOC002553,Synthetic Other - Katraj 2553,Other,"440, Main Road, Katraj, Pune",Katraj,Pune,Pune,Maharashtra,411046,18.446983,73.864462,Medium
LOC002554,Synthetic Crime Scene - Wakad 2554,Crime Scene,"113, Market Road, Wakad, Pune",Wakad,Pune,Pune,Maharashtra,411057,18.594885,73.759512,Low
LOC002555,Synthetic Workplace - Pimpri 2555,Workplace,"740, Temple Road, Pimpri, Pune",Pimpri,Pune,Pune,Maharashtra,411018,18.632818,73.799249,Low
LOC002556,Synthetic Meeting Point - Chinchwad 2556,Meeting Point,"606, Main Road, Chinchwad, Pune",Chinchwad,Pune,Pune,Maharashtra,411033,18.623945,73.798251,Medium
LOC002557,Synthetic Warehouse - Bhosari 2557,Warehouse,"415, Link Road, Bhosari, Pune",Bhosari,Pune,Pune,Maharashtra,411039,18.62855,73.853881,Medium
LOC002558,Synthetic Workplace - Vishrantwadi 2558,Workplace,"521, Nagar Road, Vishrantwadi, Pune",Vishrantwadi,Pune,Pune,Maharashtra,411015,18.560454,73.877341,Medium
LOC002559,Synthetic Workplace - Vishrantwadi 2559,Workplace,"600, Canal Road, Vishrantwadi, Pune",Vishrantwadi,Pune,Pune,Maharashtra,411015,18.571906,73.871594,Low
LOC002560,Synthetic Residence - Hadapsar 2560,Residence,"805, Canal Road, Hadapsar, Pune",Hadapsar,Pune,Pune,Maharashtra,411028,18.516074,73.93367,Low
LOC002561,Synthetic Residence - Chinchwad 2561,Residence,"293, Industrial Road, Chinchwad, Pune",Chinchwad,Pune,Pune,Maharashtra,411033,18.629232,73.800332,Low
LOC002562,Synthetic Workplace - Yerawada 2562,Workplace,"390, Canal Road, Yerawada, Pune",Yerawada,Pune,Pune,Maharashtra,411006,18.54832,73.878515,Low
LOC002563,Synthetic Meeting Point - Pimpri 2563,Meeting Point,"412, Station Road, Pimpri, Pune",Pimpri,Pune,Pune,Maharashtra,411018,18.626389,73.803797,Low
LOC002564,Synthetic Warehouse - Hadapsar 2564,Warehouse,"122, Main Road, Hadapsar, Pune",Hadapsar,Pune,Pune,Maharashtra,411028,18.507776,73.927266,High
LOC002565,Synthetic Transport Hub - Vishrantwadi 2565,Transport Hub,"905, Station Road, Vishrantwadi, Pune",Vishrantwadi,Pune,Pune,Maharashtra,411015,18.564835,73.872682,Medium
LOC002566,Synthetic Police Station - Yerawada,Police Station,"729, Main Road, Yerawada, Pune",Yerawada,Pune,Pune,Maharashtra,411006,18.54314,73.878881,Medium
LOC002567,Synthetic Workplace - Kondhwa 2567,Workplace,"388, Canal Road, Kondhwa, Pune",Kondhwa,Pune,Pune,Maharashtra,411048,18.471932,73.885723,Medium
LOC002568,Synthetic Workplace - Chinchwad 2568,Workplace,"629, Link Road, Chinchwad, Pune",Chinchwad,Pune,Pune,Maharashtra,411033,18.635346,73.805384,Medium
LOC002569,Synthetic Crime Scene - Shivajinagar 2569,Crime Scene,"600, College Road, Shivajinagar, Pune",Shivajinagar,Pune,Pune,Maharashtra,411005,18.525724,73.84913,Medium
LOC002570,Synthetic Residence - Aundh 2570,Residence,"333, College Road, Aundh, Pune",Aundh,Pune,Pune,Maharashtra,411007,18.559566,73.801735,Low
LOC002571,Synthetic Residence - Viman Nagar 2571,Residence,"367, Station Road, Viman Nagar, Pune",Viman Nagar,Pune,Pune,Maharashtra,411014,18.570495,73.908562,Medium
LOC002572,Synthetic Residence - Shivajinagar 2572,Residence,"723, Industrial Road, Shivajinagar, Pune",Shivajinagar,Pune,Pune,Maharashtra,411005,18.526809,73.840529,Low
LOC002573,Synthetic Residence - Yerawada 2573,Residence,"43, Market Road, Yerawada, Pune",Yerawada,Pune,Pune,Maharashtra,411006,18.550365,73.87783,Low
LOC002574,Synthetic Residence - Hadapsar 2574,Residence,"220, College Road, Hadapsar, Pune",Hadapsar,Pune,Pune,Maharashtra,411028,18.515256,73.922043,Medium
LOC002575,Synthetic Residence - Kondhwa 2575,Residence,"70, Main Road, Kondhwa, Pune",Kondhwa,Pune,Pune,Maharashtra,411048,18.461265,73.88861,Low
LOC002576,Synthetic Workplace - Bhosari 2576,Workplace,"464, Industrial Road, Bhosari, Pune",Bhosari,Pune,Pune,Maharashtra,411039,18.623368,73.849254,Low
LOC002577,Synthetic Bank - Dhankawadi 2577,Bank,"119, Park Road, Dhankawadi, Pune",Dhankawadi,Pune,Pune,Maharashtra,411043,18.465088,73.853665,Medium
LOC002578,Synthetic Meeting Point - Kondhwa 2578,Meeting Point,"560, Park Road, Kondhwa, Pune",Kondhwa,Pune,Pune,Maharashtra,411048,18.471998,73.885625,Low
LOC002579,Synthetic Residence - Vishrantwadi 2579,Residence,"602, Main Road, Vishrantwadi, Pune",Vishrantwadi,Pune,Pune,Maharashtra,411015,18.563962,73.875933,Low
LOC002580,Synthetic Residence - Viman Nagar 2580,Residence,"672, Link Road, Viman Nagar, Pune",Viman Nagar,Pune,Pune,Maharashtra,411014,18.56542,73.909203,Low
LOC002581,Synthetic Residence - Vishrantwadi 2581,Residence,"507, Industrial Road, Vishrantwadi, Pune",Vishrantwadi,Pune,Pune,Maharashtra,411015,18.563179,73.881371,Low
LOC002582,Synthetic ATM - Yerawada 2582,ATM,"58, Nagar Road, Yerawada, Pune",Yerawada,Pune,Pune,Maharashtra,411006,18.541085,73.88278,Medium
LOC002583,Synthetic Workplace - Hadapsar 2583,Workplace,"762, Nagar Road, Hadapsar, Pune",Hadapsar,Pune,Pune,Maharashtra,411028,18.504743,73.927604,Low
LOC002584,Synthetic Workplace - Wakad 2584,Workplace,"808, Market Road, Wakad, Pune",Wakad,Pune,Pune,Maharashtra,411057,18.600475,73.770104,Low
LOC002585,Synthetic Bank - Hadapsar 2585,Bank,"740, Canal Road, Hadapsar, Pune",Hadapsar,Pune,Pune,Maharashtra,411028,18.50226,73.92773,Low
LOC002586,Synthetic Workplace - Wakad 2586,Workplace,"72, Link Road, Wakad, Pune",Wakad,Pune,Pune,Maharashtra,411057,18.60287,73.765102,High
LOC002587,Synthetic Workplace - Pimpri 2587,Workplace,"189, Market Road, Pimpri, Pune",Pimpri,Pune,Pune,Maharashtra,411018,18.622489,73.803682,Low
LOC002588,Synthetic Meeting Point - Kothrud 2588,Meeting Point,"32, Temple Road, Kothrud, Pune",Kothrud,Pune,Pune,Maharashtra,411038,18.504482,73.809863,High
LOC002589,Synthetic Crime Scene - Kothrud 2589,Crime Scene,"35, Temple Road, Kothrud, Pune",Kothrud,Pune,Pune,Maharashtra,411038,18.50818,73.812675,High
LOC002590,Synthetic Bank - Katraj 2590,Bank,"103, Industrial Road, Katraj, Pune",Katraj,Pune,Pune,Maharashtra,411046,18.460024,73.862055,Low
LOC002591,Synthetic Meeting Point - Pimpri 2591,Meeting Point,"407, Industrial Road, Pimpri, Pune",Pimpri,Pune,Pune,Maharashtra,411018,18.622665,73.806205,Low
LOC002592,Synthetic Residence - Bhosari 2592,Residence,"37, Temple Road, Bhosari, Pune",Bhosari,Pune,Pune,Maharashtra,411039,18.634837,73.847698,Low
LOC002593,Synthetic Workplace - Kondhwa 2593,Workplace,"746, Industrial Road, Kondhwa, Pune",Kondhwa,Pune,Pune,Maharashtra,411048,18.465071,73.883995,Medium
LOC002594,Synthetic ATM - Pimpri 2594,ATM,"463, Nagar Road, Pimpri, Pune",Pimpri,Pune,Pune,Maharashtra,411018,18.622908,73.800417,Low
LOC002595,Synthetic Crime Scene - Bhosari 2595,Crime Scene,"747, Main Road, Bhosari, Pune",Bhosari,Pune,Pune,Maharashtra,411039,18.62314,73.851518,Low
LOC002596,Synthetic Workplace - Dhankawadi 2596,Workplace,"882, Station Road, Dhankawadi, Pune",Dhankawadi,Pune,Pune,Maharashtra,411043,18.472405,73.844247,Low
LOC002597,Synthetic ATM - Baner 2597,ATM,"637, Main Road, Baner, Pune",Baner,Pune,Pune,Maharashtra,411045,18.56265,73.788935,Low
LOC002598,Synthetic ATM - Bhosari 2598,ATM,"975, Station Road, Bhosari, Pune",Bhosari,Pune,Pune,Maharashtra,411039,18.62188,73.846036,Low
LOC002599,Synthetic Residence - Katraj 2599,Residence,"907, Industrial Road, Katraj, Pune",Katraj,Pune,Pune,Maharashtra,411046,18.449755,73.857533,Low
LOC002600,Synthetic Transport Hub - Viman Nagar 2600,Transport Hub,"402, Park Road, Viman Nagar, Pune",Viman Nagar,Pune,Pune,Maharashtra,411014,18.566749,73.914028,Medium
LOC002601,Synthetic Residence - Kothrud 2601,Residence,"101, Market Road, Kothrud, Pune",Kothrud,Pune,Pune,Maharashtra,411038,18.512177,73.808766,Low
LOC002602,Synthetic Residence - Katraj 2602,Residence,"645, Park Road, Katraj, Pune",Katraj,Pune,Pune,Maharashtra,411046,18.46038,73.862394,Low
LOC002603,Synthetic Restaurant - Wakad 2603,Restaurant,"433, Link Road, Wakad, Pune",Wakad,Pune,Pune,Maharashtra,411057,18.600976,73.768138,Medium
LOC002604,Synthetic Restaurant - Vishrantwadi 2604,Restaurant,"471, Park Road, Vishrantwadi, Pune",Vishrantwadi,Pune,Pune,Maharashtra,411015,18.562293,73.881838,Low
LOC002605,Synthetic Other - Katraj 2605,Other,"802, Temple Road, Katraj, Pune",Katraj,Pune,Pune,Maharashtra,411046,18.449475,73.86443,Low
LOC002606,Synthetic Transport Hub - Swargate 2606,Transport Hub,"676, Park Road, Swargate, Pune",Swargate,Pune,Pune,Maharashtra,411037,18.499706,73.869547,Low
LOC002607,Synthetic Hotel - Viman Nagar 2607,Hotel,"970, Main Road, Viman Nagar, Pune",Viman Nagar,Pune,Pune,Maharashtra,411014,18.571554,73.921043,Low
LOC002608,Synthetic Bank - Bhosari 2608,Bank,"732, College Road, Bhosari, Pune",Bhosari,Pune,Pune,Maharashtra,411039,18.632968,73.854578,High
LOC002609,Synthetic Meeting Point - Vishrantwadi 2609,Meeting Point,"199, Station Road, Vishrantwadi, Pune",Vishrantwadi,Pune,Pune,Maharashtra,411015,18.574825,73.875672,Medium
LOC002610,Synthetic Warehouse - Shivajinagar 2610,Warehouse,"631, Temple Road, Shivajinagar, Pune",Shivajinagar,Pune,Pune,Maharashtra,411005,18.536471,73.853838,Low
LOC002611,Synthetic Workplace - Wakad 2611,Workplace,"233, Market Road, Wakad, Pune",Wakad,Pune,Pune,Maharashtra,411057,18.606234,73.765149,Medium
LOC002612,Synthetic Residence - Dhankawadi 2612,Residence,"919, Link Road, Dhankawadi, Pune",Dhankawadi,Pune,Pune,Maharashtra,411043,18.466981,73.856735,High
LOC002613,Synthetic Residence - Hadapsar 2613,Residence,"407, Park Road, Hadapsar, Pune",Hadapsar,Pune,Pune,Maharashtra,411028,18.507451,73.927624,High
LOC002614,Synthetic Residence - Baner 2614,Residence,"664, Station Road, Baner, Pune",Baner,Pune,Pune,Maharashtra,411045,18.566344,73.791928,Low
LOC002615,Synthetic Workplace - Katraj 2615,Workplace,"673, Nagar Road, Katraj, Pune",Katraj,Pune,Pune,Maharashtra,411046,18.44905,73.858042,Medium
LOC002616,Synthetic Workplace - Swargate 2616,Workplace,"614, Park Road, Swargate, Pune",Swargate,Pune,Pune,Maharashtra,411037,18.499093,73.855638,Low
LOC002617,Synthetic Restaurant - Wakad 2617,Restaurant,"636, Temple Road, Wakad, Pune",Wakad,Pune,Pune,Maharashtra,411057,18.597162,73.758961,Low
LOC002618,Synthetic Crime Scene - Bhosari 2618,Crime Scene,"676, Market Road, Bhosari, Pune",Bhosari,Pune,Pune,Maharashtra,411039,18.627329,73.842065,Medium
LOC002619,Synthetic Residence - Swargate 2619,Residence,"545, Nagar Road, Swargate, Pune",Swargate,Pune,Pune,Maharashtra,411037,18.505257,73.86053,Medium
LOC002620,Synthetic Restaurant - Chinchwad 2620,Restaurant,"355, Temple Road, Chinchwad, Pune",Chinchwad,Pune,Pune,Maharashtra,411033,18.63303,73.804066,High
LOC002621,Synthetic Crime Scene - Bhosari 2621,Crime Scene,"512, Canal Road, Bhosari, Pune",Bhosari,Pune,Pune,Maharashtra,411039,18.634474,73.843571,Low
LOC002622,Synthetic Transport Hub - Baner 2622,Transport Hub,"34, Park Road, Baner, Pune",Baner,Pune,Pune,Maharashtra,411045,18.562454,73.787964,Low
LOC002623,Synthetic Residence - Chinchwad 2623,Residence,"210, Link Road, Chinchwad, Pune",Chinchwad,Pune,Pune,Maharashtra,411033,18.632106,73.79335,Low
LOC002624,Synthetic Restaurant - Kondhwa 2624,Restaurant,"605, College Road, Kondhwa, Pune",Kondhwa,Pune,Pune,Maharashtra,411048,18.469616,73.883384,Medium
LOC002625,Synthetic Workplace - Shivajinagar 2625,Workplace,"852, Nagar Road, Shivajinagar, Pune",Shivajinagar,Pune,Pune,Maharashtra,411005,18.536609,73.840214,Low
LOC002626,Synthetic ATM - Chinchwad 2626,ATM,"589, Link Road, Chinchwad, Pune",Chinchwad,Pune,Pune,Maharashtra,411033,18.625077,73.794946,Low
LOC002627,Synthetic Workplace - Baner 2627,Workplace,"849, Park Road, Baner, Pune",Baner,Pune,Pune,Maharashtra,411045,18.557865,73.787482,Low
LOC002628,Synthetic Transport Hub - Wakad 2628,Transport Hub,"897, Temple Road, Wakad, Pune",Wakad,Pune,Pune,Maharashtra,411057,18.604609,73.762602,Low
LOC002629,Synthetic Workplace - Shivajinagar 2629,Workplace,"327, Canal Road, Shivajinagar, Pune",Shivajinagar,Pune,Pune,Maharashtra,411005,18.533966,73.849503,Low
LOC002630,Synthetic Bank - Vishrantwadi 2630,Bank,"839, Industrial Road, Vishrantwadi, Pune",Vishrantwadi,Pune,Pune,Maharashtra,411015,18.568644,73.873919,Low
LOC002631,Synthetic Restaurant - Chinchwad 2631,Restaurant,"286, Canal Road, Chinchwad, Pune",Chinchwad,Pune,Pune,Maharashtra,411033,18.635624,73.795768,Low
LOC002632,Synthetic Residence - Viman Nagar 2632,Residence,"957, Canal Road, Viman Nagar, Pune",Viman Nagar,Pune,Pune,Maharashtra,411014,18.560229,73.913198,Low
LOC002633,Synthetic Other - Baner 2633,Other,"887, Nagar Road, Baner, Pune",Baner,Pune,Pune,Maharashtra,411045,18.566439,73.781852,High
LOC002634,Synthetic Residence - Vishrantwadi 2634,Residence,"325, Nagar Road, Vishrantwadi, Pune",Vishrantwadi,Pune,Pune,Maharashtra,411015,18.571501,73.879644,Low
LOC002635,Synthetic Workplace - Bhosari 2635,Workplace,"971, Canal Road, Bhosari, Pune",Bhosari,Pune,Pune,Maharashtra,411039,18.623964,73.841913,Low
LOC002636,Synthetic Residence - Yerawada 2636,Residence,"597, Nagar Road, Yerawada, Pune",Yerawada,Pune,Pune,Maharashtra,411006,18.548686,73.882597,Low
LOC002637,Synthetic Meeting Point - Hadapsar 2637,Meeting Point,"88, Industrial Road, Hadapsar, Pune",Hadapsar,Pune,Pune,Maharashtra,411028,18.506173,73.931595,Low
LOC002638,Synthetic Police Station - Katraj,Police Station,"280, Canal Road, Katraj, Pune",Katraj,Pune,Pune,Maharashtra,411046,18.449176,73.872328,Medium
LOC002639,Synthetic Transport Hub - Swargate 2639,Transport Hub,"551, Market Road, Swargate, Pune",Swargate,Pune,Pune,Maharashtra,411037,18.509503,73.857311,Medium
LOC002640,Synthetic Crime Scene - Yerawada 2640,Crime Scene,"471, Station Road, Yerawada, Pune",Yerawada,Pune,Pune,Maharashtra,411006,18.553812,73.876584,Medium
LOC002641,Synthetic Warehouse - Kothrud 2641,Warehouse,"501, Station Road, Kothrud, Pune",Kothrud,Pune,Pune,Maharashtra,411038,18.505364,73.807789,Low
LOC002642,Synthetic Meeting Point - Hadapsar 2642,Meeting Point,"184, Market Road, Hadapsar, Pune",Hadapsar,Pune,Pune,Maharashtra,411028,18.511961,73.922247,Low
LOC002643,Synthetic Transport Hub - Shivajinagar 2643,Transport Hub,"982, Canal Road, Shivajinagar, Pune",Shivajinagar,Pune,Pune,Maharashtra,411005,18.527208,73.851948,Medium
LOC002644,Synthetic Meeting Point - Hadapsar 2644,Meeting Point,"551, Industrial Road, Hadapsar, Pune",Hadapsar,Pune,Pune,Maharashtra,411028,18.506241,73.92787,Medium
LOC002645,Synthetic Meeting Point - Chinchwad 2645,Meeting Point,"941, Park Road, Chinchwad, Pune",Chinchwad,Pune,Pune,Maharashtra,411033,18.634137,73.792391,High
LOC002646,Synthetic Transport Hub - Kothrud 2646,Transport Hub,"33, College Road, Kothrud, Pune",Kothrud,Pune,Pune,Maharashtra,411038,18.503178,73.809075,Medium
LOC002647,Synthetic Meeting Point - Kondhwa 2647,Meeting Point,"509, Industrial Road, Kondhwa, Pune",Kondhwa,Pune,Pune,Maharashtra,411048,18.471325,73.893227,Medium
LOC002648,Synthetic Workplace - Yerawada 2648,Workplace,"910, Nagar Road, Yerawada, Pune",Yerawada,Pune,Pune,Maharashtra,411006,18.552331,73.871261,Medium
LOC002649,Synthetic Meeting Point - Kondhwa 2649,Meeting Point,"204, College Road, Kondhwa, Pune",Kondhwa,Pune,Pune,Maharashtra,411048,18.474602,73.886541,Low
LOC002650,Synthetic Warehouse - Aundh 2650,Warehouse,"204, Nagar Road, Aundh, Pune",Aundh,Pune,Pune,Maharashtra,411007,18.559608,73.804485,Low
LOC002651,Synthetic Workplace - Pimpri 2651,Workplace,"628, Temple Road, Pimpri, Pune",Pimpri,Pune,Pune,Maharashtra,411018,18.62786,73.795637,Low
LOC002652,Synthetic ATM - Pimpri 2652,ATM,"964, Station Road, Pimpri, Pune",Pimpri,Pune,Pune,Maharashtra,411018,18.637364,73.7969,Medium
LOC002653,Synthetic Hotel - Kothrud 2653,Hotel,"687, Temple Road, Kothrud, Pune",Kothrud,Pune,Pune,Maharashtra,411038,18.503404,73.801387,Medium
LOC002654,Synthetic Residence - Viman Nagar 2654,Residence,"630, Station Road, Viman Nagar, Pune",Viman Nagar,Pune,Pune,Maharashtra,411014,18.564588,73.912484,Low
LOC002655,Synthetic Residence - Baner 2655,Residence,"586, College Road, Baner, Pune",Baner,Pune,Pune,Maharashtra,411045,18.555022,73.790925,Low
LOC002656,Synthetic Residence - Kondhwa 2656,Residence,"472, Link Road, Kondhwa, Pune",Kondhwa,Pune,Pune,Maharashtra,411048,18.476854,73.890798,Low
LOC002657,Synthetic Residence - Baner 2657,Residence,"271, College Road, Baner, Pune",Baner,Pune,Pune,Maharashtra,411045,18.555936,73.783369,High
LOC002658,Synthetic Crime Scene - Shivajinagar 2658,Crime Scene,"77, Market Road, Shivajinagar, Pune",Shivajinagar,Pune,Pune,Maharashtra,411005,18.534497,73.847597,Low
LOC002659,Synthetic Residence - Kondhwa 2659,Residence,"595, Link Road, Kondhwa, Pune",Kondhwa,Pune,Pune,Maharashtra,411048,18.470961,73.885255,Low
LOC002660,Synthetic Bank - Dhankawadi 2660,Bank,"826, Industrial Road, Dhankawadi, Pune",Dhankawadi,Pune,Pune,Maharashtra,411043,18.464114,73.848762,Medium
LOC002661,Synthetic Meeting Point - Aundh 2661,Meeting Point,"94, Industrial Road, Aundh, Pune",Aundh,Pune,Pune,Maharashtra,411007,18.552554,73.814764,High
LOC002662,Synthetic Restaurant - Kondhwa 2662,Restaurant,"662, Canal Road, Kondhwa, Pune",Kondhwa,Pune,Pune,Maharashtra,411048,18.473075,73.883978,Low
LOC002663,Synthetic Residence - Yerawada 2663,Residence,"879, Market Road, Yerawada, Pune",Yerawada,Pune,Pune,Maharashtra,411006,18.542869,73.870797,Low
LOC002664,Synthetic Transport Hub - Chinchwad 2664,Transport Hub,"593, Park Road, Chinchwad, Pune",Chinchwad,Pune,Pune,Maharashtra,411033,18.622664,73.794805,Low
LOC002665,Synthetic Crime Scene - Dhankawadi 2665,Crime Scene,"856, Market Road, Dhankawadi, Pune",Dhankawadi,Pune,Pune,Maharashtra,411043,18.47047,73.855812,Low
LOC002666,Synthetic Crime Scene - Hadapsar 2666,Crime Scene,"83, Temple Road, Hadapsar, Pune",Hadapsar,Pune,Pune,Maharashtra,411028,18.505507,73.932077,Medium
LOC002667,Synthetic Hotel - Viman Nagar 2667,Hotel,"897, Nagar Road, Viman Nagar, Pune",Viman Nagar,Pune,Pune,Maharashtra,411014,18.562082,73.917844,Low
LOC002668,Synthetic ATM - Vishrantwadi 2668,ATM,"914, Industrial Road, Vishrantwadi, Pune",Vishrantwadi,Pune,Pune,Maharashtra,411015,18.564045,73.874665,High
LOC002669,Synthetic Transport Hub - Katraj 2669,Transport Hub,"393, Industrial Road, Katraj, Pune",Katraj,Pune,Pune,Maharashtra,411046,18.452848,73.859188,High
LOC002670,Synthetic Meeting Point - Chinchwad 2670,Meeting Point,"326, Temple Road, Chinchwad, Pune",Chinchwad,Pune,Pune,Maharashtra,411033,18.637536,73.794049,Medium
LOC002671,Synthetic ATM - Pimpri 2671,ATM,"867, Temple Road, Pimpri, Pune",Pimpri,Pune,Pune,Maharashtra,411018,18.63733,73.79246,Low
LOC002672,Synthetic Meeting Point - Yerawada 2672,Meeting Point,"730, Temple Road, Yerawada, Pune",Yerawada,Pune,Pune,Maharashtra,411006,18.544789,73.884756,High
LOC002673,Synthetic Meeting Point - Dhankawadi 2673,Meeting Point,"645, Station Road, Dhankawadi, Pune",Dhankawadi,Pune,Pune,Maharashtra,411043,18.46029,73.854617,Medium
LOC002674,Synthetic Restaurant - Hadapsar 2674,Restaurant,"249, Temple Road, Hadapsar, Pune",Hadapsar,Pune,Pune,Maharashtra,411028,18.503957,73.921461,Low
LOC002675,Synthetic Meeting Point - Baner 2675,Meeting Point,"439, Canal Road, Baner, Pune",Baner,Pune,Pune,Maharashtra,411045,18.564901,73.787594,Medium
LOC002676,Synthetic Police Station - Katraj,Police Station,"371, Park Road, Katraj, Pune",Katraj,Pune,Pune,Maharashtra,411046,18.448876,73.862103,Low
LOC002677,Synthetic Restaurant - Kondhwa 2677,Restaurant,"142, Main Road, Kondhwa, Pune",Kondhwa,Pune,Pune,Maharashtra,411048,18.476561,73.889906,Low
LOC002678,Synthetic Police Station - Vishrantwadi,Police Station,"826, College Road, Vishrantwadi, Pune",Vishrantwadi,Pune,Pune,Maharashtra,411015,18.562745,73.885714,Medium
LOC002679,Synthetic Meeting Point - Katraj 2679,Meeting Point,"531, Main Road, Katraj, Pune",Katraj,Pune,Pune,Maharashtra,411046,18.447418,73.865204,Medium
LOC002680,Synthetic Residence - Chinchwad 2680,Residence,"676, Park Road, Chinchwad, Pune",Chinchwad,Pune,Pune,Maharashtra,411033,18.630087,73.792111,Low
LOC002681,Synthetic ATM - Yerawada 2681,ATM,"620, Nagar Road, Yerawada, Pune",Yerawada,Pune,Pune,Maharashtra,411006,18.555949,73.873156,High
LOC002682,Synthetic Transport Hub - Shivajinagar 2682,Transport Hub,"372, Station Road, Shivajinagar, Pune",Shivajinagar,Pune,Pune,Maharashtra,411005,18.530468,73.839561,Low
LOC002683,Synthetic Hotel - Yerawada 2683,Hotel,"167, Market Road, Yerawada, Pune",Yerawada,Pune,Pune,Maharashtra,411006,18.546745,73.875515,High
LOC002684,Synthetic ATM - Wakad 2684,ATM,"735, Market Road, Wakad, Pune",Wakad,Pune,Pune,Maharashtra,411057,18.595572,73.765224,Medium
LOC002685,Synthetic Crime Scene - Shivajinagar 2685,Crime Scene,"47, College Road, Shivajinagar, Pune",Shivajinagar,Pune,Pune,Maharashtra,411005,18.534367,73.845736,Low
LOC002686,Synthetic Workplace - Kondhwa 2686,Workplace,"307, Park Road, Kondhwa, Pune",Kondhwa,Pune,Pune,Maharashtra,411048,18.475685,73.891672,Low
LOC002687,Synthetic Residence - Vishrantwadi 2687,Residence,"727, Link Road, Vishrantwadi, Pune",Vishrantwadi,Pune,Pune,Maharashtra,411015,18.567748,73.883687,Medium
LOC002688,Synthetic Residence - Dhankawadi 2688,Residence,"167, Station Road, Dhankawadi, Pune",Dhankawadi,Pune,Pune,Maharashtra,411043,18.469947,73.856141,Low
LOC002689,Synthetic Residence - Dhankawadi 2689,Residence,"226, Industrial Road, Dhankawadi, Pune",Dhankawadi,Pune,Pune,Maharashtra,411043,18.463016,73.843281,Medium
LOC002690,Synthetic Workplace - Kothrud 2690,Workplace,"20, Nagar Road, Kothrud, Pune",Kothrud,Pune,Pune,Maharashtra,411038,18.500712,73.801813,Medium
LOC002691,Synthetic Warehouse - Swargate 2691,Warehouse,"408, Market Road, Swargate, Pune",Swargate,Pune,Pune,Maharashtra,411037,18.504453,73.870973,Medium
LOC002692,Synthetic Workplace - Swargate 2692,Workplace,"206, College Road, Swargate, Pune",Swargate,Pune,Pune,Maharashtra,411037,18.508902,73.856726,Medium
LOC002693,Synthetic Residence - Chinchwad 2693,Residence,"815, Canal Road, Chinchwad, Pune",Chinchwad,Pune,Pune,Maharashtra,411033,18.632323,73.796017,Medium
LOC002694,Synthetic Hotel - Baner 2694,Hotel,"686, Industrial Road, Baner, Pune",Baner,Pune,Pune,Maharashtra,411045,18.561135,73.780661,High
LOC002695,Synthetic Residence - Chinchwad 2695,Residence,"687, Link Road, Chinchwad, Pune",Chinchwad,Pune,Pune,Maharashtra,411033,18.629656,73.807443,Medium
LOC002696,Synthetic Crime Scene - Kondhwa 2696,Crime Scene,"600, Canal Road, Kondhwa, Pune",Kondhwa,Pune,Pune,Maharashtra,411048,18.46512,73.887038,Low
LOC002697,Synthetic Workplace - Bhosari 2697,Workplace,"365, Market Road, Bhosari, Pune",Bhosari,Pune,Pune,Maharashtra,411039,18.627056,73.840204,Medium
LOC002698,Synthetic Warehouse - Aundh 2698,Warehouse,"748, Temple Road, Aundh, Pune",Aundh,Pune,Pune,Maharashtra,411007,18.55727,73.799789,Medium
LOC002699,Synthetic Residence - Baner 2699,Residence,"928, Industrial Road, Baner, Pune",Baner,Pune,Pune,Maharashtra,411045,18.564846,73.783965,Low
LOC002700,Synthetic Crime Scene - Wakad 2700,Crime Scene,"731, Market Road, Wakad, Pune",Wakad,Pune,Pune,Maharashtra,411057,18.603788,73.762098,Low
LOC002701,Synthetic ATM - Katraj 2701,ATM,"783, Link Road, Katraj, Pune",Katraj,Pune,Pune,Maharashtra,411046,18.446663,73.861849,Low
LOC002702,Synthetic Crime Scene - Swargate 2702,Crime Scene,"142, Market Road, Swargate, Pune",Swargate,Pune,Pune,Maharashtra,411037,18.4945,73.859014,Medium
LOC002703,Synthetic Other - Hadapsar 2703,Other,"799, Link Road, Hadapsar, Pune",Hadapsar,Pune,Pune,Maharashtra,411028,18.501215,73.933335,Low
LOC002704,Synthetic Transport Hub - Yerawada 2704,Transport Hub,"159, College Road, Yerawada, Pune",Yerawada,Pune,Pune,Maharashtra,411006,18.547381,73.875379,High
LOC002705,Synthetic ATM - Kondhwa 2705,ATM,"364, Link Road, Kondhwa, Pune",Kondhwa,Pune,Pune,Maharashtra,411048,18.462458,73.895421,Low
LOC002706,Synthetic Other - Vishrantwadi 2706,Other,"972, Market Road, Vishrantwadi, Pune",Vishrantwadi,Pune,Pune,Maharashtra,411015,18.566012,73.884946,Low
LOC002707,Synthetic Hotel - Kothrud 2707,Hotel,"421, Park Road, Kothrud, Pune",Kothrud,Pune,Pune,Maharashtra,411038,18.508814,73.810735,Low
LOC002708,Synthetic Crime Scene - Aundh 2708,Crime Scene,"443, Industrial Road, Aundh, Pune",Aundh,Pune,Pune,Maharashtra,411007,18.565368,73.811807,Low
LOC002709,Synthetic Workplace - Dhankawadi 2709,Workplace,"387, Industrial Road, Dhankawadi, Pune",Dhankawadi,Pune,Pune,Maharashtra,411043,18.466214,73.844738,Medium
LOC002710,Synthetic Bank - Kothrud 2710,Bank,"909, Park Road, Kothrud, Pune",Kothrud,Pune,Pune,Maharashtra,411038,18.512478,73.80778,Low
LOC002711,Synthetic Other - Chinchwad 2711,Other,"357, Market Road, Chinchwad, Pune",Chinchwad,Pune,Pune,Maharashtra,411033,18.635882,73.800844,Medium
LOC002712,Synthetic Warehouse - Kondhwa 2712,Warehouse,"319, Park Road, Kondhwa, Pune",Kondhwa,Pune,Pune,Maharashtra,411048,18.467064,73.892489,Medium
LOC002713,Synthetic Residence - Pimpri 2713,Residence,"826, Nagar Road, Pimpri, Pune",Pimpri,Pune,Pune,Maharashtra,411018,18.625608,73.799819,Low
LOC002714,Synthetic Residence - Wakad 2714,Residence,"408, Link Road, Wakad, Pune",Wakad,Pune,Pune,Maharashtra,411057,18.600528,73.767054,Medium
LOC002715,Synthetic ATM - Wakad 2715,ATM,"821, Canal Road, Wakad, Pune",Wakad,Pune,Pune,Maharashtra,411057,18.602381,73.764053,Low
LOC002716,Synthetic Workplace - Katraj 2716,Workplace,"698, Park Road, Katraj, Pune",Katraj,Pune,Pune,Maharashtra,411046,18.45976,73.872498,Medium
LOC002717,Synthetic Crime Scene - Kondhwa 2717,Crime Scene,"343, Nagar Road, Kondhwa, Pune",Kondhwa,Pune,Pune,Maharashtra,411048,18.472669,73.88296,Low
LOC002718,Synthetic Meeting Point - Chinchwad 2718,Meeting Point,"734, Park Road, Chinchwad, Pune",Chinchwad,Pune,Pune,Maharashtra,411033,18.629101,73.803007,Low
LOC002719,Synthetic Workplace - Pimpri 2719,Workplace,"495, Main Road, Pimpri, Pune",Pimpri,Pune,Pune,Maharashtra,411018,18.621827,73.807683,Low
LOC002720,Synthetic Meeting Point - Bhosari 2720,Meeting Point,"65, Park Road, Bhosari, Pune",Bhosari,Pune,Pune,Maharashtra,411039,18.625565,73.853068,Low
LOC002721,Synthetic Residence - Katraj 2721,Residence,"919, Nagar Road, Katraj, Pune",Katraj,Pune,Pune,Maharashtra,411046,18.446925,73.862034,Low
LOC002722,Synthetic Crime Scene - Bhosari 2722,Crime Scene,"820, Canal Road, Bhosari, Pune",Bhosari,Pune,Pune,Maharashtra,411039,18.635858,73.847747,Low
LOC002723,Synthetic Transport Hub - Viman Nagar 2723,Transport Hub,"140, Canal Road, Viman Nagar, Pune",Viman Nagar,Pune,Pune,Maharashtra,411014,18.570825,73.91188,Medium
LOC002724,Synthetic ATM - Swargate 2724,ATM,"980, Park Road, Swargate, Pune",Swargate,Pune,Pune,Maharashtra,411037,18.502948,73.862452,Low
LOC002725,Synthetic Meeting Point - Wakad 2725,Meeting Point,"985, Canal Road, Wakad, Pune",Wakad,Pune,Pune,Maharashtra,411057,18.595574,73.769053,Low
LOC002726,Synthetic Workplace - Dhankawadi 2726,Workplace,"260, Temple Road, Dhankawadi, Pune",Dhankawadi,Pune,Pune,Maharashtra,411043,18.461612,73.841515,Low
LOC002727,Synthetic Restaurant - Aundh 2727,Restaurant,"279, Canal Road, Aundh, Pune",Aundh,Pune,Pune,Maharashtra,411007,18.557796,73.813518,High
LOC002728,Synthetic Crime Scene - Wakad 2728,Crime Scene,"802, Market Road, Wakad, Pune",Wakad,Pune,Pune,Maharashtra,411057,18.591977,73.756861,Medium
LOC002729,Synthetic Restaurant - Bhosari 2729,Restaurant,"241, College Road, Bhosari, Pune",Bhosari,Pune,Pune,Maharashtra,411039,18.623766,73.848722,Low
LOC002730,Synthetic Workplace - Shivajinagar 2730,Workplace,"887, Park Road, Shivajinagar, Pune",Shivajinagar,Pune,Pune,Maharashtra,411005,18.528172,73.852471,Low
LOC002731,Synthetic Residence - Swargate 2731,Residence,"861, Nagar Road, Swargate, Pune",Swargate,Pune,Pune,Maharashtra,411037,18.501189,73.868468,Low
LOC002732,Synthetic Residence - Aundh 2732,Residence,"922, Industrial Road, Aundh, Pune",Aundh,Pune,Pune,Maharashtra,411007,18.555333,73.811826,Low
LOC002733,Synthetic Meeting Point - Aundh 2733,Meeting Point,"188, Main Road, Aundh, Pune",Aundh,Pune,Pune,Maharashtra,411007,18.564791,73.801018,Low
LOC002734,Synthetic Transport Hub - Kondhwa 2734,Transport Hub,"565, Market Road, Kondhwa, Pune",Kondhwa,Pune,Pune,Maharashtra,411048,18.461996,73.89714,Low
LOC002735,Synthetic ATM - Viman Nagar 2735,ATM,"515, Link Road, Viman Nagar, Pune",Viman Nagar,Pune,Pune,Maharashtra,411014,18.571475,73.909462,Low
LOC002736,Synthetic Crime Scene - Pimpri 2736,Crime Scene,"774, College Road, Pimpri, Pune",Pimpri,Pune,Pune,Maharashtra,411018,18.635701,73.803673,Low
LOC002737,Synthetic Warehouse - Kothrud 2737,Warehouse,"199, Main Road, Kothrud, Pune",Kothrud,Pune,Pune,Maharashtra,411038,18.503567,73.807302,Medium
LOC002738,Synthetic Workplace - Swargate 2738,Workplace,"953, Park Road, Swargate, Pune",Swargate,Pune,Pune,Maharashtra,411037,18.506815,73.860368,Low
LOC002739,Synthetic Warehouse - Aundh 2739,Warehouse,"385, College Road, Aundh, Pune",Aundh,Pune,Pune,Maharashtra,411007,18.555403,73.808709,Low
LOC002740,Synthetic Transport Hub - Vishrantwadi 2740,Transport Hub,"763, Market Road, Vishrantwadi, Pune",Vishrantwadi,Pune,Pune,Maharashtra,411015,18.561934,73.874269,Low
LOC002741,Synthetic Police Station - Vishrantwadi,Police Station,"423, Link Road, Vishrantwadi, Pune",Vishrantwadi,Pune,Pune,Maharashtra,411015,18.572595,73.874199,Medium
LOC002742,Synthetic Residence - Hadapsar 2742,Residence,"744, Main Road, Hadapsar, Pune",Hadapsar,Pune,Pune,Maharashtra,411028,18.510573,73.928668,High
LOC002743,Synthetic Workplace - Bhosari 2743,Workplace,"854, Park Road, Bhosari, Pune",Bhosari,Pune,Pune,Maharashtra,411039,18.63586,73.847444,Low
LOC002744,Synthetic Restaurant - Kondhwa 2744,Restaurant,"41, Station Road, Kondhwa, Pune",Kondhwa,Pune,Pune,Maharashtra,411048,18.476092,73.891631,Low
LOC002745,Synthetic Residence - Dhankawadi 2745,Residence,"400, Nagar Road, Dhankawadi, Pune",Dhankawadi,Pune,Pune,Maharashtra,411043,18.474264,73.85026,High
LOC002746,Synthetic Police Station - Bhosari,Police Station,"920, Temple Road, Bhosari, Pune",Bhosari,Pune,Pune,Maharashtra,411039,18.62489,73.844683,Medium
LOC002747,Synthetic Meeting Point - Aundh 2747,Meeting Point,"140, Station Road, Aundh, Pune",Aundh,Pune,Pune,Maharashtra,411007,18.558683,73.802378,Medium
LOC002748,Synthetic Restaurant - Viman Nagar 2748,Restaurant,"267, Station Road, Viman Nagar, Pune",Viman Nagar,Pune,Pune,Maharashtra,411014,18.571478,73.922201,Low
LOC002749,Synthetic Hotel - Bhosari 2749,Hotel,"225, Station Road, Bhosari, Pune",Bhosari,Pune,Pune,Maharashtra,411039,18.632981,73.842103,Low
LOC002750,Synthetic Other - Kothrud 2750,Other,"907, Market Road, Kothrud, Pune",Kothrud,Pune,Pune,Maharashtra,411038,18.51516,73.81485,Medium
LOC002751,Synthetic Transport Hub - Aundh 2751,Transport Hub,"528, Link Road, Aundh, Pune",Aundh,Pune,Pune,Maharashtra,411007,18.556573,73.803848,Medium
LOC002752,Synthetic Residence - Katraj 2752,Residence,"292, Industrial Road, Katraj, Pune",Katraj,Pune,Pune,Maharashtra,411046,18.454982,73.868559,Low
LOC002753,Synthetic Meeting Point - Chinchwad 2753,Meeting Point,"618, Market Road, Chinchwad, Pune",Chinchwad,Pune,Pune,Maharashtra,411033,18.635217,73.799929,Medium
LOC002754,Synthetic Residence - Kothrud 2754,Residence,"272, Nagar Road, Kothrud, Pune",Kothrud,Pune,Pune,Maharashtra,411038,18.502596,73.80131,Low
LOC002755,Synthetic Crime Scene - Kondhwa 2755,Crime Scene,"996, Nagar Road, Kondhwa, Pune",Kondhwa,Pune,Pune,Maharashtra,411048,18.474748,73.885856,Medium
LOC002756,Synthetic Police Station - Viman Nagar,Police Station,"887, Link Road, Viman Nagar, Pune",Viman Nagar,Pune,Pune,Maharashtra,411014,18.567132,73.908922,Low
LOC002757,Synthetic Meeting Point - Baner 2757,Meeting Point,"270, Park Road, Baner, Pune",Baner,Pune,Pune,Maharashtra,411045,18.555496,73.783006,Low
LOC002758,Synthetic Restaurant - Katraj 2758,Restaurant,"342, Market Road, Katraj, Pune",Katraj,Pune,Pune,Maharashtra,411046,18.447828,73.872426,Medium
LOC002759,Synthetic Residence - Kothrud 2759,Residence,"139, Link Road, Kothrud, Pune",Kothrud,Pune,Pune,Maharashtra,411038,18.513881,73.814418,Medium
LOC002760,Synthetic Restaurant - Chinchwad 2760,Restaurant,"586, Main Road, Chinchwad, Pune",Chinchwad,Pune,Pune,Maharashtra,411033,18.624768,73.806113,High
LOC002761,Synthetic Restaurant - Vishrantwadi 2761,Restaurant,"486, Industrial Road, Vishrantwadi, Pune",Vishrantwadi,Pune,Pune,Maharashtra,411015,18.562524,73.870438,Low
LOC002762,Synthetic Restaurant - Chinchwad 2762,Restaurant,"660, Station Road, Chinchwad, Pune",Chinchwad,Pune,Pune,Maharashtra,411033,18.623143,73.792692,Medium
LOC002763,Synthetic Warehouse - Hadapsar 2763,Warehouse,"844, Nagar Road, Hadapsar, Pune",Hadapsar,Pune,Pune,Maharashtra,411028,18.515008,73.928105,Low
LOC002764,Synthetic Workplace - Baner 2764,Workplace,"562, College Road, Baner, Pune",Baner,Pune,Pune,Maharashtra,411045,18.55319,73.78173,Low
LOC002765,Synthetic Residence - Kothrud 2765,Residence,"789, Market Road, Kothrud, Pune",Kothrud,Pune,Pune,Maharashtra,411038,18.5097,73.800534,Low
LOC002766,Synthetic Transport Hub - Bhosari 2766,Transport Hub,"243, Link Road, Bhosari, Pune",Bhosari,Pune,Pune,Maharashtra,411039,18.627699,73.843409,Low
LOC002767,Synthetic Restaurant - Viman Nagar 2767,Restaurant,"808, Market Road, Viman Nagar, Pune",Viman Nagar,Pune,Pune,Maharashtra,411014,18.567833,73.909052,Low
LOC002768,Synthetic Workplace - Viman Nagar 2768,Workplace,"847, Industrial Road, Viman Nagar, Pune",Viman Nagar,Pune,Pune,Maharashtra,411014,18.571565,73.91775,Low
LOC002769,Synthetic Crime Scene - Swargate 2769,Crime Scene,"558, Main Road, Swargate, Pune",Swargate,Pune,Pune,Maharashtra,411037,18.504658,73.869775,Low
LOC002770,Synthetic Hotel - Shivajinagar 2770,Hotel,"91, Industrial Road, Shivajinagar, Pune",Shivajinagar,Pune,Pune,Maharashtra,411005,18.523233,73.849685,Medium
LOC002771,Synthetic Workplace - Kothrud 2771,Workplace,"951, Industrial Road, Kothrud, Pune",Kothrud,Pune,Pune,Maharashtra,411038,18.502119,73.799964,Low
LOC002772,Synthetic Other - Pimpri 2772,Other,"521, Park Road, Pimpri, Pune",Pimpri,Pune,Pune,Maharashtra,411018,18.633097,73.798803,Medium
LOC002773,Synthetic Meeting Point - Aundh 2773,Meeting Point,"895, Station Road, Aundh, Pune",Aundh,Pune,Pune,Maharashtra,411007,18.556625,73.801561,Low
LOC002774,Synthetic Residence - Vishrantwadi 2774,Residence,"351, Temple Road, Vishrantwadi, Pune",Vishrantwadi,Pune,Pune,Maharashtra,411015,18.559593,73.885521,Low
LOC002775,Synthetic Bank - Hadapsar 2775,Bank,"591, College Road, Hadapsar, Pune",Hadapsar,Pune,Pune,Maharashtra,411028,18.515283,73.931974,Medium
LOC002776,Synthetic Workplace - Yerawada 2776,Workplace,"716, Nagar Road, Yerawada, Pune",Yerawada,Pune,Pune,Maharashtra,411006,18.540997,73.88072,Low
LOC002777,Synthetic Restaurant - Katraj 2777,Restaurant,"494, College Road, Katraj, Pune",Katraj,Pune,Pune,Maharashtra,411046,18.458066,73.859919,Medium
LOC002778,Synthetic ATM - Chinchwad 2778,ATM,"995, College Road, Chinchwad, Pune",Chinchwad,Pune,Pune,Maharashtra,411033,18.636277,73.800596,High
LOC002779,Synthetic Workplace - Kothrud 2779,Workplace,"176, Station Road, Kothrud, Pune",Kothrud,Pune,Pune,Maharashtra,411038,18.511584,73.814457,Medium
LOC002780,Synthetic Transport Hub - Pimpri 2780,Transport Hub,"720, Station Road, Pimpri, Pune",Pimpri,Pune,Pune,Maharashtra,411018,18.631176,73.792212,Medium
LOC002781,Synthetic Residence - Katraj 2781,Residence,"238, Link Road, Katraj, Pune",Katraj,Pune,Pune,Maharashtra,411046,18.445619,73.866054,Medium
LOC002782,Synthetic Residence - Hadapsar 2782,Residence,"974, Station Road, Hadapsar, Pune",Hadapsar,Pune,Pune,Maharashtra,411028,18.511054,73.931004,Medium
LOC002783,Synthetic Other - Kothrud 2783,Other,"942, College Road, Kothrud, Pune",Kothrud,Pune,Pune,Maharashtra,411038,18.505839,73.806654,Low
LOC002784,Synthetic Crime Scene - Bhosari 2784,Crime Scene,"304, College Road, Bhosari, Pune",Bhosari,Pune,Pune,Maharashtra,411039,18.631014,73.839126,Low
LOC002785,Synthetic Restaurant - Dhankawadi 2785,Restaurant,"960, Industrial Road, Dhankawadi, Pune",Dhankawadi,Pune,Pune,Maharashtra,411043,18.461843,73.856148,Low
LOC002786,Synthetic Crime Scene - Katraj 2786,Crime Scene,"541, College Road, Katraj, Pune",Katraj,Pune,Pune,Maharashtra,411046,18.45068,73.858991,Low
LOC002787,Synthetic Police Station - Wakad,Police Station,"365, Park Road, Wakad, Pune",Wakad,Pune,Pune,Maharashtra,411057,18.592667,73.763378,Low
LOC002788,Synthetic Meeting Point - Wakad 2788,Meeting Point,"535, Canal Road, Wakad, Pune",Wakad,Pune,Pune,Maharashtra,411057,18.597085,73.761672,High
LOC002789,Synthetic Residence - Shivajinagar 2789,Residence,"93, Station Road, Shivajinagar, Pune",Shivajinagar,Pune,Pune,Maharashtra,411005,18.537369,73.854418,Low
LOC002790,Synthetic Residence - Wakad 2790,Residence,"80, Canal Road, Wakad, Pune",Wakad,Pune,Pune,Maharashtra,411057,18.597511,73.763792,Low
LOC002791,Synthetic Residence - Wakad 2791,Residence,"837, Station Road, Wakad, Pune",Wakad,Pune,Pune,Maharashtra,411057,18.603835,73.75683,Low
LOC002792,Synthetic Transport Hub - Baner 2792,Transport Hub,"394, Industrial Road, Baner, Pune",Baner,Pune,Pune,Maharashtra,411045,18.553476,73.785188,Medium
LOC002793,Synthetic Police Station - Swargate,Police Station,"599, Canal Road, Swargate, Pune",Swargate,Pune,Pune,Maharashtra,411037,18.495408,73.8611,High
LOC002794,Synthetic Restaurant - Dhankawadi 2794,Restaurant,"789, Temple Road, Dhankawadi, Pune",Dhankawadi,Pune,Pune,Maharashtra,411043,18.470671,73.852085,Low
LOC002795,Synthetic Crime Scene - Shivajinagar 2795,Crime Scene,"208, Canal Road, Shivajinagar, Pune",Shivajinagar,Pune,Pune,Maharashtra,411005,18.534767,73.842689,Medium
LOC002796,Synthetic Bank - Aundh 2796,Bank,"366, Link Road, Aundh, Pune",Aundh,Pune,Pune,Maharashtra,411007,18.556039,73.802289,Low
LOC002797,Synthetic Residence - Wakad 2797,Residence,"657, Nagar Road, Wakad, Pune",Wakad,Pune,Pune,Maharashtra,411057,18.591988,73.758294,Low
LOC002798,Synthetic Bank - Viman Nagar 2798,Bank,"510, Link Road, Viman Nagar, Pune",Viman Nagar,Pune,Pune,Maharashtra,411014,18.568889,73.915925,Medium
LOC002799,Synthetic Workplace - Viman Nagar 2799,Workplace,"22, Station Road, Viman Nagar, Pune",Viman Nagar,Pune,Pune,Maharashtra,411014,18.564807,73.91118,Low
LOC002800,Synthetic Police Station - Pimpri,Police Station,"444, Link Road, Pimpri, Pune",Pimpri,Pune,Pune,Maharashtra,411018,18.628788,73.802087,Medium
LOC002801,Synthetic Other - Bhosari 2801,Other,"219, Canal Road, Bhosari, Pune",Bhosari,Pune,Pune,Maharashtra,411039,18.635652,73.840368,Low
LOC002802,Synthetic Residence - Vishrantwadi 2802,Residence,"256, Market Road, Vishrantwadi, Pune",Vishrantwadi,Pune,Pune,Maharashtra,411015,18.567443,73.878415,Low
LOC002803,Synthetic Meeting Point - Yerawada 2803,Meeting Point,"473, Station Road, Yerawada, Pune",Yerawada,Pune,Pune,Maharashtra,411006,18.555452,73.883629,Low
LOC002804,Synthetic Restaurant - Wakad 2804,Restaurant,"24, Nagar Road, Wakad, Pune",Wakad,Pune,Pune,Maharashtra,411057,18.606763,73.764969,Medium
LOC002805,Synthetic Residence - Swargate 2805,Residence,"258, Canal Road, Swargate, Pune",Swargate,Pune,Pune,Maharashtra,411037,18.50419,73.856318,Low
LOC002806,Synthetic Transport Hub - Baner 2806,Transport Hub,"910, Park Road, Baner, Pune",Baner,Pune,Pune,Maharashtra,411045,18.559786,73.789515,Low
LOC002807,Synthetic Residence - Wakad 2807,Residence,"304, College Road, Wakad, Pune",Wakad,Pune,Pune,Maharashtra,411057,18.592075,73.767078,Low
LOC002808,Synthetic Workplace - Baner 2808,Workplace,"554, College Road, Baner, Pune",Baner,Pune,Pune,Maharashtra,411045,18.556465,73.787442,Medium
LOC002809,Synthetic Transport Hub - Kothrud 2809,Transport Hub,"873, Canal Road, Kothrud, Pune",Kothrud,Pune,Pune,Maharashtra,411038,18.515396,73.806174,Low
LOC002810,Synthetic Crime Scene - Shivajinagar 2810,Crime Scene,"168, Park Road, Shivajinagar, Pune",Shivajinagar,Pune,Pune,Maharashtra,411005,18.535153,73.852305,Low
LOC002811,Synthetic Meeting Point - Vishrantwadi 2811,Meeting Point,"388, College Road, Vishrantwadi, Pune",Vishrantwadi,Pune,Pune,Maharashtra,411015,18.567033,73.871763,Low
LOC002812,Synthetic Residence - Hadapsar 2812,Residence,"10, Market Road, Hadapsar, Pune",Hadapsar,Pune,Pune,Maharashtra,411028,18.506548,73.932466,Medium
LOC002813,Synthetic Hotel - Viman Nagar 2813,Hotel,"979, Park Road, Viman Nagar, Pune",Viman Nagar,Pune,Pune,Maharashtra,411014,18.574522,73.917985,Medium
LOC002814,Synthetic Workplace - Bhosari 2814,Workplace,"612, College Road, Bhosari, Pune",Bhosari,Pune,Pune,Maharashtra,411039,18.626363,73.846465,High
LOC002815,Synthetic Crime Scene - Hadapsar 2815,Crime Scene,"787, Market Road, Hadapsar, Pune",Hadapsar,Pune,Pune,Maharashtra,411028,18.513242,73.932431,Medium
LOC002816,Synthetic Restaurant - Yerawada 2816,Restaurant,"531, Main Road, Yerawada, Pune",Yerawada,Pune,Pune,Maharashtra,411006,18.552584,73.870785,High
LOC002817,Synthetic Warehouse - Kondhwa 2817,Warehouse,"114, Nagar Road, Kondhwa, Pune",Kondhwa,Pune,Pune,Maharashtra,411048,18.466253,73.883954,Low
LOC002818,Synthetic Crime Scene - Viman Nagar 2818,Crime Scene,"270, Station Road, Viman Nagar, Pune",Viman Nagar,Pune,Pune,Maharashtra,411014,18.561816,73.906987,High
LOC002819,Synthetic Meeting Point - Chinchwad 2819,Meeting Point,"856, Temple Road, Chinchwad, Pune",Chinchwad,Pune,Pune,Maharashtra,411033,18.621889,73.802269,High
LOC002820,Synthetic ATM - Aundh 2820,ATM,"321, Park Road, Aundh, Pune",Aundh,Pune,Pune,Maharashtra,411007,18.561226,73.810818,Medium
LOC002821,Synthetic Transport Hub - Katraj 2821,Transport Hub,"389, Canal Road, Katraj, Pune",Katraj,Pune,Pune,Maharashtra,411046,18.449875,73.869631,High
LOC002822,Synthetic Workplace - Shivajinagar 2822,Workplace,"658, College Road, Shivajinagar, Pune",Shivajinagar,Pune,Pune,Maharashtra,411005,18.525887,73.851685,Medium
LOC002823,Synthetic Residence - Kondhwa 2823,Residence,"655, Temple Road, Kondhwa, Pune",Kondhwa,Pune,Pune,Maharashtra,411048,18.476751,73.889398,Medium
LOC002824,Synthetic Other - Kothrud 2824,Other,"220, Industrial Road, Kothrud, Pune",Kothrud,Pune,Pune,Maharashtra,411038,18.511057,73.812188,Medium
LOC002825,Synthetic Workplace - Bhosari 2825,Workplace,"979, Nagar Road, Bhosari, Pune",Bhosari,Pune,Pune,Maharashtra,411039,18.628278,73.839896,Low
LOC002826,Synthetic Residence - Shivajinagar 2826,Residence,"280, Nagar Road, Shivajinagar, Pune",Shivajinagar,Pune,Pune,Maharashtra,411005,18.525328,73.847037,Low
LOC002827,Synthetic ATM - Bhosari 2827,ATM,"758, Park Road, Bhosari, Pune",Bhosari,Pune,Pune,Maharashtra,411039,18.635778,73.846392,High
LOC002828,Synthetic Restaurant - Wakad 2828,Restaurant,"400, College Road, Wakad, Pune",Wakad,Pune,Pune,Maharashtra,411057,18.595028,73.769153,Medium
LOC002829,Synthetic Warehouse - Chinchwad 2829,Warehouse,"202, Industrial Road, Chinchwad, Pune",Chinchwad,Pune,Pune,Maharashtra,411033,18.631226,73.795522,Low
LOC002830,Synthetic Workplace - Aundh 2830,Workplace,"678, Park Road, Aundh, Pune",Aundh,Pune,Pune,Maharashtra,411007,18.551787,73.812177,Low
LOC002831,Synthetic Workplace - Wakad 2831,Workplace,"451, College Road, Wakad, Pune",Wakad,Pune,Pune,Maharashtra,411057,18.605275,73.766194,Medium
LOC002832,Synthetic Transport Hub - Kondhwa 2832,Transport Hub,"436, Main Road, Kondhwa, Pune",Kondhwa,Pune,Pune,Maharashtra,411048,18.476844,73.888736,Medium
LOC002833,Synthetic Workplace - Wakad 2833,Workplace,"476, Market Road, Wakad, Pune",Wakad,Pune,Pune,Maharashtra,411057,18.602147,73.755543,Medium
LOC002834,Synthetic Residence - Kondhwa 2834,Residence,"464, Temple Road, Kondhwa, Pune",Kondhwa,Pune,Pune,Maharashtra,411048,18.472942,73.896083,Low
LOC002835,Synthetic Crime Scene - Dhankawadi 2835,Crime Scene,"668, Nagar Road, Dhankawadi, Pune",Dhankawadi,Pune,Pune,Maharashtra,411043,18.465336,73.849214,Low
LOC002836,Synthetic Residence - Vishrantwadi 2836,Residence,"583, Main Road, Vishrantwadi, Pune",Vishrantwadi,Pune,Pune,Maharashtra,411015,18.562237,73.883569,Low
LOC002837,Synthetic Transport Hub - Chinchwad 2837,Transport Hub,"615, Station Road, Chinchwad, Pune",Chinchwad,Pune,Pune,Maharashtra,411033,18.63165,73.800214,Low
LOC002838,Synthetic Police Station - Katraj,Police Station,"486, Nagar Road, Katraj, Pune",Katraj,Pune,Pune,Maharashtra,411046,18.455951,73.864103,Low
LOC002839,Synthetic ATM - Chinchwad 2839,ATM,"197, Station Road, Chinchwad, Pune",Chinchwad,Pune,Pune,Maharashtra,411033,18.630354,73.804724,Low
LOC002840,Synthetic Crime Scene - Swargate 2840,Crime Scene,"998, College Road, Swargate, Pune",Swargate,Pune,Pune,Maharashtra,411037,18.494037,73.858306,Low
LOC002841,Synthetic Workplace - Katraj 2841,Workplace,"606, Park Road, Katraj, Pune",Katraj,Pune,Pune,Maharashtra,411046,18.453664,73.865707,Low
LOC002842,Synthetic Police Station - Bhosari,Police Station,"221, Main Road, Bhosari, Pune",Bhosari,Pune,Pune,Maharashtra,411039,18.633092,73.844274,High
LOC002843,Synthetic Warehouse - Kondhwa 2843,Warehouse,"792, Canal Road, Kondhwa, Pune",Kondhwa,Pune,Pune,Maharashtra,411048,18.46534,73.897492,Low
LOC002844,Synthetic Restaurant - Vishrantwadi 2844,Restaurant,"815, Link Road, Vishrantwadi, Pune",Vishrantwadi,Pune,Pune,Maharashtra,411015,18.570701,73.885554,Low
LOC002845,Synthetic ATM - Pimpri 2845,ATM,"524, Canal Road, Pimpri, Pune",Pimpri,Pune,Pune,Maharashtra,411018,18.625108,73.806857,Medium
LOC002846,Synthetic Bank - Yerawada 2846,Bank,"457, Nagar Road, Yerawada, Pune",Yerawada,Pune,Pune,Maharashtra,411006,18.542705,73.88398,Medium
LOC002847,Synthetic Residence - Kothrud 2847,Residence,"278, Temple Road, Kothrud, Pune",Kothrud,Pune,Pune,Maharashtra,411038,18.503426,73.808581,Medium
LOC002848,Synthetic Bank - Dhankawadi 2848,Bank,"168, Canal Road, Dhankawadi, Pune",Dhankawadi,Pune,Pune,Maharashtra,411043,18.460257,73.842556,Low
LOC002849,Synthetic Residence - Hadapsar 2849,Residence,"730, Nagar Road, Hadapsar, Pune",Hadapsar,Pune,Pune,Maharashtra,411028,18.513639,73.93006,Low
LOC002850,Synthetic Crime Scene - Katraj 2850,Crime Scene,"710, Park Road, Katraj, Pune",Katraj,Pune,Pune,Maharashtra,411046,18.446077,73.860659,Low
LOC002851,Synthetic Transport Hub - Pimpri 2851,Transport Hub,"512, College Road, Pimpri, Pune",Pimpri,Pune,Pune,Maharashtra,411018,18.623217,73.797251,Medium
LOC002852,Synthetic Residence - Shivajinagar 2852,Residence,"475, Canal Road, Shivajinagar, Pune",Shivajinagar,Pune,Pune,Maharashtra,411005,18.526696,73.846223,Low
LOC002853,Synthetic Transport Hub - Bhosari 2853,Transport Hub,"296, Station Road, Bhosari, Pune",Bhosari,Pune,Pune,Maharashtra,411039,18.635899,73.853479,Low
LOC002854,Synthetic Transport Hub - Pimpri 2854,Transport Hub,"422, Park Road, Pimpri, Pune",Pimpri,Pune,Pune,Maharashtra,411018,18.625792,73.803094,Medium
LOC002855,Synthetic Transport Hub - Kondhwa 2855,Transport Hub,"222, Canal Road, Kondhwa, Pune",Kondhwa,Pune,Pune,Maharashtra,411048,18.46853,73.896128,Low
LOC002856,Synthetic Meeting Point - Kondhwa 2856,Meeting Point,"427, Park Road, Kondhwa, Pune",Kondhwa,Pune,Pune,Maharashtra,411048,18.465204,73.8907,Low
LOC002857,Synthetic Bank - Pimpri 2857,Bank,"206, Link Road, Pimpri, Pune",Pimpri,Pune,Pune,Maharashtra,411018,18.633394,73.795864,Medium
LOC002858,Synthetic Bank - Swargate 2858,Bank,"75, Station Road, Swargate, Pune",Swargate,Pune,Pune,Maharashtra,411037,18.494407,73.860544,Medium
LOC002859,Synthetic Transport Hub - Dhankawadi 2859,Transport Hub,"916, College Road, Dhankawadi, Pune",Dhankawadi,Pune,Pune,Maharashtra,411043,18.468252,73.84957,Medium
LOC002860,Synthetic Police Station - Swargate,Police Station,"482, Park Road, Swargate, Pune",Swargate,Pune,Pune,Maharashtra,411037,18.504352,73.866814,Medium
LOC002861,Synthetic Workplace - Hadapsar 2861,Workplace,"492, Nagar Road, Hadapsar, Pune",Hadapsar,Pune,Pune,Maharashtra,411028,18.51023,73.919648,Medium
LOC002862,Synthetic Warehouse - Dhankawadi 2862,Warehouse,"238, Link Road, Dhankawadi, Pune",Dhankawadi,Pune,Pune,Maharashtra,411043,18.474543,73.854888,Medium
LOC002863,Synthetic Police Station - Dhankawadi,Police Station,"737, Park Road, Dhankawadi, Pune",Dhankawadi,Pune,Pune,Maharashtra,411043,18.470183,73.846663,Low
LOC002864,Synthetic Residence - Chinchwad 2864,Residence,"600, Industrial Road, Chinchwad, Pune",Chinchwad,Pune,Pune,Maharashtra,411033,18.62744,73.805189,High
LOC002865,Synthetic Crime Scene - Baner 2865,Crime Scene,"441, Market Road, Baner, Pune",Baner,Pune,Pune,Maharashtra,411045,18.566864,73.794201,Low
LOC002866,Synthetic Residence - Pimpri 2866,Residence,"358, Link Road, Pimpri, Pune",Pimpri,Pune,Pune,Maharashtra,411018,18.633274,73.804899,Low
LOC002867,Synthetic Crime Scene - Baner 2867,Crime Scene,"597, Nagar Road, Baner, Pune",Baner,Pune,Pune,Maharashtra,411045,18.553635,73.791533,Low
LOC002868,Synthetic Hotel - Baner 2868,Hotel,"315, Main Road, Baner, Pune",Baner,Pune,Pune,Maharashtra,411045,18.566738,73.786348,Medium
LOC002869,Synthetic Meeting Point - Shivajinagar 2869,Meeting Point,"802, Link Road, Shivajinagar, Pune",Shivajinagar,Pune,Pune,Maharashtra,411005,18.528647,73.852713,Low
LOC002870,Synthetic Workplace - Viman Nagar 2870,Workplace,"617, Main Road, Viman Nagar, Pune",Viman Nagar,Pune,Pune,Maharashtra,411014,18.566565,73.908629,Medium
LOC002871,Synthetic Residence - Swargate 2871,Residence,"855, Nagar Road, Swargate, Pune",Swargate,Pune,Pune,Maharashtra,411037,18.502977,73.85811,Low
LOC002872,Synthetic Workplace - Dhankawadi 2872,Workplace,"273, Station Road, Dhankawadi, Pune",Dhankawadi,Pune,Pune,Maharashtra,411043,18.461518,73.849563,Low
LOC002873,Synthetic Meeting Point - Kothrud 2873,Meeting Point,"959, Temple Road, Kothrud, Pune",Kothrud,Pune,Pune,Maharashtra,411038,18.50192,73.807656,High
LOC002874,Synthetic Crime Scene - Baner 2874,Crime Scene,"490, Canal Road, Baner, Pune",Baner,Pune,Pune,Maharashtra,411045,18.55993,73.780392,Low
LOC002875,Synthetic Residence - Swargate 2875,Residence,"199, Temple Road, Swargate, Pune",Swargate,Pune,Pune,Maharashtra,411037,18.501888,73.869356,Low
LOC002876,Synthetic ATM - Hadapsar 2876,ATM,"692, Market Road, Hadapsar, Pune",Hadapsar,Pune,Pune,Maharashtra,411028,18.505163,73.923919,Medium
LOC002877,Synthetic Hotel - Chinchwad 2877,Hotel,"521, College Road, Chinchwad, Pune",Chinchwad,Pune,Pune,Maharashtra,411033,18.627032,73.805895,Medium
LOC002878,Synthetic Crime Scene - Hadapsar 2878,Crime Scene,"702, Industrial Road, Hadapsar, Pune",Hadapsar,Pune,Pune,Maharashtra,411028,18.514607,73.918759,Medium
LOC002879,Synthetic Police Station - Pimpri,Police Station,"451, College Road, Pimpri, Pune",Pimpri,Pune,Pune,Maharashtra,411018,18.621834,73.798558,Low
LOC002880,Synthetic Residence - Vishrantwadi 2880,Residence,"546, Main Road, Vishrantwadi, Pune",Vishrantwadi,Pune,Pune,Maharashtra,411015,18.572379,73.871707,Medium
LOC002881,Synthetic Warehouse - Aundh 2881,Warehouse,"957, Nagar Road, Aundh, Pune",Aundh,Pune,Pune,Maharashtra,411007,18.558858,73.805103,Low
LOC002882,Synthetic Workplace - Chinchwad 2882,Workplace,"869, Park Road, Chinchwad, Pune",Chinchwad,Pune,Pune,Maharashtra,411033,18.624183,73.796645,Low
LOC002883,Synthetic Warehouse - Hadapsar 2883,Warehouse,"184, Canal Road, Hadapsar, Pune",Hadapsar,Pune,Pune,Maharashtra,411028,18.515205,73.929689,Medium
LOC002884,Synthetic Police Station - Baner,Police Station,"879, Industrial Road, Baner, Pune",Baner,Pune,Pune,Maharashtra,411045,18.554042,73.794608,Low
LOC002885,Synthetic Bank - Vishrantwadi 2885,Bank,"211, Temple Road, Vishrantwadi, Pune",Vishrantwadi,Pune,Pune,Maharashtra,411015,18.569358,73.873057,Low
LOC002886,Synthetic Warehouse - Katraj 2886,Warehouse,"924, Market Road, Katraj, Pune",Katraj,Pune,Pune,Maharashtra,411046,18.460863,73.866427,Low
LOC002887,Synthetic ATM - Hadapsar 2887,ATM,"437, Link Road, Hadapsar, Pune",Hadapsar,Pune,Pune,Maharashtra,411028,18.513535,73.926115,Medium
LOC002888,Synthetic Residence - Chinchwad 2888,Residence,"527, Industrial Road, Chinchwad, Pune",Chinchwad,Pune,Pune,Maharashtra,411033,18.63721,73.807044,Medium
LOC002889,Synthetic Residence - Kothrud 2889,Residence,"617, Market Road, Kothrud, Pune",Kothrud,Pune,Pune,Maharashtra,411038,18.500877,73.809964,Medium
LOC002890,Synthetic Residence - Katraj 2890,Residence,"748, College Road, Katraj, Pune",Katraj,Pune,Pune,Maharashtra,411046,18.449438,73.867348,Medium
LOC002891,Synthetic Workplace - Aundh 2891,Workplace,"521, Station Road, Aundh, Pune",Aundh,Pune,Pune,Maharashtra,411007,18.561844,73.802849,Low
LOC002892,Synthetic Crime Scene - Baner 2892,Crime Scene,"895, College Road, Baner, Pune",Baner,Pune,Pune,Maharashtra,411045,18.562122,73.787845,Low
LOC002893,Synthetic Residence - Bhosari 2893,Residence,"855, Industrial Road, Bhosari, Pune",Bhosari,Pune,Pune,Maharashtra,411039,18.629581,73.845443,Low
LOC002894,Synthetic Transport Hub - Viman Nagar 2894,Transport Hub,"292, Park Road, Viman Nagar, Pune",Viman Nagar,Pune,Pune,Maharashtra,411014,18.573991,73.920452,Medium
LOC002895,Synthetic Crime Scene - Aundh 2895,Crime Scene,"596, Nagar Road, Aundh, Pune",Aundh,Pune,Pune,Maharashtra,411007,18.558751,73.80866,Medium
LOC002896,Synthetic Transport Hub - Bhosari 2896,Transport Hub,"956, Station Road, Bhosari, Pune",Bhosari,Pune,Pune,Maharashtra,411039,18.628674,73.843604,Low
LOC002897,Synthetic Residence - Aundh 2897,Residence,"846, Nagar Road, Aundh, Pune",Aundh,Pune,Pune,Maharashtra,411007,18.565488,73.813506,High
LOC002898,Synthetic Residence - Swargate 2898,Residence,"984, Link Road, Swargate, Pune",Swargate,Pune,Pune,Maharashtra,411037,18.502551,73.866453,High
LOC002899,Synthetic Bank - Hadapsar 2899,Bank,"651, Nagar Road, Hadapsar, Pune",Hadapsar,Pune,Pune,Maharashtra,411028,18.516549,73.92987,Low
LOC002900,Synthetic Warehouse - Yerawada 2900,Warehouse,"644, Link Road, Yerawada, Pune",Yerawada,Pune,Pune,Maharashtra,411006,18.54692,73.881457,Medium
LOC002901,Synthetic Residence - Bhosari 2901,Residence,"319, Link Road, Bhosari, Pune",Bhosari,Pune,Pune,Maharashtra,411039,18.625167,73.839922,Low
LOC002902,Synthetic Workplace - Kondhwa 2902,Workplace,"836, Market Road, Kondhwa, Pune",Kondhwa,Pune,Pune,Maharashtra,411048,18.475148,73.885563,Low
LOC002903,Synthetic Transport Hub - Chinchwad 2903,Transport Hub,"666, Temple Road, Chinchwad, Pune",Chinchwad,Pune,Pune,Maharashtra,411033,18.625094,73.799363,Low
LOC002904,Synthetic Meeting Point - Dhankawadi 2904,Meeting Point,"998, Canal Road, Dhankawadi, Pune",Dhankawadi,Pune,Pune,Maharashtra,411043,18.467234,73.854707,Medium
LOC002905,Synthetic ATM - Chinchwad 2905,ATM,"436, Nagar Road, Chinchwad, Pune",Chinchwad,Pune,Pune,Maharashtra,411033,18.632206,73.793243,Low
LOC002906,Synthetic ATM - Aundh 2906,ATM,"644, Industrial Road, Aundh, Pune",Aundh,Pune,Pune,Maharashtra,411007,18.55385,73.810119,Low
LOC002907,Synthetic Workplace - Kothrud 2907,Workplace,"896, Station Road, Kothrud, Pune",Kothrud,Pune,Pune,Maharashtra,411038,18.51492,73.808399,High
LOC002908,Synthetic Workplace - Bhosari 2908,Workplace,"29, College Road, Bhosari, Pune",Bhosari,Pune,Pune,Maharashtra,411039,18.628672,73.843348,Low
LOC002909,Synthetic Residence - Bhosari 2909,Residence,"58, Temple Road, Bhosari, Pune",Bhosari,Pune,Pune,Maharashtra,411039,18.630311,73.848298,High
LOC002910,Synthetic Transport Hub - Kondhwa 2910,Transport Hub,"334, Nagar Road, Kondhwa, Pune",Kondhwa,Pune,Pune,Maharashtra,411048,18.476673,73.896373,Low
LOC002911,Synthetic Workplace - Pimpri 2911,Workplace,"951, Main Road, Pimpri, Pune",Pimpri,Pune,Pune,Maharashtra,411018,18.626726,73.801199,Low
LOC002912,Synthetic Hotel - Vishrantwadi 2912,Hotel,"597, Link Road, Vishrantwadi, Pune",Vishrantwadi,Pune,Pune,Maharashtra,411015,18.571728,73.875366,Low
LOC002913,Synthetic Workplace - Katraj 2913,Workplace,"830, Market Road, Katraj, Pune",Katraj,Pune,Pune,Maharashtra,411046,18.453697,73.857509,Low
LOC002914,Synthetic Residence - Chinchwad 2914,Residence,"935, Market Road, Chinchwad, Pune",Chinchwad,Pune,Pune,Maharashtra,411033,18.637064,73.798571,Low
LOC002915,Synthetic Police Station - Shivajinagar,Police Station,"696, Nagar Road, Shivajinagar, Pune",Shivajinagar,Pune,Pune,Maharashtra,411005,18.536723,73.854807,Medium
LOC002916,Synthetic Workplace - Viman Nagar 2916,Workplace,"333, Canal Road, Viman Nagar, Pune",Viman Nagar,Pune,Pune,Maharashtra,411014,18.560191,73.917214,Low
LOC002917,Synthetic Police Station - Yerawada,Police Station,"173, Link Road, Yerawada, Pune",Yerawada,Pune,Pune,Maharashtra,411006,18.552575,73.875244,Low
LOC002918,Synthetic Residence - Hadapsar 2918,Residence,"964, College Road, Hadapsar, Pune",Hadapsar,Pune,Pune,Maharashtra,411028,18.506873,73.920841,Low
LOC002919,Synthetic Bank - Swargate 2919,Bank,"596, Link Road, Swargate, Pune",Swargate,Pune,Pune,Maharashtra,411037,18.506456,73.861342,Low
LOC002920,Synthetic Residence - Yerawada 2920,Residence,"688, Market Road, Yerawada, Pune",Yerawada,Pune,Pune,Maharashtra,411006,18.552956,73.871794,Medium
LOC002921,Synthetic Residence - Dhankawadi 2921,Residence,"755, Station Road, Dhankawadi, Pune",Dhankawadi,Pune,Pune,Maharashtra,411043,18.46839,73.853754,Medium
LOC002922,Synthetic Transport Hub - Pimpri 2922,Transport Hub,"366, Link Road, Pimpri, Pune",Pimpri,Pune,Pune,Maharashtra,411018,18.626751,73.797075,Medium
LOC002923,Synthetic Workplace - Wakad 2923,Workplace,"930, Canal Road, Wakad, Pune",Wakad,Pune,Pune,Maharashtra,411057,18.592855,73.756381,Medium
LOC002924,Synthetic Bank - Baner 2924,Bank,"214, Canal Road, Baner, Pune",Baner,Pune,Pune,Maharashtra,411045,18.5512,73.786019,Medium
LOC002925,Synthetic ATM - Viman Nagar 2925,ATM,"434, Station Road, Viman Nagar, Pune",Viman Nagar,Pune,Pune,Maharashtra,411014,18.573207,73.91917,Low
LOC002926,Synthetic Residence - Swargate 2926,Residence,"932, Canal Road, Swargate, Pune",Swargate,Pune,Pune,Maharashtra,411037,18.495044,73.86611,Low
LOC002927,Synthetic Residence - Kothrud 2927,Residence,"621, Canal Road, Kothrud, Pune",Kothrud,Pune,Pune,Maharashtra,411038,18.5027,73.807687,Medium
LOC002928,Synthetic Residence - Viman Nagar 2928,Residence,"154, Canal Road, Viman Nagar, Pune",Viman Nagar,Pune,Pune,Maharashtra,411014,18.575648,73.910658,High
LOC002929,Synthetic Crime Scene - Vishrantwadi 2929,Crime Scene,"78, Station Road, Vishrantwadi, Pune",Vishrantwadi,Pune,Pune,Maharashtra,411015,18.565948,73.880535,Medium
LOC002930,Synthetic ATM - Aundh 2930,ATM,"25, College Road, Aundh, Pune",Aundh,Pune,Pune,Maharashtra,411007,18.560198,73.810237,Medium
LOC002931,Synthetic Residence - Baner 2931,Residence,"412, College Road, Baner, Pune",Baner,Pune,Pune,Maharashtra,411045,18.554816,73.78493,Low
LOC002932,Synthetic Transport Hub - Kondhwa 2932,Transport Hub,"227, Temple Road, Kondhwa, Pune",Kondhwa,Pune,Pune,Maharashtra,411048,18.462565,73.883341,High
LOC002933,Synthetic Bank - Kondhwa 2933,Bank,"924, Nagar Road, Kondhwa, Pune",Kondhwa,Pune,Pune,Maharashtra,411048,18.471607,73.897904,Low
LOC002934,Synthetic Residence - Wakad 2934,Residence,"396, College Road, Wakad, Pune",Wakad,Pune,Pune,Maharashtra,411057,18.60153,73.755903,Low
LOC002935,Synthetic Police Station - Chinchwad,Police Station,"829, Temple Road, Chinchwad, Pune",Chinchwad,Pune,Pune,Maharashtra,411033,18.629796,73.8006,High
LOC002936,Synthetic Meeting Point - Vishrantwadi 2936,Meeting Point,"441, Link Road, Vishrantwadi, Pune",Vishrantwadi,Pune,Pune,Maharashtra,411015,18.564606,73.885231,Medium
LOC002937,Synthetic Meeting Point - Katraj 2937,Meeting Point,"936, Nagar Road, Katraj, Pune",Katraj,Pune,Pune,Maharashtra,411046,18.452595,73.86207,Medium
LOC002938,Synthetic Workplace - Yerawada 2938,Workplace,"612, Nagar Road, Yerawada, Pune",Yerawada,Pune,Pune,Maharashtra,411006,18.552956,73.881025,Medium
LOC002939,Synthetic Transport Hub - Viman Nagar 2939,Transport Hub,"403, Park Road, Viman Nagar, Pune",Viman Nagar,Pune,Pune,Maharashtra,411014,18.562948,73.913897,Low
LOC002940,Synthetic Residence - Chinchwad 2940,Residence,"796, Temple Road, Chinchwad, Pune",Chinchwad,Pune,Pune,Maharashtra,411033,18.635875,73.803964,Low
LOC002941,Synthetic Meeting Point - Wakad 2941,Meeting Point,"23, Station Road, Wakad, Pune",Wakad,Pune,Pune,Maharashtra,411057,18.592617,73.768052,Low
LOC002942,Synthetic Residence - Kothrud 2942,Residence,"676, Park Road, Kothrud, Pune",Kothrud,Pune,Pune,Maharashtra,411038,18.50461,73.806452,Low
LOC002943,Synthetic Residence - Dhankawadi 2943,Residence,"76, Canal Road, Dhankawadi, Pune",Dhankawadi,Pune,Pune,Maharashtra,411043,18.468089,73.842273,Medium
LOC002944,Synthetic Other - Chinchwad 2944,Other,"291, Station Road, Chinchwad, Pune",Chinchwad,Pune,Pune,Maharashtra,411033,18.630528,73.799819,Low
LOC002945,Synthetic Restaurant - Kothrud 2945,Restaurant,"308, Market Road, Kothrud, Pune",Kothrud,Pune,Pune,Maharashtra,411038,18.504847,73.80834,Medium
LOC002946,Synthetic Meeting Point - Kondhwa 2946,Meeting Point,"505, Temple Road, Kondhwa, Pune",Kondhwa,Pune,Pune,Maharashtra,411048,18.472712,73.889332,High
LOC002947,Synthetic Hotel - Pimpri 2947,Hotel,"477, Temple Road, Pimpri, Pune",Pimpri,Pune,Pune,Maharashtra,411018,18.637708,73.806084,Low
LOC002948,Synthetic Other - Bhosari 2948,Other,"196, College Road, Bhosari, Pune",Bhosari,Pune,Pune,Maharashtra,411039,18.624877,73.845371,Low
LOC002949,Synthetic Crime Scene - Yerawada 2949,Crime Scene,"58, Market Road, Yerawada, Pune",Yerawada,Pune,Pune,Maharashtra,411006,18.550791,73.872137,Low
LOC002950,Synthetic Crime Scene - Katraj 2950,Crime Scene,"911, Market Road, Katraj, Pune",Katraj,Pune,Pune,Maharashtra,411046,18.45399,73.858643,Low
LOC002951,Synthetic Workplace - Kothrud 2951,Workplace,"427, Temple Road, Kothrud, Pune",Kothrud,Pune,Pune,Maharashtra,411038,18.504678,73.806837,Low
LOC002952,Synthetic Workplace - Hadapsar 2952,Workplace,"798, Link Road, Hadapsar, Pune",Hadapsar,Pune,Pune,Maharashtra,411028,18.508551,73.918351,Low
LOC002953,Synthetic Other - Viman Nagar 2953,Other,"103, Link Road, Viman Nagar, Pune",Viman Nagar,Pune,Pune,Maharashtra,411014,18.574536,73.916409,Medium
LOC002954,Synthetic Residence - Baner 2954,Residence,"111, Industrial Road, Baner, Pune",Baner,Pune,Pune,Maharashtra,411045,18.561946,73.79005,Low
LOC002955,Synthetic Restaurant - Shivajinagar 2955,Restaurant,"820, Park Road, Shivajinagar, Pune",Shivajinagar,Pune,Pune,Maharashtra,411005,18.528709,73.843712,Medium
LOC002956,Synthetic Transport Hub - Yerawada 2956,Transport Hub,"400, Park Road, Yerawada, Pune",Yerawada,Pune,Pune,Maharashtra,411006,18.545633,73.884965,Low
LOC002957,Synthetic Residence - Aundh 2957,Residence,"495, Main Road, Aundh, Pune",Aundh,Pune,Pune,Maharashtra,411007,18.554171,73.808905,Medium
LOC002958,Synthetic Residence - Chinchwad 2958,Residence,"935, Link Road, Chinchwad, Pune",Chinchwad,Pune,Pune,Maharashtra,411033,18.630554,73.795917,High
LOC002959,Synthetic Hotel - Dhankawadi 2959,Hotel,"907, Station Road, Dhankawadi, Pune",Dhankawadi,Pune,Pune,Maharashtra,411043,18.459546,73.856575,Low
LOC002960,Synthetic Workplace - Aundh 2960,Workplace,"184, Industrial Road, Aundh, Pune",Aundh,Pune,Pune,Maharashtra,411007,18.551672,73.799198,Medium
LOC002961,Synthetic Residence - Vishrantwadi 2961,Residence,"249, Canal Road, Vishrantwadi, Pune",Vishrantwadi,Pune,Pune,Maharashtra,411015,18.570273,73.873309,Medium
LOC002962,Synthetic Crime Scene - Kondhwa 2962,Crime Scene,"222, Link Road, Kondhwa, Pune",Kondhwa,Pune,Pune,Maharashtra,411048,18.470639,73.88433,Medium
LOC002963,Synthetic Workplace - Kothrud 2963,Workplace,"177, Main Road, Kothrud, Pune",Kothrud,Pune,Pune,Maharashtra,411038,18.512119,73.808317,Low
LOC002964,Synthetic Crime Scene - Pimpri 2964,Crime Scene,"111, Canal Road, Pimpri, Pune",Pimpri,Pune,Pune,Maharashtra,411018,18.62561,73.802065,Low
LOC002965,Synthetic Transport Hub - Shivajinagar 2965,Transport Hub,"917, Station Road, Shivajinagar, Pune",Shivajinagar,Pune,Pune,Maharashtra,411005,18.524519,73.840577,High
LOC002966,Synthetic Police Station - Shivajinagar,Police Station,"478, Market Road, Shivajinagar, Pune",Shivajinagar,Pune,Pune,Maharashtra,411005,18.523261,73.841739,Medium
LOC002967,Synthetic Residence - Aundh 2967,Residence,"582, Industrial Road, Aundh, Pune",Aundh,Pune,Pune,Maharashtra,411007,18.560223,73.808439,Medium
LOC002968,Synthetic Hotel - Aundh 2968,Hotel,"898, Temple Road, Aundh, Pune",Aundh,Pune,Pune,Maharashtra,411007,18.564748,73.801618,Medium
LOC002969,Synthetic Workplace - Kothrud 2969,Workplace,"183, Canal Road, Kothrud, Pune",Kothrud,Pune,Pune,Maharashtra,411038,18.505574,73.808031,Low
LOC002970,Synthetic Police Station - Viman Nagar,Police Station,"793, Main Road, Viman Nagar, Pune",Viman Nagar,Pune,Pune,Maharashtra,411014,18.571961,73.917348,Low
LOC002971,Synthetic Other - Dhankawadi 2971,Other,"465, Main Road, Dhankawadi, Pune",Dhankawadi,Pune,Pune,Maharashtra,411043,18.471085,73.852339,Low
LOC002972,Synthetic Other - Bhosari 2972,Other,"862, Park Road, Bhosari, Pune",Bhosari,Pune,Pune,Maharashtra,411039,18.629939,73.848357,Low
LOC002973,Synthetic Crime Scene - Baner 2973,Crime Scene,"170, Canal Road, Baner, Pune",Baner,Pune,Pune,Maharashtra,411045,18.560767,73.780812,Medium
LOC002974,Synthetic Crime Scene - Kondhwa 2974,Crime Scene,"301, College Road, Kondhwa, Pune",Kondhwa,Pune,Pune,Maharashtra,411048,18.467255,73.889664,Low
LOC002975,Synthetic Workplace - Bhosari 2975,Workplace,"895, Market Road, Bhosari, Pune",Bhosari,Pune,Pune,Maharashtra,411039,18.626961,73.843687,Medium
LOC002976,Synthetic Other - Dhankawadi 2976,Other,"962, Park Road, Dhankawadi, Pune",Dhankawadi,Pune,Pune,Maharashtra,411043,18.461567,73.846314,Low
LOC002977,Synthetic Crime Scene - Baner 2977,Crime Scene,"947, Park Road, Baner, Pune",Baner,Pune,Pune,Maharashtra,411045,18.560957,73.793058,Medium
LOC002978,Synthetic Residence - Vishrantwadi 2978,Residence,"27, College Road, Vishrantwadi, Pune",Vishrantwadi,Pune,Pune,Maharashtra,411015,18.568055,73.877314,Low
LOC002979,Synthetic Workplace - Hadapsar 2979,Workplace,"269, Industrial Road, Hadapsar, Pune",Hadapsar,Pune,Pune,Maharashtra,411028,18.502813,73.924126,Low
LOC002980,Synthetic Meeting Point - Aundh 2980,Meeting Point,"750, Temple Road, Aundh, Pune",Aundh,Pune,Pune,Maharashtra,411007,18.555739,73.813962,Low
LOC002981,Synthetic ATM - Baner 2981,ATM,"304, Market Road, Baner, Pune",Baner,Pune,Pune,Maharashtra,411045,18.564948,73.782482,Medium
LOC002982,Synthetic Police Station - Viman Nagar,Police Station,"965, Industrial Road, Viman Nagar, Pune",Viman Nagar,Pune,Pune,Maharashtra,411014,18.561916,73.913412,Low
LOC002983,Synthetic Restaurant - Vishrantwadi 2983,Restaurant,"798, Nagar Road, Vishrantwadi, Pune",Vishrantwadi,Pune,Pune,Maharashtra,411015,18.563027,73.877318,Low
LOC002984,Synthetic ATM - Dhankawadi 2984,ATM,"713, Main Road, Dhankawadi, Pune",Dhankawadi,Pune,Pune,Maharashtra,411043,18.472647,73.84488,Medium
LOC002985,Synthetic Meeting Point - Wakad 2985,Meeting Point,"102, Park Road, Wakad, Pune",Wakad,Pune,Pune,Maharashtra,411057,18.599687,73.766198,Medium
LOC002986,Synthetic ATM - Bhosari 2986,ATM,"561, Main Road, Bhosari, Pune",Bhosari,Pune,Pune,Maharashtra,411039,18.623853,73.848773,Low
LOC002987,Synthetic Police Station - Aundh,Police Station,"609, Temple Road, Aundh, Pune",Aundh,Pune,Pune,Maharashtra,411007,18.558949,73.803134,Medium
LOC002988,Synthetic Warehouse - Pimpri 2988,Warehouse,"531, Canal Road, Pimpri, Pune",Pimpri,Pune,Pune,Maharashtra,411018,18.624268,73.799216,Medium
LOC002989,Synthetic Workplace - Swargate 2989,Workplace,"198, Industrial Road, Swargate, Pune",Swargate,Pune,Pune,Maharashtra,411037,18.506194,73.865482,Low
LOC002990,Synthetic Residence - Hadapsar 2990,Residence,"527, Industrial Road, Hadapsar, Pune",Hadapsar,Pune,Pune,Maharashtra,411028,18.501694,73.919216,Low
LOC002991,Synthetic Residence - Dhankawadi 2991,Residence,"649, College Road, Dhankawadi, Pune",Dhankawadi,Pune,Pune,Maharashtra,411043,18.471958,73.852906,Low
LOC002992,Synthetic Other - Yerawada 2992,Other,"607, Industrial Road, Yerawada, Pune",Yerawada,Pune,Pune,Maharashtra,411006,18.543417,73.876708,Low
LOC002993,Synthetic Bank - Kondhwa 2993,Bank,"242, Nagar Road, Kondhwa, Pune",Kondhwa,Pune,Pune,Maharashtra,411048,18.46259,73.887736,Medium
LOC002994,Synthetic Bank - Wakad 2994,Bank,"620, Nagar Road, Wakad, Pune",Wakad,Pune,Pune,Maharashtra,411057,18.595192,73.769959,Low
LOC002995,Synthetic Workplace - Viman Nagar 2995,Workplace,"61, Park Road, Viman Nagar, Pune",Viman Nagar,Pune,Pune,Maharashtra,411014,18.561356,73.914668,Medium
LOC002996,Synthetic Meeting Point - Vishrantwadi 2996,Meeting Point,"194, College Road, Vishrantwadi, Pune",Vishrantwadi,Pune,Pune,Maharashtra,411015,18.563326,73.871634,High
LOC002997,Synthetic Workplace - Kothrud 2997,Workplace,"286, Nagar Road, Kothrud, Pune",Kothrud,Pune,Pune,Maharashtra,411038,18.510637,73.806609,Medium
LOC002998,Synthetic Workplace - Katraj 2998,Workplace,"646, Park Road, Katraj, Pune",Katraj,Pune,Pune,Maharashtra,411046,18.445734,73.868386,Low
LOC002999,Synthetic Crime Scene - Kothrud 2999,Crime Scene,"999, Canal Road, Kothrud, Pune",Kothrud,Pune,Pune,Maharashtra,411038,18.514349,73.806533,Low
LOC003000,Synthetic Transport Hub - Baner 3000,Transport Hub,"260, College Road, Baner, Pune",Baner,Pune,Pune,Maharashtra,411045,18.561306,73.780356,Low
LOC003001,Synthetic Workplace - Swargate 3001,Workplace,"147, Market Road, Swargate, Pune",Swargate,Pune,Pune,Maharashtra,411037,18.49552,73.87101,High
LOC003002,Synthetic Restaurant - Katraj 3002,Restaurant,"877, Park Road, Katraj, Pune",Katraj,Pune,Pune,Maharashtra,411046,18.455252,73.863412,Medium
LOC003003,Synthetic ATM - Bhosari 3003,ATM,"67, College Road, Bhosari, Pune",Bhosari,Pune,Pune,Maharashtra,411039,18.634624,73.843687,Medium
LOC003004,Synthetic Residence - Viman Nagar 3004,Residence,"465, Main Road, Viman Nagar, Pune",Viman Nagar,Pune,Pune,Maharashtra,411014,18.562167,73.914456,Medium
LOC003005,Synthetic Workplace - Bhosari 3005,Workplace,"703, Station Road, Bhosari, Pune",Bhosari,Pune,Pune,Maharashtra,411039,18.637735,73.853464,Low
LOC003006,Synthetic Workplace - Vishrantwadi 3006,Workplace,"747, Canal Road, Vishrantwadi, Pune",Vishrantwadi,Pune,Pune,Maharashtra,411015,18.563868,73.879872,Low
LOC003007,Synthetic Workplace - Shivajinagar 3007,Workplace,"429, Station Road, Shivajinagar, Pune",Shivajinagar,Pune,Pune,Maharashtra,411005,18.534206,73.85336,Low
LOC003008,Synthetic Transport Hub - Viman Nagar 3008,Transport Hub,"814, Main Road, Viman Nagar, Pune",Viman Nagar,Pune,Pune,Maharashtra,411014,18.562069,73.906771,Low
LOC003009,Synthetic Crime Scene - Baner 3009,Crime Scene,"668, Canal Road, Baner, Pune",Baner,Pune,Pune,Maharashtra,411045,18.559497,73.788604,Low
LOC003010,Synthetic Restaurant - Vishrantwadi 3010,Restaurant,"507, Station Road, Vishrantwadi, Pune",Vishrantwadi,Pune,Pune,Maharashtra,411015,18.5698,73.871229,High
LOC003011,Synthetic Crime Scene - Shivajinagar 3011,Crime Scene,"29, Market Road, Shivajinagar, Pune",Shivajinagar,Pune,Pune,Maharashtra,411005,18.524118,73.840615,Low
LOC003012,Synthetic Residence - Katraj 3012,Residence,"90, Market Road, Katraj, Pune",Katraj,Pune,Pune,Maharashtra,411046,18.455969,73.85925,Low
LOC003013,Synthetic Meeting Point - Baner 3013,Meeting Point,"442, Main Road, Baner, Pune",Baner,Pune,Pune,Maharashtra,411045,18.560242,73.792895,Low
LOC003014,Synthetic Bank - Yerawada 3014,Bank,"16, Nagar Road, Yerawada, Pune",Yerawada,Pune,Pune,Maharashtra,411006,18.545837,73.878125,Medium
LOC003015,Synthetic Residence - Shivajinagar 3015,Residence,"489, Park Road, Shivajinagar, Pune",Shivajinagar,Pune,Pune,Maharashtra,411005,18.525966,73.845547,Low
LOC003016,Synthetic Workplace - Shivajinagar 3016,Workplace,"956, College Road, Shivajinagar, Pune",Shivajinagar,Pune,Pune,Maharashtra,411005,18.532922,73.840503,Low
LOC003017,Synthetic Meeting Point - Aundh 3017,Meeting Point,"302, Market Road, Aundh, Pune",Aundh,Pune,Pune,Maharashtra,411007,18.558142,73.804896,Low
LOC003018,Synthetic Transport Hub - Kondhwa 3018,Transport Hub,"895, Park Road, Kondhwa, Pune",Kondhwa,Pune,Pune,Maharashtra,411048,18.464961,73.890455,Low
LOC003019,Synthetic Meeting Point - Viman Nagar 3019,Meeting Point,"267, Park Road, Viman Nagar, Pune",Viman Nagar,Pune,Pune,Maharashtra,411014,18.560638,73.920126,High
LOC003020,Synthetic Meeting Point - Yerawada 3020,Meeting Point,"139, Industrial Road, Yerawada, Pune",Yerawada,Pune,Pune,Maharashtra,411006,18.553182,73.872713,Low
LOC003021,Synthetic Bank - Shivajinagar 3021,Bank,"632, Industrial Road, Shivajinagar, Pune",Shivajinagar,Pune,Pune,Maharashtra,411005,18.524436,73.854718,Low
LOC003022,Synthetic Hotel - Kondhwa 3022,Hotel,"954, College Road, Kondhwa, Pune",Kondhwa,Pune,Pune,Maharashtra,411048,18.471657,73.894597,Medium
LOC003023,Synthetic Police Station - Kothrud,Police Station,"431, Industrial Road, Kothrud, Pune",Kothrud,Pune,Pune,Maharashtra,411038,18.509191,73.811589,Medium
LOC003024,Synthetic Residence - Bhosari 3024,Residence,"881, Link Road, Bhosari, Pune",Bhosari,Pune,Pune,Maharashtra,411039,18.626655,73.845837,Low
LOC003025,Synthetic Transport Hub - Aundh 3025,Transport Hub,"323, Main Road, Aundh, Pune",Aundh,Pune,Pune,Maharashtra,411007,18.559777,73.808166,Low
LOC003026,Synthetic Transport Hub - Swargate 3026,Transport Hub,"358, Link Road, Swargate, Pune",Swargate,Pune,Pune,Maharashtra,411037,18.494027,73.861109,Medium
LOC003027,Synthetic Residence - Hadapsar 3027,Residence,"243, Nagar Road, Hadapsar, Pune",Hadapsar,Pune,Pune,Maharashtra,411028,18.507306,73.919378,Low
LOC003028,Synthetic Crime Scene - Vishrantwadi 3028,Crime Scene,"181, Park Road, Vishrantwadi, Pune",Vishrantwadi,Pune,Pune,Maharashtra,411015,18.562772,73.880032,Low
LOC003029,Synthetic Restaurant - Swargate 3029,Restaurant,"236, Temple Road, Swargate, Pune",Swargate,Pune,Pune,Maharashtra,411037,18.509644,73.857109,Low
LOC003030,Synthetic Other - Kondhwa 3030,Other,"938, Link Road, Kondhwa, Pune",Kondhwa,Pune,Pune,Maharashtra,411048,18.475869,73.88832,Low
LOC003031,Synthetic Residence - Wakad 3031,Residence,"696, Park Road, Wakad, Pune",Wakad,Pune,Pune,Maharashtra,411057,18.591921,73.764076,Low
LOC003032,Synthetic Residence - Chinchwad 3032,Residence,"746, Nagar Road, Chinchwad, Pune",Chinchwad,Pune,Pune,Maharashtra,411033,18.630911,73.803013,High
LOC003033,Synthetic Crime Scene - Hadapsar 3033,Crime Scene,"70, Industrial Road, Hadapsar, Pune",Hadapsar,Pune,Pune,Maharashtra,411028,18.506807,73.927268,Medium
LOC003034,Synthetic Bank - Wakad 3034,Bank,"119, Industrial Road, Wakad, Pune",Wakad,Pune,Pune,Maharashtra,411057,18.605144,73.768208,Low
LOC003035,Synthetic Meeting Point - Hadapsar 3035,Meeting Point,"962, Canal Road, Hadapsar, Pune",Hadapsar,Pune,Pune,Maharashtra,411028,18.505708,73.933637,Medium
LOC003036,Synthetic Meeting Point - Viman Nagar 3036,Meeting Point,"439, College Road, Viman Nagar, Pune",Viman Nagar,Pune,Pune,Maharashtra,411014,18.566464,73.918607,Low
LOC003037,Synthetic Restaurant - Swargate 3037,Restaurant,"624, Industrial Road, Swargate, Pune",Swargate,Pune,Pune,Maharashtra,411037,18.494186,73.859102,Low
LOC003038,Synthetic Crime Scene - Yerawada 3038,Crime Scene,"708, Park Road, Yerawada, Pune",Yerawada,Pune,Pune,Maharashtra,411006,18.546978,73.88421,Low
LOC003039,Synthetic Police Station - Vishrantwadi,Police Station,"636, Market Road, Vishrantwadi, Pune",Vishrantwadi,Pune,Pune,Maharashtra,411015,18.574003,73.874802,Medium
LOC003040,Synthetic Other - Hadapsar 3040,Other,"763, Nagar Road, Hadapsar, Pune",Hadapsar,Pune,Pune,Maharashtra,411028,18.503697,73.923319,Low
LOC003041,Synthetic Residence - Katraj 3041,Residence,"606, Canal Road, Katraj, Pune",Katraj,Pune,Pune,Maharashtra,411046,18.447102,73.862003,Low
LOC003042,Synthetic Bank - Aundh 3042,Bank,"290, Station Road, Aundh, Pune",Aundh,Pune,Pune,Maharashtra,411007,18.55871,73.801182,Medium
LOC003043,Synthetic Residence - Katraj 3043,Residence,"606, Temple Road, Katraj, Pune",Katraj,Pune,Pune,Maharashtra,411046,18.459373,73.872884,Medium
LOC003044,Synthetic Police Station - Baner,Police Station,"257, College Road, Baner, Pune",Baner,Pune,Pune,Maharashtra,411045,18.554213,73.778832,High
LOC003045,Synthetic Crime Scene - Pimpri 3045,Crime Scene,"720, Nagar Road, Pimpri, Pune",Pimpri,Pune,Pune,Maharashtra,411018,18.632551,73.804981,Low
LOC003046,Synthetic Crime Scene - Wakad 3046,Crime Scene,"473, Link Road, Wakad, Pune",Wakad,Pune,Pune,Maharashtra,411057,18.606047,73.763346,Medium
LOC003047,Synthetic Residence - Bhosari 3047,Residence,"249, Nagar Road, Bhosari, Pune",Bhosari,Pune,Pune,Maharashtra,411039,18.626983,73.851682,High
LOC003048,Synthetic Meeting Point - Shivajinagar 3048,Meeting Point,"818, Main Road, Shivajinagar, Pune",Shivajinagar,Pune,Pune,Maharashtra,411005,18.537272,73.848703,Medium
LOC003049,Synthetic Meeting Point - Bhosari 3049,Meeting Point,"702, Station Road, Bhosari, Pune",Bhosari,Pune,Pune,Maharashtra,411039,18.630854,73.848448,Medium
LOC003050,Synthetic Restaurant - Kondhwa 3050,Restaurant,"453, Nagar Road, Kondhwa, Pune",Kondhwa,Pune,Pune,Maharashtra,411048,18.471904,73.883707,High
LOC003051,Synthetic Hotel - Hadapsar 3051,Hotel,"721, Canal Road, Hadapsar, Pune",Hadapsar,Pune,Pune,Maharashtra,411028,18.508037,73.933666,Low
LOC003052,Synthetic Meeting Point - Swargate 3052,Meeting Point,"974, Industrial Road, Swargate, Pune",Swargate,Pune,Pune,Maharashtra,411037,18.500435,73.862993,Low
LOC003053,Synthetic ATM - Vishrantwadi 3053,ATM,"724, Main Road, Vishrantwadi, Pune",Vishrantwadi,Pune,Pune,Maharashtra,411015,18.571854,73.872484,Medium
LOC003054,Synthetic Transport Hub - Dhankawadi 3054,Transport Hub,"324, College Road, Dhankawadi, Pune",Dhankawadi,Pune,Pune,Maharashtra,411043,18.466536,73.849672,High
LOC003055,Synthetic Residence - Swargate 3055,Residence,"591, Market Road, Swargate, Pune",Swargate,Pune,Pune,Maharashtra,411037,18.506728,73.864471,Medium
LOC003056,Synthetic Hotel - Shivajinagar 3056,Hotel,"168, Temple Road, Shivajinagar, Pune",Shivajinagar,Pune,Pune,Maharashtra,411005,18.530985,73.846729,Low
LOC003057,Synthetic Warehouse - Wakad 3057,Warehouse,"111, Park Road, Wakad, Pune",Wakad,Pune,Pune,Maharashtra,411057,18.605437,73.770643,High
LOC003058,Synthetic Residence - Kondhwa 3058,Residence,"872, Nagar Road, Kondhwa, Pune",Kondhwa,Pune,Pune,Maharashtra,411048,18.463614,73.894309,Medium
LOC003059,Synthetic Residence - Katraj 3059,Residence,"644, Canal Road, Katraj, Pune",Katraj,Pune,Pune,Maharashtra,411046,18.457362,73.868291,Low
LOC003060,Synthetic Hotel - Yerawada 3060,Hotel,"861, Nagar Road, Yerawada, Pune",Yerawada,Pune,Pune,Maharashtra,411006,18.548521,73.875768,High
LOC003061,Synthetic Transport Hub - Yerawada 3061,Transport Hub,"81, Market Road, Yerawada, Pune",Yerawada,Pune,Pune,Maharashtra,411006,18.549448,73.875386,Low
LOC003062,Synthetic Bank - Hadapsar 3062,Bank,"506, Canal Road, Hadapsar, Pune",Hadapsar,Pune,Pune,Maharashtra,411028,18.50367,73.926168,Low
LOC003063,Synthetic Residence - Swargate 3063,Residence,"196, Station Road, Swargate, Pune",Swargate,Pune,Pune,Maharashtra,411037,18.497314,73.868888,Medium
LOC003064,Synthetic Residence - Kondhwa 3064,Residence,"423, Main Road, Kondhwa, Pune",Kondhwa,Pune,Pune,Maharashtra,411048,18.461602,73.895309,Low
LOC003065,Synthetic Residence - Vishrantwadi 3065,Residence,"64, Main Road, Vishrantwadi, Pune",Vishrantwadi,Pune,Pune,Maharashtra,411015,18.57214,73.880889,Low
LOC003066,Synthetic Crime Scene - Dhankawadi 3066,Crime Scene,"941, Temple Road, Dhankawadi, Pune",Dhankawadi,Pune,Pune,Maharashtra,411043,18.470774,73.852457,Low
LOC003067,Synthetic Residence - Kothrud 3067,Residence,"443, Main Road, Kothrud, Pune",Kothrud,Pune,Pune,Maharashtra,411038,18.503965,73.813979,Medium
LOC003068,Synthetic Hotel - Dhankawadi 3068,Hotel,"492, Temple Road, Dhankawadi, Pune",Dhankawadi,Pune,Pune,Maharashtra,411043,18.468268,73.843755,Low
LOC003069,Synthetic Crime Scene - Swargate 3069,Crime Scene,"13, Market Road, Swargate, Pune",Swargate,Pune,Pune,Maharashtra,411037,18.507149,73.869726,Medium
LOC003070,Synthetic Meeting Point - Kondhwa 3070,Meeting Point,"574, Park Road, Kondhwa, Pune",Kondhwa,Pune,Pune,Maharashtra,411048,18.46117,73.882681,Low
LOC003071,Synthetic Crime Scene - Pimpri 3071,Crime Scene,"345, Link Road, Pimpri, Pune",Pimpri,Pune,Pune,Maharashtra,411018,18.627955,73.800328,Medium
LOC003072,Synthetic Restaurant - Wakad 3072,Restaurant,"572, Link Road, Wakad, Pune",Wakad,Pune,Pune,Maharashtra,411057,18.606284,73.759311,Low
LOC003073,Synthetic Other - Bhosari 3073,Other,"807, Main Road, Bhosari, Pune",Bhosari,Pune,Pune,Maharashtra,411039,18.622059,73.851929,Medium
LOC003074,Synthetic Hotel - Viman Nagar 3074,Hotel,"686, Main Road, Viman Nagar, Pune",Viman Nagar,Pune,Pune,Maharashtra,411014,18.575296,73.915083,High
LOC003075,Synthetic Residence - Vishrantwadi 3075,Residence,"560, Industrial Road, Vishrantwadi, Pune",Vishrantwadi,Pune,Pune,Maharashtra,411015,18.569062,73.871482,Low
LOC003076,Synthetic Hotel - Viman Nagar 3076,Hotel,"446, Link Road, Viman Nagar, Pune",Viman Nagar,Pune,Pune,Maharashtra,411014,18.560376,73.910831,High
LOC003077,Synthetic Transport Hub - Dhankawadi 3077,Transport Hub,"23, Link Road, Dhankawadi, Pune",Dhankawadi,Pune,Pune,Maharashtra,411043,18.470683,73.842337,Low
LOC003078,Synthetic Warehouse - Viman Nagar 3078,Warehouse,"858, Park Road, Viman Nagar, Pune",Viman Nagar,Pune,Pune,Maharashtra,411014,18.573504,73.912477,High
LOC003079,Synthetic Hotel - Baner 3079,Hotel,"306, Canal Road, Baner, Pune",Baner,Pune,Pune,Maharashtra,411045,18.557868,73.794383,High
LOC003080,Synthetic Residence - Wakad 3080,Residence,"185, Market Road, Wakad, Pune",Wakad,Pune,Pune,Maharashtra,411057,18.602932,73.7649,Low
LOC003081,Synthetic Meeting Point - Vishrantwadi 3081,Meeting Point,"958, Station Road, Vishrantwadi, Pune",Vishrantwadi,Pune,Pune,Maharashtra,411015,18.568352,73.870266,Medium
LOC003082,Synthetic Warehouse - Yerawada 3082,Warehouse,"869, Main Road, Yerawada, Pune",Yerawada,Pune,Pune,Maharashtra,411006,18.551489,73.872447,High
LOC003083,Synthetic Residence - Wakad 3083,Residence,"345, Link Road, Wakad, Pune",Wakad,Pune,Pune,Maharashtra,411057,18.600486,73.756936,Medium
LOC003084,Synthetic Crime Scene - Baner 3084,Crime Scene,"751, Park Road, Baner, Pune",Baner,Pune,Pune,Maharashtra,411045,18.558424,73.791118,Low
LOC003085,Synthetic Transport Hub - Dhankawadi 3085,Transport Hub,"499, Temple Road, Dhankawadi, Pune",Dhankawadi,Pune,Pune,Maharashtra,411043,18.460027,73.841635,Medium
LOC003086,Synthetic Workplace - Katraj 3086,Workplace,"490, College Road, Katraj, Pune",Katraj,Pune,Pune,Maharashtra,411046,18.451778,73.869375,Low
LOC003087,Synthetic Warehouse - Bhosari 3087,Warehouse,"362, Main Road, Bhosari, Pune",Bhosari,Pune,Pune,Maharashtra,411039,18.625849,73.849128,Medium
LOC003088,Synthetic Workplace - Pimpri 3088,Workplace,"382, Main Road, Pimpri, Pune",Pimpri,Pune,Pune,Maharashtra,411018,18.626267,73.806681,Low
LOC003089,Synthetic ATM - Chinchwad 3089,ATM,"701, Link Road, Chinchwad, Pune",Chinchwad,Pune,Pune,Maharashtra,411033,18.629143,73.792408,Low
LOC003090,Synthetic Warehouse - Kondhwa 3090,Warehouse,"450, Park Road, Kondhwa, Pune",Kondhwa,Pune,Pune,Maharashtra,411048,18.466924,73.882824,Low
LOC003091,Synthetic Workplace - Hadapsar 3091,Workplace,"18, Station Road, Hadapsar, Pune",Hadapsar,Pune,Pune,Maharashtra,411028,18.502848,73.926684,Medium
LOC003092,Synthetic Residence - Katraj 3092,Residence,"20, Main Road, Katraj, Pune",Katraj,Pune,Pune,Maharashtra,411046,18.451547,73.860368,Medium
LOC003093,Synthetic Workplace - Bhosari 3093,Workplace,"246, Industrial Road, Bhosari, Pune",Bhosari,Pune,Pune,Maharashtra,411039,18.627343,73.852414,Medium
LOC003094,Synthetic Workplace - Baner 3094,Workplace,"939, Station Road, Baner, Pune",Baner,Pune,Pune,Maharashtra,411045,18.559872,73.780242,High
LOC003095,Synthetic Police Station - Baner,Police Station,"417, Nagar Road, Baner, Pune",Baner,Pune,Pune,Maharashtra,411045,18.563176,73.783653,Low
LOC003096,Synthetic Warehouse - Aundh 3096,Warehouse,"474, Market Road, Aundh, Pune",Aundh,Pune,Pune,Maharashtra,411007,18.560043,73.807735,Low
LOC003097,Synthetic Workplace - Swargate 3097,Workplace,"391, Market Road, Swargate, Pune",Swargate,Pune,Pune,Maharashtra,411037,18.507833,73.869321,Low
LOC003098,Synthetic Transport Hub - Shivajinagar 3098,Transport Hub,"902, Main Road, Shivajinagar, Pune",Shivajinagar,Pune,Pune,Maharashtra,411005,18.532705,73.85461,Medium
LOC003099,Synthetic Residence - Aundh 3099,Residence,"136, Park Road, Aundh, Pune",Aundh,Pune,Pune,Maharashtra,411007,18.557928,73.80032,Low
LOC003100,Synthetic Crime Scene - Yerawada 3100,Crime Scene,"460, College Road, Yerawada, Pune",Yerawada,Pune,Pune,Maharashtra,411006,18.545607,73.881721,Low
LOC003101,Synthetic Residence - Kothrud 3101,Residence,"183, Station Road, Kothrud, Pune",Kothrud,Pune,Pune,Maharashtra,411038,18.504373,73.811341,Low
LOC003102,Synthetic Bank - Shivajinagar 3102,Bank,"961, Market Road, Shivajinagar, Pune",Shivajinagar,Pune,Pune,Maharashtra,411005,18.529502,73.847042,Low
LOC003103,Synthetic Restaurant - Vishrantwadi 3103,Restaurant,"226, Main Road, Vishrantwadi, Pune",Vishrantwadi,Pune,Pune,Maharashtra,411015,18.560855,73.881183,Medium
LOC003104,Synthetic Workplace - Bhosari 3104,Workplace,"20, College Road, Bhosari, Pune",Bhosari,Pune,Pune,Maharashtra,411039,18.637271,73.848808,Medium
LOC003105,Synthetic Workplace - Shivajinagar 3105,Workplace,"216, Market Road, Shivajinagar, Pune",Shivajinagar,Pune,Pune,Maharashtra,411005,18.525243,73.842769,High
LOC003106,Synthetic Meeting Point - Swargate 3106,Meeting Point,"743, Main Road, Swargate, Pune",Swargate,Pune,Pune,Maharashtra,411037,18.502043,73.869607,Medium
LOC003107,Synthetic Hotel - Baner 3107,Hotel,"434, Industrial Road, Baner, Pune",Baner,Pune,Pune,Maharashtra,411045,18.56448,73.791155,Low
LOC003108,Synthetic Residence - Chinchwad 3108,Residence,"262, Station Road, Chinchwad, Pune",Chinchwad,Pune,Pune,Maharashtra,411033,18.626737,73.793353,Medium
LOC003109,Synthetic Restaurant - Yerawada 3109,Restaurant,"932, Park Road, Yerawada, Pune",Yerawada,Pune,Pune,Maharashtra,411006,18.552533,73.872877,Low
LOC003110,Synthetic Hotel - Kothrud 3110,Hotel,"761, Industrial Road, Kothrud, Pune",Kothrud,Pune,Pune,Maharashtra,411038,18.501662,73.800888,Low
LOC003111,Synthetic Transport Hub - Baner 3111,Transport Hub,"419, Industrial Road, Baner, Pune",Baner,Pune,Pune,Maharashtra,411045,18.563344,73.792718,Medium
LOC003112,Synthetic Residence - Bhosari 3112,Residence,"493, Main Road, Bhosari, Pune",Bhosari,Pune,Pune,Maharashtra,411039,18.629367,73.844882,Low
LOC003113,Synthetic Crime Scene - Pimpri 3113,Crime Scene,"730, College Road, Pimpri, Pune",Pimpri,Pune,Pune,Maharashtra,411018,18.626162,73.807029,Low
LOC003114,Synthetic Restaurant - Aundh 3114,Restaurant,"739, Station Road, Aundh, Pune",Aundh,Pune,Pune,Maharashtra,411007,18.556485,73.808198,High
LOC003115,Synthetic Transport Hub - Wakad 3115,Transport Hub,"527, Station Road, Wakad, Pune",Wakad,Pune,Pune,Maharashtra,411057,18.598275,73.758166,Medium
LOC003116,Synthetic Workplace - Chinchwad 3116,Workplace,"176, Park Road, Chinchwad, Pune",Chinchwad,Pune,Pune,Maharashtra,411033,18.630572,73.805286,Low
LOC003117,Synthetic Residence - Kothrud 3117,Residence,"605, Station Road, Kothrud, Pune",Kothrud,Pune,Pune,Maharashtra,411038,18.501715,73.8123,Low
LOC003118,Synthetic Bank - Swargate 3118,Bank,"850, Temple Road, Swargate, Pune",Swargate,Pune,Pune,Maharashtra,411037,18.508596,73.867816,Medium
LOC003119,Synthetic Crime Scene - Pimpri 3119,Crime Scene,"645, Nagar Road, Pimpri, Pune",Pimpri,Pune,Pune,Maharashtra,411018,18.629478,73.798876,Medium
LOC003120,Synthetic Workplace - Vishrantwadi 3120,Workplace,"419, College Road, Vishrantwadi, Pune",Vishrantwadi,Pune,Pune,Maharashtra,411015,18.56832,73.875859,Medium
LOC003121,Synthetic Residence - Pimpri 3121,Residence,"904, Station Road, Pimpri, Pune",Pimpri,Pune,Pune,Maharashtra,411018,18.625385,73.797333,Low
LOC003122,Synthetic Residence - Swargate 3122,Residence,"59, College Road, Swargate, Pune",Swargate,Pune,Pune,Maharashtra,411037,18.506172,73.866256,Low
LOC003123,Synthetic Residence - Viman Nagar 3123,Residence,"648, Nagar Road, Viman Nagar, Pune",Viman Nagar,Pune,Pune,Maharashtra,411014,18.565021,73.916086,Low
LOC003124,Synthetic Crime Scene - Hadapsar 3124,Crime Scene,"322, Park Road, Hadapsar, Pune",Hadapsar,Pune,Pune,Maharashtra,411028,18.516525,73.919207,Low
LOC003125,Synthetic Police Station - Bhosari,Police Station,"305, Main Road, Bhosari, Pune",Bhosari,Pune,Pune,Maharashtra,411039,18.628258,73.851429,Low
LOC003126,Synthetic Residence - Dhankawadi 3126,Residence,"112, Market Road, Dhankawadi, Pune",Dhankawadi,Pune,Pune,Maharashtra,411043,18.464034,73.847057,Low
LOC003127,Synthetic Hotel - Dhankawadi 3127,Hotel,"245, Park Road, Dhankawadi, Pune",Dhankawadi,Pune,Pune,Maharashtra,411043,18.470639,73.849009,Medium
LOC003128,Synthetic Workplace - Bhosari 3128,Workplace,"670, Nagar Road, Bhosari, Pune",Bhosari,Pune,Pune,Maharashtra,411039,18.624559,73.853957,Low
LOC003129,Synthetic Residence - Swargate 3129,Residence,"35, College Road, Swargate, Pune",Swargate,Pune,Pune,Maharashtra,411037,18.504903,73.85839,Low
LOC003130,Synthetic Workplace - Katraj 3130,Workplace,"832, Park Road, Katraj, Pune",Katraj,Pune,Pune,Maharashtra,411046,18.458324,73.870335,Medium
LOC003131,Synthetic Residence - Baner 3131,Residence,"651, Industrial Road, Baner, Pune",Baner,Pune,Pune,Maharashtra,411045,18.554251,73.79142,Medium
LOC003132,Synthetic Residence - Katraj 3132,Residence,"944, College Road, Katraj, Pune",Katraj,Pune,Pune,Maharashtra,411046,18.446412,73.869576,Low
LOC003133,Synthetic Warehouse - Viman Nagar 3133,Warehouse,"276, Market Road, Viman Nagar, Pune",Viman Nagar,Pune,Pune,Maharashtra,411014,18.568609,73.909279,Low
LOC003134,Synthetic Transport Hub - Yerawada 3134,Transport Hub,"223, Park Road, Yerawada, Pune",Yerawada,Pune,Pune,Maharashtra,411006,18.544484,73.872656,Low
LOC003135,Synthetic ATM - Vishrantwadi 3135,ATM,"357, Park Road, Vishrantwadi, Pune",Vishrantwadi,Pune,Pune,Maharashtra,411015,18.564831,73.876835,Low
LOC003136,Synthetic Workplace - Dhankawadi 3136,Workplace,"121, Temple Road, Dhankawadi, Pune",Dhankawadi,Pune,Pune,Maharashtra,411043,18.467017,73.856559,Low
LOC003137,Synthetic Crime Scene - Wakad 3137,Crime Scene,"93, Park Road, Wakad, Pune",Wakad,Pune,Pune,Maharashtra,411057,18.596666,73.764603,Low
LOC003138,Synthetic Residence - Vishrantwadi 3138,Residence,"695, Industrial Road, Vishrantwadi, Pune",Vishrantwadi,Pune,Pune,Maharashtra,411015,18.56325,73.883974,Medium
LOC003139,Synthetic ATM - Baner 3139,ATM,"673, Market Road, Baner, Pune",Baner,Pune,Pune,Maharashtra,411045,18.562523,73.785469,Low
LOC003140,Synthetic Workplace - Kothrud 3140,Workplace,"68, Park Road, Kothrud, Pune",Kothrud,Pune,Pune,Maharashtra,411038,18.500118,73.80594,Low
LOC003141,Synthetic Restaurant - Hadapsar 3141,Restaurant,"303, Canal Road, Hadapsar, Pune",Hadapsar,Pune,Pune,Maharashtra,411028,18.516886,73.925391,Low
LOC003142,Synthetic Bank - Dhankawadi 3142,Bank,"761, Canal Road, Dhankawadi, Pune",Dhankawadi,Pune,Pune,Maharashtra,411043,18.461793,73.856018,Low
LOC003143,Synthetic Bank - Hadapsar 3143,Bank,"424, Market Road, Hadapsar, Pune",Hadapsar,Pune,Pune,Maharashtra,411028,18.50975,73.927553,Low
LOC003144,Synthetic Residence - Viman Nagar 3144,Residence,"391, Main Road, Viman Nagar, Pune",Viman Nagar,Pune,Pune,Maharashtra,411014,18.571554,73.909562,Low
LOC003145,Synthetic Workplace - Chinchwad 3145,Workplace,"634, Main Road, Chinchwad, Pune",Chinchwad,Pune,Pune,Maharashtra,411033,18.628222,73.802327,Low
LOC003146,Synthetic Police Station - Baner,Police Station,"530, Link Road, Baner, Pune",Baner,Pune,Pune,Maharashtra,411045,18.564937,73.789136,Medium
LOC003147,Synthetic ATM - Hadapsar 3147,ATM,"997, Temple Road, Hadapsar, Pune",Hadapsar,Pune,Pune,Maharashtra,411028,18.50705,73.930004,High
LOC003148,Synthetic Residence - Viman Nagar 3148,Residence,"266, Temple Road, Viman Nagar, Pune",Viman Nagar,Pune,Pune,Maharashtra,411014,18.563058,73.921378,Low
LOC003149,Synthetic Transport Hub - Baner 3149,Transport Hub,"695, Industrial Road, Baner, Pune",Baner,Pune,Pune,Maharashtra,411045,18.558753,73.788143,Medium
LOC003150,Synthetic Workplace - Katraj 3150,Workplace,"672, Nagar Road, Katraj, Pune",Katraj,Pune,Pune,Maharashtra,411046,18.457082,73.872484,Medium
LOC003151,Synthetic ATM - Bhosari 3151,ATM,"459, Station Road, Bhosari, Pune",Bhosari,Pune,Pune,Maharashtra,411039,18.632282,73.850084,Low
LOC003152,Synthetic Residence - Shivajinagar 3152,Residence,"237, Temple Road, Shivajinagar, Pune",Shivajinagar,Pune,Pune,Maharashtra,411005,18.537067,73.839622,Low
LOC003153,Synthetic Transport Hub - Vishrantwadi 3153,Transport Hub,"200, Link Road, Vishrantwadi, Pune",Vishrantwadi,Pune,Pune,Maharashtra,411015,18.570036,73.883698,Medium
LOC003154,Synthetic Workplace - Vishrantwadi 3154,Workplace,"169, Temple Road, Vishrantwadi, Pune",Vishrantwadi,Pune,Pune,Maharashtra,411015,18.56057,73.876148,Low
LOC003155,Synthetic Crime Scene - Viman Nagar 3155,Crime Scene,"138, College Road, Viman Nagar, Pune",Viman Nagar,Pune,Pune,Maharashtra,411014,18.57543,73.919138,Medium
LOC003156,Synthetic Residence - Viman Nagar 3156,Residence,"293, Market Road, Viman Nagar, Pune",Viman Nagar,Pune,Pune,Maharashtra,411014,18.561799,73.907816,Low
LOC003157,Synthetic Workplace - Swargate 3157,Workplace,"921, Station Road, Swargate, Pune",Swargate,Pune,Pune,Maharashtra,411037,18.496175,73.870681,Medium
LOC003158,Synthetic Crime Scene - Aundh 3158,Crime Scene,"875, Main Road, Aundh, Pune",Aundh,Pune,Pune,Maharashtra,411007,18.555339,73.81392,Low
LOC003159,Synthetic Restaurant - Kothrud 3159,Restaurant,"426, Nagar Road, Kothrud, Pune",Kothrud,Pune,Pune,Maharashtra,411038,18.513055,73.804136,Low
LOC003160,Synthetic Transport Hub - Aundh 3160,Transport Hub,"198, Temple Road, Aundh, Pune",Aundh,Pune,Pune,Maharashtra,411007,18.565447,73.813827,Medium
LOC003161,Synthetic Meeting Point - Katraj 3161,Meeting Point,"561, Main Road, Katraj, Pune",Katraj,Pune,Pune,Maharashtra,411046,18.45016,73.860109,Medium
LOC003162,Synthetic Police Station - Pimpri,Police Station,"79, Canal Road, Pimpri, Pune",Pimpri,Pune,Pune,Maharashtra,411018,18.623524,73.805702,Low
LOC003163,Synthetic Residence - Dhankawadi 3163,Residence,"140, Temple Road, Dhankawadi, Pune",Dhankawadi,Pune,Pune,Maharashtra,411043,18.462836,73.848129,Low
LOC003164,Synthetic Residence - Pimpri 3164,Residence,"929, Canal Road, Pimpri, Pune",Pimpri,Pune,Pune,Maharashtra,411018,18.629305,73.794856,Low
LOC003165,Synthetic Police Station - Dhankawadi,Police Station,"188, Canal Road, Dhankawadi, Pune",Dhankawadi,Pune,Pune,Maharashtra,411043,18.459043,73.846358,Low
LOC003166,Synthetic Warehouse - Aundh 3166,Warehouse,"991, Nagar Road, Aundh, Pune",Aundh,Pune,Pune,Maharashtra,411007,18.554511,73.809463,Low
LOC003167,Synthetic Residence - Wakad 3167,Residence,"380, Park Road, Wakad, Pune",Wakad,Pune,Pune,Maharashtra,411057,18.602812,73.760042,High
LOC003168,Synthetic Crime Scene - Aundh 3168,Crime Scene,"211, Canal Road, Aundh, Pune",Aundh,Pune,Pune,Maharashtra,411007,18.564633,73.803649,Medium
LOC003169,Synthetic Meeting Point - Kondhwa 3169,Meeting Point,"809, Station Road, Kondhwa, Pune",Kondhwa,Pune,Pune,Maharashtra,411048,18.463897,73.896001,Low
LOC003170,Synthetic Other - Vishrantwadi 3170,Other,"148, Industrial Road, Vishrantwadi, Pune",Vishrantwadi,Pune,Pune,Maharashtra,411015,18.569806,73.876371,Low
LOC003171,Synthetic Hotel - Viman Nagar 3171,Hotel,"707, Temple Road, Viman Nagar, Pune",Viman Nagar,Pune,Pune,Maharashtra,411014,18.567057,73.909216,Low
LOC003172,Synthetic Residence - Vishrantwadi 3172,Residence,"225, Industrial Road, Vishrantwadi, Pune",Vishrantwadi,Pune,Pune,Maharashtra,411015,18.572555,73.879,Low
LOC003173,Synthetic Warehouse - Vishrantwadi 3173,Warehouse,"152, Canal Road, Vishrantwadi, Pune",Vishrantwadi,Pune,Pune,Maharashtra,411015,18.569922,73.879013,Low
LOC003174,Synthetic Crime Scene - Vishrantwadi 3174,Crime Scene,"173, Industrial Road, Vishrantwadi, Pune",Vishrantwadi,Pune,Pune,Maharashtra,411015,18.572597,73.881851,Low
LOC003175,Synthetic Transport Hub - Dhankawadi 3175,Transport Hub,"338, Canal Road, Dhankawadi, Pune",Dhankawadi,Pune,Pune,Maharashtra,411043,18.459903,73.845399,Low
LOC003176,Synthetic Police Station - Pimpri,Police Station,"255, Station Road, Pimpri, Pune",Pimpri,Pune,Pune,Maharashtra,411018,18.627387,73.793392,Medium
LOC003177,Synthetic Meeting Point - Bhosari 3177,Meeting Point,"546, College Road, Bhosari, Pune",Bhosari,Pune,Pune,Maharashtra,411039,18.632889,73.84257,High
LOC003178,Synthetic Meeting Point - Viman Nagar 3178,Meeting Point,"667, Market Road, Viman Nagar, Pune",Viman Nagar,Pune,Pune,Maharashtra,411014,18.562269,73.915878,Medium
LOC003179,Synthetic Restaurant - Aundh 3179,Restaurant,"304, College Road, Aundh, Pune",Aundh,Pune,Pune,Maharashtra,411007,18.561294,73.80452,Low
LOC003180,Synthetic Meeting Point - Viman Nagar 3180,Meeting Point,"125, Canal Road, Viman Nagar, Pune",Viman Nagar,Pune,Pune,Maharashtra,411014,18.563435,73.907389,Medium
LOC003181,Synthetic Residence - Dhankawadi 3181,Residence,"892, Market Road, Dhankawadi, Pune",Dhankawadi,Pune,Pune,Maharashtra,411043,18.471831,73.851953,Low
LOC003182,Synthetic Residence - Kothrud 3182,Residence,"293, Canal Road, Kothrud, Pune",Kothrud,Pune,Pune,Maharashtra,411038,18.50918,73.808674,Medium
LOC003183,Synthetic Restaurant - Viman Nagar 3183,Restaurant,"799, Market Road, Viman Nagar, Pune",Viman Nagar,Pune,Pune,Maharashtra,411014,18.561933,73.921145,Low
LOC003184,Synthetic Hotel - Bhosari 3184,Hotel,"754, Industrial Road, Bhosari, Pune",Bhosari,Pune,Pune,Maharashtra,411039,18.634596,73.849563,Medium
LOC003185,Synthetic Warehouse - Swargate 3185,Warehouse,"160, Canal Road, Swargate, Pune",Swargate,Pune,Pune,Maharashtra,411037,18.50727,73.86585,Low
LOC003186,Synthetic Workplace - Dhankawadi 3186,Workplace,"679, Nagar Road, Dhankawadi, Pune",Dhankawadi,Pune,Pune,Maharashtra,411043,18.469045,73.851785,Low
LOC003187,Synthetic Crime Scene - Baner 3187,Crime Scene,"891, College Road, Baner, Pune",Baner,Pune,Pune,Maharashtra,411045,18.551143,73.785108,Medium
LOC003188,Synthetic Transport Hub - Shivajinagar 3188,Transport Hub,"761, Market Road, Shivajinagar, Pune",Shivajinagar,Pune,Pune,Maharashtra,411005,18.523509,73.847151,Low
LOC003189,Synthetic Police Station - Hadapsar,Police Station,"474, Market Road, Hadapsar, Pune",Hadapsar,Pune,Pune,Maharashtra,411028,18.513092,73.921337,Medium
LOC003190,Synthetic Residence - Baner 3190,Residence,"792, Market Road, Baner, Pune",Baner,Pune,Pune,Maharashtra,411045,18.551013,73.787026,Low
LOC003191,Synthetic Residence - Kondhwa 3191,Residence,"996, Temple Road, Kondhwa, Pune",Kondhwa,Pune,Pune,Maharashtra,411048,18.464892,73.886666,Medium
LOC003192,Synthetic ATM - Yerawada 3192,ATM,"121, Temple Road, Yerawada, Pune",Yerawada,Pune,Pune,Maharashtra,411006,18.545981,73.88084,Low
LOC003193,Synthetic Meeting Point - Hadapsar 3193,Meeting Point,"529, Canal Road, Hadapsar, Pune",Hadapsar,Pune,Pune,Maharashtra,411028,18.503131,73.923628,Low
LOC003194,Synthetic Residence - Yerawada 3194,Residence,"802, College Road, Yerawada, Pune",Yerawada,Pune,Pune,Maharashtra,411006,18.545729,73.872638,Low
LOC003195,Synthetic Residence - Katraj 3195,Residence,"434, Station Road, Katraj, Pune",Katraj,Pune,Pune,Maharashtra,411046,18.458778,73.870823,Low
LOC003196,Synthetic Residence - Dhankawadi 3196,Residence,"249, Station Road, Dhankawadi, Pune",Dhankawadi,Pune,Pune,Maharashtra,411043,18.474873,73.853139,Low
LOC003197,Synthetic Police Station - Baner,Police Station,"910, Canal Road, Baner, Pune",Baner,Pune,Pune,Maharashtra,411045,18.561302,73.788557,Medium
LOC003198,Synthetic Workplace - Shivajinagar 3198,Workplace,"759, Park Road, Shivajinagar, Pune",Shivajinagar,Pune,Pune,Maharashtra,411005,18.536893,73.854778,Low
LOC003199,Synthetic Bank - Viman Nagar 3199,Bank,"644, Temple Road, Viman Nagar, Pune",Viman Nagar,Pune,Pune,Maharashtra,411014,18.572918,73.914911,Low
LOC003200,Synthetic Residence - Yerawada 3200,Residence,"342, Station Road, Yerawada, Pune",Yerawada,Pune,Pune,Maharashtra,411006,18.542758,73.877142,Low
LOC003201,Synthetic Crime Scene - Vishrantwadi 3201,Crime Scene,"686, Industrial Road, Vishrantwadi, Pune",Vishrantwadi,Pune,Pune,Maharashtra,411015,18.566586,73.878826,Low
LOC003202,Synthetic Police Station - Viman Nagar,Police Station,"501, College Road, Viman Nagar, Pune",Viman Nagar,Pune,Pune,Maharashtra,411014,18.566602,73.91618,Low
LOC003203,Synthetic Residence - Aundh 3203,Residence,"870, Temple Road, Aundh, Pune",Aundh,Pune,Pune,Maharashtra,411007,18.555758,73.799339,Low
LOC003204,Synthetic Police Station - Katraj,Police Station,"288, Park Road, Katraj, Pune",Katraj,Pune,Pune,Maharashtra,411046,18.449329,73.870722,Low
LOC003205,Synthetic Bank - Bhosari 3205,Bank,"641, Link Road, Bhosari, Pune",Bhosari,Pune,Pune,Maharashtra,411039,18.637768,73.844737,Medium
LOC003206,Synthetic Transport Hub - Kondhwa 3206,Transport Hub,"195, Industrial Road, Kondhwa, Pune",Kondhwa,Pune,Pune,Maharashtra,411048,18.474841,73.891488,Low
LOC003207,Synthetic Warehouse - Yerawada 3207,Warehouse,"769, College Road, Yerawada, Pune",Yerawada,Pune,Pune,Maharashtra,411006,18.544567,73.883646,Medium
LOC003208,Synthetic Police Station - Yerawada,Police Station,"97, College Road, Yerawada, Pune",Yerawada,Pune,Pune,Maharashtra,411006,18.546058,73.884845,Medium
LOC003209,Synthetic Crime Scene - Chinchwad 3209,Crime Scene,"210, Industrial Road, Chinchwad, Pune",Chinchwad,Pune,Pune,Maharashtra,411033,18.623675,73.806755,Low
LOC003210,Synthetic Restaurant - Yerawada 3210,Restaurant,"271, Temple Road, Yerawada, Pune",Yerawada,Pune,Pune,Maharashtra,411006,18.549851,73.88413,Low
LOC003211,Synthetic Crime Scene - Chinchwad 3211,Crime Scene,"149, Temple Road, Chinchwad, Pune",Chinchwad,Pune,Pune,Maharashtra,411033,18.632771,73.795707,Low
LOC003212,Synthetic Warehouse - Baner 3212,Warehouse,"930, College Road, Baner, Pune",Baner,Pune,Pune,Maharashtra,411045,18.563419,73.784833,High
LOC003213,Synthetic Workplace - Shivajinagar 3213,Workplace,"879, Station Road, Shivajinagar, Pune",Shivajinagar,Pune,Pune,Maharashtra,411005,18.526376,73.840499,Medium
LOC003214,Synthetic Residence - Baner 3214,Residence,"394, Link Road, Baner, Pune",Baner,Pune,Pune,Maharashtra,411045,18.557675,73.793508,Low
LOC003215,Synthetic Meeting Point - Viman Nagar 3215,Meeting Point,"641, College Road, Viman Nagar, Pune",Viman Nagar,Pune,Pune,Maharashtra,411014,18.575104,73.907986,Medium
LOC003216,Synthetic Meeting Point - Bhosari 3216,Meeting Point,"889, Industrial Road, Bhosari, Pune",Bhosari,Pune,Pune,Maharashtra,411039,18.631007,73.854374,High
LOC003217,Synthetic Crime Scene - Viman Nagar 3217,Crime Scene,"557, College Road, Viman Nagar, Pune",Viman Nagar,Pune,Pune,Maharashtra,411014,18.567222,73.906572,Medium
LOC003218,Synthetic Crime Scene - Pimpri 3218,Crime Scene,"69, Nagar Road, Pimpri, Pune",Pimpri,Pune,Pune,Maharashtra,411018,18.622791,73.797592,Low
LOC003219,Synthetic Police Station - Bhosari,Police Station,"93, Canal Road, Bhosari, Pune",Bhosari,Pune,Pune,Maharashtra,411039,18.635537,73.848901,Medium
LOC003220,Synthetic Residence - Chinchwad 3220,Residence,"854, Market Road, Chinchwad, Pune",Chinchwad,Pune,Pune,Maharashtra,411033,18.626256,73.797828,Low
LOC003221,Synthetic Crime Scene - Shivajinagar 3221,Crime Scene,"980, Nagar Road, Shivajinagar, Pune",Shivajinagar,Pune,Pune,Maharashtra,411005,18.537235,73.846082,Low
LOC003222,Synthetic Residence - Viman Nagar 3222,Residence,"937, Link Road, Viman Nagar, Pune",Viman Nagar,Pune,Pune,Maharashtra,411014,18.560154,73.914952,Low
LOC003223,Synthetic Hotel - Kondhwa 3223,Hotel,"767, Nagar Road, Kondhwa, Pune",Kondhwa,Pune,Pune,Maharashtra,411048,18.471302,73.885444,Low
LOC003224,Synthetic Residence - Dhankawadi 3224,Residence,"123, Station Road, Dhankawadi, Pune",Dhankawadi,Pune,Pune,Maharashtra,411043,18.467612,73.844801,Low
LOC003225,Synthetic Workplace - Katraj 3225,Workplace,"467, Canal Road, Katraj, Pune",Katraj,Pune,Pune,Maharashtra,411046,18.453214,73.870098,Medium
LOC003226,Synthetic Residence - Vishrantwadi 3226,Residence,"997, Market Road, Vishrantwadi, Pune",Vishrantwadi,Pune,Pune,Maharashtra,411015,18.571952,73.879586,Low
LOC003227,Synthetic Restaurant - Aundh 3227,Restaurant,"435, Canal Road, Aundh, Pune",Aundh,Pune,Pune,Maharashtra,411007,18.557442,73.805508,Medium
LOC003228,Synthetic Warehouse - Katraj 3228,Warehouse,"443, Station Road, Katraj, Pune",Katraj,Pune,Pune,Maharashtra,411046,18.449492,73.862107,High
LOC003229,Synthetic Residence - Baner 3229,Residence,"778, Temple Road, Baner, Pune",Baner,Pune,Pune,Maharashtra,411045,18.563552,73.79336,Medium
LOC003230,Synthetic Other - Kothrud 3230,Other,"69, Industrial Road, Kothrud, Pune",Kothrud,Pune,Pune,Maharashtra,411038,18.502077,73.80026,Medium
LOC003231,Synthetic Other - Bhosari 3231,Other,"414, Canal Road, Bhosari, Pune",Bhosari,Pune,Pune,Maharashtra,411039,18.622754,73.853561,Medium
LOC003232,Synthetic Residence - Yerawada 3232,Residence,"902, Industrial Road, Yerawada, Pune",Yerawada,Pune,Pune,Maharashtra,411006,18.554477,73.870325,Low
LOC003233,Synthetic Residence - Viman Nagar 3233,Residence,"210, Link Road, Viman Nagar, Pune",Viman Nagar,Pune,Pune,Maharashtra,411014,18.571423,73.908352,Medium
LOC003234,Synthetic Residence - Hadapsar 3234,Residence,"33, Canal Road, Hadapsar, Pune",Hadapsar,Pune,Pune,Maharashtra,411028,18.508679,73.920054,Low
LOC003235,Synthetic Warehouse - Katraj 3235,Warehouse,"787, Temple Road, Katraj, Pune",Katraj,Pune,Pune,Maharashtra,411046,18.457074,73.871347,Low
LOC003236,Synthetic Bank - Viman Nagar 3236,Bank,"830, Nagar Road, Viman Nagar, Pune",Viman Nagar,Pune,Pune,Maharashtra,411014,18.564833,73.920792,Medium
LOC003237,Synthetic Bank - Kothrud 3237,Bank,"566, College Road, Kothrud, Pune",Kothrud,Pune,Pune,Maharashtra,411038,18.504999,73.801174,Medium
LOC003238,Synthetic Transport Hub - Dhankawadi 3238,Transport Hub,"188, Park Road, Dhankawadi, Pune",Dhankawadi,Pune,Pune,Maharashtra,411043,18.473379,73.849448,Low
LOC003239,Synthetic Workplace - Katraj 3239,Workplace,"439, Nagar Road, Katraj, Pune",Katraj,Pune,Pune,Maharashtra,411046,18.448296,73.861322,Low
LOC003240,Synthetic Workplace - Swargate 3240,Workplace,"15, College Road, Swargate, Pune",Swargate,Pune,Pune,Maharashtra,411037,18.503546,73.864984,Low
LOC003241,Synthetic Meeting Point - Baner 3241,Meeting Point,"860, Market Road, Baner, Pune",Baner,Pune,Pune,Maharashtra,411045,18.563002,73.78424,Medium
LOC003242,Synthetic Other - Pimpri 3242,Other,"327, Market Road, Pimpri, Pune",Pimpri,Pune,Pune,Maharashtra,411018,18.636336,73.807236,Medium
LOC003243,Synthetic Warehouse - Dhankawadi 3243,Warehouse,"606, Market Road, Dhankawadi, Pune",Dhankawadi,Pune,Pune,Maharashtra,411043,18.467197,73.855724,Medium
LOC003244,Synthetic Other - Viman Nagar 3244,Other,"740, Main Road, Viman Nagar, Pune",Viman Nagar,Pune,Pune,Maharashtra,411014,18.573813,73.906965,Medium
LOC003245,Synthetic Crime Scene - Viman Nagar 3245,Crime Scene,"985, Nagar Road, Viman Nagar, Pune",Viman Nagar,Pune,Pune,Maharashtra,411014,18.570695,73.92018,Low
LOC003246,Synthetic Bank - Viman Nagar 3246,Bank,"991, Canal Road, Viman Nagar, Pune",Viman Nagar,Pune,Pune,Maharashtra,411014,18.575299,73.911895,Medium
LOC003247,Synthetic Transport Hub - Katraj 3247,Transport Hub,"911, Industrial Road, Katraj, Pune",Katraj,Pune,Pune,Maharashtra,411046,18.458199,73.857312,Low
LOC003248,Synthetic Police Station - Baner,Police Station,"785, Station Road, Baner, Pune",Baner,Pune,Pune,Maharashtra,411045,18.559988,73.792863,Medium
LOC003249,Synthetic Residence - Kothrud 3249,Residence,"205, Temple Road, Kothrud, Pune",Kothrud,Pune,Pune,Maharashtra,411038,18.500609,73.812742,Low
LOC003250,Synthetic Other - Viman Nagar 3250,Other,"62, Market Road, Viman Nagar, Pune",Viman Nagar,Pune,Pune,Maharashtra,411014,18.560952,73.915348,Medium
LOC003251,Synthetic Residence - Kothrud 3251,Residence,"454, Market Road, Kothrud, Pune",Kothrud,Pune,Pune,Maharashtra,411038,18.507905,73.802876,High
LOC003252,Synthetic ATM - Vishrantwadi 3252,ATM,"789, Market Road, Vishrantwadi, Pune",Vishrantwadi,Pune,Pune,Maharashtra,411015,18.57112,73.881008,Low
LOC003253,Synthetic Warehouse - Chinchwad 3253,Warehouse,"245, Industrial Road, Chinchwad, Pune",Chinchwad,Pune,Pune,Maharashtra,411033,18.631554,73.793667,Low
LOC003254,Synthetic Crime Scene - Shivajinagar 3254,Crime Scene,"140, Market Road, Shivajinagar, Pune",Shivajinagar,Pune,Pune,Maharashtra,411005,18.527065,73.843222,Medium
LOC003255,Synthetic Crime Scene - Kondhwa 3255,Crime Scene,"385, Nagar Road, Kondhwa, Pune",Kondhwa,Pune,Pune,Maharashtra,411048,18.465095,73.890065,Medium
LOC003256,Synthetic Residence - Baner 3256,Residence,"872, Station Road, Baner, Pune",Baner,Pune,Pune,Maharashtra,411045,18.565497,73.779664,Low
LOC003257,Synthetic Restaurant - Katraj 3257,Restaurant,"865, Canal Road, Katraj, Pune",Katraj,Pune,Pune,Maharashtra,411046,18.447681,73.86917,Low
LOC003258,Synthetic Hotel - Aundh 3258,Hotel,"814, Link Road, Aundh, Pune",Aundh,Pune,Pune,Maharashtra,411007,18.557836,73.813409,Low
LOC003259,Synthetic Crime Scene - Aundh 3259,Crime Scene,"560, Market Road, Aundh, Pune",Aundh,Pune,Pune,Maharashtra,411007,18.557855,73.810073,Medium
LOC003260,Synthetic Workplace - Aundh 3260,Workplace,"681, Industrial Road, Aundh, Pune",Aundh,Pune,Pune,Maharashtra,411007,18.562041,73.806113,Low
LOC003261,Synthetic Workplace - Yerawada 3261,Workplace,"228, Main Road, Yerawada, Pune",Yerawada,Pune,Pune,Maharashtra,411006,18.546949,73.876038,Low
LOC003262,Synthetic Residence - Bhosari 3262,Residence,"389, Station Road, Bhosari, Pune",Bhosari,Pune,Pune,Maharashtra,411039,18.623588,73.847502,Medium
LOC003263,Synthetic Meeting Point - Wakad 3263,Meeting Point,"467, Park Road, Wakad, Pune",Wakad,Pune,Pune,Maharashtra,411057,18.595342,73.764128,Low
LOC003264,Synthetic Hotel - Bhosari 3264,Hotel,"450, Temple Road, Bhosari, Pune",Bhosari,Pune,Pune,Maharashtra,411039,18.623523,73.847994,Low
LOC003265,Synthetic Residence - Wakad 3265,Residence,"57, Temple Road, Wakad, Pune",Wakad,Pune,Pune,Maharashtra,411057,18.603789,73.770184,Low
LOC003266,Synthetic Residence - Kothrud 3266,Residence,"693, Park Road, Kothrud, Pune",Kothrud,Pune,Pune,Maharashtra,411038,18.512692,73.81546,High
LOC003267,Synthetic Meeting Point - Yerawada 3267,Meeting Point,"89, Nagar Road, Yerawada, Pune",Yerawada,Pune,Pune,Maharashtra,411006,18.548159,73.881127,Low
LOC003268,Synthetic ATM - Viman Nagar 3268,ATM,"547, Park Road, Viman Nagar, Pune",Viman Nagar,Pune,Pune,Maharashtra,411014,18.560268,73.921031,Medium
LOC003269,Synthetic Transport Hub - Aundh 3269,Transport Hub,"798, Market Road, Aundh, Pune",Aundh,Pune,Pune,Maharashtra,411007,18.562571,73.809208,Low
LOC003270,Synthetic Residence - Dhankawadi 3270,Residence,"641, Temple Road, Dhankawadi, Pune",Dhankawadi,Pune,Pune,Maharashtra,411043,18.459024,73.841321,High
LOC003271,Synthetic Residence - Pimpri 3271,Residence,"113, College Road, Pimpri, Pune",Pimpri,Pune,Pune,Maharashtra,411018,18.636623,73.802178,High
LOC003272,Synthetic Workplace - Katraj 3272,Workplace,"98, Industrial Road, Katraj, Pune",Katraj,Pune,Pune,Maharashtra,411046,18.455054,73.858041,Medium
LOC003273,Synthetic ATM - Swargate 3273,ATM,"439, Link Road, Swargate, Pune",Swargate,Pune,Pune,Maharashtra,411037,18.49815,73.856801,Low
LOC003274,Synthetic Residence - Kondhwa 3274,Residence,"830, Market Road, Kondhwa, Pune",Kondhwa,Pune,Pune,Maharashtra,411048,18.475432,73.893849,Medium
LOC003275,Synthetic Warehouse - Pimpri 3275,Warehouse,"456, Nagar Road, Pimpri, Pune",Pimpri,Pune,Pune,Maharashtra,411018,18.628507,73.803986,Low
LOC003276,Synthetic Residence - Swargate 3276,Residence,"852, Park Road, Swargate, Pune",Swargate,Pune,Pune,Maharashtra,411037,18.508528,73.866828,Medium
LOC003277,Synthetic Restaurant - Yerawada 3277,Restaurant,"84, Park Road, Yerawada, Pune",Yerawada,Pune,Pune,Maharashtra,411006,18.552743,73.87903,Low
LOC003278,Synthetic Crime Scene - Swargate 3278,Crime Scene,"528, Temple Road, Swargate, Pune",Swargate,Pune,Pune,Maharashtra,411037,18.506414,73.866532,Medium
LOC003279,Synthetic Crime Scene - Hadapsar 3279,Crime Scene,"320, Nagar Road, Hadapsar, Pune",Hadapsar,Pune,Pune,Maharashtra,411028,18.510565,73.933824,Low
LOC003280,Synthetic Workplace - Aundh 3280,Workplace,"621, Main Road, Aundh, Pune",Aundh,Pune,Pune,Maharashtra,411007,18.555453,73.810389,Medium
LOC003281,Synthetic Warehouse - Chinchwad 3281,Warehouse,"205, Link Road, Chinchwad, Pune",Chinchwad,Pune,Pune,Maharashtra,411033,18.632076,73.801232,Medium
LOC003282,Synthetic Workplace - Baner 3282,Workplace,"942, Station Road, Baner, Pune",Baner,Pune,Pune,Maharashtra,411045,18.552971,73.78577,Medium
LOC003283,Synthetic Workplace - Shivajinagar 3283,Workplace,"714, College Road, Shivajinagar, Pune",Shivajinagar,Pune,Pune,Maharashtra,411005,18.536882,73.840048,Low
LOC003284,Synthetic Crime Scene - Aundh 3284,Crime Scene,"528, Temple Road, Aundh, Pune",Aundh,Pune,Pune,Maharashtra,411007,18.553472,73.810962,Low
LOC003285,Synthetic Restaurant - Baner 3285,Restaurant,"354, Park Road, Baner, Pune",Baner,Pune,Pune,Maharashtra,411045,18.559044,73.788394,Medium
LOC003286,Synthetic Bank - Chinchwad 3286,Bank,"149, Park Road, Chinchwad, Pune",Chinchwad,Pune,Pune,Maharashtra,411033,18.634414,73.794125,Medium
LOC003287,Synthetic Workplace - Chinchwad 3287,Workplace,"230, Station Road, Chinchwad, Pune",Chinchwad,Pune,Pune,Maharashtra,411033,18.629271,73.799808,Low
LOC003288,Synthetic Transport Hub - Viman Nagar 3288,Transport Hub,"91, Nagar Road, Viman Nagar, Pune",Viman Nagar,Pune,Pune,Maharashtra,411014,18.563689,73.910232,High
LOC003289,Synthetic Other - Vishrantwadi 3289,Other,"296, Canal Road, Vishrantwadi, Pune",Vishrantwadi,Pune,Pune,Maharashtra,411015,18.572575,73.882861,Medium
LOC003290,Synthetic Other - Kondhwa 3290,Other,"657, Temple Road, Kondhwa, Pune",Kondhwa,Pune,Pune,Maharashtra,411048,18.466692,73.896625,High
LOC003291,Synthetic Meeting Point - Katraj 3291,Meeting Point,"45, Temple Road, Katraj, Pune",Katraj,Pune,Pune,Maharashtra,411046,18.459807,73.865966,Low
LOC003292,Synthetic Transport Hub - Kondhwa 3292,Transport Hub,"900, Main Road, Kondhwa, Pune",Kondhwa,Pune,Pune,Maharashtra,411048,18.466028,73.891492,Medium
LOC003293,Synthetic Warehouse - Viman Nagar 3293,Warehouse,"454, College Road, Viman Nagar, Pune",Viman Nagar,Pune,Pune,Maharashtra,411014,18.567133,73.911394,Low
LOC003294,Synthetic Residence - Kondhwa 3294,Residence,"557, Industrial Road, Kondhwa, Pune",Kondhwa,Pune,Pune,Maharashtra,411048,18.465902,73.893365,Medium
LOC003295,Synthetic ATM - Wakad 3295,ATM,"431, Market Road, Wakad, Pune",Wakad,Pune,Pune,Maharashtra,411057,18.595749,73.760556,Low
LOC003296,Synthetic Workplace - Wakad 3296,Workplace,"212, Industrial Road, Wakad, Pune",Wakad,Pune,Pune,Maharashtra,411057,18.592256,73.763608,Low
LOC003297,Synthetic Residence - Katraj 3297,Residence,"713, Link Road, Katraj, Pune",Katraj,Pune,Pune,Maharashtra,411046,18.451207,73.859203,Medium
LOC003298,Synthetic Crime Scene - Pimpri 3298,Crime Scene,"745, Main Road, Pimpri, Pune",Pimpri,Pune,Pune,Maharashtra,411018,18.636172,73.804004,Low
LOC003299,Synthetic Transport Hub - Bhosari 3299,Transport Hub,"746, Park Road, Bhosari, Pune",Bhosari,Pune,Pune,Maharashtra,411039,18.637481,73.848284,Low
LOC003300,Synthetic Residence - Bhosari 3300,Residence,"603, Canal Road, Bhosari, Pune",Bhosari,Pune,Pune,Maharashtra,411039,18.625492,73.841888,Low
LOC003301,Synthetic Residence - Aundh 3301,Residence,"52, Station Road, Aundh, Pune",Aundh,Pune,Pune,Maharashtra,411007,18.559335,73.814502,Low
LOC003302,Synthetic Hotel - Kondhwa 3302,Hotel,"477, Park Road, Kondhwa, Pune",Kondhwa,Pune,Pune,Maharashtra,411048,18.473019,73.887774,Medium
LOC003303,Synthetic Residence - Swargate 3303,Residence,"140, Market Road, Swargate, Pune",Swargate,Pune,Pune,Maharashtra,411037,18.497245,73.85653,Low
LOC003304,Synthetic Meeting Point - Baner 3304,Meeting Point,"359, Industrial Road, Baner, Pune",Baner,Pune,Pune,Maharashtra,411045,18.555602,73.781076,Low
LOC003305,Synthetic Meeting Point - Kothrud 3305,Meeting Point,"592, Link Road, Kothrud, Pune",Kothrud,Pune,Pune,Maharashtra,411038,18.506196,73.81131,Low
LOC003306,Synthetic Meeting Point - Vishrantwadi 3306,Meeting Point,"646, Industrial Road, Vishrantwadi, Pune",Vishrantwadi,Pune,Pune,Maharashtra,411015,18.564583,73.883942,Low
LOC003307,Synthetic Crime Scene - Kothrud 3307,Crime Scene,"952, Canal Road, Kothrud, Pune",Kothrud,Pune,Pune,Maharashtra,411038,18.503349,73.80452,Low
LOC003308,Synthetic Crime Scene - Viman Nagar 3308,Crime Scene,"779, Link Road, Viman Nagar, Pune",Viman Nagar,Pune,Pune,Maharashtra,411014,18.567987,73.915518,Low
LOC003309,Synthetic Residence - Pimpri 3309,Residence,"649, Link Road, Pimpri, Pune",Pimpri,Pune,Pune,Maharashtra,411018,18.634125,73.792233,Medium
LOC003310,Synthetic Workplace - Bhosari 3310,Workplace,"379, Nagar Road, Bhosari, Pune",Bhosari,Pune,Pune,Maharashtra,411039,18.635288,73.848442,Low
LOC003311,Synthetic Residence - Shivajinagar 3311,Residence,"182, Link Road, Shivajinagar, Pune",Shivajinagar,Pune,Pune,Maharashtra,411005,18.535207,73.844968,Medium
LOC003312,Synthetic Crime Scene - Dhankawadi 3312,Crime Scene,"249, Industrial Road, Dhankawadi, Pune",Dhankawadi,Pune,Pune,Maharashtra,411043,18.460886,73.85354,Low
LOC003313,Synthetic Workplace - Baner 3313,Workplace,"588, Station Road, Baner, Pune",Baner,Pune,Pune,Maharashtra,411045,18.55401,73.792827,Low
LOC003314,Synthetic Workplace - Baner 3314,Workplace,"67, Canal Road, Baner, Pune",Baner,Pune,Pune,Maharashtra,411045,18.552792,73.792015,Medium
LOC003315,Synthetic ATM - Chinchwad 3315,ATM,"29, Link Road, Chinchwad, Pune",Chinchwad,Pune,Pune,Maharashtra,411033,18.627082,73.801519,Low
LOC003316,Synthetic Restaurant - Viman Nagar 3316,Restaurant,"899, Temple Road, Viman Nagar, Pune",Viman Nagar,Pune,Pune,Maharashtra,411014,18.561721,73.914584,Medium
LOC003317,Synthetic Transport Hub - Viman Nagar 3317,Transport Hub,"388, Park Road, Viman Nagar, Pune",Viman Nagar,Pune,Pune,Maharashtra,411014,18.567621,73.913601,Medium
LOC003318,Synthetic Crime Scene - Dhankawadi 3318,Crime Scene,"326, Main Road, Dhankawadi, Pune",Dhankawadi,Pune,Pune,Maharashtra,411043,18.473844,73.847835,Low
LOC003319,Synthetic Crime Scene - Kothrud 3319,Crime Scene,"31, Nagar Road, Kothrud, Pune",Kothrud,Pune,Pune,Maharashtra,411038,18.499623,73.812741,Low
LOC003320,Synthetic Warehouse - Kondhwa 3320,Warehouse,"696, Station Road, Kondhwa, Pune",Kondhwa,Pune,Pune,Maharashtra,411048,18.461648,73.886275,Low
LOC003321,Synthetic Bank - Swargate 3321,Bank,"976, Park Road, Swargate, Pune",Swargate,Pune,Pune,Maharashtra,411037,18.502137,73.857205,Low
LOC003322,Synthetic Residence - Swargate 3322,Residence,"980, Link Road, Swargate, Pune",Swargate,Pune,Pune,Maharashtra,411037,18.506424,73.867894,Medium
LOC003323,Synthetic Restaurant - Baner 3323,Restaurant,"804, Park Road, Baner, Pune",Baner,Pune,Pune,Maharashtra,411045,18.56414,73.77965,Medium
LOC003324,Synthetic Residence - Dhankawadi 3324,Residence,"873, Main Road, Dhankawadi, Pune",Dhankawadi,Pune,Pune,Maharashtra,411043,18.466373,73.854728,Medium
LOC003325,Synthetic Restaurant - Aundh 3325,Restaurant,"980, Park Road, Aundh, Pune",Aundh,Pune,Pune,Maharashtra,411007,18.554463,73.814619,Low
LOC003326,Synthetic Warehouse - Baner 3326,Warehouse,"382, Park Road, Baner, Pune",Baner,Pune,Pune,Maharashtra,411045,18.562889,73.787833,Medium
LOC003327,Synthetic Meeting Point - Wakad 3327,Meeting Point,"663, Main Road, Wakad, Pune",Wakad,Pune,Pune,Maharashtra,411057,18.602679,73.769788,Low
LOC003328,Synthetic Residence - Shivajinagar 3328,Residence,"285, Temple Road, Shivajinagar, Pune",Shivajinagar,Pune,Pune,Maharashtra,411005,18.525647,73.840507,Low
LOC003329,Synthetic Residence - Aundh 3329,Residence,"384, Canal Road, Aundh, Pune",Aundh,Pune,Pune,Maharashtra,411007,18.554647,73.811329,Medium
LOC003330,Synthetic Residence - Viman Nagar 3330,Residence,"707, Main Road, Viman Nagar, Pune",Viman Nagar,Pune,Pune,Maharashtra,411014,18.569504,73.921239,Low
LOC003331,Synthetic Warehouse - Vishrantwadi 3331,Warehouse,"925, Canal Road, Vishrantwadi, Pune",Vishrantwadi,Pune,Pune,Maharashtra,411015,18.572472,73.883672,Low
LOC003332,Synthetic Restaurant - Vishrantwadi 3332,Restaurant,"473, Market Road, Vishrantwadi, Pune",Vishrantwadi,Pune,Pune,Maharashtra,411015,18.563587,73.873002,Low
LOC003333,Synthetic Crime Scene - Chinchwad 3333,Crime Scene,"864, Market Road, Chinchwad, Pune",Chinchwad,Pune,Pune,Maharashtra,411033,18.629304,73.80031,Medium
LOC003334,Synthetic Crime Scene - Yerawada 3334,Crime Scene,"956, Station Road, Yerawada, Pune",Yerawada,Pune,Pune,Maharashtra,411006,18.543998,73.88537,Low
LOC003335,Synthetic Other - Wakad 3335,Other,"412, Main Road, Wakad, Pune",Wakad,Pune,Pune,Maharashtra,411057,18.598436,73.762981,Medium
LOC003336,Synthetic Bank - Hadapsar 3336,Bank,"838, College Road, Hadapsar, Pune",Hadapsar,Pune,Pune,Maharashtra,411028,18.513773,73.9228,Medium
LOC003337,Synthetic Residence - Pimpri 3337,Residence,"572, Industrial Road, Pimpri, Pune",Pimpri,Pune,Pune,Maharashtra,411018,18.624041,73.803672,Low
LOC003338,Synthetic Workplace - Pimpri 3338,Workplace,"969, Market Road, Pimpri, Pune",Pimpri,Pune,Pune,Maharashtra,411018,18.628159,73.800562,Medium
LOC003339,Synthetic Transport Hub - Hadapsar 3339,Transport Hub,"884, Nagar Road, Hadapsar, Pune",Hadapsar,Pune,Pune,Maharashtra,411028,18.516783,73.919809,Low
LOC003340,Synthetic Residence - Kondhwa 3340,Residence,"575, Temple Road, Kondhwa, Pune",Kondhwa,Pune,Pune,Maharashtra,411048,18.475416,73.886039,Medium
LOC003341,Synthetic Workplace - Kothrud 3341,Workplace,"271, Industrial Road, Kothrud, Pune",Kothrud,Pune,Pune,Maharashtra,411038,18.513423,73.802376,Low
LOC003342,Synthetic Other - Shivajinagar 3342,Other,"842, Nagar Road, Shivajinagar, Pune",Shivajinagar,Pune,Pune,Maharashtra,411005,18.534294,73.84412,Low
LOC003343,Synthetic Crime Scene - Bhosari 3343,Crime Scene,"794, Station Road, Bhosari, Pune",Bhosari,Pune,Pune,Maharashtra,411039,18.636993,73.844466,Low
LOC003344,Synthetic Restaurant - Dhankawadi 3344,Restaurant,"637, Main Road, Dhankawadi, Pune",Dhankawadi,Pune,Pune,Maharashtra,411043,18.468681,73.847418,Low
LOC003345,Synthetic Residence - Katraj 3345,Residence,"440, Nagar Road, Katraj, Pune",Katraj,Pune,Pune,Maharashtra,411046,18.453805,73.870235,Medium
LOC003346,Synthetic Police Station - Yerawada,Police Station,"638, Main Road, Yerawada, Pune",Yerawada,Pune,Pune,Maharashtra,411006,18.541754,73.871016,Low
LOC003347,Synthetic Meeting Point - Viman Nagar 3347,Meeting Point,"693, Canal Road, Viman Nagar, Pune",Viman Nagar,Pune,Pune,Maharashtra,411014,18.573981,73.913528,High
LOC003348,Synthetic Police Station - Dhankawadi,Police Station,"775, Station Road, Dhankawadi, Pune",Dhankawadi,Pune,Pune,Maharashtra,411043,18.4657,73.855156,Medium
LOC003349,Synthetic Restaurant - Kondhwa 3349,Restaurant,"881, Link Road, Kondhwa, Pune",Kondhwa,Pune,Pune,Maharashtra,411048,18.462621,73.887907,Low
LOC003350,Synthetic Workplace - Hadapsar 3350,Workplace,"57, Temple Road, Hadapsar, Pune",Hadapsar,Pune,Pune,Maharashtra,411028,18.501728,73.932279,Low
LOC003351,Synthetic Bank - Vishrantwadi 3351,Bank,"43, Nagar Road, Vishrantwadi, Pune",Vishrantwadi,Pune,Pune,Maharashtra,411015,18.561544,73.873652,Medium
LOC003352,Synthetic Crime Scene - Kothrud 3352,Crime Scene,"784, Temple Road, Kothrud, Pune",Kothrud,Pune,Pune,Maharashtra,411038,18.512595,73.804929,Low
LOC003353,Synthetic Residence - Kondhwa 3353,Residence,"582, College Road, Kondhwa, Pune",Kondhwa,Pune,Pune,Maharashtra,411048,18.469494,73.894913,Medium
LOC003354,Synthetic Meeting Point - Katraj 3354,Meeting Point,"513, Industrial Road, Katraj, Pune",Katraj,Pune,Pune,Maharashtra,411046,18.454712,73.860692,Low
LOC003355,Synthetic Residence - Chinchwad 3355,Residence,"130, Nagar Road, Chinchwad, Pune",Chinchwad,Pune,Pune,Maharashtra,411033,18.62428,73.80347,Low
LOC003356,Synthetic Workplace - Aundh 3356,Workplace,"781, College Road, Aundh, Pune",Aundh,Pune,Pune,Maharashtra,411007,18.559597,73.806321,Low
LOC003357,Synthetic Bank - Bhosari 3357,Bank,"805, Industrial Road, Bhosari, Pune",Bhosari,Pune,Pune,Maharashtra,411039,18.628672,73.844227,Low
LOC003358,Synthetic Transport Hub - Kothrud 3358,Transport Hub,"544, Main Road, Kothrud, Pune",Kothrud,Pune,Pune,Maharashtra,411038,18.504452,73.799885,Low
LOC003359,Synthetic Residence - Dhankawadi 3359,Residence,"252, Link Road, Dhankawadi, Pune",Dhankawadi,Pune,Pune,Maharashtra,411043,18.469665,73.853159,Low
LOC003360,Synthetic Workplace - Pimpri 3360,Workplace,"31, Market Road, Pimpri, Pune",Pimpri,Pune,Pune,Maharashtra,411018,18.629995,73.807159,Low
LOC003361,Synthetic Residence - Viman Nagar 3361,Residence,"292, Temple Road, Viman Nagar, Pune",Viman Nagar,Pune,Pune,Maharashtra,411014,18.569423,73.914811,Low
LOC003362,Synthetic Residence - Pimpri 3362,Residence,"450, Industrial Road, Pimpri, Pune",Pimpri,Pune,Pune,Maharashtra,411018,18.624623,73.806499,Medium
LOC003363,Synthetic Transport Hub - Vishrantwadi 3363,Transport Hub,"937, College Road, Vishrantwadi, Pune",Vishrantwadi,Pune,Pune,Maharashtra,411015,18.560931,73.885222,Medium
LOC003364,Synthetic Residence - Dhankawadi 3364,Residence,"480, Temple Road, Dhankawadi, Pune",Dhankawadi,Pune,Pune,Maharashtra,411043,18.469181,73.850156,Low
LOC003365,Synthetic ATM - Katraj 3365,ATM,"509, Station Road, Katraj, Pune",Katraj,Pune,Pune,Maharashtra,411046,18.45744,73.860623,High
LOC003366,Synthetic Transport Hub - Wakad 3366,Transport Hub,"564, Park Road, Wakad, Pune",Wakad,Pune,Pune,Maharashtra,411057,18.591923,73.763978,Medium
LOC003367,Synthetic Transport Hub - Vishrantwadi 3367,Transport Hub,"497, Nagar Road, Vishrantwadi, Pune",Vishrantwadi,Pune,Pune,Maharashtra,411015,18.563976,73.885853,Medium
LOC003368,Synthetic Restaurant - Kondhwa 3368,Restaurant,"629, Link Road, Kondhwa, Pune",Kondhwa,Pune,Pune,Maharashtra,411048,18.474961,73.894275,High
LOC003369,Synthetic Other - Yerawada 3369,Other,"729, Temple Road, Yerawada, Pune",Yerawada,Pune,Pune,Maharashtra,411006,18.551692,73.872499,Low
LOC003370,Synthetic Transport Hub - Dhankawadi 3370,Transport Hub,"652, Market Road, Dhankawadi, Pune",Dhankawadi,Pune,Pune,Maharashtra,411043,18.473578,73.844234,Medium
LOC003371,Synthetic Transport Hub - Katraj 3371,Transport Hub,"373, Main Road, Katraj, Pune",Katraj,Pune,Pune,Maharashtra,411046,18.452887,73.858674,Low
LOC003372,Synthetic Workplace - Baner 3372,Workplace,"445, Temple Road, Baner, Pune",Baner,Pune,Pune,Maharashtra,411045,18.558645,73.781025,Medium
LOC003373,Synthetic Residence - Bhosari 3373,Residence,"29, Station Road, Bhosari, Pune",Bhosari,Pune,Pune,Maharashtra,411039,18.632797,73.846973,Low
LOC003374,Synthetic Restaurant - Swargate 3374,Restaurant,"558, Station Road, Swargate, Pune",Swargate,Pune,Pune,Maharashtra,411037,18.506852,73.866451,Low
LOC003375,Synthetic Warehouse - Viman Nagar 3375,Warehouse,"570, Industrial Road, Viman Nagar, Pune",Viman Nagar,Pune,Pune,Maharashtra,411014,18.569733,73.920236,Low
LOC003376,Synthetic Meeting Point - Swargate 3376,Meeting Point,"804, Link Road, Swargate, Pune",Swargate,Pune,Pune,Maharashtra,411037,18.494787,73.864983,Medium
LOC003377,Synthetic Other - Aundh 3377,Other,"889, Station Road, Aundh, Pune",Aundh,Pune,Pune,Maharashtra,411007,18.551166,73.804131,Medium
LOC003378,Synthetic Crime Scene - Swargate 3378,Crime Scene,"24, Market Road, Swargate, Pune",Swargate,Pune,Pune,Maharashtra,411037,18.507069,73.868965,Low
LOC003379,Synthetic Police Station - Viman Nagar,Police Station,"858, Park Road, Viman Nagar, Pune",Viman Nagar,Pune,Pune,Maharashtra,411014,18.563509,73.91025,Medium
LOC003380,Synthetic Residence - Shivajinagar 3380,Residence,"683, Main Road, Shivajinagar, Pune",Shivajinagar,Pune,Pune,Maharashtra,411005,18.537912,73.843502,Low
LOC003381,Synthetic Residence - Shivajinagar 3381,Residence,"984, College Road, Shivajinagar, Pune",Shivajinagar,Pune,Pune,Maharashtra,411005,18.523377,73.844415,Low
LOC003382,Synthetic Workplace - Baner 3382,Workplace,"167, Market Road, Baner, Pune",Baner,Pune,Pune,Maharashtra,411045,18.563006,73.779544,Low
LOC003383,Synthetic Transport Hub - Baner 3383,Transport Hub,"721, Link Road, Baner, Pune",Baner,Pune,Pune,Maharashtra,411045,18.552241,73.78087,Low
LOC003384,Synthetic Restaurant - Swargate 3384,Restaurant,"479, Industrial Road, Swargate, Pune",Swargate,Pune,Pune,Maharashtra,411037,18.502834,73.868142,Medium
LOC003385,Synthetic Transport Hub - Baner 3385,Transport Hub,"614, Market Road, Baner, Pune",Baner,Pune,Pune,Maharashtra,411045,18.554584,73.783423,Low
LOC003386,Synthetic Police Station - Shivajinagar,Police Station,"948, Canal Road, Shivajinagar, Pune",Shivajinagar,Pune,Pune,Maharashtra,411005,18.531339,73.850483,Low
LOC003387,Synthetic Residence - Dhankawadi 3387,Residence,"144, Temple Road, Dhankawadi, Pune",Dhankawadi,Pune,Pune,Maharashtra,411043,18.460804,73.853557,Medium
LOC003388,Synthetic Residence - Hadapsar 3388,Residence,"288, Temple Road, Hadapsar, Pune",Hadapsar,Pune,Pune,Maharashtra,411028,18.516137,73.928054,Low
LOC003389,Synthetic Police Station - Chinchwad,Police Station,"253, Industrial Road, Chinchwad, Pune",Chinchwad,Pune,Pune,Maharashtra,411033,18.633853,73.793082,High
LOC003390,Synthetic Workplace - Chinchwad 3390,Workplace,"72, Canal Road, Chinchwad, Pune",Chinchwad,Pune,Pune,Maharashtra,411033,18.627778,73.797302,Medium
LOC003391,Synthetic Transport Hub - Katraj 3391,Transport Hub,"264, College Road, Katraj, Pune",Katraj,Pune,Pune,Maharashtra,411046,18.445934,73.860493,Medium
LOC003392,Synthetic Police Station - Chinchwad,Police Station,"739, Station Road, Chinchwad, Pune",Chinchwad,Pune,Pune,Maharashtra,411033,18.629927,73.796042,Low
LOC003393,Synthetic Crime Scene - Chinchwad 3393,Crime Scene,"572, Nagar Road, Chinchwad, Pune",Chinchwad,Pune,Pune,Maharashtra,411033,18.62686,73.802741,Medium
LOC003394,Synthetic Transport Hub - Chinchwad 3394,Transport Hub,"691, Nagar Road, Chinchwad, Pune",Chinchwad,Pune,Pune,Maharashtra,411033,18.637034,73.794967,Low
LOC003395,Synthetic Residence - Katraj 3395,Residence,"714, Market Road, Katraj, Pune",Katraj,Pune,Pune,Maharashtra,411046,18.456523,73.870853,Medium
LOC003396,Synthetic Residence - Shivajinagar 3396,Residence,"611, College Road, Shivajinagar, Pune",Shivajinagar,Pune,Pune,Maharashtra,411005,18.532137,73.846594,Low
LOC003397,Synthetic Residence - Swargate 3397,Residence,"932, Canal Road, Swargate, Pune",Swargate,Pune,Pune,Maharashtra,411037,18.506861,73.860365,Medium
LOC003398,Synthetic Crime Scene - Kothrud 3398,Crime Scene,"632, Industrial Road, Kothrud, Pune",Kothrud,Pune,Pune,Maharashtra,411038,18.503926,73.81308,Medium
LOC003399,Synthetic Residence - Viman Nagar 3399,Residence,"692, Temple Road, Viman Nagar, Pune",Viman Nagar,Pune,Pune,Maharashtra,411014,18.56144,73.914106,Medium
LOC003400,Synthetic Workplace - Yerawada 3400,Workplace,"829, Main Road, Yerawada, Pune",Yerawada,Pune,Pune,Maharashtra,411006,18.555614,73.884494,Low
LOC003401,Synthetic Crime Scene - Aundh 3401,Crime Scene,"484, Industrial Road, Aundh, Pune",Aundh,Pune,Pune,Maharashtra,411007,18.552186,73.808715,Medium
LOC003402,Synthetic ATM - Shivajinagar 3402,ATM,"788, Market Road, Shivajinagar, Pune",Shivajinagar,Pune,Pune,Maharashtra,411005,18.538701,73.852794,Medium
LOC003403,Synthetic Residence - Yerawada 3403,Residence,"509, Station Road, Yerawada, Pune",Yerawada,Pune,Pune,Maharashtra,411006,18.548197,73.88594,Low
LOC003404,Synthetic Workplace - Wakad 3404,Workplace,"84, Main Road, Wakad, Pune",Wakad,Pune,Pune,Maharashtra,411057,18.591349,73.756037,Medium
LOC003405,Synthetic Workplace - Pimpri 3405,Workplace,"854, Industrial Road, Pimpri, Pune",Pimpri,Pune,Pune,Maharashtra,411018,18.624182,73.795919,Medium
LOC003406,Synthetic Workplace - Vishrantwadi 3406,Workplace,"804, Nagar Road, Vishrantwadi, Pune",Vishrantwadi,Pune,Pune,Maharashtra,411015,18.57098,73.875075,Medium
LOC003407,Synthetic Warehouse - Chinchwad 3407,Warehouse,"914, Station Road, Chinchwad, Pune",Chinchwad,Pune,Pune,Maharashtra,411033,18.630801,73.796137,Low
LOC003408,Synthetic Residence - Pimpri 3408,Residence,"201, Canal Road, Pimpri, Pune",Pimpri,Pune,Pune,Maharashtra,411018,18.63505,73.799517,Medium
LOC003409,Synthetic Hotel - Dhankawadi 3409,Hotel,"15, Canal Road, Dhankawadi, Pune",Dhankawadi,Pune,Pune,Maharashtra,411043,18.467513,73.846563,Low
LOC003410,Synthetic Workplace - Shivajinagar 3410,Workplace,"322, Market Road, Shivajinagar, Pune",Shivajinagar,Pune,Pune,Maharashtra,411005,18.525715,73.841539,Medium
LOC003411,Synthetic Transport Hub - Bhosari 3411,Transport Hub,"708, Main Road, Bhosari, Pune",Bhosari,Pune,Pune,Maharashtra,411039,18.633063,73.842218,Medium
LOC003412,Synthetic ATM - Kothrud 3412,ATM,"380, Park Road, Kothrud, Pune",Kothrud,Pune,Pune,Maharashtra,411038,18.512007,73.812224,Low
LOC003413,Synthetic Meeting Point - Dhankawadi 3413,Meeting Point,"278, Main Road, Dhankawadi, Pune",Dhankawadi,Pune,Pune,Maharashtra,411043,18.470005,73.847349,Medium
LOC003414,Synthetic Workplace - Yerawada 3414,Workplace,"170, Station Road, Yerawada, Pune",Yerawada,Pune,Pune,Maharashtra,411006,18.545173,73.875443,Medium
LOC003415,Synthetic Workplace - Kondhwa 3415,Workplace,"907, Station Road, Kondhwa, Pune",Kondhwa,Pune,Pune,Maharashtra,411048,18.461887,73.897994,Medium
LOC003416,Synthetic Workplace - Kothrud 3416,Workplace,"970, Industrial Road, Kothrud, Pune",Kothrud,Pune,Pune,Maharashtra,411038,18.505936,73.802422,Medium
LOC003417,Synthetic Transport Hub - Katraj 3417,Transport Hub,"494, Link Road, Katraj, Pune",Katraj,Pune,Pune,Maharashtra,411046,18.447916,73.865646,High
LOC003418,Synthetic Workplace - Aundh 3418,Workplace,"59, Temple Road, Aundh, Pune",Aundh,Pune,Pune,Maharashtra,411007,18.553509,73.81293,Low
LOC003419,Synthetic Workplace - Dhankawadi 3419,Workplace,"663, College Road, Dhankawadi, Pune",Dhankawadi,Pune,Pune,Maharashtra,411043,18.460512,73.846251,Medium
LOC003420,Synthetic Workplace - Baner 3420,Workplace,"774, Nagar Road, Baner, Pune",Baner,Pune,Pune,Maharashtra,411045,18.555385,73.786365,Medium
LOC003421,Synthetic Crime Scene - Kothrud 3421,Crime Scene,"109, Main Road, Kothrud, Pune",Kothrud,Pune,Pune,Maharashtra,411038,18.50471,73.814336,Low
LOC003422,Synthetic Residence - Kothrud 3422,Residence,"955, Link Road, Kothrud, Pune",Kothrud,Pune,Pune,Maharashtra,411038,18.504826,73.806355,Low
LOC003423,Synthetic Hotel - Shivajinagar 3423,Hotel,"595, Nagar Road, Shivajinagar, Pune",Shivajinagar,Pune,Pune,Maharashtra,411005,18.532646,73.849688,Low
LOC003424,Synthetic Transport Hub - Yerawada 3424,Transport Hub,"414, Main Road, Yerawada, Pune",Yerawada,Pune,Pune,Maharashtra,411006,18.546872,73.879175,Low
LOC003425,Synthetic ATM - Chinchwad 3425,ATM,"920, Station Road, Chinchwad, Pune",Chinchwad,Pune,Pune,Maharashtra,411033,18.636026,73.797534,Low
LOC003426,Synthetic Residence - Hadapsar 3426,Residence,"180, Industrial Road, Hadapsar, Pune",Hadapsar,Pune,Pune,Maharashtra,411028,18.511233,73.925417,Low
LOC003427,Synthetic Bank - Kondhwa 3427,Bank,"603, Main Road, Kondhwa, Pune",Kondhwa,Pune,Pune,Maharashtra,411048,18.468883,73.885956,Medium
LOC003428,Synthetic Workplace - Dhankawadi 3428,Workplace,"461, Station Road, Dhankawadi, Pune",Dhankawadi,Pune,Pune,Maharashtra,411043,18.473245,73.843224,Low
LOC003429,Synthetic Restaurant - Swargate 3429,Restaurant,"610, Temple Road, Swargate, Pune",Swargate,Pune,Pune,Maharashtra,411037,18.499098,73.868842,Medium
LOC003430,Synthetic Police Station - Chinchwad,Police Station,"662, Park Road, Chinchwad, Pune",Chinchwad,Pune,Pune,Maharashtra,411033,18.623232,73.806483,Low
LOC003431,Synthetic Workplace - Viman Nagar 3431,Workplace,"874, Park Road, Viman Nagar, Pune",Viman Nagar,Pune,Pune,Maharashtra,411014,18.570692,73.9178,Low
LOC003432,Synthetic Police Station - Bhosari,Police Station,"120, Main Road, Bhosari, Pune",Bhosari,Pune,Pune,Maharashtra,411039,18.630209,73.845122,Low
LOC003433,Synthetic Warehouse - Aundh 3433,Warehouse,"184, Canal Road, Aundh, Pune",Aundh,Pune,Pune,Maharashtra,411007,18.563021,73.802575,Medium
LOC003434,Synthetic Police Station - Yerawada,Police Station,"383, Industrial Road, Yerawada, Pune",Yerawada,Pune,Pune,Maharashtra,411006,18.553116,73.871505,Medium
LOC003435,Synthetic Police Station - Baner,Police Station,"64, Canal Road, Baner, Pune",Baner,Pune,Pune,Maharashtra,411045,18.553675,73.790149,Low
LOC003436,Synthetic Warehouse - Dhankawadi 3436,Warehouse,"253, Link Road, Dhankawadi, Pune",Dhankawadi,Pune,Pune,Maharashtra,411043,18.46885,73.853379,Medium
LOC003437,Synthetic Restaurant - Vishrantwadi 3437,Restaurant,"489, College Road, Vishrantwadi, Pune",Vishrantwadi,Pune,Pune,Maharashtra,411015,18.559622,73.885291,High
LOC003438,Synthetic Transport Hub - Aundh 3438,Transport Hub,"144, Temple Road, Aundh, Pune",Aundh,Pune,Pune,Maharashtra,411007,18.555501,73.810088,Low
LOC003439,Synthetic Bank - Baner 3439,Bank,"568, Nagar Road, Baner, Pune",Baner,Pune,Pune,Maharashtra,411045,18.560784,73.781045,Low
LOC003440,Synthetic Workplace - Swargate 3440,Workplace,"656, Link Road, Swargate, Pune",Swargate,Pune,Pune,Maharashtra,411037,18.504163,73.866719,Low
LOC003441,Synthetic Residence - Kothrud 3441,Residence,"907, Market Road, Kothrud, Pune",Kothrud,Pune,Pune,Maharashtra,411038,18.510623,73.813408,Low
LOC003442,Synthetic Meeting Point - Yerawada 3442,Meeting Point,"223, Canal Road, Yerawada, Pune",Yerawada,Pune,Pune,Maharashtra,411006,18.543933,73.879802,Medium
LOC003443,Synthetic Other - Chinchwad 3443,Other,"849, Market Road, Chinchwad, Pune",Chinchwad,Pune,Pune,Maharashtra,411033,18.628093,73.807647,Low
LOC003444,Synthetic Bank - Bhosari 3444,Bank,"955, Link Road, Bhosari, Pune",Bhosari,Pune,Pune,Maharashtra,411039,18.624178,73.846202,Medium
LOC003445,Synthetic Residence - Wakad 3445,Residence,"469, Main Road, Wakad, Pune",Wakad,Pune,Pune,Maharashtra,411057,18.600088,73.755978,Low
LOC003446,Synthetic Crime Scene - Katraj 3446,Crime Scene,"249, Link Road, Katraj, Pune",Katraj,Pune,Pune,Maharashtra,411046,18.453561,73.86153,Medium
LOC003447,Synthetic Workplace - Pimpri 3447,Workplace,"987, Station Road, Pimpri, Pune",Pimpri,Pune,Pune,Maharashtra,411018,18.631855,73.800937,Low
LOC003448,Synthetic Warehouse - Hadapsar 3448,Warehouse,"417, Temple Road, Hadapsar, Pune",Hadapsar,Pune,Pune,Maharashtra,411028,18.512425,73.922651,Low
LOC003449,Synthetic Meeting Point - Pimpri 3449,Meeting Point,"412, Station Road, Pimpri, Pune",Pimpri,Pune,Pune,Maharashtra,411018,18.637723,73.805069,Low
LOC003450,Synthetic Warehouse - Bhosari 3450,Warehouse,"450, Canal Road, Bhosari, Pune",Bhosari,Pune,Pune,Maharashtra,411039,18.626204,73.842168,Low
LOC003451,Synthetic Workplace - Dhankawadi 3451,Workplace,"685, Nagar Road, Dhankawadi, Pune",Dhankawadi,Pune,Pune,Maharashtra,411043,18.472135,73.850016,Medium
LOC003452,Synthetic Other - Dhankawadi 3452,Other,"53, Market Road, Dhankawadi, Pune",Dhankawadi,Pune,Pune,Maharashtra,411043,18.474871,73.848677,Medium
LOC003453,Synthetic Bank - Vishrantwadi 3453,Bank,"268, Link Road, Vishrantwadi, Pune",Vishrantwadi,Pune,Pune,Maharashtra,411015,18.573504,73.876157,Low
LOC003454,Synthetic Crime Scene - Pimpri 3454,Crime Scene,"896, Station Road, Pimpri, Pune",Pimpri,Pune,Pune,Maharashtra,411018,18.628525,73.79954,Medium
LOC003455,Synthetic Residence - Vishrantwadi 3455,Residence,"451, Industrial Road, Vishrantwadi, Pune",Vishrantwadi,Pune,Pune,Maharashtra,411015,18.560548,73.882078,Low
LOC003456,Synthetic Warehouse - Bhosari 3456,Warehouse,"386, Nagar Road, Bhosari, Pune",Bhosari,Pune,Pune,Maharashtra,411039,18.630352,73.853377,Low
LOC003457,Synthetic Residence - Kondhwa 3457,Residence,"623, Main Road, Kondhwa, Pune",Kondhwa,Pune,Pune,Maharashtra,411048,18.463936,73.89584,Low
LOC003458,Synthetic Hotel - Swargate 3458,Hotel,"816, Canal Road, Swargate, Pune",Swargate,Pune,Pune,Maharashtra,411037,18.502163,73.869152,High
LOC003459,Synthetic Transport Hub - Pimpri 3459,Transport Hub,"957, College Road, Pimpri, Pune",Pimpri,Pune,Pune,Maharashtra,411018,18.627077,73.800885,Medium
LOC003460,Synthetic Residence - Kothrud 3460,Residence,"149, Canal Road, Kothrud, Pune",Kothrud,Pune,Pune,Maharashtra,411038,18.501954,73.814106,High
LOC003461,Synthetic Crime Scene - Hadapsar 3461,Crime Scene,"910, Temple Road, Hadapsar, Pune",Hadapsar,Pune,Pune,Maharashtra,411028,18.501344,73.930856,Low
LOC003462,Synthetic Bank - Hadapsar 3462,Bank,"22, College Road, Hadapsar, Pune",Hadapsar,Pune,Pune,Maharashtra,411028,18.507863,73.924679,Medium
LOC003463,Synthetic Meeting Point - Hadapsar 3463,Meeting Point,"109, Industrial Road, Hadapsar, Pune",Hadapsar,Pune,Pune,Maharashtra,411028,18.510901,73.918115,Medium
LOC003464,Synthetic Transport Hub - Wakad 3464,Transport Hub,"698, College Road, Wakad, Pune",Wakad,Pune,Pune,Maharashtra,411057,18.596451,73.769019,Low
LOC003465,Synthetic Bank - Swargate 3465,Bank,"208, Canal Road, Swargate, Pune",Swargate,Pune,Pune,Maharashtra,411037,18.507186,73.86407,Low
LOC003466,Synthetic Residence - Hadapsar 3466,Residence,"686, Station Road, Hadapsar, Pune",Hadapsar,Pune,Pune,Maharashtra,411028,18.50972,73.919433,Low
LOC003467,Synthetic Workplace - Viman Nagar 3467,Workplace,"250, Industrial Road, Viman Nagar, Pune",Viman Nagar,Pune,Pune,Maharashtra,411014,18.56763,73.918032,Low
LOC003468,Synthetic ATM - Vishrantwadi 3468,ATM,"601, Industrial Road, Vishrantwadi, Pune",Vishrantwadi,Pune,Pune,Maharashtra,411015,18.563193,73.880202,Low
LOC003469,Synthetic Crime Scene - Hadapsar 3469,Crime Scene,"273, Nagar Road, Hadapsar, Pune",Hadapsar,Pune,Pune,Maharashtra,411028,18.502257,73.926872,Low
LOC003470,Synthetic Transport Hub - Dhankawadi 3470,Transport Hub,"214, Market Road, Dhankawadi, Pune",Dhankawadi,Pune,Pune,Maharashtra,411043,18.474578,73.854621,Low
LOC003471,Synthetic Hotel - Vishrantwadi 3471,Hotel,"383, Link Road, Vishrantwadi, Pune",Vishrantwadi,Pune,Pune,Maharashtra,411015,18.571893,73.880664,Low
LOC003472,Synthetic Workplace - Kondhwa 3472,Workplace,"157, Link Road, Kondhwa, Pune",Kondhwa,Pune,Pune,Maharashtra,411048,18.472372,73.88737,High
LOC003473,Synthetic Transport Hub - Baner 3473,Transport Hub,"518, Industrial Road, Baner, Pune",Baner,Pune,Pune,Maharashtra,411045,18.551017,73.779161,Medium
LOC003474,Synthetic Meeting Point - Baner 3474,Meeting Point,"993, Station Road, Baner, Pune",Baner,Pune,Pune,Maharashtra,411045,18.55981,73.785605,Low
LOC003475,Synthetic Workplace - Vishrantwadi 3475,Workplace,"826, Station Road, Vishrantwadi, Pune",Vishrantwadi,Pune,Pune,Maharashtra,411015,18.57146,73.871767,Medium
LOC003476,Synthetic Crime Scene - Vishrantwadi 3476,Crime Scene,"679, Market Road, Vishrantwadi, Pune",Vishrantwadi,Pune,Pune,Maharashtra,411015,18.564052,73.876763,High
LOC003477,Synthetic Workplace - Swargate 3477,Workplace,"276, Temple Road, Swargate, Pune",Swargate,Pune,Pune,Maharashtra,411037,18.507639,73.86096,Medium
LOC003478,Synthetic Restaurant - Dhankawadi 3478,Restaurant,"846, Temple Road, Dhankawadi, Pune",Dhankawadi,Pune,Pune,Maharashtra,411043,18.459494,73.85122,Low
LOC003479,Synthetic Crime Scene - Aundh 3479,Crime Scene,"770, Canal Road, Aundh, Pune",Aundh,Pune,Pune,Maharashtra,411007,18.56536,73.805932,Low
LOC003480,Synthetic Residence - Katraj 3480,Residence,"762, Link Road, Katraj, Pune",Katraj,Pune,Pune,Maharashtra,411046,18.445606,73.863448,Medium
LOC003481,Synthetic Residence - Katraj 3481,Residence,"202, Temple Road, Katraj, Pune",Katraj,Pune,Pune,Maharashtra,411046,18.450272,73.871756,Low
LOC003482,Synthetic Residence - Yerawada 3482,Residence,"636, Canal Road, Yerawada, Pune",Yerawada,Pune,Pune,Maharashtra,411006,18.553714,73.873918,Low
LOC003483,Synthetic Residence - Shivajinagar 3483,Residence,"394, Link Road, Shivajinagar, Pune",Shivajinagar,Pune,Pune,Maharashtra,411005,18.525053,73.853794,Low
LOC003484,Synthetic Restaurant - Bhosari 3484,Restaurant,"316, Link Road, Bhosari, Pune",Bhosari,Pune,Pune,Maharashtra,411039,18.628938,73.853547,Low
LOC003485,Synthetic Transport Hub - Kondhwa 3485,Transport Hub,"707, Temple Road, Kondhwa, Pune",Kondhwa,Pune,Pune,Maharashtra,411048,18.461829,73.886259,High
LOC003486,Synthetic Bank - Swargate 3486,Bank,"91, Link Road, Swargate, Pune",Swargate,Pune,Pune,Maharashtra,411037,18.504174,73.859987,Low
LOC003487,Synthetic Warehouse - Chinchwad 3487,Warehouse,"970, Canal Road, Chinchwad, Pune",Chinchwad,Pune,Pune,Maharashtra,411033,18.632867,73.794044,Medium
LOC003488,Synthetic Restaurant - Viman Nagar 3488,Restaurant,"174, Station Road, Viman Nagar, Pune",Viman Nagar,Pune,Pune,Maharashtra,411014,18.567823,73.918087,High
LOC003489,Synthetic Workplace - Dhankawadi 3489,Workplace,"12, Market Road, Dhankawadi, Pune",Dhankawadi,Pune,Pune,Maharashtra,411043,18.467631,73.843989,High
LOC003490,Synthetic Bank - Katraj 3490,Bank,"707, Temple Road, Katraj, Pune",Katraj,Pune,Pune,Maharashtra,411046,18.446073,73.857933,Medium
LOC003491,Synthetic Residence - Kondhwa 3491,Residence,"259, Temple Road, Kondhwa, Pune",Kondhwa,Pune,Pune,Maharashtra,411048,18.476008,73.895606,Low
LOC003492,Synthetic Residence - Shivajinagar 3492,Residence,"711, College Road, Shivajinagar, Pune",Shivajinagar,Pune,Pune,Maharashtra,411005,18.533152,73.850485,Medium
LOC003493,Synthetic Workplace - Pimpri 3493,Workplace,"763, Station Road, Pimpri, Pune",Pimpri,Pune,Pune,Maharashtra,411018,18.622393,73.796199,Low
LOC003494,Synthetic ATM - Viman Nagar 3494,ATM,"830, Main Road, Viman Nagar, Pune",Viman Nagar,Pune,Pune,Maharashtra,411014,18.566874,73.922164,Low
LOC003495,Synthetic ATM - Pimpri 3495,ATM,"578, Temple Road, Pimpri, Pune",Pimpri,Pune,Pune,Maharashtra,411018,18.62278,73.80456,Low
LOC003496,Synthetic Workplace - Vishrantwadi 3496,Workplace,"463, Link Road, Vishrantwadi, Pune",Vishrantwadi,Pune,Pune,Maharashtra,411015,18.574508,73.872899,Low
LOC003497,Synthetic Transport Hub - Dhankawadi 3497,Transport Hub,"84, College Road, Dhankawadi, Pune",Dhankawadi,Pune,Pune,Maharashtra,411043,18.474491,73.856318,High
LOC003498,Synthetic Residence - Kothrud 3498,Residence,"611, Station Road, Kothrud, Pune",Kothrud,Pune,Pune,Maharashtra,411038,18.504949,73.81323,Medium
LOC003499,Synthetic Residence - Aundh 3499,Residence,"788, Canal Road, Aundh, Pune",Aundh,Pune,Pune,Maharashtra,411007,18.552654,73.813819,Low
LOC003500,Synthetic Transport Hub - Wakad 3500,Transport Hub,"393, Canal Road, Wakad, Pune",Wakad,Pune,Pune,Maharashtra,411057,18.593373,73.764594,Medium
LOC003501,Synthetic Residence - Yerawada 3501,Residence,"919, Station Road, Yerawada, Pune",Yerawada,Pune,Pune,Maharashtra,411006,18.541923,73.871249,Low
LOC003502,Synthetic Transport Hub - Dhankawadi 3502,Transport Hub,"767, Main Road, Dhankawadi, Pune",Dhankawadi,Pune,Pune,Maharashtra,411043,18.462925,73.842343,Low
LOC003503,Synthetic Residence - Yerawada 3503,Residence,"260, Main Road, Yerawada, Pune",Yerawada,Pune,Pune,Maharashtra,411006,18.540346,73.878843,Low
LOC003504,Synthetic Residence - Aundh 3504,Residence,"403, Nagar Road, Aundh, Pune",Aundh,Pune,Pune,Maharashtra,411007,18.564721,73.809206,Low
LOC003505,Synthetic Crime Scene - Kothrud 3505,Crime Scene,"309, Nagar Road, Kothrud, Pune",Kothrud,Pune,Pune,Maharashtra,411038,18.501753,73.800164,Low
LOC003506,Synthetic Workplace - Baner 3506,Workplace,"369, Link Road, Baner, Pune",Baner,Pune,Pune,Maharashtra,411045,18.556936,73.790246,Low
LOC003507,Synthetic Transport Hub - Aundh 3507,Transport Hub,"60, Nagar Road, Aundh, Pune",Aundh,Pune,Pune,Maharashtra,411007,18.552715,73.805154,Medium
LOC003508,Synthetic Workplace - Swargate 3508,Workplace,"44, Canal Road, Swargate, Pune",Swargate,Pune,Pune,Maharashtra,411037,18.504846,73.860118,Low
LOC003509,Synthetic Police Station - Baner,Police Station,"605, Industrial Road, Baner, Pune",Baner,Pune,Pune,Maharashtra,411045,18.564054,73.782063,Medium
LOC003510,Synthetic Workplace - Kothrud 3510,Workplace,"58, Canal Road, Kothrud, Pune",Kothrud,Pune,Pune,Maharashtra,411038,18.51456,73.811818,Low
LOC003511,Synthetic Workplace - Kondhwa 3511,Workplace,"361, Canal Road, Kondhwa, Pune",Kondhwa,Pune,Pune,Maharashtra,411048,18.46888,73.888471,Medium
LOC003512,Synthetic Residence - Baner 3512,Residence,"766, Market Road, Baner, Pune",Baner,Pune,Pune,Maharashtra,411045,18.556682,73.791112,Low
LOC003513,Synthetic Residence - Wakad 3513,Residence,"445, Canal Road, Wakad, Pune",Wakad,Pune,Pune,Maharashtra,411057,18.605805,73.765812,Medium
LOC003514,Synthetic Hotel - Chinchwad 3514,Hotel,"266, Park Road, Chinchwad, Pune",Chinchwad,Pune,Pune,Maharashtra,411033,18.632913,73.802208,Low
LOC003515,Synthetic Bank - Kondhwa 3515,Bank,"786, Nagar Road, Kondhwa, Pune",Kondhwa,Pune,Pune,Maharashtra,411048,18.476457,73.882844,Low
LOC003516,Synthetic Residence - Kothrud 3516,Residence,"549, Link Road, Kothrud, Pune",Kothrud,Pune,Pune,Maharashtra,411038,18.508093,73.811469,Low
LOC003517,Synthetic Workplace - Shivajinagar 3517,Workplace,"23, College Road, Shivajinagar, Pune",Shivajinagar,Pune,Pune,Maharashtra,411005,18.530886,73.846978,Medium
LOC003518,Synthetic Police Station - Wakad,Police Station,"744, College Road, Wakad, Pune",Wakad,Pune,Pune,Maharashtra,411057,18.592082,73.770265,Low
LOC003519,Synthetic Residence - Baner 3519,Residence,"631, Industrial Road, Baner, Pune",Baner,Pune,Pune,Maharashtra,411045,18.555113,73.786728,Low
LOC003520,Synthetic Residence - Baner 3520,Residence,"601, Nagar Road, Baner, Pune",Baner,Pune,Pune,Maharashtra,411045,18.554232,73.792244,Low
LOC003521,Synthetic Warehouse - Kothrud 3521,Warehouse,"474, Link Road, Kothrud, Pune",Kothrud,Pune,Pune,Maharashtra,411038,18.510587,73.802154,Low
LOC003522,Synthetic Hotel - Yerawada 3522,Hotel,"197, Market Road, Yerawada, Pune",Yerawada,Pune,Pune,Maharashtra,411006,18.550594,73.878302,Low
LOC003523,Synthetic Residence - Katraj 3523,Residence,"69, Park Road, Katraj, Pune",Katraj,Pune,Pune,Maharashtra,411046,18.458526,73.860819,Low
LOC003524,Synthetic Workplace - Katraj 3524,Workplace,"246, Park Road, Katraj, Pune",Katraj,Pune,Pune,Maharashtra,411046,18.445007,73.858536,Low
LOC003525,Synthetic Residence - Aundh 3525,Residence,"238, Link Road, Aundh, Pune",Aundh,Pune,Pune,Maharashtra,411007,18.566415,73.802578,Low
LOC003526,Synthetic Residence - Baner 3526,Residence,"70, Link Road, Baner, Pune",Baner,Pune,Pune,Maharashtra,411045,18.553398,73.793492,Low
LOC003527,Synthetic Hotel - Shivajinagar 3527,Hotel,"400, Nagar Road, Shivajinagar, Pune",Shivajinagar,Pune,Pune,Maharashtra,411005,18.525927,73.85287,Low
LOC003528,Synthetic Workplace - Shivajinagar 3528,Workplace,"881, Market Road, Shivajinagar, Pune",Shivajinagar,Pune,Pune,Maharashtra,411005,18.522957,73.854023,Medium
LOC003529,Synthetic Meeting Point - Viman Nagar 3529,Meeting Point,"214, Temple Road, Viman Nagar, Pune",Viman Nagar,Pune,Pune,Maharashtra,411014,18.570904,73.920609,Low
LOC003530,Synthetic Meeting Point - Pimpri 3530,Meeting Point,"943, Station Road, Pimpri, Pune",Pimpri,Pune,Pune,Maharashtra,411018,18.633353,73.79882,Low
LOC003531,Synthetic Residence - Swargate 3531,Residence,"401, Temple Road, Swargate, Pune",Swargate,Pune,Pune,Maharashtra,411037,18.507435,73.870926,Low
LOC003532,Synthetic Meeting Point - Katraj 3532,Meeting Point,"893, Industrial Road, Katraj, Pune",Katraj,Pune,Pune,Maharashtra,411046,18.451302,73.858516,Low
LOC003533,Synthetic Hotel - Katraj 3533,Hotel,"592, Temple Road, Katraj, Pune",Katraj,Pune,Pune,Maharashtra,411046,18.460373,73.859033,Medium
LOC003534,Synthetic Restaurant - Bhosari 3534,Restaurant,"421, Park Road, Bhosari, Pune",Bhosari,Pune,Pune,Maharashtra,411039,18.631976,73.846173,Medium
LOC003535,Synthetic Workplace - Vishrantwadi 3535,Workplace,"285, Park Road, Vishrantwadi, Pune",Vishrantwadi,Pune,Pune,Maharashtra,411015,18.569902,73.881728,High
LOC003536,Synthetic Residence - Yerawada 3536,Residence,"443, Temple Road, Yerawada, Pune",Yerawada,Pune,Pune,Maharashtra,411006,18.548581,73.875783,Low
LOC003537,Synthetic Warehouse - Vishrantwadi 3537,Warehouse,"801, Canal Road, Vishrantwadi, Pune",Vishrantwadi,Pune,Pune,Maharashtra,411015,18.567562,73.88419,Low
LOC003538,Synthetic Residence - Shivajinagar 3538,Residence,"923, College Road, Shivajinagar, Pune",Shivajinagar,Pune,Pune,Maharashtra,411005,18.525315,73.847585,Low
LOC003539,Synthetic Warehouse - Yerawada 3539,Warehouse,"357, Station Road, Yerawada, Pune",Yerawada,Pune,Pune,Maharashtra,411006,18.550285,73.871909,High
LOC003540,Synthetic Residence - Chinchwad 3540,Residence,"516, Temple Road, Chinchwad, Pune",Chinchwad,Pune,Pune,Maharashtra,411033,18.628083,73.79259,Medium
LOC003541,Synthetic Transport Hub - Swargate 3541,Transport Hub,"159, College Road, Swargate, Pune",Swargate,Pune,Pune,Maharashtra,411037,18.498364,73.860336,High
LOC003542,Synthetic Residence - Wakad 3542,Residence,"314, Station Road, Wakad, Pune",Wakad,Pune,Pune,Maharashtra,411057,18.596853,73.766225,Low
LOC003543,Synthetic Residence - Bhosari 3543,Residence,"774, Main Road, Bhosari, Pune",Bhosari,Pune,Pune,Maharashtra,411039,18.627097,73.840996,Medium
LOC003544,Synthetic Residence - Baner 3544,Residence,"769, Link Road, Baner, Pune",Baner,Pune,Pune,Maharashtra,411045,18.566532,73.791817,Low
LOC003545,Synthetic Residence - Bhosari 3545,Residence,"595, College Road, Bhosari, Pune",Bhosari,Pune,Pune,Maharashtra,411039,18.622064,73.84665,Medium
LOC003546,Synthetic Crime Scene - Vishrantwadi 3546,Crime Scene,"543, Nagar Road, Vishrantwadi, Pune",Vishrantwadi,Pune,Pune,Maharashtra,411015,18.55948,73.8785,Low
LOC003547,Synthetic ATM - Chinchwad 3547,ATM,"713, Park Road, Chinchwad, Pune",Chinchwad,Pune,Pune,Maharashtra,411033,18.637171,73.79571,Low
LOC003548,Synthetic Meeting Point - Pimpri 3548,Meeting Point,"441, Nagar Road, Pimpri, Pune",Pimpri,Pune,Pune,Maharashtra,411018,18.625344,73.793142,Medium
LOC003549,Synthetic Workplace - Viman Nagar 3549,Workplace,"573, Temple Road, Viman Nagar, Pune",Viman Nagar,Pune,Pune,Maharashtra,411014,18.573733,73.918578,Low
LOC003550,Synthetic Residence - Viman Nagar 3550,Residence,"443, Temple Road, Viman Nagar, Pune",Viman Nagar,Pune,Pune,Maharashtra,411014,18.571827,73.916924,Medium
LOC003551,Synthetic Residence - Yerawada 3551,Residence,"165, Link Road, Yerawada, Pune",Yerawada,Pune,Pune,Maharashtra,411006,18.542488,73.876023,Low
LOC003552,Synthetic Meeting Point - Wakad 3552,Meeting Point,"360, Main Road, Wakad, Pune",Wakad,Pune,Pune,Maharashtra,411057,18.60562,73.756354,Low
LOC003553,Synthetic Police Station - Chinchwad,Police Station,"328, Main Road, Chinchwad, Pune",Chinchwad,Pune,Pune,Maharashtra,411033,18.626485,73.805998,Low
LOC003554,Synthetic Crime Scene - Viman Nagar 3554,Crime Scene,"428, Main Road, Viman Nagar, Pune",Viman Nagar,Pune,Pune,Maharashtra,411014,18.563702,73.917793,Low
LOC003555,Synthetic Transport Hub - Kothrud 3555,Transport Hub,"899, Nagar Road, Kothrud, Pune",Kothrud,Pune,Pune,Maharashtra,411038,18.503366,73.814997,Medium
LOC003556,Synthetic Workplace - Vishrantwadi 3556,Workplace,"655, College Road, Vishrantwadi, Pune",Vishrantwadi,Pune,Pune,Maharashtra,411015,18.572889,73.872652,High
LOC003557,Synthetic Restaurant - Katraj 3557,Restaurant,"906, Nagar Road, Katraj, Pune",Katraj,Pune,Pune,Maharashtra,411046,18.460065,73.862884,Medium
LOC003558,Synthetic Workplace - Shivajinagar 3558,Workplace,"305, Market Road, Shivajinagar, Pune",Shivajinagar,Pune,Pune,Maharashtra,411005,18.524733,73.84483,Medium
LOC003559,Synthetic Crime Scene - Bhosari 3559,Crime Scene,"980, Market Road, Bhosari, Pune",Bhosari,Pune,Pune,Maharashtra,411039,18.632351,73.841302,Medium
LOC003560,Synthetic Residence - Wakad 3560,Residence,"178, Canal Road, Wakad, Pune",Wakad,Pune,Pune,Maharashtra,411057,18.592918,73.763816,Medium
LOC003561,Synthetic Hotel - Vishrantwadi 3561,Hotel,"655, Park Road, Vishrantwadi, Pune",Vishrantwadi,Pune,Pune,Maharashtra,411015,18.570039,73.878498,Low
LOC003562,Synthetic Crime Scene - Katraj 3562,Crime Scene,"493, Temple Road, Katraj, Pune",Katraj,Pune,Pune,Maharashtra,411046,18.445226,73.872356,Low
LOC003563,Synthetic ATM - Hadapsar 3563,ATM,"335, Main Road, Hadapsar, Pune",Hadapsar,Pune,Pune,Maharashtra,411028,18.501709,73.922392,Low
LOC003564,Synthetic Residence - Hadapsar 3564,Residence,"76, Industrial Road, Hadapsar, Pune",Hadapsar,Pune,Pune,Maharashtra,411028,18.506445,73.919819,High
LOC003565,Synthetic Hotel - Wakad 3565,Hotel,"18, Nagar Road, Wakad, Pune",Wakad,Pune,Pune,Maharashtra,411057,18.6055,73.764472,Medium
LOC003566,Synthetic Bank - Yerawada 3566,Bank,"84, Nagar Road, Yerawada, Pune",Yerawada,Pune,Pune,Maharashtra,411006,18.54806,73.881592,Medium
LOC003567,Synthetic ATM - Dhankawadi 3567,ATM,"823, College Road, Dhankawadi, Pune",Dhankawadi,Pune,Pune,Maharashtra,411043,18.460134,73.846136,Low
LOC003568,Synthetic Crime Scene - Kothrud 3568,Crime Scene,"130, Market Road, Kothrud, Pune",Kothrud,Pune,Pune,Maharashtra,411038,18.504904,73.814089,Low
LOC003569,Synthetic Residence - Wakad 3569,Residence,"695, Link Road, Wakad, Pune",Wakad,Pune,Pune,Maharashtra,411057,18.593337,73.760647,Low
LOC003570,Synthetic Workplace - Kothrud 3570,Workplace,"242, College Road, Kothrud, Pune",Kothrud,Pune,Pune,Maharashtra,411038,18.508934,73.802205,Medium
LOC003571,Synthetic Residence - Dhankawadi 3571,Residence,"192, Link Road, Dhankawadi, Pune",Dhankawadi,Pune,Pune,Maharashtra,411043,18.474169,73.85041,Low
LOC003572,Synthetic Meeting Point - Hadapsar 3572,Meeting Point,"990, Station Road, Hadapsar, Pune",Hadapsar,Pune,Pune,Maharashtra,411028,18.509131,73.927897,Low
LOC003573,Synthetic Workplace - Vishrantwadi 3573,Workplace,"621, Park Road, Vishrantwadi, Pune",Vishrantwadi,Pune,Pune,Maharashtra,411015,18.56715,73.877156,Low
LOC003574,Synthetic Hotel - Viman Nagar 3574,Hotel,"139, Nagar Road, Viman Nagar, Pune",Viman Nagar,Pune,Pune,Maharashtra,411014,18.564265,73.917189,Low
LOC003575,Synthetic Crime Scene - Baner 3575,Crime Scene,"52, Industrial Road, Baner, Pune",Baner,Pune,Pune,Maharashtra,411045,18.559994,73.788506,Low
LOC003576,Synthetic Warehouse - Kothrud 3576,Warehouse,"236, Station Road, Kothrud, Pune",Kothrud,Pune,Pune,Maharashtra,411038,18.51008,73.812507,Low
LOC003577,Synthetic Workplace - Aundh 3577,Workplace,"865, Nagar Road, Aundh, Pune",Aundh,Pune,Pune,Maharashtra,411007,18.560156,73.804167,High
LOC003578,Synthetic Hotel - Yerawada 3578,Hotel,"430, Canal Road, Yerawada, Pune",Yerawada,Pune,Pune,Maharashtra,411006,18.546326,73.879315,Medium
LOC003579,Synthetic Residence - Shivajinagar 3579,Residence,"39, Industrial Road, Shivajinagar, Pune",Shivajinagar,Pune,Pune,Maharashtra,411005,18.537425,73.847897,Medium
LOC003580,Synthetic Residence - Viman Nagar 3580,Residence,"435, Canal Road, Viman Nagar, Pune",Viman Nagar,Pune,Pune,Maharashtra,411014,18.562978,73.920951,Medium
LOC003581,Synthetic Transport Hub - Hadapsar 3581,Transport Hub,"203, Market Road, Hadapsar, Pune",Hadapsar,Pune,Pune,Maharashtra,411028,18.509454,73.927411,High
LOC003582,Synthetic Residence - Dhankawadi 3582,Residence,"118, Industrial Road, Dhankawadi, Pune",Dhankawadi,Pune,Pune,Maharashtra,411043,18.467194,73.849754,Low
LOC003583,Synthetic Workplace - Katraj 3583,Workplace,"283, Temple Road, Katraj, Pune",Katraj,Pune,Pune,Maharashtra,411046,18.460215,73.866406,Low
LOC003584,Synthetic Meeting Point - Hadapsar 3584,Meeting Point,"44, Industrial Road, Hadapsar, Pune",Hadapsar,Pune,Pune,Maharashtra,411028,18.508869,73.922287,Medium
LOC003585,Synthetic Bank - Kothrud 3585,Bank,"459, Main Road, Kothrud, Pune",Kothrud,Pune,Pune,Maharashtra,411038,18.5138,73.813838,Low
LOC003586,Synthetic Residence - Hadapsar 3586,Residence,"243, Station Road, Hadapsar, Pune",Hadapsar,Pune,Pune,Maharashtra,411028,18.508435,73.930109,High
LOC003587,Synthetic Crime Scene - Shivajinagar 3587,Crime Scene,"821, Main Road, Shivajinagar, Pune",Shivajinagar,Pune,Pune,Maharashtra,411005,18.534172,73.850197,High
LOC003588,Synthetic Residence - Hadapsar 3588,Residence,"718, Market Road, Hadapsar, Pune",Hadapsar,Pune,Pune,Maharashtra,411028,18.511248,73.925747,Low
LOC003589,Synthetic Bank - Bhosari 3589,Bank,"413, Temple Road, Bhosari, Pune",Bhosari,Pune,Pune,Maharashtra,411039,18.623675,73.842781,Low
LOC003590,Synthetic Residence - Wakad 3590,Residence,"711, College Road, Wakad, Pune",Wakad,Pune,Pune,Maharashtra,411057,18.603972,73.770662,High
LOC003591,Synthetic Police Station - Kondhwa,Police Station,"641, Industrial Road, Kondhwa, Pune",Kondhwa,Pune,Pune,Maharashtra,411048,18.470986,73.896565,Low
LOC003592,Synthetic Residence - Kothrud 3592,Residence,"357, Park Road, Kothrud, Pune",Kothrud,Pune,Pune,Maharashtra,411038,18.508888,73.802903,Medium
LOC003593,Synthetic Residence - Kondhwa 3593,Residence,"980, Park Road, Kondhwa, Pune",Kondhwa,Pune,Pune,Maharashtra,411048,18.469354,73.885059,Medium
LOC003594,Synthetic Meeting Point - Bhosari 3594,Meeting Point,"777, Nagar Road, Bhosari, Pune",Bhosari,Pune,Pune,Maharashtra,411039,18.628043,73.842025,Medium
LOC003595,Synthetic Bank - Hadapsar 3595,Bank,"598, Park Road, Hadapsar, Pune",Hadapsar,Pune,Pune,Maharashtra,411028,18.507458,73.929272,Medium
LOC003596,Synthetic Residence - Aundh 3596,Residence,"529, College Road, Aundh, Pune",Aundh,Pune,Pune,Maharashtra,411007,18.566874,73.799657,High
LOC003597,Synthetic Meeting Point - Baner 3597,Meeting Point,"388, Station Road, Baner, Pune",Baner,Pune,Pune,Maharashtra,411045,18.559742,73.78391,Medium
LOC003598,Synthetic Residence - Bhosari 3598,Residence,"530, Station Road, Bhosari, Pune",Bhosari,Pune,Pune,Maharashtra,411039,18.630869,73.852469,Medium
LOC003599,Synthetic Crime Scene - Viman Nagar 3599,Crime Scene,"148, Station Road, Viman Nagar, Pune",Viman Nagar,Pune,Pune,Maharashtra,411014,18.574861,73.919232,Low
LOC003600,Synthetic Workplace - Swargate 3600,Workplace,"339, Link Road, Swargate, Pune",Swargate,Pune,Pune,Maharashtra,411037,18.496729,73.865841,Low
LOC003601,Synthetic Residence - Hadapsar 3601,Residence,"550, Temple Road, Hadapsar, Pune",Hadapsar,Pune,Pune,Maharashtra,411028,18.503918,73.918277,Low
LOC003602,Synthetic Workplace - Baner 3602,Workplace,"904, Link Road, Baner, Pune",Baner,Pune,Pune,Maharashtra,411045,18.565059,73.793021,Medium
LOC003603,Synthetic Meeting Point - Bhosari 3603,Meeting Point,"639, Temple Road, Bhosari, Pune",Bhosari,Pune,Pune,Maharashtra,411039,18.62207,73.850998,Medium
LOC003604,Synthetic Residence - Bhosari 3604,Residence,"56, Market Road, Bhosari, Pune",Bhosari,Pune,Pune,Maharashtra,411039,18.634894,73.847828,Medium
LOC003605,Synthetic Meeting Point - Viman Nagar 3605,Meeting Point,"791, Main Road, Viman Nagar, Pune",Viman Nagar,Pune,Pune,Maharashtra,411014,18.56988,73.921391,Medium
LOC003606,Synthetic Residence - Bhosari 3606,Residence,"74, Station Road, Bhosari, Pune",Bhosari,Pune,Pune,Maharashtra,411039,18.627837,73.84882,Medium
LOC003607,Synthetic Warehouse - Shivajinagar 3607,Warehouse,"320, Market Road, Shivajinagar, Pune",Shivajinagar,Pune,Pune,Maharashtra,411005,18.528135,73.840586,High
LOC003608,Synthetic Transport Hub - Wakad 3608,Transport Hub,"128, Link Road, Wakad, Pune",Wakad,Pune,Pune,Maharashtra,411057,18.60683,73.766194,Medium
LOC003609,Synthetic Residence - Katraj 3609,Residence,"964, Industrial Road, Katraj, Pune",Katraj,Pune,Pune,Maharashtra,411046,18.453765,73.862721,Medium
LOC003610,Synthetic Meeting Point - Aundh 3610,Meeting Point,"628, Park Road, Aundh, Pune",Aundh,Pune,Pune,Maharashtra,411007,18.564098,73.806043,High
LOC003611,Synthetic Bank - Yerawada 3611,Bank,"343, Main Road, Yerawada, Pune",Yerawada,Pune,Pune,Maharashtra,411006,18.551068,73.876399,Low
LOC003612,Synthetic Workplace - Swargate 3612,Workplace,"623, Main Road, Swargate, Pune",Swargate,Pune,Pune,Maharashtra,411037,18.505951,73.859813,Medium
LOC003613,Synthetic Workplace - Baner 3613,Workplace,"857, Temple Road, Baner, Pune",Baner,Pune,Pune,Maharashtra,411045,18.564252,73.781516,Medium
LOC003614,Synthetic Restaurant - Kothrud 3614,Restaurant,"399, Industrial Road, Kothrud, Pune",Kothrud,Pune,Pune,Maharashtra,411038,18.507571,73.807117,Medium
LOC003615,Synthetic Warehouse - Dhankawadi 3615,Warehouse,"606, Industrial Road, Dhankawadi, Pune",Dhankawadi,Pune,Pune,Maharashtra,411043,18.471811,73.853555,Low
LOC003616,Synthetic Workplace - Aundh 3616,Workplace,"629, Main Road, Aundh, Pune",Aundh,Pune,Pune,Maharashtra,411007,18.556145,73.803881,Medium
LOC003617,Synthetic Workplace - Vishrantwadi 3617,Workplace,"721, Industrial Road, Vishrantwadi, Pune",Vishrantwadi,Pune,Pune,Maharashtra,411015,18.569885,73.875767,Low
LOC003618,Synthetic Crime Scene - Aundh 3618,Crime Scene,"576, Main Road, Aundh, Pune",Aundh,Pune,Pune,Maharashtra,411007,18.556881,73.813707,Medium
LOC003619,Synthetic Residence - Kothrud 3619,Residence,"598, Market Road, Kothrud, Pune",Kothrud,Pune,Pune,Maharashtra,411038,18.501163,73.813101,Low
LOC003620,Synthetic Workplace - Wakad 3620,Workplace,"231, Market Road, Wakad, Pune",Wakad,Pune,Pune,Maharashtra,411057,18.592696,73.765809,Low
LOC003621,Synthetic Restaurant - Yerawada 3621,Restaurant,"212, Park Road, Yerawada, Pune",Yerawada,Pune,Pune,Maharashtra,411006,18.541219,73.874287,Low
LOC003622,Synthetic Residence - Kothrud 3622,Residence,"395, Link Road, Kothrud, Pune",Kothrud,Pune,Pune,Maharashtra,411038,18.506819,73.799702,Low
LOC003623,Synthetic Police Station - Kothrud,Police Station,"264, Park Road, Kothrud, Pune",Kothrud,Pune,Pune,Maharashtra,411038,18.515283,73.809286,Low
LOC003624,Synthetic Restaurant - Hadapsar 3624,Restaurant,"214, Temple Road, Hadapsar, Pune",Hadapsar,Pune,Pune,Maharashtra,411028,18.507827,73.924418,Medium
LOC003625,Synthetic Residence - Pimpri 3625,Residence,"871, College Road, Pimpri, Pune",Pimpri,Pune,Pune,Maharashtra,411018,18.635429,73.807136,Low
LOC003626,Synthetic Residence - Yerawada 3626,Residence,"656, College Road, Yerawada, Pune",Yerawada,Pune,Pune,Maharashtra,411006,18.54101,73.879647,High
LOC003627,Synthetic Workplace - Swargate 3627,Workplace,"106, Main Road, Swargate, Pune",Swargate,Pune,Pune,Maharashtra,411037,18.506237,73.870107,Low
LOC003628,Synthetic Residence - Katraj 3628,Residence,"973, Link Road, Katraj, Pune",Katraj,Pune,Pune,Maharashtra,411046,18.459165,73.860507,Low
LOC003629,Synthetic Warehouse - Katraj 3629,Warehouse,"465, Canal Road, Katraj, Pune",Katraj,Pune,Pune,Maharashtra,411046,18.454264,73.867759,Medium
LOC003630,Synthetic Meeting Point - Yerawada 3630,Meeting Point,"170, Link Road, Yerawada, Pune",Yerawada,Pune,Pune,Maharashtra,411006,18.54786,73.880239,Medium
LOC003631,Synthetic Residence - Aundh 3631,Residence,"357, Main Road, Aundh, Pune",Aundh,Pune,Pune,Maharashtra,411007,18.551293,73.810609,Low
LOC003632,Synthetic Other - Yerawada 3632,Other,"932, Main Road, Yerawada, Pune",Yerawada,Pune,Pune,Maharashtra,411006,18.547151,73.883363,Low
LOC003633,Synthetic Crime Scene - Vishrantwadi 3633,Crime Scene,"100, Industrial Road, Vishrantwadi, Pune",Vishrantwadi,Pune,Pune,Maharashtra,411015,18.570013,73.884893,Medium
LOC003634,Synthetic Restaurant - Chinchwad 3634,Restaurant,"328, Canal Road, Chinchwad, Pune",Chinchwad,Pune,Pune,Maharashtra,411033,18.63418,73.798628,Medium
LOC003635,Synthetic Workplace - Chinchwad 3635,Workplace,"363, Canal Road, Chinchwad, Pune",Chinchwad,Pune,Pune,Maharashtra,411033,18.626041,73.791941,High
LOC003636,Synthetic Restaurant - Dhankawadi 3636,Restaurant,"631, Temple Road, Dhankawadi, Pune",Dhankawadi,Pune,Pune,Maharashtra,411043,18.47051,73.853728,Low
LOC003637,Synthetic Workplace - Kondhwa 3637,Workplace,"64, Temple Road, Kondhwa, Pune",Kondhwa,Pune,Pune,Maharashtra,411048,18.468146,73.886021,High
LOC003638,Synthetic Bank - Katraj 3638,Bank,"358, Park Road, Katraj, Pune",Katraj,Pune,Pune,Maharashtra,411046,18.455991,73.865844,Low
LOC003639,Synthetic Transport Hub - Kothrud 3639,Transport Hub,"323, Park Road, Kothrud, Pune",Kothrud,Pune,Pune,Maharashtra,411038,18.509419,73.801811,Medium
LOC003640,Synthetic Bank - Swargate 3640,Bank,"849, Main Road, Swargate, Pune",Swargate,Pune,Pune,Maharashtra,411037,18.502207,73.866625,Low
LOC003641,Synthetic Warehouse - Aundh 3641,Warehouse,"560, Canal Road, Aundh, Pune",Aundh,Pune,Pune,Maharashtra,411007,18.565599,73.805006,Medium
LOC003642,Synthetic Transport Hub - Chinchwad 3642,Transport Hub,"239, Market Road, Chinchwad, Pune",Chinchwad,Pune,Pune,Maharashtra,411033,18.63077,73.793264,High
LOC003643,Synthetic Residence - Yerawada 3643,Residence,"335, Park Road, Yerawada, Pune",Yerawada,Pune,Pune,Maharashtra,411006,18.540028,73.875531,Low
LOC003644,Synthetic Residence - Chinchwad 3644,Residence,"845, Park Road, Chinchwad, Pune",Chinchwad,Pune,Pune,Maharashtra,411033,18.627708,73.794815,Low
LOC003645,Synthetic Crime Scene - Wakad 3645,Crime Scene,"140, Link Road, Wakad, Pune",Wakad,Pune,Pune,Maharashtra,411057,18.60003,73.770589,Low
LOC003646,Synthetic Workplace - Yerawada 3646,Workplace,"555, Station Road, Yerawada, Pune",Yerawada,Pune,Pune,Maharashtra,411006,18.541313,73.874468,Medium
LOC003647,Synthetic Other - Yerawada 3647,Other,"941, Park Road, Yerawada, Pune",Yerawada,Pune,Pune,Maharashtra,411006,18.542135,73.885769,Medium
LOC003648,Synthetic Hotel - Baner 3648,Hotel,"290, Market Road, Baner, Pune",Baner,Pune,Pune,Maharashtra,411045,18.553434,73.780223,Low
LOC003649,Synthetic Residence - Swargate 3649,Residence,"745, Market Road, Swargate, Pune",Swargate,Pune,Pune,Maharashtra,411037,18.494,73.857589,Low
LOC003650,Synthetic Meeting Point - Chinchwad 3650,Meeting Point,"856, Nagar Road, Chinchwad, Pune",Chinchwad,Pune,Pune,Maharashtra,411033,18.633841,73.805462,Low
LOC003651,Synthetic Police Station - Chinchwad,Police Station,"368, Temple Road, Chinchwad, Pune",Chinchwad,Pune,Pune,Maharashtra,411033,18.628556,73.80642,Low
LOC003652,Synthetic Transport Hub - Aundh 3652,Transport Hub,"505, Nagar Road, Aundh, Pune",Aundh,Pune,Pune,Maharashtra,411007,18.560552,73.805764,Medium
LOC003653,Synthetic Transport Hub - Chinchwad 3653,Transport Hub,"653, Park Road, Chinchwad, Pune",Chinchwad,Pune,Pune,Maharashtra,411033,18.635149,73.792453,Low
LOC003654,Synthetic Residence - Chinchwad 3654,Residence,"949, Park Road, Chinchwad, Pune",Chinchwad,Pune,Pune,Maharashtra,411033,18.626764,73.804437,Low
LOC003655,Synthetic Crime Scene - Aundh 3655,Crime Scene,"127, Market Road, Aundh, Pune",Aundh,Pune,Pune,Maharashtra,411007,18.55463,73.807254,Low
LOC003656,Synthetic Meeting Point - Chinchwad 3656,Meeting Point,"425, Market Road, Chinchwad, Pune",Chinchwad,Pune,Pune,Maharashtra,411033,18.625349,73.794062,High
LOC003657,Synthetic Residence - Chinchwad 3657,Residence,"200, Market Road, Chinchwad, Pune",Chinchwad,Pune,Pune,Maharashtra,411033,18.630437,73.798138,Low
LOC003658,Synthetic Meeting Point - Yerawada 3658,Meeting Point,"354, Main Road, Yerawada, Pune",Yerawada,Pune,Pune,Maharashtra,411006,18.552079,73.885809,High
LOC003659,Synthetic Restaurant - Katraj 3659,Restaurant,"751, Temple Road, Katraj, Pune",Katraj,Pune,Pune,Maharashtra,411046,18.448494,73.861739,Low
LOC003660,Synthetic Transport Hub - Kondhwa 3660,Transport Hub,"238, Park Road, Kondhwa, Pune",Kondhwa,Pune,Pune,Maharashtra,411048,18.468654,73.883668,Low
LOC003661,Synthetic Transport Hub - Katraj 3661,Transport Hub,"968, Station Road, Katraj, Pune",Katraj,Pune,Pune,Maharashtra,411046,18.450078,73.867512,Low
LOC003662,Synthetic Meeting Point - Kondhwa 3662,Meeting Point,"724, Temple Road, Kondhwa, Pune",Kondhwa,Pune,Pune,Maharashtra,411048,18.463943,73.888753,Low
LOC003663,Synthetic Bank - Chinchwad 3663,Bank,"953, Link Road, Chinchwad, Pune",Chinchwad,Pune,Pune,Maharashtra,411033,18.636528,73.806377,Low
LOC003664,Synthetic Crime Scene - Kothrud 3664,Crime Scene,"953, Market Road, Kothrud, Pune",Kothrud,Pune,Pune,Maharashtra,411038,18.507376,73.801883,Low
LOC003665,Synthetic Residence - Pimpri 3665,Residence,"454, Park Road, Pimpri, Pune",Pimpri,Pune,Pune,Maharashtra,411018,18.630209,73.7932,Low
LOC003666,Synthetic Crime Scene - Shivajinagar 3666,Crime Scene,"85, Market Road, Shivajinagar, Pune",Shivajinagar,Pune,Pune,Maharashtra,411005,18.536039,73.841467,Low
LOC003667,Synthetic Bank - Swargate 3667,Bank,"773, Link Road, Swargate, Pune",Swargate,Pune,Pune,Maharashtra,411037,18.50452,73.864067,Medium
LOC003668,Synthetic Workplace - Hadapsar 3668,Workplace,"838, Park Road, Hadapsar, Pune",Hadapsar,Pune,Pune,Maharashtra,411028,18.515849,73.924477,Low
LOC003669,Synthetic Bank - Kondhwa 3669,Bank,"970, Canal Road, Kondhwa, Pune",Kondhwa,Pune,Pune,Maharashtra,411048,18.462109,73.895855,Low
LOC003670,Synthetic Residence - Swargate 3670,Residence,"241, Market Road, Swargate, Pune",Swargate,Pune,Pune,Maharashtra,411037,18.503157,73.866868,Low
LOC003671,Synthetic Hotel - Chinchwad 3671,Hotel,"174, Industrial Road, Chinchwad, Pune",Chinchwad,Pune,Pune,Maharashtra,411033,18.623601,73.80172,Low
LOC003672,Synthetic Residence - Viman Nagar 3672,Residence,"805, Industrial Road, Viman Nagar, Pune",Viman Nagar,Pune,Pune,Maharashtra,411014,18.571416,73.914573,Low
LOC003673,Synthetic Meeting Point - Dhankawadi 3673,Meeting Point,"542, Industrial Road, Dhankawadi, Pune",Dhankawadi,Pune,Pune,Maharashtra,411043,18.461606,73.856938,Medium
LOC003674,Synthetic Restaurant - Aundh 3674,Restaurant,"57, Industrial Road, Aundh, Pune",Aundh,Pune,Pune,Maharashtra,411007,18.566965,73.80294,Medium
LOC003675,Synthetic Residence - Hadapsar 3675,Residence,"915, Link Road, Hadapsar, Pune",Hadapsar,Pune,Pune,Maharashtra,411028,18.505823,73.923655,Low
LOC003676,Synthetic Warehouse - Dhankawadi 3676,Warehouse,"768, Main Road, Dhankawadi, Pune",Dhankawadi,Pune,Pune,Maharashtra,411043,18.467708,73.853446,High
LOC003677,Synthetic Bank - Viman Nagar 3677,Bank,"710, Park Road, Viman Nagar, Pune",Viman Nagar,Pune,Pune,Maharashtra,411014,18.564384,73.922228,Medium
LOC003678,Synthetic Transport Hub - Yerawada 3678,Transport Hub,"163, Park Road, Yerawada, Pune",Yerawada,Pune,Pune,Maharashtra,411006,18.554532,73.885308,Medium
LOC003679,Synthetic Residence - Kondhwa 3679,Residence,"213, College Road, Kondhwa, Pune",Kondhwa,Pune,Pune,Maharashtra,411048,18.468304,73.883953,Low
LOC003680,Synthetic Workplace - Yerawada 3680,Workplace,"645, Station Road, Yerawada, Pune",Yerawada,Pune,Pune,Maharashtra,411006,18.553336,73.878423,Medium
LOC003681,Synthetic Transport Hub - Hadapsar 3681,Transport Hub,"309, Main Road, Hadapsar, Pune",Hadapsar,Pune,Pune,Maharashtra,411028,18.511998,73.920026,Medium
LOC003682,Synthetic ATM - Chinchwad 3682,ATM,"732, Link Road, Chinchwad, Pune",Chinchwad,Pune,Pune,Maharashtra,411033,18.632829,73.800193,Low
LOC003683,Synthetic Residence - Viman Nagar 3683,Residence,"220, College Road, Viman Nagar, Pune",Viman Nagar,Pune,Pune,Maharashtra,411014,18.561883,73.906946,Medium
LOC003684,Synthetic Residence - Wakad 3684,Residence,"256, Market Road, Wakad, Pune",Wakad,Pune,Pune,Maharashtra,411057,18.596206,73.763537,Medium
LOC003685,Synthetic ATM - Pimpri 3685,ATM,"817, Canal Road, Pimpri, Pune",Pimpri,Pune,Pune,Maharashtra,411018,18.62735,73.798994,Low
LOC003686,Synthetic Police Station - Vishrantwadi,Police Station,"304, College Road, Vishrantwadi, Pune",Vishrantwadi,Pune,Pune,Maharashtra,411015,18.573216,73.875725,Low
LOC003687,Synthetic Residence - Hadapsar 3687,Residence,"207, College Road, Hadapsar, Pune",Hadapsar,Pune,Pune,Maharashtra,411028,18.508004,73.930049,Medium
LOC003688,Synthetic Other - Chinchwad 3688,Other,"133, Canal Road, Chinchwad, Pune",Chinchwad,Pune,Pune,Maharashtra,411033,18.625797,73.7934,Medium
LOC003689,Synthetic Residence - Hadapsar 3689,Residence,"991, Industrial Road, Hadapsar, Pune",Hadapsar,Pune,Pune,Maharashtra,411028,18.515457,73.922776,Low
LOC003690,Synthetic Warehouse - Hadapsar 3690,Warehouse,"661, Main Road, Hadapsar, Pune",Hadapsar,Pune,Pune,Maharashtra,411028,18.511598,73.921529,Low
LOC003691,Synthetic Other - Hadapsar 3691,Other,"814, Station Road, Hadapsar, Pune",Hadapsar,Pune,Pune,Maharashtra,411028,18.504928,73.927996,Low
LOC003692,Synthetic Restaurant - Pimpri 3692,Restaurant,"719, Station Road, Pimpri, Pune",Pimpri,Pune,Pune,Maharashtra,411018,18.626134,73.799462,Medium
LOC003693,Synthetic Bank - Kondhwa 3693,Bank,"526, Temple Road, Kondhwa, Pune",Kondhwa,Pune,Pune,Maharashtra,411048,18.466897,73.892694,Medium
LOC003694,Synthetic Meeting Point - Bhosari 3694,Meeting Point,"77, Market Road, Bhosari, Pune",Bhosari,Pune,Pune,Maharashtra,411039,18.632061,73.851278,Medium
LOC003695,Synthetic Residence - Bhosari 3695,Residence,"31, Industrial Road, Bhosari, Pune",Bhosari,Pune,Pune,Maharashtra,411039,18.624517,73.848846,Low
LOC003696,Synthetic Transport Hub - Bhosari 3696,Transport Hub,"966, Market Road, Bhosari, Pune",Bhosari,Pune,Pune,Maharashtra,411039,18.636292,73.845244,Low
LOC003697,Synthetic Residence - Hadapsar 3697,Residence,"831, Main Road, Hadapsar, Pune",Hadapsar,Pune,Pune,Maharashtra,411028,18.50171,73.92238,Medium
LOC003698,Synthetic Workplace - Vishrantwadi 3698,Workplace,"945, College Road, Vishrantwadi, Pune",Vishrantwadi,Pune,Pune,Maharashtra,411015,18.562089,73.876333,Low
LOC003699,Synthetic Workplace - Pimpri 3699,Workplace,"989, Park Road, Pimpri, Pune",Pimpri,Pune,Pune,Maharashtra,411018,18.636935,73.796406,Low
LOC003700,Synthetic Police Station - Kothrud,Police Station,"79, Park Road, Kothrud, Pune",Kothrud,Pune,Pune,Maharashtra,411038,18.512346,73.800414,Medium
LOC003701,Synthetic Workplace - Viman Nagar 3701,Workplace,"372, Nagar Road, Viman Nagar, Pune",Viman Nagar,Pune,Pune,Maharashtra,411014,18.566598,73.921528,Low
LOC003702,Synthetic Workplace - Swargate 3702,Workplace,"167, Park Road, Swargate, Pune",Swargate,Pune,Pune,Maharashtra,411037,18.496022,73.855893,Medium
LOC003703,Synthetic Crime Scene - Pimpri 3703,Crime Scene,"513, Market Road, Pimpri, Pune",Pimpri,Pune,Pune,Maharashtra,411018,18.627203,73.80186,Medium
LOC003704,Synthetic Workplace - Wakad 3704,Workplace,"412, College Road, Wakad, Pune",Wakad,Pune,Pune,Maharashtra,411057,18.59598,73.762343,Low
LOC003705,Synthetic Meeting Point - Vishrantwadi 3705,Meeting Point,"18, Station Road, Vishrantwadi, Pune",Vishrantwadi,Pune,Pune,Maharashtra,411015,18.562587,73.870963,Low
LOC003706,Synthetic Restaurant - Swargate 3706,Restaurant,"263, Station Road, Swargate, Pune",Swargate,Pune,Pune,Maharashtra,411037,18.497063,73.85825,Medium
LOC003707,Synthetic Workplace - Vishrantwadi 3707,Workplace,"744, Park Road, Vishrantwadi, Pune",Vishrantwadi,Pune,Pune,Maharashtra,411015,18.560241,73.872303,Low
LOC003708,Synthetic Hotel - Viman Nagar 3708,Hotel,"864, Nagar Road, Viman Nagar, Pune",Viman Nagar,Pune,Pune,Maharashtra,411014,18.563813,73.92174,Low
LOC003709,Synthetic Meeting Point - Chinchwad 3709,Meeting Point,"818, Canal Road, Chinchwad, Pune",Chinchwad,Pune,Pune,Maharashtra,411033,18.630923,73.806935,Low
LOC003710,Synthetic Residence - Shivajinagar 3710,Residence,"803, Nagar Road, Shivajinagar, Pune",Shivajinagar,Pune,Pune,Maharashtra,411005,18.53611,73.839525,Low
LOC003711,Synthetic Crime Scene - Vishrantwadi 3711,Crime Scene,"444, Station Road, Vishrantwadi, Pune",Vishrantwadi,Pune,Pune,Maharashtra,411015,18.5596,73.877571,Medium
LOC003712,Synthetic Residence - Shivajinagar 3712,Residence,"248, Market Road, Shivajinagar, Pune",Shivajinagar,Pune,Pune,Maharashtra,411005,18.523703,73.854622,Medium
LOC003713,Synthetic Workplace - Vishrantwadi 3713,Workplace,"298, Main Road, Vishrantwadi, Pune",Vishrantwadi,Pune,Pune,Maharashtra,411015,18.566971,73.880313,Medium
LOC003714,Synthetic Crime Scene - Yerawada 3714,Crime Scene,"696, Nagar Road, Yerawada, Pune",Yerawada,Pune,Pune,Maharashtra,411006,18.548744,73.879275,Medium
LOC003715,Synthetic Workplace - Pimpri 3715,Workplace,"556, Station Road, Pimpri, Pune",Pimpri,Pune,Pune,Maharashtra,411018,18.626758,73.807312,Low
LOC003716,Synthetic Crime Scene - Dhankawadi 3716,Crime Scene,"961, Station Road, Dhankawadi, Pune",Dhankawadi,Pune,Pune,Maharashtra,411043,18.470263,73.849767,Low
LOC003717,Synthetic ATM - Hadapsar 3717,ATM,"888, Canal Road, Hadapsar, Pune",Hadapsar,Pune,Pune,Maharashtra,411028,18.512573,73.919677,Medium
LOC003718,Synthetic Workplace - Aundh 3718,Workplace,"35, Nagar Road, Aundh, Pune",Aundh,Pune,Pune,Maharashtra,411007,18.565496,73.803626,High
LOC003719,Synthetic Workplace - Pimpri 3719,Workplace,"656, Nagar Road, Pimpri, Pune",Pimpri,Pune,Pune,Maharashtra,411018,18.622799,73.793269,Low
LOC003720,Synthetic Residence - Kondhwa 3720,Residence,"185, Industrial Road, Kondhwa, Pune",Kondhwa,Pune,Pune,Maharashtra,411048,18.462088,73.896965,Medium
LOC003721,Synthetic Meeting Point - Bhosari 3721,Meeting Point,"958, Link Road, Bhosari, Pune",Bhosari,Pune,Pune,Maharashtra,411039,18.635746,73.854424,Medium
LOC003722,Synthetic Bank - Kothrud 3722,Bank,"407, Park Road, Kothrud, Pune",Kothrud,Pune,Pune,Maharashtra,411038,18.503231,73.799949,Low
LOC003723,Synthetic Residence - Hadapsar 3723,Residence,"183, Park Road, Hadapsar, Pune",Hadapsar,Pune,Pune,Maharashtra,411028,18.504672,73.924936,Low
LOC003724,Synthetic Residence - Bhosari 3724,Residence,"103, Market Road, Bhosari, Pune",Bhosari,Pune,Pune,Maharashtra,411039,18.637587,73.853717,Low
LOC003725,Synthetic Residence - Pimpri 3725,Residence,"931, Station Road, Pimpri, Pune",Pimpri,Pune,Pune,Maharashtra,411018,18.627127,73.795981,Low
LOC003726,Synthetic Bank - Shivajinagar 3726,Bank,"910, College Road, Shivajinagar, Pune",Shivajinagar,Pune,Pune,Maharashtra,411005,18.532511,73.849118,Medium
LOC003727,Synthetic Meeting Point - Viman Nagar 3727,Meeting Point,"211, College Road, Viman Nagar, Pune",Viman Nagar,Pune,Pune,Maharashtra,411014,18.575749,73.91425,Low
LOC003728,Synthetic Other - Hadapsar 3728,Other,"575, Main Road, Hadapsar, Pune",Hadapsar,Pune,Pune,Maharashtra,411028,18.50342,73.929427,High
LOC003729,Synthetic Workplace - Viman Nagar 3729,Workplace,"848, Main Road, Viman Nagar, Pune",Viman Nagar,Pune,Pune,Maharashtra,411014,18.570279,73.919702,High
LOC003730,Synthetic Crime Scene - Kondhwa 3730,Crime Scene,"226, Industrial Road, Kondhwa, Pune",Kondhwa,Pune,Pune,Maharashtra,411048,18.464466,73.891065,Low
LOC003731,Synthetic Other - Hadapsar 3731,Other,"267, Park Road, Hadapsar, Pune",Hadapsar,Pune,Pune,Maharashtra,411028,18.509056,73.928686,Medium
LOC003732,Synthetic Crime Scene - Swargate 3732,Crime Scene,"439, Link Road, Swargate, Pune",Swargate,Pune,Pune,Maharashtra,411037,18.497035,73.867238,Low
LOC003733,Synthetic ATM - Swargate 3733,ATM,"867, Canal Road, Swargate, Pune",Swargate,Pune,Pune,Maharashtra,411037,18.500047,73.870894,Low
LOC003734,Synthetic Residence - Chinchwad 3734,Residence,"859, Link Road, Chinchwad, Pune",Chinchwad,Pune,Pune,Maharashtra,411033,18.627417,73.805819,Medium
LOC003735,Synthetic Residence - Kondhwa 3735,Residence,"667, Park Road, Kondhwa, Pune",Kondhwa,Pune,Pune,Maharashtra,411048,18.475448,73.893379,High
LOC003736,Synthetic Residence - Vishrantwadi 3736,Residence,"660, Park Road, Vishrantwadi, Pune",Vishrantwadi,Pune,Pune,Maharashtra,411015,18.567893,73.885355,Medium
LOC003737,Synthetic Police Station - Aundh,Police Station,"148, College Road, Aundh, Pune",Aundh,Pune,Pune,Maharashtra,411007,18.553191,73.812469,Low
LOC003738,Synthetic Police Station - Katraj,Police Station,"623, College Road, Katraj, Pune",Katraj,Pune,Pune,Maharashtra,411046,18.445116,73.863387,Medium
LOC003739,Synthetic Bank - Kondhwa 3739,Bank,"392, Park Road, Kondhwa, Pune",Kondhwa,Pune,Pune,Maharashtra,411048,18.472252,73.895913,Medium
LOC003740,Synthetic Residence - Wakad 3740,Residence,"985, Canal Road, Wakad, Pune",Wakad,Pune,Pune,Maharashtra,411057,18.596835,73.767425,Low
LOC003741,Synthetic Residence - Kothrud 3741,Residence,"822, Main Road, Kothrud, Pune",Kothrud,Pune,Pune,Maharashtra,411038,18.513674,73.803761,Medium
LOC003742,Synthetic Workplace - Dhankawadi 3742,Workplace,"589, Industrial Road, Dhankawadi, Pune",Dhankawadi,Pune,Pune,Maharashtra,411043,18.463548,73.844856,Low
LOC003743,Synthetic Restaurant - Aundh 3743,Restaurant,"88, Market Road, Aundh, Pune",Aundh,Pune,Pune,Maharashtra,411007,18.566593,73.812259,Low
LOC003744,Synthetic Residence - Baner 3744,Residence,"471, Link Road, Baner, Pune",Baner,Pune,Pune,Maharashtra,411045,18.558456,73.788138,Low
LOC003745,Synthetic Transport Hub - Vishrantwadi 3745,Transport Hub,"462, Industrial Road, Vishrantwadi, Pune",Vishrantwadi,Pune,Pune,Maharashtra,411015,18.55977,73.885142,Low
LOC003746,Synthetic Hotel - Hadapsar 3746,Hotel,"514, Link Road, Hadapsar, Pune",Hadapsar,Pune,Pune,Maharashtra,411028,18.508197,73.931486,Low
LOC003747,Synthetic ATM - Baner 3747,ATM,"758, Nagar Road, Baner, Pune",Baner,Pune,Pune,Maharashtra,411045,18.563054,73.782989,Low
LOC003748,Synthetic Residence - Swargate 3748,Residence,"729, Park Road, Swargate, Pune",Swargate,Pune,Pune,Maharashtra,411037,18.50071,73.859994,Medium
LOC003749,Synthetic ATM - Dhankawadi 3749,ATM,"280, College Road, Dhankawadi, Pune",Dhankawadi,Pune,Pune,Maharashtra,411043,18.470693,73.849451,Low
LOC003750,Synthetic Crime Scene - Hadapsar 3750,Crime Scene,"980, Station Road, Hadapsar, Pune",Hadapsar,Pune,Pune,Maharashtra,411028,18.502717,73.924833,Medium
LOC003751,Synthetic Residence - Hadapsar 3751,Residence,"360, Market Road, Hadapsar, Pune",Hadapsar,Pune,Pune,Maharashtra,411028,18.512189,73.919319,Medium
LOC003752,Synthetic Crime Scene - Vishrantwadi 3752,Crime Scene,"763, Nagar Road, Vishrantwadi, Pune",Vishrantwadi,Pune,Pune,Maharashtra,411015,18.560483,73.880959,Medium
LOC003753,Synthetic Transport Hub - Baner 3753,Transport Hub,"974, Station Road, Baner, Pune",Baner,Pune,Pune,Maharashtra,411045,18.555807,73.790126,Medium
LOC003754,Synthetic Residence - Kondhwa 3754,Residence,"136, Market Road, Kondhwa, Pune",Kondhwa,Pune,Pune,Maharashtra,411048,18.466972,73.890534,Medium
LOC003755,Synthetic Residence - Kothrud 3755,Residence,"530, Canal Road, Kothrud, Pune",Kothrud,Pune,Pune,Maharashtra,411038,18.502709,73.806139,Low
LOC003756,Synthetic Other - Shivajinagar 3756,Other,"409, Station Road, Shivajinagar, Pune",Shivajinagar,Pune,Pune,Maharashtra,411005,18.530833,73.845683,High
LOC003757,Synthetic Residence - Shivajinagar 3757,Residence,"294, Nagar Road, Shivajinagar, Pune",Shivajinagar,Pune,Pune,Maharashtra,411005,18.53512,73.844507,Low
LOC003758,Synthetic Workplace - Baner 3758,Workplace,"16, Link Road, Baner, Pune",Baner,Pune,Pune,Maharashtra,411045,18.56619,73.794521,Medium
LOC003759,Synthetic Crime Scene - Pimpri 3759,Crime Scene,"539, Link Road, Pimpri, Pune",Pimpri,Pune,Pune,Maharashtra,411018,18.637766,73.804763,Medium
LOC003760,Synthetic Restaurant - Viman Nagar 3760,Restaurant,"513, Station Road, Viman Nagar, Pune",Viman Nagar,Pune,Pune,Maharashtra,411014,18.570574,73.906527,Low
LOC003761,Synthetic Transport Hub - Yerawada 3761,Transport Hub,"663, Park Road, Yerawada, Pune",Yerawada,Pune,Pune,Maharashtra,411006,18.54174,73.874658,Medium
LOC003762,Synthetic Restaurant - Hadapsar 3762,Restaurant,"519, Canal Road, Hadapsar, Pune",Hadapsar,Pune,Pune,Maharashtra,411028,18.506805,73.918275,Medium
LOC003763,Synthetic Crime Scene - Shivajinagar 3763,Crime Scene,"239, Main Road, Shivajinagar, Pune",Shivajinagar,Pune,Pune,Maharashtra,411005,18.524275,73.849934,Low
LOC003764,Synthetic Workplace - Vishrantwadi 3764,Workplace,"538, Main Road, Vishrantwadi, Pune",Vishrantwadi,Pune,Pune,Maharashtra,411015,18.567864,73.883782,Medium
LOC003765,Synthetic Workplace - Chinchwad 3765,Workplace,"64, Link Road, Chinchwad, Pune",Chinchwad,Pune,Pune,Maharashtra,411033,18.634932,73.796591,Low
LOC003766,Synthetic Other - Vishrantwadi 3766,Other,"581, Market Road, Vishrantwadi, Pune",Vishrantwadi,Pune,Pune,Maharashtra,411015,18.565329,73.875504,Medium
LOC003767,Synthetic Restaurant - Bhosari 3767,Restaurant,"788, Temple Road, Bhosari, Pune",Bhosari,Pune,Pune,Maharashtra,411039,18.626297,73.841416,Low
LOC003768,Synthetic Workplace - Viman Nagar 3768,Workplace,"63, Market Road, Viman Nagar, Pune",Viman Nagar,Pune,Pune,Maharashtra,411014,18.572645,73.912601,High
LOC003769,Synthetic Residence - Pimpri 3769,Residence,"605, Link Road, Pimpri, Pune",Pimpri,Pune,Pune,Maharashtra,411018,18.63013,73.804701,Low
LOC003770,Synthetic Residence - Swargate 3770,Residence,"447, Canal Road, Swargate, Pune",Swargate,Pune,Pune,Maharashtra,411037,18.50095,73.861628,Medium
LOC003771,Synthetic Residence - Dhankawadi 3771,Residence,"452, Temple Road, Dhankawadi, Pune",Dhankawadi,Pune,Pune,Maharashtra,411043,18.464366,73.846489,Low
LOC003772,Synthetic Other - Dhankawadi 3772,Other,"795, College Road, Dhankawadi, Pune",Dhankawadi,Pune,Pune,Maharashtra,411043,18.472957,73.845052,Low
LOC003773,Synthetic Warehouse - Dhankawadi 3773,Warehouse,"108, Nagar Road, Dhankawadi, Pune",Dhankawadi,Pune,Pune,Maharashtra,411043,18.463997,73.845592,Medium
LOC003774,Synthetic Residence - Shivajinagar 3774,Residence,"97, Main Road, Shivajinagar, Pune",Shivajinagar,Pune,Pune,Maharashtra,411005,18.525791,73.839627,Low
LOC003775,Synthetic Residence - Dhankawadi 3775,Residence,"520, Canal Road, Dhankawadi, Pune",Dhankawadi,Pune,Pune,Maharashtra,411043,18.466828,73.84458,Medium
LOC003776,Synthetic Workplace - Vishrantwadi 3776,Workplace,"859, Station Road, Vishrantwadi, Pune",Vishrantwadi,Pune,Pune,Maharashtra,411015,18.569242,73.876407,Low
LOC003777,Synthetic Crime Scene - Aundh 3777,Crime Scene,"609, Main Road, Aundh, Pune",Aundh,Pune,Pune,Maharashtra,411007,18.555811,73.804444,Low
LOC003778,Synthetic Bank - Baner 3778,Bank,"774, Nagar Road, Baner, Pune",Baner,Pune,Pune,Maharashtra,411045,18.566736,73.794384,Low
LOC003779,Synthetic Restaurant - Yerawada 3779,Restaurant,"130, Market Road, Yerawada, Pune",Yerawada,Pune,Pune,Maharashtra,411006,18.555763,73.879023,High
LOC003780,Synthetic Residence - Chinchwad 3780,Residence,"735, Canal Road, Chinchwad, Pune",Chinchwad,Pune,Pune,Maharashtra,411033,18.634709,73.804648,Low
LOC003781,Synthetic Residence - Viman Nagar 3781,Residence,"242, Park Road, Viman Nagar, Pune",Viman Nagar,Pune,Pune,Maharashtra,411014,18.566485,73.912713,High
LOC003782,Synthetic ATM - Aundh 3782,ATM,"86, Main Road, Aundh, Pune",Aundh,Pune,Pune,Maharashtra,411007,18.565594,73.809951,Low
LOC003783,Synthetic Bank - Wakad 3783,Bank,"633, Market Road, Wakad, Pune",Wakad,Pune,Pune,Maharashtra,411057,18.599801,73.762199,Low
LOC003784,Synthetic Residence - Shivajinagar 3784,Residence,"886, Canal Road, Shivajinagar, Pune",Shivajinagar,Pune,Pune,Maharashtra,411005,18.538425,73.85046,Medium
LOC003785,Synthetic Restaurant - Viman Nagar 3785,Restaurant,"929, Industrial Road, Viman Nagar, Pune",Viman Nagar,Pune,Pune,Maharashtra,411014,18.573848,73.916609,Low
LOC003786,Synthetic Residence - Swargate 3786,Residence,"748, Temple Road, Swargate, Pune",Swargate,Pune,Pune,Maharashtra,411037,18.508038,73.863055,Low
LOC003787,Synthetic Transport Hub - Baner 3787,Transport Hub,"840, Park Road, Baner, Pune",Baner,Pune,Pune,Maharashtra,411045,18.555072,73.780575,Medium
LOC003788,Synthetic Other - Yerawada 3788,Other,"904, Canal Road, Yerawada, Pune",Yerawada,Pune,Pune,Maharashtra,411006,18.54877,73.8715,Medium
LOC003789,Synthetic Residence - Vishrantwadi 3789,Residence,"868, Park Road, Vishrantwadi, Pune",Vishrantwadi,Pune,Pune,Maharashtra,411015,18.567938,73.871242,Medium
LOC003790,Synthetic Residence - Dhankawadi 3790,Residence,"671, College Road, Dhankawadi, Pune",Dhankawadi,Pune,Pune,Maharashtra,411043,18.466066,73.842364,Low
LOC003791,Synthetic Bank - Baner 3791,Bank,"852, Nagar Road, Baner, Pune",Baner,Pune,Pune,Maharashtra,411045,18.558328,73.786235,Low
LOC003792,Synthetic Crime Scene - Wakad 3792,Crime Scene,"184, Main Road, Wakad, Pune",Wakad,Pune,Pune,Maharashtra,411057,18.591502,73.767604,Medium
LOC003793,Synthetic Crime Scene - Pimpri 3793,Crime Scene,"124, Park Road, Pimpri, Pune",Pimpri,Pune,Pune,Maharashtra,411018,18.625626,73.802057,Medium
LOC003794,Synthetic Police Station - Hadapsar,Police Station,"24, Market Road, Hadapsar, Pune",Hadapsar,Pune,Pune,Maharashtra,411028,18.501495,73.931601,Low
LOC003795,Synthetic Transport Hub - Chinchwad 3795,Transport Hub,"541, Industrial Road, Chinchwad, Pune",Chinchwad,Pune,Pune,Maharashtra,411033,18.624211,73.79298,High
LOC003796,Synthetic Residence - Vishrantwadi 3796,Residence,"953, Industrial Road, Vishrantwadi, Pune",Vishrantwadi,Pune,Pune,Maharashtra,411015,18.560038,73.884239,Low
LOC003797,Synthetic Crime Scene - Dhankawadi 3797,Crime Scene,"474, Nagar Road, Dhankawadi, Pune",Dhankawadi,Pune,Pune,Maharashtra,411043,18.467211,73.847764,Low
LOC003798,Synthetic Workplace - Swargate 3798,Workplace,"659, Nagar Road, Swargate, Pune",Swargate,Pune,Pune,Maharashtra,411037,18.500683,73.857619,Low
LOC003799,Synthetic Transport Hub - Swargate 3799,Transport Hub,"94, Nagar Road, Swargate, Pune",Swargate,Pune,Pune,Maharashtra,411037,18.507807,73.857123,Low
LOC003800,Synthetic Other - Hadapsar 3800,Other,"613, Market Road, Hadapsar, Pune",Hadapsar,Pune,Pune,Maharashtra,411028,18.50935,73.924285,Medium
LOC003801,Synthetic Warehouse - Wakad 3801,Warehouse,"463, Park Road, Wakad, Pune",Wakad,Pune,Pune,Maharashtra,411057,18.595656,73.770543,Low
LOC003802,Synthetic Residence - Pimpri 3802,Residence,"748, Market Road, Pimpri, Pune",Pimpri,Pune,Pune,Maharashtra,411018,18.622967,73.801228,Low
LOC003803,Synthetic Hotel - Chinchwad 3803,Hotel,"345, Main Road, Chinchwad, Pune",Chinchwad,Pune,Pune,Maharashtra,411033,18.627412,73.802154,Low
LOC003804,Synthetic Restaurant - Chinchwad 3804,Restaurant,"237, Canal Road, Chinchwad, Pune",Chinchwad,Pune,Pune,Maharashtra,411033,18.632103,73.799649,Medium
LOC003805,Synthetic Workplace - Chinchwad 3805,Workplace,"76, Temple Road, Chinchwad, Pune",Chinchwad,Pune,Pune,Maharashtra,411033,18.626954,73.80133,Medium
LOC003806,Synthetic Workplace - Kothrud 3806,Workplace,"51, College Road, Kothrud, Pune",Kothrud,Pune,Pune,Maharashtra,411038,18.506254,73.810832,Low
LOC003807,Synthetic Warehouse - Wakad 3807,Warehouse,"669, Station Road, Wakad, Pune",Wakad,Pune,Pune,Maharashtra,411057,18.599125,73.762273,Medium
LOC003808,Synthetic Workplace - Kothrud 3808,Workplace,"670, Station Road, Kothrud, Pune",Kothrud,Pune,Pune,Maharashtra,411038,18.509214,73.808219,Medium
LOC003809,Synthetic Meeting Point - Yerawada 3809,Meeting Point,"682, Nagar Road, Yerawada, Pune",Yerawada,Pune,Pune,Maharashtra,411006,18.541884,73.883051,Low
LOC003810,Synthetic Meeting Point - Kondhwa 3810,Meeting Point,"628, Station Road, Kondhwa, Pune",Kondhwa,Pune,Pune,Maharashtra,411048,18.465078,73.885688,Low
LOC003811,Synthetic Residence - Dhankawadi 3811,Residence,"717, Canal Road, Dhankawadi, Pune",Dhankawadi,Pune,Pune,Maharashtra,411043,18.470294,73.844917,Medium
LOC003812,Synthetic Residence - Viman Nagar 3812,Residence,"898, Industrial Road, Viman Nagar, Pune",Viman Nagar,Pune,Pune,Maharashtra,411014,18.563244,73.915742,Low
LOC003813,Synthetic Residence - Shivajinagar 3813,Residence,"479, Park Road, Shivajinagar, Pune",Shivajinagar,Pune,Pune,Maharashtra,411005,18.528269,73.84221,Medium
LOC003814,Synthetic Warehouse - Kothrud 3814,Warehouse,"135, Nagar Road, Kothrud, Pune",Kothrud,Pune,Pune,Maharashtra,411038,18.499996,73.812773,Low
LOC003815,Synthetic Residence - Dhankawadi 3815,Residence,"683, Temple Road, Dhankawadi, Pune",Dhankawadi,Pune,Pune,Maharashtra,411043,18.464342,73.846097,Low
LOC003816,Synthetic Police Station - Pimpri,Police Station,"241, Main Road, Pimpri, Pune",Pimpri,Pune,Pune,Maharashtra,411018,18.629204,73.79733,Low
LOC003817,Synthetic Crime Scene - Kothrud 3817,Crime Scene,"344, College Road, Kothrud, Pune",Kothrud,Pune,Pune,Maharashtra,411038,18.511394,73.801565,Low
LOC003818,Synthetic Residence - Vishrantwadi 3818,Residence,"868, Industrial Road, Vishrantwadi, Pune",Vishrantwadi,Pune,Pune,Maharashtra,411015,18.572198,73.879935,Low
LOC003819,Synthetic Meeting Point - Swargate 3819,Meeting Point,"408, Market Road, Swargate, Pune",Swargate,Pune,Pune,Maharashtra,411037,18.501899,73.858043,Low
LOC003820,Synthetic Workplace - Kondhwa 3820,Workplace,"999, Link Road, Kondhwa, Pune",Kondhwa,Pune,Pune,Maharashtra,411048,18.463126,73.894331,Medium
LOC003821,Synthetic Workplace - Wakad 3821,Workplace,"942, Nagar Road, Wakad, Pune",Wakad,Pune,Pune,Maharashtra,411057,18.592013,73.760103,Low
LOC003822,Synthetic Residence - Chinchwad 3822,Residence,"212, Link Road, Chinchwad, Pune",Chinchwad,Pune,Pune,Maharashtra,411033,18.636803,73.802709,Low
LOC003823,Synthetic Transport Hub - Hadapsar 3823,Transport Hub,"643, Main Road, Hadapsar, Pune",Hadapsar,Pune,Pune,Maharashtra,411028,18.514028,73.932172,Medium
LOC003824,Synthetic Restaurant - Vishrantwadi 3824,Restaurant,"596, Main Road, Vishrantwadi, Pune",Vishrantwadi,Pune,Pune,Maharashtra,411015,18.570624,73.881214,Low
LOC003825,Synthetic Residence - Dhankawadi 3825,Residence,"539, Temple Road, Dhankawadi, Pune",Dhankawadi,Pune,Pune,Maharashtra,411043,18.470636,73.850477,High
LOC003826,Synthetic Crime Scene - Chinchwad 3826,Crime Scene,"195, College Road, Chinchwad, Pune",Chinchwad,Pune,Pune,Maharashtra,411033,18.632249,73.806672,Low
LOC003827,Synthetic Meeting Point - Kondhwa 3827,Meeting Point,"253, Temple Road, Kondhwa, Pune",Kondhwa,Pune,Pune,Maharashtra,411048,18.469573,73.882414,Low
LOC003828,Synthetic Meeting Point - Swargate 3828,Meeting Point,"426, Industrial Road, Swargate, Pune",Swargate,Pune,Pune,Maharashtra,411037,18.502485,73.866364,Medium
LOC003829,Synthetic Transport Hub - Bhosari 3829,Transport Hub,"155, Station Road, Bhosari, Pune",Bhosari,Pune,Pune,Maharashtra,411039,18.634321,73.84837,Low
LOC003830,Synthetic Crime Scene - Dhankawadi 3830,Crime Scene,"656, Nagar Road, Dhankawadi, Pune",Dhankawadi,Pune,Pune,Maharashtra,411043,18.46929,73.842257,Low
LOC003831,Synthetic Residence - Kondhwa 3831,Residence,"926, Canal Road, Kondhwa, Pune",Kondhwa,Pune,Pune,Maharashtra,411048,18.464829,73.895586,Low
LOC003832,Synthetic Crime Scene - Swargate 3832,Crime Scene,"616, Canal Road, Swargate, Pune",Swargate,Pune,Pune,Maharashtra,411037,18.50844,73.858467,Medium
LOC003833,Synthetic Residence - Aundh 3833,Residence,"950, Park Road, Aundh, Pune",Aundh,Pune,Pune,Maharashtra,411007,18.56148,73.808078,Medium
LOC003834,Synthetic Workplace - Viman Nagar 3834,Workplace,"164, Market Road, Viman Nagar, Pune",Viman Nagar,Pune,Pune,Maharashtra,411014,18.574598,73.908776,Medium
LOC003835,Synthetic Crime Scene - Wakad 3835,Crime Scene,"935, Nagar Road, Wakad, Pune",Wakad,Pune,Pune,Maharashtra,411057,18.602674,73.758252,Low
LOC003836,Synthetic Workplace - Kondhwa 3836,Workplace,"664, Station Road, Kondhwa, Pune",Kondhwa,Pune,Pune,Maharashtra,411048,18.47463,73.883251,Low
LOC003837,Synthetic Meeting Point - Katraj 3837,Meeting Point,"208, Market Road, Katraj, Pune",Katraj,Pune,Pune,Maharashtra,411046,18.446027,73.858308,Medium
LOC003838,Synthetic Warehouse - Hadapsar 3838,Warehouse,"291, Temple Road, Hadapsar, Pune",Hadapsar,Pune,Pune,Maharashtra,411028,18.511128,73.918887,Low
LOC003839,Synthetic Workplace - Swargate 3839,Workplace,"355, Park Road, Swargate, Pune",Swargate,Pune,Pune,Maharashtra,411037,18.49806,73.864506,Low
LOC003840,Synthetic Workplace - Hadapsar 3840,Workplace,"867, Canal Road, Hadapsar, Pune",Hadapsar,Pune,Pune,Maharashtra,411028,18.506437,73.933427,Low
LOC003841,Synthetic Crime Scene - Yerawada 3841,Crime Scene,"231, Link Road, Yerawada, Pune",Yerawada,Pune,Pune,Maharashtra,411006,18.544841,73.880692,Medium
LOC003842,Synthetic ATM - Baner 3842,ATM,"877, Canal Road, Baner, Pune",Baner,Pune,Pune,Maharashtra,411045,18.561846,73.793919,Low
LOC003843,Synthetic Other - Aundh 3843,Other,"752, Industrial Road, Aundh, Pune",Aundh,Pune,Pune,Maharashtra,411007,18.558165,73.803971,Medium
LOC003844,Synthetic ATM - Katraj 3844,ATM,"468, Temple Road, Katraj, Pune",Katraj,Pune,Pune,Maharashtra,411046,18.450794,73.860856,Low
LOC003845,Synthetic Residence - Aundh 3845,Residence,"762, Market Road, Aundh, Pune",Aundh,Pune,Pune,Maharashtra,411007,18.560378,73.808424,Low
LOC003846,Synthetic Transport Hub - Vishrantwadi 3846,Transport Hub,"644, Station Road, Vishrantwadi, Pune",Vishrantwadi,Pune,Pune,Maharashtra,411015,18.568268,73.881922,Medium
LOC003847,Synthetic Residence - Viman Nagar 3847,Residence,"699, Canal Road, Viman Nagar, Pune",Viman Nagar,Pune,Pune,Maharashtra,411014,18.564166,73.91744,Low
LOC003848,Synthetic Crime Scene - Vishrantwadi 3848,Crime Scene,"314, Market Road, Vishrantwadi, Pune",Vishrantwadi,Pune,Pune,Maharashtra,411015,18.56986,73.879069,Medium
LOC003849,Synthetic Transport Hub - Hadapsar 3849,Transport Hub,"547, Main Road, Hadapsar, Pune",Hadapsar,Pune,Pune,Maharashtra,411028,18.505074,73.927668,Medium
LOC003850,Synthetic Crime Scene - Dhankawadi 3850,Crime Scene,"798, Link Road, Dhankawadi, Pune",Dhankawadi,Pune,Pune,Maharashtra,411043,18.46793,73.848781,Low
LOC003851,Synthetic Transport Hub - Bhosari 3851,Transport Hub,"939, Temple Road, Bhosari, Pune",Bhosari,Pune,Pune,Maharashtra,411039,18.63454,73.851282,High
LOC003852,Synthetic Workplace - Aundh 3852,Workplace,"197, Canal Road, Aundh, Pune",Aundh,Pune,Pune,Maharashtra,411007,18.552874,73.803224,Medium
LOC003853,Synthetic Meeting Point - Aundh 3853,Meeting Point,"503, College Road, Aundh, Pune",Aundh,Pune,Pune,Maharashtra,411007,18.565977,73.802915,Low
LOC003854,Synthetic Workplace - Kothrud 3854,Workplace,"141, Park Road, Kothrud, Pune",Kothrud,Pune,Pune,Maharashtra,411038,18.499787,73.803565,Medium
LOC003855,Synthetic Meeting Point - Wakad 3855,Meeting Point,"823, Nagar Road, Wakad, Pune",Wakad,Pune,Pune,Maharashtra,411057,18.593855,73.769816,Low
LOC003856,Synthetic Bank - Shivajinagar 3856,Bank,"786, Canal Road, Shivajinagar, Pune",Shivajinagar,Pune,Pune,Maharashtra,411005,18.527579,73.844037,Low
LOC003857,Synthetic Workplace - Wakad 3857,Workplace,"424, Main Road, Wakad, Pune",Wakad,Pune,Pune,Maharashtra,411057,18.60142,73.766708,Medium
LOC003858,Synthetic Workplace - Viman Nagar 3858,Workplace,"792, Market Road, Viman Nagar, Pune",Viman Nagar,Pune,Pune,Maharashtra,411014,18.561371,73.914428,Low
LOC003859,Synthetic Residence - Baner 3859,Residence,"292, Main Road, Baner, Pune",Baner,Pune,Pune,Maharashtra,411045,18.551394,73.782158,Low
LOC003860,Synthetic Residence - Vishrantwadi 3860,Residence,"974, Nagar Road, Vishrantwadi, Pune",Vishrantwadi,Pune,Pune,Maharashtra,411015,18.564072,73.876053,Low
LOC003861,Synthetic Hotel - Kothrud 3861,Hotel,"492, Station Road, Kothrud, Pune",Kothrud,Pune,Pune,Maharashtra,411038,18.513187,73.803942,Low
LOC003862,Synthetic Restaurant - Pimpri 3862,Restaurant,"353, Temple Road, Pimpri, Pune",Pimpri,Pune,Pune,Maharashtra,411018,18.629284,73.793434,Low
LOC003863,Synthetic Restaurant - Pimpri 3863,Restaurant,"572, Canal Road, Pimpri, Pune",Pimpri,Pune,Pune,Maharashtra,411018,18.629919,73.802008,Low
LOC003864,Synthetic Police Station - Vishrantwadi,Police Station,"596, Temple Road, Vishrantwadi, Pune",Vishrantwadi,Pune,Pune,Maharashtra,411015,18.561445,73.874297,Low
LOC003865,Synthetic Warehouse - Viman Nagar 3865,Warehouse,"601, Industrial Road, Viman Nagar, Pune",Viman Nagar,Pune,Pune,Maharashtra,411014,18.570901,73.907923,Medium
LOC003866,Synthetic Hotel - Yerawada 3866,Hotel,"976, Station Road, Yerawada, Pune",Yerawada,Pune,Pune,Maharashtra,411006,18.55013,73.88551,High
LOC003867,Synthetic Warehouse - Vishrantwadi 3867,Warehouse,"754, Canal Road, Vishrantwadi, Pune",Vishrantwadi,Pune,Pune,Maharashtra,411015,18.57452,73.870898,Low
LOC003868,Synthetic Warehouse - Pimpri 3868,Warehouse,"83, Canal Road, Pimpri, Pune",Pimpri,Pune,Pune,Maharashtra,411018,18.624214,73.796635,Medium
LOC003869,Synthetic ATM - Vishrantwadi 3869,ATM,"926, Park Road, Vishrantwadi, Pune",Vishrantwadi,Pune,Pune,Maharashtra,411015,18.574891,73.870956,Low
LOC003870,Synthetic Residence - Yerawada 3870,Residence,"88, Industrial Road, Yerawada, Pune",Yerawada,Pune,Pune,Maharashtra,411006,18.540802,73.885511,Low
LOC003871,Synthetic Residence - Katraj 3871,Residence,"200, Market Road, Katraj, Pune",Katraj,Pune,Pune,Maharashtra,411046,18.459633,73.861878,Low
LOC003872,Synthetic Workplace - Hadapsar 3872,Workplace,"730, Temple Road, Hadapsar, Pune",Hadapsar,Pune,Pune,Maharashtra,411028,18.512122,73.92075,Medium
LOC003873,Synthetic Other - Viman Nagar 3873,Other,"54, Canal Road, Viman Nagar, Pune",Viman Nagar,Pune,Pune,Maharashtra,411014,18.56887,73.921526,Low
LOC003874,Synthetic Meeting Point - Dhankawadi 3874,Meeting Point,"592, Station Road, Dhankawadi, Pune",Dhankawadi,Pune,Pune,Maharashtra,411043,18.460866,73.856932,High
LOC003875,Synthetic Bank - Yerawada 3875,Bank,"770, Industrial Road, Yerawada, Pune",Yerawada,Pune,Pune,Maharashtra,411006,18.546751,73.882083,Low
LOC003876,Synthetic Police Station - Kondhwa,Police Station,"37, Nagar Road, Kondhwa, Pune",Kondhwa,Pune,Pune,Maharashtra,411048,18.475056,73.892822,Low
LOC003877,Synthetic Bank - Bhosari 3877,Bank,"887, Link Road, Bhosari, Pune",Bhosari,Pune,Pune,Maharashtra,411039,18.627355,73.852585,Low
LOC003878,Synthetic Police Station - Vishrantwadi,Police Station,"543, Station Road, Vishrantwadi, Pune",Vishrantwadi,Pune,Pune,Maharashtra,411015,18.574171,73.874574,Low
LOC003879,Synthetic Bank - Vishrantwadi 3879,Bank,"652, Canal Road, Vishrantwadi, Pune",Vishrantwadi,Pune,Pune,Maharashtra,411015,18.569485,73.875358,Low
LOC003880,Synthetic Meeting Point - Dhankawadi 3880,Meeting Point,"45, College Road, Dhankawadi, Pune",Dhankawadi,Pune,Pune,Maharashtra,411043,18.459128,73.843013,Medium
LOC003881,Synthetic Meeting Point - Baner 3881,Meeting Point,"54, Main Road, Baner, Pune",Baner,Pune,Pune,Maharashtra,411045,18.55837,73.788656,Medium
LOC003882,Synthetic Hotel - Dhankawadi 3882,Hotel,"44, Market Road, Dhankawadi, Pune",Dhankawadi,Pune,Pune,Maharashtra,411043,18.469725,73.855283,Low
LOC003883,Synthetic Meeting Point - Shivajinagar 3883,Meeting Point,"245, Station Road, Shivajinagar, Pune",Shivajinagar,Pune,Pune,Maharashtra,411005,18.5346,73.852655,Low
LOC003884,Synthetic Meeting Point - Chinchwad 3884,Meeting Point,"833, Industrial Road, Chinchwad, Pune",Chinchwad,Pune,Pune,Maharashtra,411033,18.630683,73.797089,Medium
LOC003885,Synthetic Meeting Point - Swargate 3885,Meeting Point,"150, Temple Road, Swargate, Pune",Swargate,Pune,Pune,Maharashtra,411037,18.504727,73.857379,Low
LOC003886,Synthetic Transport Hub - Swargate 3886,Transport Hub,"346, Canal Road, Swargate, Pune",Swargate,Pune,Pune,Maharashtra,411037,18.508917,73.868625,High
LOC003887,Synthetic Restaurant - Viman Nagar 3887,Restaurant,"709, Park Road, Viman Nagar, Pune",Viman Nagar,Pune,Pune,Maharashtra,411014,18.573532,73.913547,Medium
LOC003888,Synthetic Crime Scene - Kothrud 3888,Crime Scene,"938, Main Road, Kothrud, Pune",Kothrud,Pune,Pune,Maharashtra,411038,18.514957,73.80988,Medium
LOC003889,Synthetic Warehouse - Yerawada 3889,Warehouse,"95, Temple Road, Yerawada, Pune",Yerawada,Pune,Pune,Maharashtra,411006,18.554911,73.877436,Low
LOC003890,Synthetic Police Station - Yerawada,Police Station,"246, Canal Road, Yerawada, Pune",Yerawada,Pune,Pune,Maharashtra,411006,18.540378,73.879276,High
LOC003891,Synthetic Workplace - Chinchwad 3891,Workplace,"357, Industrial Road, Chinchwad, Pune",Chinchwad,Pune,Pune,Maharashtra,411033,18.634387,73.794939,High
LOC003892,Synthetic Residence - Katraj 3892,Residence,"476, College Road, Katraj, Pune",Katraj,Pune,Pune,Maharashtra,411046,18.45377,73.858041,Medium
LOC003893,Synthetic Bank - Yerawada 3893,Bank,"271, Link Road, Yerawada, Pune",Yerawada,Pune,Pune,Maharashtra,411006,18.545475,73.873457,Low
LOC003894,Synthetic ATM - Wakad 3894,ATM,"503, Park Road, Wakad, Pune",Wakad,Pune,Pune,Maharashtra,411057,18.60248,73.762122,Low
LOC003895,Synthetic Meeting Point - Bhosari 3895,Meeting Point,"505, Canal Road, Bhosari, Pune",Bhosari,Pune,Pune,Maharashtra,411039,18.625576,73.852146,Medium
LOC003896,Synthetic Crime Scene - Kondhwa 3896,Crime Scene,"768, Industrial Road, Kondhwa, Pune",Kondhwa,Pune,Pune,Maharashtra,411048,18.476108,73.897393,Low
LOC003897,Synthetic Warehouse - Kothrud 3897,Warehouse,"329, Nagar Road, Kothrud, Pune",Kothrud,Pune,Pune,Maharashtra,411038,18.510374,73.804998,Low
LOC003898,Synthetic Workplace - Swargate 3898,Workplace,"259, Park Road, Swargate, Pune",Swargate,Pune,Pune,Maharashtra,411037,18.493804,73.85985,Low
LOC003899,Synthetic Workplace - Vishrantwadi 3899,Workplace,"920, Station Road, Vishrantwadi, Pune",Vishrantwadi,Pune,Pune,Maharashtra,411015,18.564533,73.874305,Low
LOC003900,Synthetic Other - Pimpri 3900,Other,"681, Park Road, Pimpri, Pune",Pimpri,Pune,Pune,Maharashtra,411018,18.630109,73.805339,Low
LOC003901,Synthetic Bank - Viman Nagar 3901,Bank,"117, Link Road, Viman Nagar, Pune",Viman Nagar,Pune,Pune,Maharashtra,411014,18.560697,73.906348,Medium
LOC003902,Synthetic Workplace - Kondhwa 3902,Workplace,"247, Temple Road, Kondhwa, Pune",Kondhwa,Pune,Pune,Maharashtra,411048,18.474,73.88445,Medium
LOC003903,Synthetic Crime Scene - Wakad 3903,Crime Scene,"265, Station Road, Wakad, Pune",Wakad,Pune,Pune,Maharashtra,411057,18.602762,73.761617,Low
LOC003904,Synthetic Crime Scene - Vishrantwadi 3904,Crime Scene,"326, Nagar Road, Vishrantwadi, Pune",Vishrantwadi,Pune,Pune,Maharashtra,411015,18.565781,73.87773,Medium
LOC003905,Synthetic Restaurant - Baner 3905,Restaurant,"180, College Road, Baner, Pune",Baner,Pune,Pune,Maharashtra,411045,18.562376,73.784944,Medium
LOC003906,Synthetic Residence - Wakad 3906,Residence,"779, Industrial Road, Wakad, Pune",Wakad,Pune,Pune,Maharashtra,411057,18.606455,73.760559,Medium
LOC003907,Synthetic Meeting Point - Baner 3907,Meeting Point,"476, Station Road, Baner, Pune",Baner,Pune,Pune,Maharashtra,411045,18.553754,73.781225,Medium
LOC003908,Synthetic Bank - Viman Nagar 3908,Bank,"580, Station Road, Viman Nagar, Pune",Viman Nagar,Pune,Pune,Maharashtra,411014,18.568772,73.918307,Medium
LOC003909,Synthetic Residence - Kondhwa 3909,Residence,"866, College Road, Kondhwa, Pune",Kondhwa,Pune,Pune,Maharashtra,411048,18.470755,73.88666,Low
LOC003910,Synthetic Residence - Chinchwad 3910,Residence,"117, Market Road, Chinchwad, Pune",Chinchwad,Pune,Pune,Maharashtra,411033,18.626387,73.79305,Low
LOC003911,Synthetic Transport Hub - Baner 3911,Transport Hub,"900, Link Road, Baner, Pune",Baner,Pune,Pune,Maharashtra,411045,18.561948,73.791233,Low
LOC003912,Synthetic Meeting Point - Yerawada 3912,Meeting Point,"521, Main Road, Yerawada, Pune",Yerawada,Pune,Pune,Maharashtra,411006,18.548327,73.87411,Low
LOC003913,Synthetic ATM - Aundh 3913,ATM,"806, Nagar Road, Aundh, Pune",Aundh,Pune,Pune,Maharashtra,411007,18.562947,73.812617,Low
LOC003914,Synthetic Workplace - Kothrud 3914,Workplace,"722, Industrial Road, Kothrud, Pune",Kothrud,Pune,Pune,Maharashtra,411038,18.506633,73.810729,Low
LOC003915,Synthetic Police Station - Kondhwa,Police Station,"221, College Road, Kondhwa, Pune",Kondhwa,Pune,Pune,Maharashtra,411048,18.467012,73.882358,Low
LOC003916,Synthetic Residence - Hadapsar 3916,Residence,"344, Station Road, Hadapsar, Pune",Hadapsar,Pune,Pune,Maharashtra,411028,18.510252,73.91976,Medium
LOC003917,Synthetic Meeting Point - Chinchwad 3917,Meeting Point,"603, Link Road, Chinchwad, Pune",Chinchwad,Pune,Pune,Maharashtra,411033,18.626958,73.793624,Low
LOC003918,Synthetic Workplace - Chinchwad 3918,Workplace,"693, Industrial Road, Chinchwad, Pune",Chinchwad,Pune,Pune,Maharashtra,411033,18.634175,73.805836,Medium
LOC003919,Synthetic Workplace - Chinchwad 3919,Workplace,"779, Industrial Road, Chinchwad, Pune",Chinchwad,Pune,Pune,Maharashtra,411033,18.635421,73.8047,Medium
LOC003920,Synthetic Residence - Shivajinagar 3920,Residence,"707, Station Road, Shivajinagar, Pune",Shivajinagar,Pune,Pune,Maharashtra,411005,18.538273,73.840682,Low
LOC003921,Synthetic Workplace - Dhankawadi 3921,Workplace,"460, Temple Road, Dhankawadi, Pune",Dhankawadi,Pune,Pune,Maharashtra,411043,18.467559,73.845974,Medium
LOC003922,Synthetic Meeting Point - Swargate 3922,Meeting Point,"115, Main Road, Swargate, Pune",Swargate,Pune,Pune,Maharashtra,411037,18.499384,73.85729,Medium
LOC003923,Synthetic Police Station - Pimpri,Police Station,"813, College Road, Pimpri, Pune",Pimpri,Pune,Pune,Maharashtra,411018,18.632171,73.799203,Medium
LOC003924,Synthetic Warehouse - Katraj 3924,Warehouse,"419, Station Road, Katraj, Pune",Katraj,Pune,Pune,Maharashtra,411046,18.451026,73.863839,Low
LOC003925,Synthetic Other - Swargate 3925,Other,"428, Park Road, Swargate, Pune",Swargate,Pune,Pune,Maharashtra,411037,18.502342,73.863824,Low
LOC003926,Synthetic Meeting Point - Shivajinagar 3926,Meeting Point,"304, Station Road, Shivajinagar, Pune",Shivajinagar,Pune,Pune,Maharashtra,411005,18.530026,73.84909,Medium
LOC003927,Synthetic Bank - Kothrud 3927,Bank,"229, Link Road, Kothrud, Pune",Kothrud,Pune,Pune,Maharashtra,411038,18.506701,73.803926,Low
LOC003928,Synthetic Workplace - Bhosari 3928,Workplace,"474, Main Road, Bhosari, Pune",Bhosari,Pune,Pune,Maharashtra,411039,18.630129,73.847713,High
LOC003929,Synthetic Meeting Point - Swargate 3929,Meeting Point,"236, Park Road, Swargate, Pune",Swargate,Pune,Pune,Maharashtra,411037,18.501334,73.861301,Low
LOC003930,Synthetic Hotel - Hadapsar 3930,Hotel,"792, Market Road, Hadapsar, Pune",Hadapsar,Pune,Pune,Maharashtra,411028,18.506134,73.92701,Low
LOC003931,Synthetic Meeting Point - Kondhwa 3931,Meeting Point,"629, Canal Road, Kondhwa, Pune",Kondhwa,Pune,Pune,Maharashtra,411048,18.470375,73.890485,Low
LOC003932,Synthetic Residence - Katraj 3932,Residence,"180, Market Road, Katraj, Pune",Katraj,Pune,Pune,Maharashtra,411046,18.458702,73.872433,Low
LOC003933,Synthetic Bank - Pimpri 3933,Bank,"315, Park Road, Pimpri, Pune",Pimpri,Pune,Pune,Maharashtra,411018,18.632359,73.806523,Low
LOC003934,Synthetic Crime Scene - Baner 3934,Crime Scene,"14, Industrial Road, Baner, Pune",Baner,Pune,Pune,Maharashtra,411045,18.551711,73.794018,Medium
LOC003935,Synthetic Workplace - Pimpri 3935,Workplace,"512, Industrial Road, Pimpri, Pune",Pimpri,Pune,Pune,Maharashtra,411018,18.631694,73.794778,Medium
LOC003936,Synthetic Bank - Vishrantwadi 3936,Bank,"842, Park Road, Vishrantwadi, Pune",Vishrantwadi,Pune,Pune,Maharashtra,411015,18.564522,73.882994,Low
LOC003937,Synthetic Residence - Swargate 3937,Residence,"814, Nagar Road, Swargate, Pune",Swargate,Pune,Pune,Maharashtra,411037,18.502538,73.860383,Medium
LOC003938,Synthetic Meeting Point - Pimpri 3938,Meeting Point,"846, Market Road, Pimpri, Pune",Pimpri,Pune,Pune,Maharashtra,411018,18.636681,73.804438,High
LOC003939,Synthetic Residence - Katraj 3939,Residence,"331, Station Road, Katraj, Pune",Katraj,Pune,Pune,Maharashtra,411046,18.448352,73.871601,Medium
LOC003940,Synthetic Bank - Wakad 3940,Bank,"444, College Road, Wakad, Pune",Wakad,Pune,Pune,Maharashtra,411057,18.604583,73.764742,Low
LOC003941,Synthetic Residence - Katraj 3941,Residence,"929, College Road, Katraj, Pune",Katraj,Pune,Pune,Maharashtra,411046,18.446355,73.863433,Medium
LOC003942,Synthetic Workplace - Bhosari 3942,Workplace,"637, Canal Road, Bhosari, Pune",Bhosari,Pune,Pune,Maharashtra,411039,18.627424,73.849921,Medium
LOC003943,Synthetic Other - Kondhwa 3943,Other,"418, Nagar Road, Kondhwa, Pune",Kondhwa,Pune,Pune,Maharashtra,411048,18.468799,73.89714,Low
LOC003944,Synthetic ATM - Kondhwa 3944,ATM,"113, Station Road, Kondhwa, Pune",Kondhwa,Pune,Pune,Maharashtra,411048,18.462997,73.897489,Medium
LOC003945,Synthetic Transport Hub - Baner 3945,Transport Hub,"453, Park Road, Baner, Pune",Baner,Pune,Pune,Maharashtra,411045,18.563538,73.789996,Low
LOC003946,Synthetic Warehouse - Aundh 3946,Warehouse,"158, Station Road, Aundh, Pune",Aundh,Pune,Pune,Maharashtra,411007,18.565538,73.812914,Low
LOC003947,Synthetic Hotel - Kothrud 3947,Hotel,"712, Nagar Road, Kothrud, Pune",Kothrud,Pune,Pune,Maharashtra,411038,18.51344,73.810996,Low
LOC003948,Synthetic Residence - Viman Nagar 3948,Residence,"383, Main Road, Viman Nagar, Pune",Viman Nagar,Pune,Pune,Maharashtra,411014,18.565225,73.914988,High
LOC003949,Synthetic Bank - Aundh 3949,Bank,"12, Industrial Road, Aundh, Pune",Aundh,Pune,Pune,Maharashtra,411007,18.56519,73.803447,Medium
LOC003950,Synthetic Transport Hub - Kondhwa 3950,Transport Hub,"227, Industrial Road, Kondhwa, Pune",Kondhwa,Pune,Pune,Maharashtra,411048,18.472705,73.892056,Medium
LOC003951,Synthetic Residence - Shivajinagar 3951,Residence,"640, Canal Road, Shivajinagar, Pune",Shivajinagar,Pune,Pune,Maharashtra,411005,18.531477,73.846705,Low
LOC003952,Synthetic Residence - Dhankawadi 3952,Residence,"953, Temple Road, Dhankawadi, Pune",Dhankawadi,Pune,Pune,Maharashtra,411043,18.466047,73.842378,Low
LOC003953,Synthetic Residence - Dhankawadi 3953,Residence,"105, Main Road, Dhankawadi, Pune",Dhankawadi,Pune,Pune,Maharashtra,411043,18.469643,73.854442,Low
LOC003954,Synthetic Workplace - Aundh 3954,Workplace,"711, Industrial Road, Aundh, Pune",Aundh,Pune,Pune,Maharashtra,411007,18.551121,73.800019,Low
LOC003955,Synthetic Other - Swargate 3955,Other,"817, Station Road, Swargate, Pune",Swargate,Pune,Pune,Maharashtra,411037,18.499718,73.862462,Low
LOC003956,Synthetic Other - Wakad 3956,Other,"390, Station Road, Wakad, Pune",Wakad,Pune,Pune,Maharashtra,411057,18.59987,73.756209,Medium
LOC003957,Synthetic Residence - Wakad 3957,Residence,"946, Industrial Road, Wakad, Pune",Wakad,Pune,Pune,Maharashtra,411057,18.598566,73.767886,Low
LOC003958,Synthetic Restaurant - Kothrud 3958,Restaurant,"207, Nagar Road, Kothrud, Pune",Kothrud,Pune,Pune,Maharashtra,411038,18.500345,73.801228,Low
LOC003959,Synthetic Other - Shivajinagar 3959,Other,"582, College Road, Shivajinagar, Pune",Shivajinagar,Pune,Pune,Maharashtra,411005,18.52511,73.849822,Medium
LOC003960,Synthetic Warehouse - Kondhwa 3960,Warehouse,"159, Industrial Road, Kondhwa, Pune",Kondhwa,Pune,Pune,Maharashtra,411048,18.474407,73.897879,High
LOC003961,Synthetic Residence - Yerawada 3961,Residence,"556, College Road, Yerawada, Pune",Yerawada,Pune,Pune,Maharashtra,411006,18.546581,73.88003,Medium
LOC003962,Synthetic Residence - Aundh 3962,Residence,"245, Market Road, Aundh, Pune",Aundh,Pune,Pune,Maharashtra,411007,18.551914,73.807724,Medium
LOC003963,Synthetic Workplace - Swargate 3963,Workplace,"290, Temple Road, Swargate, Pune",Swargate,Pune,Pune,Maharashtra,411037,18.508326,73.861251,Low
LOC003964,Synthetic Workplace - Kondhwa 3964,Workplace,"124, Station Road, Kondhwa, Pune",Kondhwa,Pune,Pune,Maharashtra,411048,18.471399,73.890866,Low
LOC003965,Synthetic Bank - Swargate 3965,Bank,"618, Park Road, Swargate, Pune",Swargate,Pune,Pune,Maharashtra,411037,18.503221,73.856526,Low
LOC003966,Synthetic Residence - Hadapsar 3966,Residence,"711, Park Road, Hadapsar, Pune",Hadapsar,Pune,Pune,Maharashtra,411028,18.516183,73.929349,Medium
LOC003967,Synthetic Other - Aundh 3967,Other,"139, Link Road, Aundh, Pune",Aundh,Pune,Pune,Maharashtra,411007,18.564844,73.809197,Low
LOC003968,Synthetic Residence - Kondhwa 3968,Residence,"400, Link Road, Kondhwa, Pune",Kondhwa,Pune,Pune,Maharashtra,411048,18.475141,73.892888,Low
LOC003969,Synthetic Meeting Point - Viman Nagar 3969,Meeting Point,"348, Park Road, Viman Nagar, Pune",Viman Nagar,Pune,Pune,Maharashtra,411014,18.568454,73.916437,Medium
LOC003970,Synthetic ATM - Baner 3970,ATM,"506, Park Road, Baner, Pune",Baner,Pune,Pune,Maharashtra,411045,18.553054,73.782747,Medium
LOC003971,Synthetic Workplace - Bhosari 3971,Workplace,"20, Park Road, Bhosari, Pune",Bhosari,Pune,Pune,Maharashtra,411039,18.636527,73.841261,Medium
LOC003972,Synthetic Restaurant - Kondhwa 3972,Restaurant,"690, Market Road, Kondhwa, Pune",Kondhwa,Pune,Pune,Maharashtra,411048,18.462851,73.893169,Low
LOC003973,Synthetic Meeting Point - Hadapsar 3973,Meeting Point,"871, Nagar Road, Hadapsar, Pune",Hadapsar,Pune,Pune,Maharashtra,411028,18.506461,73.928174,High
LOC003974,Synthetic Transport Hub - Shivajinagar 3974,Transport Hub,"131, Industrial Road, Shivajinagar, Pune",Shivajinagar,Pune,Pune,Maharashtra,411005,18.537078,73.84461,Medium
LOC003975,Synthetic Residence - Hadapsar 3975,Residence,"395, Station Road, Hadapsar, Pune",Hadapsar,Pune,Pune,Maharashtra,411028,18.513939,73.931535,Low
LOC003976,Synthetic Residence - Bhosari 3976,Residence,"418, Main Road, Bhosari, Pune",Bhosari,Pune,Pune,Maharashtra,411039,18.637182,73.844514,Medium
LOC003977,Synthetic Crime Scene - Kothrud 3977,Crime Scene,"512, Link Road, Kothrud, Pune",Kothrud,Pune,Pune,Maharashtra,411038,18.509202,73.800124,Low
LOC003978,Synthetic Other - Chinchwad 3978,Other,"329, Industrial Road, Chinchwad, Pune",Chinchwad,Pune,Pune,Maharashtra,411033,18.635415,73.799928,Low
LOC003979,Synthetic Residence - Yerawada 3979,Residence,"994, Link Road, Yerawada, Pune",Yerawada,Pune,Pune,Maharashtra,411006,18.547604,73.87172,Low
LOC003980,Synthetic Workplace - Hadapsar 3980,Workplace,"123, College Road, Hadapsar, Pune",Hadapsar,Pune,Pune,Maharashtra,411028,18.51272,73.92132,Medium
LOC003981,Synthetic Crime Scene - Viman Nagar 3981,Crime Scene,"895, Canal Road, Viman Nagar, Pune",Viman Nagar,Pune,Pune,Maharashtra,411014,18.561096,73.917669,Medium
LOC003982,Synthetic Residence - Katraj 3982,Residence,"459, Industrial Road, Katraj, Pune",Katraj,Pune,Pune,Maharashtra,411046,18.457494,73.871613,Low
LOC003983,Synthetic Hotel - Chinchwad 3983,Hotel,"80, Canal Road, Chinchwad, Pune",Chinchwad,Pune,Pune,Maharashtra,411033,18.636389,73.795627,Low
LOC003984,Synthetic Meeting Point - Pimpri 3984,Meeting Point,"389, Market Road, Pimpri, Pune",Pimpri,Pune,Pune,Maharashtra,411018,18.621858,73.802326,Medium
LOC003985,Synthetic Hotel - Hadapsar 3985,Hotel,"270, Park Road, Hadapsar, Pune",Hadapsar,Pune,Pune,Maharashtra,411028,18.512529,73.926738,High
LOC003986,Synthetic Workplace - Yerawada 3986,Workplace,"351, Market Road, Yerawada, Pune",Yerawada,Pune,Pune,Maharashtra,411006,18.541001,73.8757,Low
LOC003987,Synthetic Residence - Bhosari 3987,Residence,"467, Canal Road, Bhosari, Pune",Bhosari,Pune,Pune,Maharashtra,411039,18.635422,73.852444,Low
LOC003988,Synthetic Meeting Point - Dhankawadi 3988,Meeting Point,"26, Main Road, Dhankawadi, Pune",Dhankawadi,Pune,Pune,Maharashtra,411043,18.464445,73.852061,Medium
LOC003989,Synthetic Hotel - Wakad 3989,Hotel,"257, Temple Road, Wakad, Pune",Wakad,Pune,Pune,Maharashtra,411057,18.595049,73.759165,Low
LOC003990,Synthetic ATM - Chinchwad 3990,ATM,"884, Nagar Road, Chinchwad, Pune",Chinchwad,Pune,Pune,Maharashtra,411033,18.637106,73.798373,Low
LOC003991,Synthetic Residence - Kothrud 3991,Residence,"462, College Road, Kothrud, Pune",Kothrud,Pune,Pune,Maharashtra,411038,18.515015,73.804993,Low
LOC003992,Synthetic Workplace - Pimpri 3992,Workplace,"674, Market Road, Pimpri, Pune",Pimpri,Pune,Pune,Maharashtra,411018,18.635362,73.792156,Medium
LOC003993,Synthetic Meeting Point - Swargate 3993,Meeting Point,"768, Temple Road, Swargate, Pune",Swargate,Pune,Pune,Maharashtra,411037,18.504303,73.861111,Low
LOC003994,Synthetic Workplace - Shivajinagar 3994,Workplace,"584, Industrial Road, Shivajinagar, Pune",Shivajinagar,Pune,Pune,Maharashtra,411005,18.528186,73.843191,Medium
LOC003995,Synthetic Restaurant - Chinchwad 3995,Restaurant,"824, Link Road, Chinchwad, Pune",Chinchwad,Pune,Pune,Maharashtra,411033,18.624734,73.795943,Low
LOC003996,Synthetic Police Station - Katraj,Police Station,"431, Link Road, Katraj, Pune",Katraj,Pune,Pune,Maharashtra,411046,18.46005,73.872845,Medium
LOC003997,Synthetic Meeting Point - Swargate 3997,Meeting Point,"940, Industrial Road, Swargate, Pune",Swargate,Pune,Pune,Maharashtra,411037,18.501629,73.867062,Low
LOC003998,Synthetic Residence - Wakad 3998,Residence,"425, Temple Road, Wakad, Pune",Wakad,Pune,Pune,Maharashtra,411057,18.595512,73.757927,High
LOC003999,Synthetic Warehouse - Bhosari 3999,Warehouse,"900, Industrial Road, Bhosari, Pune",Bhosari,Pune,Pune,Maharashtra,411039,18.633362,73.845577,Medium
LOC004000,Synthetic ATM - Baner 4000,ATM,"824, Canal Road, Baner, Pune",Baner,Pune,Pune,Maharashtra,411045,18.558267,73.792193,High
LOC004001,Synthetic Residence - Bhosari 4001,Residence,"171, Market Road, Bhosari, Pune",Bhosari,Pune,Pune,Maharashtra,411039,18.626554,73.853237,Medium
LOC004002,Synthetic Police Station - Katraj,Police Station,"515, Nagar Road, Katraj, Pune",Katraj,Pune,Pune,Maharashtra,411046,18.460212,73.858733,Low
LOC004003,Synthetic Transport Hub - Dhankawadi 4003,Transport Hub,"44, Nagar Road, Dhankawadi, Pune",Dhankawadi,Pune,Pune,Maharashtra,411043,18.473206,73.846377,Low
LOC004004,Synthetic Warehouse - Katraj 4004,Warehouse,"249, Station Road, Katraj, Pune",Katraj,Pune,Pune,Maharashtra,411046,18.455615,73.862156,Low
LOC004005,Synthetic Residence - Katraj 4005,Residence,"451, Temple Road, Katraj, Pune",Katraj,Pune,Pune,Maharashtra,411046,18.457176,73.868059,Low
LOC004006,Synthetic Workplace - Pimpri 4006,Workplace,"817, Market Road, Pimpri, Pune",Pimpri,Pune,Pune,Maharashtra,411018,18.633754,73.796963,Medium
LOC004007,Synthetic Restaurant - Bhosari 4007,Restaurant,"286, Temple Road, Bhosari, Pune",Bhosari,Pune,Pune,Maharashtra,411039,18.626077,73.841347,Low
LOC004008,Synthetic Meeting Point - Wakad 4008,Meeting Point,"988, College Road, Wakad, Pune",Wakad,Pune,Pune,Maharashtra,411057,18.606001,73.762621,Medium
LOC004009,Synthetic Restaurant - Swargate 4009,Restaurant,"925, Canal Road, Swargate, Pune",Swargate,Pune,Pune,Maharashtra,411037,18.494341,73.863869,Low
LOC004010,Synthetic Hotel - Kondhwa 4010,Hotel,"391, Market Road, Kondhwa, Pune",Kondhwa,Pune,Pune,Maharashtra,411048,18.476558,73.883121,Low
LOC004011,Synthetic ATM - Pimpri 4011,ATM,"487, College Road, Pimpri, Pune",Pimpri,Pune,Pune,Maharashtra,411018,18.633997,73.806542,Medium
LOC004012,Synthetic Bank - Yerawada 4012,Bank,"731, Canal Road, Yerawada, Pune",Yerawada,Pune,Pune,Maharashtra,411006,18.542494,73.884167,Medium
LOC004013,Synthetic Warehouse - Katraj 4013,Warehouse,"129, Park Road, Katraj, Pune",Katraj,Pune,Pune,Maharashtra,411046,18.446204,73.86914,Low
LOC004014,Synthetic Transport Hub - Bhosari 4014,Transport Hub,"613, Main Road, Bhosari, Pune",Bhosari,Pune,Pune,Maharashtra,411039,18.621888,73.853828,Low
LOC004015,Synthetic ATM - Baner 4015,ATM,"513, Market Road, Baner, Pune",Baner,Pune,Pune,Maharashtra,411045,18.565752,73.787763,Medium
LOC004016,Synthetic Bank - Wakad 4016,Bank,"39, Market Road, Wakad, Pune",Wakad,Pune,Pune,Maharashtra,411057,18.593105,73.756024,Low
LOC004017,Synthetic Residence - Dhankawadi 4017,Residence,"190, Market Road, Dhankawadi, Pune",Dhankawadi,Pune,Pune,Maharashtra,411043,18.467118,73.854102,Medium
LOC004018,Synthetic ATM - Shivajinagar 4018,ATM,"97, Canal Road, Shivajinagar, Pune",Shivajinagar,Pune,Pune,Maharashtra,411005,18.537705,73.845913,Medium
LOC004019,Synthetic Residence - Hadapsar 4019,Residence,"88, Nagar Road, Hadapsar, Pune",Hadapsar,Pune,Pune,Maharashtra,411028,18.506837,73.918596,Low
LOC004020,Synthetic Transport Hub - Kondhwa 4020,Transport Hub,"31, Park Road, Kondhwa, Pune",Kondhwa,Pune,Pune,Maharashtra,411048,18.463627,73.887677,Low
LOC004021,Synthetic Crime Scene - Shivajinagar 4021,Crime Scene,"737, College Road, Shivajinagar, Pune",Shivajinagar,Pune,Pune,Maharashtra,411005,18.536256,73.852201,Low
LOC004022,Synthetic ATM - Chinchwad 4022,ATM,"151, Station Road, Chinchwad, Pune",Chinchwad,Pune,Pune,Maharashtra,411033,18.637062,73.803714,High
LOC004023,Synthetic Workplace - Yerawada 4023,Workplace,"558, College Road, Yerawada, Pune",Yerawada,Pune,Pune,Maharashtra,411006,18.550117,73.875155,Medium
LOC004024,Synthetic Crime Scene - Kondhwa 4024,Crime Scene,"972, Link Road, Kondhwa, Pune",Kondhwa,Pune,Pune,Maharashtra,411048,18.472752,73.893246,Low
LOC004025,Synthetic Meeting Point - Yerawada 4025,Meeting Point,"975, Market Road, Yerawada, Pune",Yerawada,Pune,Pune,Maharashtra,411006,18.546786,73.877432,Low
LOC004026,Synthetic Meeting Point - Hadapsar 4026,Meeting Point,"390, Link Road, Hadapsar, Pune",Hadapsar,Pune,Pune,Maharashtra,411028,18.503376,73.929839,Low
LOC004027,Synthetic Workplace - Baner 4027,Workplace,"498, Market Road, Baner, Pune",Baner,Pune,Pune,Maharashtra,411045,18.55597,73.782883,Medium
LOC004028,Synthetic Workplace - Yerawada 4028,Workplace,"625, Nagar Road, Yerawada, Pune",Yerawada,Pune,Pune,Maharashtra,411006,18.543275,73.879453,High
LOC004029,Synthetic Workplace - Bhosari 4029,Workplace,"434, Park Road, Bhosari, Pune",Bhosari,Pune,Pune,Maharashtra,411039,18.624473,73.845069,Low
LOC004030,Synthetic Warehouse - Shivajinagar 4030,Warehouse,"460, Station Road, Shivajinagar, Pune",Shivajinagar,Pune,Pune,Maharashtra,411005,18.530966,73.851539,Low
LOC004031,Synthetic Bank - Aundh 4031,Bank,"761, Industrial Road, Aundh, Pune",Aundh,Pune,Pune,Maharashtra,411007,18.554824,73.810182,Low
LOC004032,Synthetic Meeting Point - Kondhwa 4032,Meeting Point,"563, Canal Road, Kondhwa, Pune",Kondhwa,Pune,Pune,Maharashtra,411048,18.462982,73.883614,Low
LOC004033,Synthetic Bank - Dhankawadi 4033,Bank,"766, Temple Road, Dhankawadi, Pune",Dhankawadi,Pune,Pune,Maharashtra,411043,18.462917,73.84889,High
LOC004034,Synthetic Crime Scene - Dhankawadi 4034,Crime Scene,"66, Temple Road, Dhankawadi, Pune",Dhankawadi,Pune,Pune,Maharashtra,411043,18.465498,73.854455,Low
LOC004035,Synthetic Transport Hub - Kondhwa 4035,Transport Hub,"252, Station Road, Kondhwa, Pune",Kondhwa,Pune,Pune,Maharashtra,411048,18.462581,73.892091,Low
LOC004036,Synthetic Residence - Swargate 4036,Residence,"222, Nagar Road, Swargate, Pune",Swargate,Pune,Pune,Maharashtra,411037,18.497761,73.859645,High
LOC004037,Synthetic Warehouse - Katraj 4037,Warehouse,"90, College Road, Katraj, Pune",Katraj,Pune,Pune,Maharashtra,411046,18.457352,73.868725,Low
LOC004038,Synthetic Other - Aundh 4038,Other,"740, Nagar Road, Aundh, Pune",Aundh,Pune,Pune,Maharashtra,411007,18.551102,73.807114,Low
LOC004039,Synthetic Residence - Dhankawadi 4039,Residence,"394, Park Road, Dhankawadi, Pune",Dhankawadi,Pune,Pune,Maharashtra,411043,18.474456,73.851626,Low
LOC004040,Synthetic Residence - Baner 4040,Residence,"850, Station Road, Baner, Pune",Baner,Pune,Pune,Maharashtra,411045,18.563725,73.783406,Low
LOC004041,Synthetic Crime Scene - Wakad 4041,Crime Scene,"623, College Road, Wakad, Pune",Wakad,Pune,Pune,Maharashtra,411057,18.59695,73.757041,Low
LOC004042,Synthetic Residence - Kondhwa 4042,Residence,"910, Industrial Road, Kondhwa, Pune",Kondhwa,Pune,Pune,Maharashtra,411048,18.470594,73.889885,Medium
LOC004043,Synthetic Residence - Katraj 4043,Residence,"183, Temple Road, Katraj, Pune",Katraj,Pune,Pune,Maharashtra,411046,18.45002,73.864445,Medium
LOC004044,Synthetic Residence - Kondhwa 4044,Residence,"206, Canal Road, Kondhwa, Pune",Kondhwa,Pune,Pune,Maharashtra,411048,18.472244,73.896329,Low
LOC004045,Synthetic Transport Hub - Kothrud 4045,Transport Hub,"455, Link Road, Kothrud, Pune",Kothrud,Pune,Pune,Maharashtra,411038,18.507715,73.808236,High
LOC004046,Synthetic Residence - Shivajinagar 4046,Residence,"943, Temple Road, Shivajinagar, Pune",Shivajinagar,Pune,Pune,Maharashtra,411005,18.53276,73.850952,Medium
LOC004047,Synthetic Workplace - Pimpri 4047,Workplace,"820, College Road, Pimpri, Pune",Pimpri,Pune,Pune,Maharashtra,411018,18.634716,73.796632,High
LOC004048,Synthetic Residence - Chinchwad 4048,Residence,"196, Main Road, Chinchwad, Pune",Chinchwad,Pune,Pune,Maharashtra,411033,18.632652,73.807565,Low
LOC004049,Synthetic Bank - Yerawada 4049,Bank,"69, Temple Road, Yerawada, Pune",Yerawada,Pune,Pune,Maharashtra,411006,18.54477,73.881087,Low
LOC004050,Synthetic Police Station - Aundh,Police Station,"89, Market Road, Aundh, Pune",Aundh,Pune,Pune,Maharashtra,411007,18.55734,73.802293,Medium
LOC004051,Synthetic Crime Scene - Dhankawadi 4051,Crime Scene,"598, Industrial Road, Dhankawadi, Pune",Dhankawadi,Pune,Pune,Maharashtra,411043,18.466306,73.85419,Low
LOC004052,Synthetic Workplace - Kondhwa 4052,Workplace,"304, Main Road, Kondhwa, Pune",Kondhwa,Pune,Pune,Maharashtra,411048,18.476903,73.886827,High
LOC004053,Synthetic Residence - Chinchwad 4053,Residence,"671, Industrial Road, Chinchwad, Pune",Chinchwad,Pune,Pune,Maharashtra,411033,18.63659,73.798269,Medium
LOC004054,Synthetic Meeting Point - Hadapsar 4054,Meeting Point,"457, College Road, Hadapsar, Pune",Hadapsar,Pune,Pune,Maharashtra,411028,18.507932,73.924451,Low
LOC004055,Synthetic Transport Hub - Katraj 4055,Transport Hub,"447, College Road, Katraj, Pune",Katraj,Pune,Pune,Maharashtra,411046,18.4492,73.87021,Low
LOC004056,Synthetic Residence - Kondhwa 4056,Residence,"487, Main Road, Kondhwa, Pune",Kondhwa,Pune,Pune,Maharashtra,411048,18.475643,73.882566,Medium
LOC004057,Synthetic Bank - Baner 4057,Bank,"20, Nagar Road, Baner, Pune",Baner,Pune,Pune,Maharashtra,411045,18.56598,73.790683,Medium
LOC004058,Synthetic Police Station - Wakad,Police Station,"366, Link Road, Wakad, Pune",Wakad,Pune,Pune,Maharashtra,411057,18.597819,73.770821,Medium
LOC004059,Synthetic ATM - Viman Nagar 4059,ATM,"769, Nagar Road, Viman Nagar, Pune",Viman Nagar,Pune,Pune,Maharashtra,411014,18.565998,73.917512,Low
LOC004060,Synthetic Crime Scene - Baner 4060,Crime Scene,"611, Market Road, Baner, Pune",Baner,Pune,Pune,Maharashtra,411045,18.55289,73.794411,High
LOC004061,Synthetic ATM - Katraj 4061,ATM,"117, Park Road, Katraj, Pune",Katraj,Pune,Pune,Maharashtra,411046,18.44682,73.861561,Low
LOC004062,Synthetic Hotel - Chinchwad 4062,Hotel,"995, Industrial Road, Chinchwad, Pune",Chinchwad,Pune,Pune,Maharashtra,411033,18.625089,73.803994,Low
LOC004063,Synthetic Bank - Katraj 4063,Bank,"692, Market Road, Katraj, Pune",Katraj,Pune,Pune,Maharashtra,411046,18.448902,73.866093,Low
LOC004064,Synthetic ATM - Swargate 4064,ATM,"459, Nagar Road, Swargate, Pune",Swargate,Pune,Pune,Maharashtra,411037,18.495866,73.857842,Medium
LOC004065,Synthetic Meeting Point - Baner 4065,Meeting Point,"417, Canal Road, Baner, Pune",Baner,Pune,Pune,Maharashtra,411045,18.556086,73.781167,Low
LOC004066,Synthetic Residence - Chinchwad 4066,Residence,"772, Industrial Road, Chinchwad, Pune",Chinchwad,Pune,Pune,Maharashtra,411033,18.62996,73.803536,Low
LOC004067,Synthetic Crime Scene - Vishrantwadi 4067,Crime Scene,"782, Station Road, Vishrantwadi, Pune",Vishrantwadi,Pune,Pune,Maharashtra,411015,18.559623,73.872899,High
LOC004068,Synthetic Restaurant - Shivajinagar 4068,Restaurant,"728, Park Road, Shivajinagar, Pune",Shivajinagar,Pune,Pune,Maharashtra,411005,18.531668,73.849507,Low
LOC004069,Synthetic Warehouse - Wakad 4069,Warehouse,"766, Canal Road, Wakad, Pune",Wakad,Pune,Pune,Maharashtra,411057,18.602253,73.767588,Low
LOC004070,Synthetic Meeting Point - Bhosari 4070,Meeting Point,"489, Canal Road, Bhosari, Pune",Bhosari,Pune,Pune,Maharashtra,411039,18.633152,73.846173,High
LOC004071,Synthetic Police Station - Wakad,Police Station,"296, Station Road, Wakad, Pune",Wakad,Pune,Pune,Maharashtra,411057,18.5913,73.763208,Medium
LOC004072,Synthetic Restaurant - Swargate 4072,Restaurant,"680, College Road, Swargate, Pune",Swargate,Pune,Pune,Maharashtra,411037,18.507252,73.857723,Medium
LOC004073,Synthetic Crime Scene - Chinchwad 4073,Crime Scene,"389, Park Road, Chinchwad, Pune",Chinchwad,Pune,Pune,Maharashtra,411033,18.628397,73.799186,Medium
LOC004074,Synthetic Residence - Chinchwad 4074,Residence,"611, Station Road, Chinchwad, Pune",Chinchwad,Pune,Pune,Maharashtra,411033,18.636776,73.791776,High
LOC004075,Synthetic Restaurant - Bhosari 4075,Restaurant,"756, Market Road, Bhosari, Pune",Bhosari,Pune,Pune,Maharashtra,411039,18.622106,73.854564,Medium
LOC004076,Synthetic Residence - Chinchwad 4076,Residence,"914, Link Road, Chinchwad, Pune",Chinchwad,Pune,Pune,Maharashtra,411033,18.636575,73.79856,Low
LOC004077,Synthetic Workplace - Kondhwa 4077,Workplace,"705, Link Road, Kondhwa, Pune",Kondhwa,Pune,Pune,Maharashtra,411048,18.46679,73.889115,High
LOC004078,Synthetic Hotel - Kondhwa 4078,Hotel,"992, Link Road, Kondhwa, Pune",Kondhwa,Pune,Pune,Maharashtra,411048,18.471096,73.882726,Medium
LOC004079,Synthetic Residence - Kothrud 4079,Residence,"545, Station Road, Kothrud, Pune",Kothrud,Pune,Pune,Maharashtra,411038,18.508726,73.803987,Low
LOC004080,Synthetic Workplace - Bhosari 4080,Workplace,"679, Industrial Road, Bhosari, Pune",Bhosari,Pune,Pune,Maharashtra,411039,18.636548,73.848904,Low
LOC004081,Synthetic Residence - Wakad 4081,Residence,"700, Station Road, Wakad, Pune",Wakad,Pune,Pune,Maharashtra,411057,18.593165,73.770919,Medium
LOC004082,Synthetic ATM - Aundh 4082,ATM,"426, Temple Road, Aundh, Pune",Aundh,Pune,Pune,Maharashtra,411007,18.556223,73.800473,Medium
LOC004083,Synthetic Workplace - Yerawada 4083,Workplace,"249, Station Road, Yerawada, Pune",Yerawada,Pune,Pune,Maharashtra,411006,18.552693,73.874254,High
LOC004084,Synthetic Crime Scene - Viman Nagar 4084,Crime Scene,"578, Nagar Road, Viman Nagar, Pune",Viman Nagar,Pune,Pune,Maharashtra,411014,18.565049,73.910262,Low
LOC004085,Synthetic Hotel - Pimpri 4085,Hotel,"247, Temple Road, Pimpri, Pune",Pimpri,Pune,Pune,Maharashtra,411018,18.62206,73.792423,Low
LOC004086,Synthetic Meeting Point - Wakad 4086,Meeting Point,"132, Market Road, Wakad, Pune",Wakad,Pune,Pune,Maharashtra,411057,18.602064,73.755958,Medium
LOC004087,Synthetic Crime Scene - Pimpri 4087,Crime Scene,"334, Market Road, Pimpri, Pune",Pimpri,Pune,Pune,Maharashtra,411018,18.628248,73.805571,Low
LOC004088,Synthetic Crime Scene - Kothrud 4088,Crime Scene,"329, Market Road, Kothrud, Pune",Kothrud,Pune,Pune,Maharashtra,411038,18.504828,73.80422,Medium
LOC004089,Synthetic Meeting Point - Pimpri 4089,Meeting Point,"857, Nagar Road, Pimpri, Pune",Pimpri,Pune,Pune,Maharashtra,411018,18.631009,73.793115,Medium
LOC004090,Synthetic Restaurant - Dhankawadi 4090,Restaurant,"798, Temple Road, Dhankawadi, Pune",Dhankawadi,Pune,Pune,Maharashtra,411043,18.470473,73.849098,Medium
LOC004091,Synthetic Other - Vishrantwadi 4091,Other,"67, Main Road, Vishrantwadi, Pune",Vishrantwadi,Pune,Pune,Maharashtra,411015,18.566936,73.870243,Low
LOC004092,Synthetic ATM - Wakad 4092,ATM,"469, Temple Road, Wakad, Pune",Wakad,Pune,Pune,Maharashtra,411057,18.594806,73.755445,Low
LOC004093,Synthetic Hotel - Katraj 4093,Hotel,"837, Temple Road, Katraj, Pune",Katraj,Pune,Pune,Maharashtra,411046,18.45385,73.862015,Low
LOC004094,Synthetic Other - Hadapsar 4094,Other,"114, College Road, Hadapsar, Pune",Hadapsar,Pune,Pune,Maharashtra,411028,18.510206,73.932867,Medium
LOC004095,Synthetic Crime Scene - Yerawada 4095,Crime Scene,"655, Industrial Road, Yerawada, Pune",Yerawada,Pune,Pune,Maharashtra,411006,18.549493,73.870076,Low
LOC004096,Synthetic Residence - Katraj 4096,Residence,"955, College Road, Katraj, Pune",Katraj,Pune,Pune,Maharashtra,411046,18.46004,73.870715,Medium
LOC004097,Synthetic Transport Hub - Shivajinagar 4097,Transport Hub,"853, Canal Road, Shivajinagar, Pune",Shivajinagar,Pune,Pune,Maharashtra,411005,18.538767,73.853927,Low
LOC004098,Synthetic Residence - Swargate 4098,Residence,"926, Park Road, Swargate, Pune",Swargate,Pune,Pune,Maharashtra,411037,18.498302,73.856982,High
LOC004099,Synthetic Workplace - Pimpri 4099,Workplace,"656, Industrial Road, Pimpri, Pune",Pimpri,Pune,Pune,Maharashtra,411018,18.6221,73.80295,Low
LOC004100,Synthetic Police Station - Vishrantwadi,Police Station,"576, Market Road, Vishrantwadi, Pune",Vishrantwadi,Pune,Pune,Maharashtra,411015,18.559483,73.8792,Medium
LOC004101,Synthetic Residence - Yerawada 4101,Residence,"931, Nagar Road, Yerawada, Pune",Yerawada,Pune,Pune,Maharashtra,411006,18.548305,73.881747,Low
LOC004102,Synthetic Restaurant - Kondhwa 4102,Restaurant,"60, Main Road, Kondhwa, Pune",Kondhwa,Pune,Pune,Maharashtra,411048,18.474631,73.888497,Low
LOC004103,Synthetic Residence - Viman Nagar 4103,Residence,"640, Link Road, Viman Nagar, Pune",Viman Nagar,Pune,Pune,Maharashtra,411014,18.562919,73.913854,Medium
LOC004104,Synthetic Restaurant - Dhankawadi 4104,Restaurant,"379, College Road, Dhankawadi, Pune",Dhankawadi,Pune,Pune,Maharashtra,411043,18.472619,73.842516,Medium
LOC004105,Synthetic Meeting Point - Yerawada 4105,Meeting Point,"632, Market Road, Yerawada, Pune",Yerawada,Pune,Pune,Maharashtra,411006,18.543312,73.87101,Low
LOC004106,Synthetic Workplace - Swargate 4106,Workplace,"313, Link Road, Swargate, Pune",Swargate,Pune,Pune,Maharashtra,411037,18.500589,73.868073,Low
LOC004107,Synthetic Residence - Bhosari 4107,Residence,"626, Temple Road, Bhosari, Pune",Bhosari,Pune,Pune,Maharashtra,411039,18.628624,73.847519,Medium
LOC004108,Synthetic Residence - Kothrud 4108,Residence,"596, Park Road, Kothrud, Pune",Kothrud,Pune,Pune,Maharashtra,411038,18.501959,73.81568,Medium
LOC004109,Synthetic Workplace - Viman Nagar 4109,Workplace,"278, Link Road, Viman Nagar, Pune",Viman Nagar,Pune,Pune,Maharashtra,411014,18.561656,73.90772,Low
LOC004110,Synthetic Residence - Kondhwa 4110,Residence,"54, College Road, Kondhwa, Pune",Kondhwa,Pune,Pune,Maharashtra,411048,18.461468,73.893753,Medium
LOC004111,Synthetic Residence - Swargate 4111,Residence,"429, Main Road, Swargate, Pune",Swargate,Pune,Pune,Maharashtra,411037,18.508167,73.858935,Low
LOC004112,Synthetic Residence - Vishrantwadi 4112,Residence,"574, Temple Road, Vishrantwadi, Pune",Vishrantwadi,Pune,Pune,Maharashtra,411015,18.564133,73.879276,Medium
LOC004113,Synthetic Police Station - Shivajinagar,Police Station,"510, Main Road, Shivajinagar, Pune",Shivajinagar,Pune,Pune,Maharashtra,411005,18.534376,73.844134,Medium
LOC004114,Synthetic Transport Hub - Pimpri 4114,Transport Hub,"51, College Road, Pimpri, Pune",Pimpri,Pune,Pune,Maharashtra,411018,18.624144,73.800016,Low
LOC004115,Synthetic Workplace - Viman Nagar 4115,Workplace,"537, Market Road, Viman Nagar, Pune",Viman Nagar,Pune,Pune,Maharashtra,411014,18.562143,73.918359,High
LOC004116,Synthetic ATM - Viman Nagar 4116,ATM,"822, College Road, Viman Nagar, Pune",Viman Nagar,Pune,Pune,Maharashtra,411014,18.569979,73.916666,Low
LOC004117,Synthetic ATM - Pimpri 4117,ATM,"884, Canal Road, Pimpri, Pune",Pimpri,Pune,Pune,Maharashtra,411018,18.635477,73.796988,High
LOC004118,Synthetic Residence - Viman Nagar 4118,Residence,"222, College Road, Viman Nagar, Pune",Viman Nagar,Pune,Pune,Maharashtra,411014,18.575523,73.909837,Low
LOC004119,Synthetic Residence - Swargate 4119,Residence,"460, Main Road, Swargate, Pune",Swargate,Pune,Pune,Maharashtra,411037,18.50268,73.867809,Low
LOC004120,Synthetic Crime Scene - Chinchwad 4120,Crime Scene,"595, Industrial Road, Chinchwad, Pune",Chinchwad,Pune,Pune,Maharashtra,411033,18.63756,73.802068,Medium
LOC004121,Synthetic Crime Scene - Dhankawadi 4121,Crime Scene,"536, Park Road, Dhankawadi, Pune",Dhankawadi,Pune,Pune,Maharashtra,411043,18.459645,73.845515,Medium
LOC004122,Synthetic Residence - Vishrantwadi 4122,Residence,"444, Nagar Road, Vishrantwadi, Pune",Vishrantwadi,Pune,Pune,Maharashtra,411015,18.567837,73.884205,Low
LOC004123,Synthetic Police Station - Wakad,Police Station,"528, Temple Road, Wakad, Pune",Wakad,Pune,Pune,Maharashtra,411057,18.591305,73.767278,Low
LOC004124,Synthetic Transport Hub - Chinchwad 4124,Transport Hub,"46, Canal Road, Chinchwad, Pune",Chinchwad,Pune,Pune,Maharashtra,411033,18.634924,73.794704,Low
LOC004125,Synthetic ATM - Katraj 4125,ATM,"858, Main Road, Katraj, Pune",Katraj,Pune,Pune,Maharashtra,411046,18.452281,73.86889,Medium
LOC004126,Synthetic Transport Hub - Baner 4126,Transport Hub,"173, Park Road, Baner, Pune",Baner,Pune,Pune,Maharashtra,411045,18.566579,73.791777,Medium
LOC004127,Synthetic Residence - Aundh 4127,Residence,"870, Canal Road, Aundh, Pune",Aundh,Pune,Pune,Maharashtra,411007,18.553158,73.804232,Low
LOC004128,Synthetic Workplace - Baner 4128,Workplace,"127, College Road, Baner, Pune",Baner,Pune,Pune,Maharashtra,411045,18.559712,73.789032,Medium
LOC004129,Synthetic Restaurant - Pimpri 4129,Restaurant,"816, Temple Road, Pimpri, Pune",Pimpri,Pune,Pune,Maharashtra,411018,18.635277,73.807405,Low
LOC004130,Synthetic Transport Hub - Baner 4130,Transport Hub,"961, Main Road, Baner, Pune",Baner,Pune,Pune,Maharashtra,411045,18.559235,73.792618,High
LOC004131,Synthetic Residence - Yerawada 4131,Residence,"305, Park Road, Yerawada, Pune",Yerawada,Pune,Pune,Maharashtra,411006,18.550672,73.876901,High
LOC004132,Synthetic Bank - Vishrantwadi 4132,Bank,"339, Temple Road, Vishrantwadi, Pune",Vishrantwadi,Pune,Pune,Maharashtra,411015,18.561648,73.870324,Low
LOC004133,Synthetic Restaurant - Hadapsar 4133,Restaurant,"745, Industrial Road, Hadapsar, Pune",Hadapsar,Pune,Pune,Maharashtra,411028,18.512367,73.921473,Low
LOC004134,Synthetic Workplace - Kothrud 4134,Workplace,"38, Park Road, Kothrud, Pune",Kothrud,Pune,Pune,Maharashtra,411038,18.51309,73.804766,High
LOC004135,Synthetic Other - Kondhwa 4135,Other,"174, Temple Road, Kondhwa, Pune",Kondhwa,Pune,Pune,Maharashtra,411048,18.469723,73.893383,Low
LOC004136,Synthetic Residence - Shivajinagar 4136,Residence,"166, Park Road, Shivajinagar, Pune",Shivajinagar,Pune,Pune,Maharashtra,411005,18.535884,73.839902,Low
LOC004137,Synthetic Transport Hub - Bhosari 4137,Transport Hub,"801, College Road, Bhosari, Pune",Bhosari,Pune,Pune,Maharashtra,411039,18.628033,73.84125,Low
LOC004138,Synthetic Workplace - Chinchwad 4138,Workplace,"94, Market Road, Chinchwad, Pune",Chinchwad,Pune,Pune,Maharashtra,411033,18.628208,73.796347,Low
LOC004139,Synthetic Workplace - Chinchwad 4139,Workplace,"157, Canal Road, Chinchwad, Pune",Chinchwad,Pune,Pune,Maharashtra,411033,18.636071,73.803983,Low
LOC004140,Synthetic Warehouse - Aundh 4140,Warehouse,"662, Temple Road, Aundh, Pune",Aundh,Pune,Pune,Maharashtra,411007,18.565677,73.80686,Medium
LOC004141,Synthetic ATM - Hadapsar 4141,ATM,"672, Main Road, Hadapsar, Pune",Hadapsar,Pune,Pune,Maharashtra,411028,18.501362,73.929728,Low
LOC004142,Synthetic Transport Hub - Viman Nagar 4142,Transport Hub,"344, Link Road, Viman Nagar, Pune",Viman Nagar,Pune,Pune,Maharashtra,411014,18.5733,73.916403,Medium
LOC004143,Synthetic ATM - Aundh 4143,ATM,"595, Temple Road, Aundh, Pune",Aundh,Pune,Pune,Maharashtra,411007,18.565683,73.812901,Low
LOC004144,Synthetic Workplace - Shivajinagar 4144,Workplace,"539, Temple Road, Shivajinagar, Pune",Shivajinagar,Pune,Pune,Maharashtra,411005,18.538683,73.840986,Low
LOC004145,Synthetic Workplace - Dhankawadi 4145,Workplace,"569, Market Road, Dhankawadi, Pune",Dhankawadi,Pune,Pune,Maharashtra,411043,18.459648,73.843516,Low
LOC004146,Synthetic Meeting Point - Aundh 4146,Meeting Point,"369, Link Road, Aundh, Pune",Aundh,Pune,Pune,Maharashtra,411007,18.556987,73.801233,Low
LOC004147,Synthetic Workplace - Vishrantwadi 4147,Workplace,"968, Main Road, Vishrantwadi, Pune",Vishrantwadi,Pune,Pune,Maharashtra,411015,18.568583,73.874631,Medium
LOC004148,Synthetic Residence - Pimpri 4148,Residence,"608, Market Road, Pimpri, Pune",Pimpri,Pune,Pune,Maharashtra,411018,18.633598,73.791828,Low
LOC004149,Synthetic Residence - Baner 4149,Residence,"196, College Road, Baner, Pune",Baner,Pune,Pune,Maharashtra,411045,18.559508,73.793831,Medium
LOC004150,Synthetic Residence - Dhankawadi 4150,Residence,"726, Link Road, Dhankawadi, Pune",Dhankawadi,Pune,Pune,Maharashtra,411043,18.46444,73.847358,Medium
LOC004151,Synthetic Residence - Bhosari 4151,Residence,"588, Link Road, Bhosari, Pune",Bhosari,Pune,Pune,Maharashtra,411039,18.629171,73.845351,Low
LOC004152,Synthetic Residence - Yerawada 4152,Residence,"714, Main Road, Yerawada, Pune",Yerawada,Pune,Pune,Maharashtra,411006,18.546719,73.885647,Medium
LOC004153,Synthetic ATM - Baner 4153,ATM,"717, Market Road, Baner, Pune",Baner,Pune,Pune,Maharashtra,411045,18.558304,73.780531,Medium
LOC004154,Synthetic Crime Scene - Viman Nagar 4154,Crime Scene,"139, Temple Road, Viman Nagar, Pune",Viman Nagar,Pune,Pune,Maharashtra,411014,18.568365,73.920441,High
LOC004155,Synthetic Crime Scene - Shivajinagar 4155,Crime Scene,"648, Nagar Road, Shivajinagar, Pune",Shivajinagar,Pune,Pune,Maharashtra,411005,18.536532,73.83945,Medium
LOC004156,Synthetic Warehouse - Baner 4156,Warehouse,"288, Nagar Road, Baner, Pune",Baner,Pune,Pune,Maharashtra,411045,18.55757,73.78718,Low
LOC004157,Synthetic Crime Scene - Bhosari 4157,Crime Scene,"880, Link Road, Bhosari, Pune",Bhosari,Pune,Pune,Maharashtra,411039,18.629306,73.840688,Low
LOC004158,Synthetic ATM - Swargate 4158,ATM,"185, Nagar Road, Swargate, Pune",Swargate,Pune,Pune,Maharashtra,411037,18.499263,73.868233,High
LOC004159,Synthetic Warehouse - Wakad 4159,Warehouse,"115, Park Road, Wakad, Pune",Wakad,Pune,Pune,Maharashtra,411057,18.595743,73.759659,Low
LOC004160,Synthetic Crime Scene - Hadapsar 4160,Crime Scene,"20, Temple Road, Hadapsar, Pune",Hadapsar,Pune,Pune,Maharashtra,411028,18.500968,73.931862,Low
LOC004161,Synthetic Residence - Vishrantwadi 4161,Residence,"39, Station Road, Vishrantwadi, Pune",Vishrantwadi,Pune,Pune,Maharashtra,411015,18.559925,73.872106,Low
LOC004162,Synthetic Meeting Point - Vishrantwadi 4162,Meeting Point,"77, Temple Road, Vishrantwadi, Pune",Vishrantwadi,Pune,Pune,Maharashtra,411015,18.570742,73.87125,Medium
LOC004163,Synthetic Hotel - Chinchwad 4163,Hotel,"605, Market Road, Chinchwad, Pune",Chinchwad,Pune,Pune,Maharashtra,411033,18.632337,73.795018,Medium
LOC004164,Synthetic Workplace - Aundh 4164,Workplace,"27, Canal Road, Aundh, Pune",Aundh,Pune,Pune,Maharashtra,411007,18.562385,73.801845,Low
LOC004165,Synthetic Meeting Point - Aundh 4165,Meeting Point,"141, Industrial Road, Aundh, Pune",Aundh,Pune,Pune,Maharashtra,411007,18.564812,73.804112,Low
LOC004166,Synthetic Transport Hub - Shivajinagar 4166,Transport Hub,"913, Market Road, Shivajinagar, Pune",Shivajinagar,Pune,Pune,Maharashtra,411005,18.530625,73.850428,High
LOC004167,Synthetic ATM - Aundh 4167,ATM,"803, Link Road, Aundh, Pune",Aundh,Pune,Pune,Maharashtra,411007,18.557685,73.800688,Medium
LOC004168,Synthetic Warehouse - Chinchwad 4168,Warehouse,"724, Link Road, Chinchwad, Pune",Chinchwad,Pune,Pune,Maharashtra,411033,18.634544,73.794241,High
LOC004169,Synthetic Transport Hub - Aundh 4169,Transport Hub,"147, Canal Road, Aundh, Pune",Aundh,Pune,Pune,Maharashtra,411007,18.562462,73.808873,Medium
LOC004170,Synthetic Workplace - Shivajinagar 4170,Workplace,"794, Link Road, Shivajinagar, Pune",Shivajinagar,Pune,Pune,Maharashtra,411005,18.528028,73.854505,Low
LOC004171,Synthetic Workplace - Baner 4171,Workplace,"880, Main Road, Baner, Pune",Baner,Pune,Pune,Maharashtra,411045,18.557394,73.785684,High
LOC004172,Synthetic Meeting Point - Hadapsar 4172,Meeting Point,"974, Industrial Road, Hadapsar, Pune",Hadapsar,Pune,Pune,Maharashtra,411028,18.501551,73.929694,High
LOC004173,Synthetic Meeting Point - Chinchwad 4173,Meeting Point,"327, College Road, Chinchwad, Pune",Chinchwad,Pune,Pune,Maharashtra,411033,18.633626,73.806227,Low
LOC004174,Synthetic Hotel - Katraj 4174,Hotel,"507, Link Road, Katraj, Pune",Katraj,Pune,Pune,Maharashtra,411046,18.454776,73.863405,Low
LOC004175,Synthetic Workplace - Swargate 4175,Workplace,"480, Link Road, Swargate, Pune",Swargate,Pune,Pune,Maharashtra,411037,18.50166,73.869005,Medium
LOC004176,Synthetic Crime Scene - Aundh 4176,Crime Scene,"983, Link Road, Aundh, Pune",Aundh,Pune,Pune,Maharashtra,411007,18.557706,73.813002,Medium
LOC004177,Synthetic Restaurant - Swargate 4177,Restaurant,"516, Link Road, Swargate, Pune",Swargate,Pune,Pune,Maharashtra,411037,18.502177,73.869946,High
LOC004178,Synthetic Transport Hub - Pimpri 4178,Transport Hub,"630, Nagar Road, Pimpri, Pune",Pimpri,Pune,Pune,Maharashtra,411018,18.630072,73.796455,Medium
LOC004179,Synthetic Workplace - Hadapsar 4179,Workplace,"423, Main Road, Hadapsar, Pune",Hadapsar,Pune,Pune,Maharashtra,411028,18.514201,73.920993,Low
LOC004180,Synthetic Police Station - Baner,Police Station,"559, Canal Road, Baner, Pune",Baner,Pune,Pune,Maharashtra,411045,18.55334,73.789934,Low
LOC004181,Synthetic Workplace - Viman Nagar 4181,Workplace,"615, Industrial Road, Viman Nagar, Pune",Viman Nagar,Pune,Pune,Maharashtra,411014,18.565042,73.91921,Medium
LOC004182,Synthetic Workplace - Bhosari 4182,Workplace,"772, Industrial Road, Bhosari, Pune",Bhosari,Pune,Pune,Maharashtra,411039,18.631093,73.84212,Low
LOC004183,Synthetic Bank - Baner 4183,Bank,"587, Temple Road, Baner, Pune",Baner,Pune,Pune,Maharashtra,411045,18.561754,73.79367,Low
LOC004184,Synthetic Other - Kondhwa 4184,Other,"229, Main Road, Kondhwa, Pune",Kondhwa,Pune,Pune,Maharashtra,411048,18.476564,73.88241,High
LOC004185,Synthetic Workplace - Katraj 4185,Workplace,"309, Temple Road, Katraj, Pune",Katraj,Pune,Pune,Maharashtra,411046,18.453713,73.858694,Low
LOC004186,Synthetic Meeting Point - Chinchwad 4186,Meeting Point,"751, Market Road, Chinchwad, Pune",Chinchwad,Pune,Pune,Maharashtra,411033,18.624222,73.801221,Medium
LOC004187,Synthetic Residence - Pimpri 4187,Residence,"176, Link Road, Pimpri, Pune",Pimpri,Pune,Pune,Maharashtra,411018,18.633404,73.794237,Low
LOC004188,Synthetic Bank - Aundh 4188,Bank,"101, Market Road, Aundh, Pune",Aundh,Pune,Pune,Maharashtra,411007,18.561812,73.807194,High
LOC004189,Synthetic Warehouse - Kothrud 4189,Warehouse,"752, Industrial Road, Kothrud, Pune",Kothrud,Pune,Pune,Maharashtra,411038,18.50798,73.807163,Low
LOC004190,Synthetic Warehouse - Yerawada 4190,Warehouse,"799, Station Road, Yerawada, Pune",Yerawada,Pune,Pune,Maharashtra,411006,18.550121,73.876682,Low
LOC004191,Synthetic ATM - Shivajinagar 4191,ATM,"417, Nagar Road, Shivajinagar, Pune",Shivajinagar,Pune,Pune,Maharashtra,411005,18.531441,73.851426,High
LOC004192,Synthetic Bank - Shivajinagar 4192,Bank,"781, Industrial Road, Shivajinagar, Pune",Shivajinagar,Pune,Pune,Maharashtra,411005,18.531516,73.847264,Low
LOC004193,Synthetic Crime Scene - Yerawada 4193,Crime Scene,"566, Park Road, Yerawada, Pune",Yerawada,Pune,Pune,Maharashtra,411006,18.541675,73.878633,Low
LOC004194,Synthetic Workplace - Kothrud 4194,Workplace,"531, Canal Road, Kothrud, Pune",Kothrud,Pune,Pune,Maharashtra,411038,18.503286,73.80496,Low
LOC004195,Synthetic Transport Hub - Pimpri 4195,Transport Hub,"245, Market Road, Pimpri, Pune",Pimpri,Pune,Pune,Maharashtra,411018,18.622645,73.799407,Low
LOC004196,Synthetic Crime Scene - Vishrantwadi 4196,Crime Scene,"850, Main Road, Vishrantwadi, Pune",Vishrantwadi,Pune,Pune,Maharashtra,411015,18.56181,73.871358,Low
LOC004197,Synthetic Meeting Point - Bhosari 4197,Meeting Point,"217, Market Road, Bhosari, Pune",Bhosari,Pune,Pune,Maharashtra,411039,18.634225,73.849724,Medium
LOC004198,Synthetic Crime Scene - Kondhwa 4198,Crime Scene,"898, Link Road, Kondhwa, Pune",Kondhwa,Pune,Pune,Maharashtra,411048,18.466986,73.893768,Low
LOC004199,Synthetic Residence - Shivajinagar 4199,Residence,"653, Main Road, Shivajinagar, Pune",Shivajinagar,Pune,Pune,Maharashtra,411005,18.523068,73.850534,Low
LOC004200,Synthetic Warehouse - Baner 4200,Warehouse,"246, Nagar Road, Baner, Pune",Baner,Pune,Pune,Maharashtra,411045,18.558743,73.778922,Low
LOC004201,Synthetic Bank - Dhankawadi 4201,Bank,"405, Station Road, Dhankawadi, Pune",Dhankawadi,Pune,Pune,Maharashtra,411043,18.459919,73.851177,Medium
LOC004202,Synthetic Restaurant - Kondhwa 4202,Restaurant,"685, Industrial Road, Kondhwa, Pune",Kondhwa,Pune,Pune,Maharashtra,411048,18.475664,73.884157,Low
LOC004203,Synthetic ATM - Wakad 4203,ATM,"160, Station Road, Wakad, Pune",Wakad,Pune,Pune,Maharashtra,411057,18.602201,73.766816,Low
LOC004204,Synthetic Police Station - Kothrud,Police Station,"724, Main Road, Kothrud, Pune",Kothrud,Pune,Pune,Maharashtra,411038,18.50863,73.800169,Low
LOC004205,Synthetic Warehouse - Dhankawadi 4205,Warehouse,"914, Nagar Road, Dhankawadi, Pune",Dhankawadi,Pune,Pune,Maharashtra,411043,18.46286,73.853039,Low
LOC004206,Synthetic Residence - Chinchwad 4206,Residence,"394, Nagar Road, Chinchwad, Pune",Chinchwad,Pune,Pune,Maharashtra,411033,18.626678,73.797777,Low
LOC004207,Synthetic Police Station - Pimpri,Police Station,"273, Link Road, Pimpri, Pune",Pimpri,Pune,Pune,Maharashtra,411018,18.633562,73.798917,High
LOC004208,Synthetic Other - Aundh 4208,Other,"819, Market Road, Aundh, Pune",Aundh,Pune,Pune,Maharashtra,411007,18.566666,73.806124,Low
LOC004209,Synthetic Residence - Aundh 4209,Residence,"676, College Road, Aundh, Pune",Aundh,Pune,Pune,Maharashtra,411007,18.565747,73.801484,Low
LOC004210,Synthetic Workplace - Dhankawadi 4210,Workplace,"130, College Road, Dhankawadi, Pune",Dhankawadi,Pune,Pune,Maharashtra,411043,18.470103,73.844465,Low
LOC004211,Synthetic Workplace - Shivajinagar 4211,Workplace,"139, College Road, Shivajinagar, Pune",Shivajinagar,Pune,Pune,Maharashtra,411005,18.536104,73.847241,Low
LOC004212,Synthetic Residence - Kothrud 4212,Residence,"799, College Road, Kothrud, Pune",Kothrud,Pune,Pune,Maharashtra,411038,18.51242,73.81366,Medium
LOC004213,Synthetic Meeting Point - Wakad 4213,Meeting Point,"770, Market Road, Wakad, Pune",Wakad,Pune,Pune,Maharashtra,411057,18.593012,73.756073,Low
LOC004214,Synthetic Police Station - Katraj,Police Station,"496, Nagar Road, Katraj, Pune",Katraj,Pune,Pune,Maharashtra,411046,18.453875,73.860073,Low
LOC004215,Synthetic Crime Scene - Viman Nagar 4215,Crime Scene,"852, Nagar Road, Viman Nagar, Pune",Viman Nagar,Pune,Pune,Maharashtra,411014,18.574326,73.907851,Low
LOC004216,Synthetic Bank - Yerawada 4216,Bank,"635, Link Road, Yerawada, Pune",Yerawada,Pune,Pune,Maharashtra,411006,18.549706,73.873892,Medium
LOC004217,Synthetic Meeting Point - Yerawada 4217,Meeting Point,"289, College Road, Yerawada, Pune",Yerawada,Pune,Pune,Maharashtra,411006,18.546947,73.872494,Low
LOC004218,Synthetic Meeting Point - Katraj 4218,Meeting Point,"317, Industrial Road, Katraj, Pune",Katraj,Pune,Pune,Maharashtra,411046,18.448489,73.870703,Low
LOC004219,Synthetic Warehouse - Swargate 4219,Warehouse,"285, College Road, Swargate, Pune",Swargate,Pune,Pune,Maharashtra,411037,18.498141,73.864396,Low
LOC004220,Synthetic Residence - Aundh 4220,Residence,"102, Station Road, Aundh, Pune",Aundh,Pune,Pune,Maharashtra,411007,18.564551,73.804643,Low
LOC004221,Synthetic ATM - Viman Nagar 4221,ATM,"946, Temple Road, Viman Nagar, Pune",Viman Nagar,Pune,Pune,Maharashtra,411014,18.575046,73.910452,Medium
LOC004222,Synthetic Transport Hub - Baner 4222,Transport Hub,"80, College Road, Baner, Pune",Baner,Pune,Pune,Maharashtra,411045,18.560456,73.787652,Medium
LOC004223,Synthetic Workplace - Yerawada 4223,Workplace,"838, Market Road, Yerawada, Pune",Yerawada,Pune,Pune,Maharashtra,411006,18.548614,73.877086,Medium
LOC004224,Synthetic Restaurant - Swargate 4224,Restaurant,"806, Temple Road, Swargate, Pune",Swargate,Pune,Pune,Maharashtra,411037,18.496214,73.867009,Low
LOC004225,Synthetic Workplace - Aundh 4225,Workplace,"791, Nagar Road, Aundh, Pune",Aundh,Pune,Pune,Maharashtra,411007,18.565826,73.805101,Medium
LOC004226,Synthetic Residence - Chinchwad 4226,Residence,"601, College Road, Chinchwad, Pune",Chinchwad,Pune,Pune,Maharashtra,411033,18.637376,73.794664,Medium
LOC004227,Synthetic Workplace - Aundh 4227,Workplace,"279, Canal Road, Aundh, Pune",Aundh,Pune,Pune,Maharashtra,411007,18.566504,73.805716,Low
LOC004228,Synthetic Workplace - Wakad 4228,Workplace,"373, Park Road, Wakad, Pune",Wakad,Pune,Pune,Maharashtra,411057,18.598683,73.765558,Medium
LOC004229,Synthetic Restaurant - Swargate 4229,Restaurant,"468, Main Road, Swargate, Pune",Swargate,Pune,Pune,Maharashtra,411037,18.50051,73.868549,Medium
LOC004230,Synthetic Residence - Aundh 4230,Residence,"504, Industrial Road, Aundh, Pune",Aundh,Pune,Pune,Maharashtra,411007,18.552808,73.810412,High
LOC004231,Synthetic Warehouse - Baner 4231,Warehouse,"184, Industrial Road, Baner, Pune",Baner,Pune,Pune,Maharashtra,411045,18.560102,73.787912,Low
LOC004232,Synthetic Crime Scene - Hadapsar 4232,Crime Scene,"436, Market Road, Hadapsar, Pune",Hadapsar,Pune,Pune,Maharashtra,411028,18.504491,73.921575,Low
LOC004233,Synthetic Transport Hub - Vishrantwadi 4233,Transport Hub,"405, Market Road, Vishrantwadi, Pune",Vishrantwadi,Pune,Pune,Maharashtra,411015,18.564532,73.875301,Low
LOC004234,Synthetic Warehouse - Viman Nagar 4234,Warehouse,"576, Park Road, Viman Nagar, Pune",Viman Nagar,Pune,Pune,Maharashtra,411014,18.569315,73.908836,Medium
LOC004235,Synthetic Restaurant - Hadapsar 4235,Restaurant,"27, Industrial Road, Hadapsar, Pune",Hadapsar,Pune,Pune,Maharashtra,411028,18.506301,73.924835,Medium
LOC004236,Synthetic Bank - Shivajinagar 4236,Bank,"598, Link Road, Shivajinagar, Pune",Shivajinagar,Pune,Pune,Maharashtra,411005,18.535615,73.853375,Medium
LOC004237,Synthetic Residence - Bhosari 4237,Residence,"36, Main Road, Bhosari, Pune",Bhosari,Pune,Pune,Maharashtra,411039,18.625267,73.839614,Low
LOC004238,Synthetic Crime Scene - Swargate 4238,Crime Scene,"682, College Road, Swargate, Pune",Swargate,Pune,Pune,Maharashtra,411037,18.508065,73.865612,Low
LOC004239,Synthetic Residence - Katraj 4239,Residence,"335, Link Road, Katraj, Pune",Katraj,Pune,Pune,Maharashtra,411046,18.456753,73.865191,Low
LOC004240,Synthetic Residence - Baner 4240,Residence,"286, Industrial Road, Baner, Pune",Baner,Pune,Pune,Maharashtra,411045,18.562452,73.792107,Medium
LOC004241,Synthetic Warehouse - Katraj 4241,Warehouse,"491, Temple Road, Katraj, Pune",Katraj,Pune,Pune,Maharashtra,411046,18.452983,73.860366,High
LOC004242,Synthetic Restaurant - Aundh 4242,Restaurant,"347, Link Road, Aundh, Pune",Aundh,Pune,Pune,Maharashtra,411007,18.55808,73.809387,Medium
LOC004243,Synthetic ATM - Aundh 4243,ATM,"675, Temple Road, Aundh, Pune",Aundh,Pune,Pune,Maharashtra,411007,18.559435,73.805416,Medium
LOC004244,Synthetic Warehouse - Baner 4244,Warehouse,"801, Park Road, Baner, Pune",Baner,Pune,Pune,Maharashtra,411045,18.559273,73.781717,High
LOC004245,Synthetic Residence - Kondhwa 4245,Residence,"779, Link Road, Kondhwa, Pune",Kondhwa,Pune,Pune,Maharashtra,411048,18.475401,73.892636,Medium
LOC004246,Synthetic Other - Dhankawadi 4246,Other,"946, College Road, Dhankawadi, Pune",Dhankawadi,Pune,Pune,Maharashtra,411043,18.459445,73.853843,Low
LOC004247,Synthetic Restaurant - Kothrud 4247,Restaurant,"60, Market Road, Kothrud, Pune",Kothrud,Pune,Pune,Maharashtra,411038,18.503483,73.803796,Low
LOC004248,Synthetic Residence - Dhankawadi 4248,Residence,"65, Main Road, Dhankawadi, Pune",Dhankawadi,Pune,Pune,Maharashtra,411043,18.470795,73.855724,Medium
LOC004249,Synthetic Transport Hub - Yerawada 4249,Transport Hub,"236, Nagar Road, Yerawada, Pune",Yerawada,Pune,Pune,Maharashtra,411006,18.545561,73.873956,Low
LOC004250,Synthetic Residence - Kothrud 4250,Residence,"883, Temple Road, Kothrud, Pune",Kothrud,Pune,Pune,Maharashtra,411038,18.499986,73.804068,Low
LOC004251,Synthetic Bank - Wakad 4251,Bank,"693, Station Road, Wakad, Pune",Wakad,Pune,Pune,Maharashtra,411057,18.605783,73.755161,Low
LOC004252,Synthetic ATM - Katraj 4252,ATM,"756, Temple Road, Katraj, Pune",Katraj,Pune,Pune,Maharashtra,411046,18.457823,73.871338,Medium
LOC004253,Synthetic Residence - Shivajinagar 4253,Residence,"524, Main Road, Shivajinagar, Pune",Shivajinagar,Pune,Pune,Maharashtra,411005,18.535413,73.848207,Low
LOC004254,Synthetic Meeting Point - Pimpri 4254,Meeting Point,"159, Canal Road, Pimpri, Pune",Pimpri,Pune,Pune,Maharashtra,411018,18.627928,73.802825,Medium
LOC004255,Synthetic Residence - Baner 4255,Residence,"237, Temple Road, Baner, Pune",Baner,Pune,Pune,Maharashtra,411045,18.552501,73.794249,Medium
LOC004256,Synthetic Police Station - Baner,Police Station,"481, Temple Road, Baner, Pune",Baner,Pune,Pune,Maharashtra,411045,18.554306,73.794638,Low
LOC004257,Synthetic Transport Hub - Vishrantwadi 4257,Transport Hub,"49, Station Road, Vishrantwadi, Pune",Vishrantwadi,Pune,Pune,Maharashtra,411015,18.56902,73.881268,Medium
LOC004258,Synthetic Residence - Viman Nagar 4258,Residence,"695, Industrial Road, Viman Nagar, Pune",Viman Nagar,Pune,Pune,Maharashtra,411014,18.571207,73.909345,Medium
LOC004259,Synthetic Meeting Point - Vishrantwadi 4259,Meeting Point,"856, Main Road, Vishrantwadi, Pune",Vishrantwadi,Pune,Pune,Maharashtra,411015,18.565365,73.872712,Low
LOC004260,Synthetic Crime Scene - Baner 4260,Crime Scene,"99, Link Road, Baner, Pune",Baner,Pune,Pune,Maharashtra,411045,18.552499,73.789047,High
LOC004261,Synthetic Restaurant - Viman Nagar 4261,Restaurant,"361, Station Road, Viman Nagar, Pune",Viman Nagar,Pune,Pune,Maharashtra,411014,18.56639,73.910733,Low
LOC004262,Synthetic Police Station - Kondhwa,Police Station,"198, Nagar Road, Kondhwa, Pune",Kondhwa,Pune,Pune,Maharashtra,411048,18.462583,73.891259,Low
LOC004263,Synthetic Residence - Hadapsar 4263,Residence,"385, College Road, Hadapsar, Pune",Hadapsar,Pune,Pune,Maharashtra,411028,18.505575,73.927607,Medium
LOC004264,Synthetic Meeting Point - Bhosari 4264,Meeting Point,"54, Market Road, Bhosari, Pune",Bhosari,Pune,Pune,Maharashtra,411039,18.6255,73.84735,Medium
LOC004265,Synthetic Residence - Katraj 4265,Residence,"260, Nagar Road, Katraj, Pune",Katraj,Pune,Pune,Maharashtra,411046,18.454587,73.868312,Low
LOC004266,Synthetic Restaurant - Shivajinagar 4266,Restaurant,"531, Industrial Road, Shivajinagar, Pune",Shivajinagar,Pune,Pune,Maharashtra,411005,18.525928,73.854269,Medium
LOC004267,Synthetic Restaurant - Viman Nagar 4267,Restaurant,"378, College Road, Viman Nagar, Pune",Viman Nagar,Pune,Pune,Maharashtra,411014,18.565592,73.910743,High
LOC004268,Synthetic Workplace - Kondhwa 4268,Workplace,"399, Nagar Road, Kondhwa, Pune",Kondhwa,Pune,Pune,Maharashtra,411048,18.475075,73.893572,Medium
LOC004269,Synthetic Residence - Pimpri 4269,Residence,"355, Industrial Road, Pimpri, Pune",Pimpri,Pune,Pune,Maharashtra,411018,18.627691,73.796001,Low
LOC004270,Synthetic Crime Scene - Viman Nagar 4270,Crime Scene,"858, Station Road, Viman Nagar, Pune",Viman Nagar,Pune,Pune,Maharashtra,411014,18.56455,73.918338,High
LOC004271,Synthetic Residence - Viman Nagar 4271,Residence,"427, Link Road, Viman Nagar, Pune",Viman Nagar,Pune,Pune,Maharashtra,411014,18.571237,73.913918,Medium
LOC004272,Synthetic Meeting Point - Baner 4272,Meeting Point,"205, Nagar Road, Baner, Pune",Baner,Pune,Pune,Maharashtra,411045,18.560947,73.784925,Low
LOC004273,Synthetic Workplace - Dhankawadi 4273,Workplace,"244, Canal Road, Dhankawadi, Pune",Dhankawadi,Pune,Pune,Maharashtra,411043,18.473679,73.841501,Low
LOC004274,Synthetic Residence - Dhankawadi 4274,Residence,"158, College Road, Dhankawadi, Pune",Dhankawadi,Pune,Pune,Maharashtra,411043,18.467446,73.855736,Low
LOC004275,Synthetic Hotel - Shivajinagar 4275,Hotel,"49, College Road, Shivajinagar, Pune",Shivajinagar,Pune,Pune,Maharashtra,411005,18.536498,73.844253,Low
LOC004276,Synthetic Police Station - Swargate,Police Station,"493, Industrial Road, Swargate, Pune",Swargate,Pune,Pune,Maharashtra,411037,18.494827,73.857511,Medium
LOC004277,Synthetic Workplace - Yerawada 4277,Workplace,"980, Market Road, Yerawada, Pune",Yerawada,Pune,Pune,Maharashtra,411006,18.547758,73.87695,Medium
LOC004278,Synthetic Other - Viman Nagar 4278,Other,"983, Park Road, Viman Nagar, Pune",Viman Nagar,Pune,Pune,Maharashtra,411014,18.564366,73.921693,Low
LOC004279,Synthetic Bank - Vishrantwadi 4279,Bank,"912, Market Road, Vishrantwadi, Pune",Vishrantwadi,Pune,Pune,Maharashtra,411015,18.559417,73.870398,Low
LOC004280,Synthetic Warehouse - Kondhwa 4280,Warehouse,"202, Industrial Road, Kondhwa, Pune",Kondhwa,Pune,Pune,Maharashtra,411048,18.47667,73.891465,Low
LOC004281,Synthetic Restaurant - Baner 4281,Restaurant,"717, Station Road, Baner, Pune",Baner,Pune,Pune,Maharashtra,411045,18.564059,73.780579,Low
LOC004282,Synthetic Workplace - Bhosari 4282,Workplace,"899, College Road, Bhosari, Pune",Bhosari,Pune,Pune,Maharashtra,411039,18.624997,73.841845,High
LOC004283,Synthetic Bank - Baner 4283,Bank,"592, Main Road, Baner, Pune",Baner,Pune,Pune,Maharashtra,411045,18.566213,73.791039,Medium
LOC004284,Synthetic Meeting Point - Baner 4284,Meeting Point,"776, Industrial Road, Baner, Pune",Baner,Pune,Pune,Maharashtra,411045,18.557838,73.784792,Medium
LOC004285,Synthetic Restaurant - Swargate 4285,Restaurant,"807, Nagar Road, Swargate, Pune",Swargate,Pune,Pune,Maharashtra,411037,18.50602,73.867465,Low
LOC004286,Synthetic Residence - Swargate 4286,Residence,"610, Nagar Road, Swargate, Pune",Swargate,Pune,Pune,Maharashtra,411037,18.496949,73.870842,Medium
LOC004287,Synthetic Hotel - Yerawada 4287,Hotel,"314, Main Road, Yerawada, Pune",Yerawada,Pune,Pune,Maharashtra,411006,18.546685,73.874993,Medium
LOC004288,Synthetic Transport Hub - Yerawada 4288,Transport Hub,"584, Station Road, Yerawada, Pune",Yerawada,Pune,Pune,Maharashtra,411006,18.554666,73.871324,Low
LOC004289,Synthetic Workplace - Baner 4289,Workplace,"557, Park Road, Baner, Pune",Baner,Pune,Pune,Maharashtra,411045,18.557258,73.778824,Medium
LOC004290,Synthetic Residence - Kothrud 4290,Residence,"824, Park Road, Kothrud, Pune",Kothrud,Pune,Pune,Maharashtra,411038,18.502785,73.801658,Low
LOC004291,Synthetic Crime Scene - Vishrantwadi 4291,Crime Scene,"503, Canal Road, Vishrantwadi, Pune",Vishrantwadi,Pune,Pune,Maharashtra,411015,18.563373,73.883552,Medium
LOC004292,Synthetic Workplace - Aundh 4292,Workplace,"694, Canal Road, Aundh, Pune",Aundh,Pune,Pune,Maharashtra,411007,18.554334,73.806898,Low
LOC004293,Synthetic Meeting Point - Yerawada 4293,Meeting Point,"179, Main Road, Yerawada, Pune",Yerawada,Pune,Pune,Maharashtra,411006,18.551818,73.885083,Medium
LOC004294,Synthetic Meeting Point - Aundh 4294,Meeting Point,"310, Market Road, Aundh, Pune",Aundh,Pune,Pune,Maharashtra,411007,18.558947,73.805795,Medium
LOC004295,Synthetic Workplace - Chinchwad 4295,Workplace,"344, Temple Road, Chinchwad, Pune",Chinchwad,Pune,Pune,Maharashtra,411033,18.629509,73.795255,High
LOC004296,Synthetic Workplace - Shivajinagar 4296,Workplace,"459, Market Road, Shivajinagar, Pune",Shivajinagar,Pune,Pune,Maharashtra,411005,18.528795,73.849974,Medium
LOC004297,Synthetic Residence - Dhankawadi 4297,Residence,"223, Link Road, Dhankawadi, Pune",Dhankawadi,Pune,Pune,Maharashtra,411043,18.46058,73.845753,Medium
LOC004298,Synthetic Restaurant - Pimpri 4298,Restaurant,"489, Industrial Road, Pimpri, Pune",Pimpri,Pune,Pune,Maharashtra,411018,18.635026,73.800938,Medium
LOC004299,Synthetic Restaurant - Aundh 4299,Restaurant,"92, Canal Road, Aundh, Pune",Aundh,Pune,Pune,Maharashtra,411007,18.558757,73.800012,Low
LOC004300,Synthetic Residence - Yerawada 4300,Residence,"473, Main Road, Yerawada, Pune",Yerawada,Pune,Pune,Maharashtra,411006,18.552122,73.873277,Medium
LOC004301,Synthetic Meeting Point - Wakad 4301,Meeting Point,"807, Market Road, Wakad, Pune",Wakad,Pune,Pune,Maharashtra,411057,18.598012,73.766339,Low
LOC004302,Synthetic Police Station - Baner,Police Station,"791, Market Road, Baner, Pune",Baner,Pune,Pune,Maharashtra,411045,18.56097,73.792982,Low
LOC004303,Synthetic ATM - Katraj 4303,ATM,"221, Station Road, Katraj, Pune",Katraj,Pune,Pune,Maharashtra,411046,18.454416,73.869437,High
LOC004304,Synthetic Restaurant - Wakad 4304,Restaurant,"397, Nagar Road, Wakad, Pune",Wakad,Pune,Pune,Maharashtra,411057,18.600079,73.76473,Low
LOC004305,Synthetic Meeting Point - Hadapsar 4305,Meeting Point,"34, Station Road, Hadapsar, Pune",Hadapsar,Pune,Pune,Maharashtra,411028,18.506506,73.933619,Low
LOC004306,Synthetic Residence - Dhankawadi 4306,Residence,"630, Industrial Road, Dhankawadi, Pune",Dhankawadi,Pune,Pune,Maharashtra,411043,18.469814,73.851313,Low
LOC004307,Synthetic Transport Hub - Swargate 4307,Transport Hub,"486, Market Road, Swargate, Pune",Swargate,Pune,Pune,Maharashtra,411037,18.503152,73.86607,Low
LOC004308,Synthetic Transport Hub - Aundh 4308,Transport Hub,"126, Industrial Road, Aundh, Pune",Aundh,Pune,Pune,Maharashtra,411007,18.566779,73.807728,Low
LOC004309,Synthetic Workplace - Shivajinagar 4309,Workplace,"816, Temple Road, Shivajinagar, Pune",Shivajinagar,Pune,Pune,Maharashtra,411005,18.529401,73.846188,Medium
LOC004310,Synthetic Crime Scene - Vishrantwadi 4310,Crime Scene,"360, Temple Road, Vishrantwadi, Pune",Vishrantwadi,Pune,Pune,Maharashtra,411015,18.560209,73.885532,Low
LOC004311,Synthetic Restaurant - Baner 4311,Restaurant,"511, Market Road, Baner, Pune",Baner,Pune,Pune,Maharashtra,411045,18.565452,73.786541,Medium
LOC004312,Synthetic Transport Hub - Bhosari 4312,Transport Hub,"799, College Road, Bhosari, Pune",Bhosari,Pune,Pune,Maharashtra,411039,18.630719,73.849641,Medium
LOC004313,Synthetic Warehouse - Dhankawadi 4313,Warehouse,"139, College Road, Dhankawadi, Pune",Dhankawadi,Pune,Pune,Maharashtra,411043,18.474313,73.846535,Medium
LOC004314,Synthetic Residence - Swargate 4314,Residence,"168, Temple Road, Swargate, Pune",Swargate,Pune,Pune,Maharashtra,411037,18.503881,73.860054,Low
LOC004315,Synthetic Residence - Bhosari 4315,Residence,"946, Temple Road, Bhosari, Pune",Bhosari,Pune,Pune,Maharashtra,411039,18.634432,73.846367,Low
LOC004316,Synthetic Residence - Wakad 4316,Residence,"604, Market Road, Wakad, Pune",Wakad,Pune,Pune,Maharashtra,411057,18.594151,73.763152,Low
LOC004317,Synthetic Workplace - Vishrantwadi 4317,Workplace,"272, College Road, Vishrantwadi, Pune",Vishrantwadi,Pune,Pune,Maharashtra,411015,18.573981,73.876701,Low
LOC004318,Synthetic Transport Hub - Katraj 4318,Transport Hub,"105, Canal Road, Katraj, Pune",Katraj,Pune,Pune,Maharashtra,411046,18.445865,73.864434,Medium
LOC004319,Synthetic Residence - Shivajinagar 4319,Residence,"811, Main Road, Shivajinagar, Pune",Shivajinagar,Pune,Pune,Maharashtra,411005,18.533101,73.84716,Low
LOC004320,Synthetic Crime Scene - Kondhwa 4320,Crime Scene,"275, Industrial Road, Kondhwa, Pune",Kondhwa,Pune,Pune,Maharashtra,411048,18.473088,73.884755,Medium
LOC004321,Synthetic Residence - Pimpri 4321,Residence,"930, Market Road, Pimpri, Pune",Pimpri,Pune,Pune,Maharashtra,411018,18.633385,73.803251,Low
LOC004322,Synthetic Police Station - Baner,Police Station,"880, Main Road, Baner, Pune",Baner,Pune,Pune,Maharashtra,411045,18.559218,73.782393,Low
LOC004323,Synthetic Transport Hub - Wakad 4323,Transport Hub,"410, College Road, Wakad, Pune",Wakad,Pune,Pune,Maharashtra,411057,18.599454,73.767054,Medium
LOC004324,Synthetic Transport Hub - Yerawada 4324,Transport Hub,"287, Industrial Road, Yerawada, Pune",Yerawada,Pune,Pune,Maharashtra,411006,18.547477,73.87827,Low
LOC004325,Synthetic Restaurant - Bhosari 4325,Restaurant,"834, Industrial Road, Bhosari, Pune",Bhosari,Pune,Pune,Maharashtra,411039,18.62904,73.848802,Low
LOC004326,Synthetic Workplace - Pimpri 4326,Workplace,"424, Temple Road, Pimpri, Pune",Pimpri,Pune,Pune,Maharashtra,411018,18.625381,73.79235,High
LOC004327,Synthetic Residence - Hadapsar 4327,Residence,"605, Park Road, Hadapsar, Pune",Hadapsar,Pune,Pune,Maharashtra,411028,18.512849,73.926606,Low
LOC004328,Synthetic Crime Scene - Yerawada 4328,Crime Scene,"644, Park Road, Yerawada, Pune",Yerawada,Pune,Pune,Maharashtra,411006,18.545243,73.880896,Medium
LOC004329,Synthetic Meeting Point - Katraj 4329,Meeting Point,"462, College Road, Katraj, Pune",Katraj,Pune,Pune,Maharashtra,411046,18.460572,73.868337,Medium
LOC004330,Synthetic Workplace - Pimpri 4330,Workplace,"253, Temple Road, Pimpri, Pune",Pimpri,Pune,Pune,Maharashtra,411018,18.635397,73.794451,Medium
LOC004331,Synthetic Residence - Kothrud 4331,Residence,"435, Nagar Road, Kothrud, Pune",Kothrud,Pune,Pune,Maharashtra,411038,18.509757,73.809481,Medium
LOC004332,Synthetic Residence - Dhankawadi 4332,Residence,"849, Park Road, Dhankawadi, Pune",Dhankawadi,Pune,Pune,Maharashtra,411043,18.461063,73.84675,Low
LOC004333,Synthetic Crime Scene - Katraj 4333,Crime Scene,"161, Market Road, Katraj, Pune",Katraj,Pune,Pune,Maharashtra,411046,18.450798,73.858102,Low
LOC004334,Synthetic Residence - Kothrud 4334,Residence,"43, College Road, Kothrud, Pune",Kothrud,Pune,Pune,Maharashtra,411038,18.514086,73.80895,Low
LOC004335,Synthetic Transport Hub - Aundh 4335,Transport Hub,"271, Nagar Road, Aundh, Pune",Aundh,Pune,Pune,Maharashtra,411007,18.555784,73.799177,Low
LOC004336,Synthetic Residence - Shivajinagar 4336,Residence,"218, College Road, Shivajinagar, Pune",Shivajinagar,Pune,Pune,Maharashtra,411005,18.534642,73.845545,Medium
LOC004337,Synthetic Bank - Vishrantwadi 4337,Bank,"456, Canal Road, Vishrantwadi, Pune",Vishrantwadi,Pune,Pune,Maharashtra,411015,18.566813,73.882871,Low
LOC004338,Synthetic ATM - Vishrantwadi 4338,ATM,"743, Station Road, Vishrantwadi, Pune",Vishrantwadi,Pune,Pune,Maharashtra,411015,18.572806,73.882717,Low
LOC004339,Synthetic Residence - Chinchwad 4339,Residence,"535, Market Road, Chinchwad, Pune",Chinchwad,Pune,Pune,Maharashtra,411033,18.633006,73.801601,Medium
LOC004340,Synthetic Residence - Kothrud 4340,Residence,"761, Temple Road, Kothrud, Pune",Kothrud,Pune,Pune,Maharashtra,411038,18.508308,73.801169,High
LOC004341,Synthetic Meeting Point - Bhosari 4341,Meeting Point,"28, Station Road, Bhosari, Pune",Bhosari,Pune,Pune,Maharashtra,411039,18.624664,73.852997,Medium
LOC004342,Synthetic Residence - Swargate 4342,Residence,"653, Market Road, Swargate, Pune",Swargate,Pune,Pune,Maharashtra,411037,18.501978,73.867272,Medium
LOC004343,Synthetic Meeting Point - Kondhwa 4343,Meeting Point,"524, Main Road, Kondhwa, Pune",Kondhwa,Pune,Pune,Maharashtra,411048,18.471895,73.882589,Low
LOC004344,Synthetic Meeting Point - Hadapsar 4344,Meeting Point,"537, Link Road, Hadapsar, Pune",Hadapsar,Pune,Pune,Maharashtra,411028,18.51006,73.923639,Medium
LOC004345,Synthetic Residence - Pimpri 4345,Residence,"317, Temple Road, Pimpri, Pune",Pimpri,Pune,Pune,Maharashtra,411018,18.631625,73.803044,Low
LOC004346,Synthetic Bank - Bhosari 4346,Bank,"555, Park Road, Bhosari, Pune",Bhosari,Pune,Pune,Maharashtra,411039,18.623375,73.843488,High
LOC004347,Synthetic Restaurant - Pimpri 4347,Restaurant,"977, Nagar Road, Pimpri, Pune",Pimpri,Pune,Pune,Maharashtra,411018,18.630239,73.805439,Low
LOC004348,Synthetic Residence - Yerawada 4348,Residence,"910, Park Road, Yerawada, Pune",Yerawada,Pune,Pune,Maharashtra,411006,18.547989,73.885992,Low
LOC004349,Synthetic Bank - Dhankawadi 4349,Bank,"709, Link Road, Dhankawadi, Pune",Dhankawadi,Pune,Pune,Maharashtra,411043,18.470198,73.848829,Medium
LOC004350,Synthetic Restaurant - Wakad 4350,Restaurant,"49, Park Road, Wakad, Pune",Wakad,Pune,Pune,Maharashtra,411057,18.594764,73.770833,Medium
LOC004351,Synthetic Residence - Viman Nagar 4351,Residence,"411, College Road, Viman Nagar, Pune",Viman Nagar,Pune,Pune,Maharashtra,411014,18.569294,73.910923,Medium
LOC004352,Synthetic ATM - Baner 4352,ATM,"341, Nagar Road, Baner, Pune",Baner,Pune,Pune,Maharashtra,411045,18.555873,73.77904,Low
LOC004353,Synthetic Residence - Kondhwa 4353,Residence,"654, Link Road, Kondhwa, Pune",Kondhwa,Pune,Pune,Maharashtra,411048,18.470332,73.883952,Low
LOC004354,Synthetic Workplace - Dhankawadi 4354,Workplace,"903, Park Road, Dhankawadi, Pune",Dhankawadi,Pune,Pune,Maharashtra,411043,18.473088,73.854888,Low
LOC004355,Synthetic Bank - Hadapsar 4355,Bank,"470, Temple Road, Hadapsar, Pune",Hadapsar,Pune,Pune,Maharashtra,411028,18.508304,73.93361,Low
LOC004356,Synthetic Warehouse - Shivajinagar 4356,Warehouse,"329, Industrial Road, Shivajinagar, Pune",Shivajinagar,Pune,Pune,Maharashtra,411005,18.534038,73.84596,Medium
LOC004357,Synthetic Restaurant - Swargate 4357,Restaurant,"137, Market Road, Swargate, Pune",Swargate,Pune,Pune,Maharashtra,411037,18.499731,73.86613,Low
LOC004358,Synthetic Crime Scene - Wakad 4358,Crime Scene,"94, Station Road, Wakad, Pune",Wakad,Pune,Pune,Maharashtra,411057,18.59678,73.762709,Medium
LOC004359,Synthetic Warehouse - Swargate 4359,Warehouse,"508, Nagar Road, Swargate, Pune",Swargate,Pune,Pune,Maharashtra,411037,18.495782,73.869187,Medium
LOC004360,Synthetic Workplace - Katraj 4360,Workplace,"922, Market Road, Katraj, Pune",Katraj,Pune,Pune,Maharashtra,411046,18.449176,73.870938,Low
LOC004361,Synthetic Residence - Baner 4361,Residence,"858, Main Road, Baner, Pune",Baner,Pune,Pune,Maharashtra,411045,18.559841,73.783285,Low
LOC004362,Synthetic Crime Scene - Aundh 4362,Crime Scene,"848, College Road, Aundh, Pune",Aundh,Pune,Pune,Maharashtra,411007,18.553823,73.805364,Low
LOC004363,Synthetic Police Station - Swargate,Police Station,"19, Main Road, Swargate, Pune",Swargate,Pune,Pune,Maharashtra,411037,18.508492,73.865664,Low
LOC004364,Synthetic Residence - Bhosari 4364,Residence,"164, Temple Road, Bhosari, Pune",Bhosari,Pune,Pune,Maharashtra,411039,18.626845,73.846287,Low
LOC004365,Synthetic Transport Hub - Vishrantwadi 4365,Transport Hub,"749, Temple Road, Vishrantwadi, Pune",Vishrantwadi,Pune,Pune,Maharashtra,411015,18.569056,73.87435,Medium
LOC004366,Synthetic Transport Hub - Viman Nagar 4366,Transport Hub,"828, Link Road, Viman Nagar, Pune",Viman Nagar,Pune,Pune,Maharashtra,411014,18.561814,73.919956,Low
LOC004367,Synthetic Meeting Point - Vishrantwadi 4367,Meeting Point,"107, College Road, Vishrantwadi, Pune",Vishrantwadi,Pune,Pune,Maharashtra,411015,18.570478,73.87486,Low
LOC004368,Synthetic Residence - Dhankawadi 4368,Residence,"626, Station Road, Dhankawadi, Pune",Dhankawadi,Pune,Pune,Maharashtra,411043,18.460997,73.851421,Low
LOC004369,Synthetic Residence - Aundh 4369,Residence,"615, Link Road, Aundh, Pune",Aundh,Pune,Pune,Maharashtra,411007,18.556483,73.803346,Medium
LOC004370,Synthetic Crime Scene - Kothrud 4370,Crime Scene,"554, Park Road, Kothrud, Pune",Kothrud,Pune,Pune,Maharashtra,411038,18.50645,73.803705,Medium
LOC004371,Synthetic Residence - Swargate 4371,Residence,"947, Station Road, Swargate, Pune",Swargate,Pune,Pune,Maharashtra,411037,18.506863,73.865467,Low
LOC004372,Synthetic Crime Scene - Wakad 4372,Crime Scene,"277, Canal Road, Wakad, Pune",Wakad,Pune,Pune,Maharashtra,411057,18.596841,73.767122,Medium
LOC004373,Synthetic Other - Dhankawadi 4373,Other,"387, Canal Road, Dhankawadi, Pune",Dhankawadi,Pune,Pune,Maharashtra,411043,18.47001,73.842886,Medium
LOC004374,Synthetic Residence - Swargate 4374,Residence,"460, Link Road, Swargate, Pune",Swargate,Pune,Pune,Maharashtra,411037,18.499131,73.867498,Low
LOC004375,Synthetic Crime Scene - Kothrud 4375,Crime Scene,"765, Temple Road, Kothrud, Pune",Kothrud,Pune,Pune,Maharashtra,411038,18.511066,73.803458,Medium
LOC004376,Synthetic Bank - Bhosari 4376,Bank,"912, Main Road, Bhosari, Pune",Bhosari,Pune,Pune,Maharashtra,411039,18.627421,73.844583,Medium
LOC004377,Synthetic Residence - Baner 4377,Residence,"547, Market Road, Baner, Pune",Baner,Pune,Pune,Maharashtra,411045,18.566818,73.78557,Low
LOC004378,Synthetic Residence - Vishrantwadi 4378,Residence,"849, Link Road, Vishrantwadi, Pune",Vishrantwadi,Pune,Pune,Maharashtra,411015,18.559821,73.87317,Low
LOC004379,Synthetic ATM - Swargate 4379,ATM,"656, College Road, Swargate, Pune",Swargate,Pune,Pune,Maharashtra,411037,18.49792,73.870305,Low
LOC004380,Synthetic Residence - Chinchwad 4380,Residence,"61, Industrial Road, Chinchwad, Pune",Chinchwad,Pune,Pune,Maharashtra,411033,18.622383,73.799874,Medium
LOC004381,Synthetic Transport Hub - Dhankawadi 4381,Transport Hub,"555, Nagar Road, Dhankawadi, Pune",Dhankawadi,Pune,Pune,Maharashtra,411043,18.468221,73.851433,Low
LOC004382,Synthetic Crime Scene - Dhankawadi 4382,Crime Scene,"207, Main Road, Dhankawadi, Pune",Dhankawadi,Pune,Pune,Maharashtra,411043,18.464919,73.856657,Low
LOC004383,Synthetic Hotel - Shivajinagar 4383,Hotel,"824, Temple Road, Shivajinagar, Pune",Shivajinagar,Pune,Pune,Maharashtra,411005,18.528702,73.850751,Low
LOC004384,Synthetic Workplace - Viman Nagar 4384,Workplace,"599, Park Road, Viman Nagar, Pune",Viman Nagar,Pune,Pune,Maharashtra,411014,18.568689,73.912227,High
LOC004385,Synthetic Crime Scene - Katraj 4385,Crime Scene,"869, Link Road, Katraj, Pune",Katraj,Pune,Pune,Maharashtra,411046,18.446994,73.86815,Low
LOC004386,Synthetic Residence - Yerawada 4386,Residence,"576, Canal Road, Yerawada, Pune",Yerawada,Pune,Pune,Maharashtra,411006,18.550708,73.883225,Low
LOC004387,Synthetic Workplace - Aundh 4387,Workplace,"143, Link Road, Aundh, Pune",Aundh,Pune,Pune,Maharashtra,411007,18.561442,73.808214,Low
LOC004388,Synthetic Crime Scene - Baner 4388,Crime Scene,"784, Industrial Road, Baner, Pune",Baner,Pune,Pune,Maharashtra,411045,18.557785,73.784363,Medium
LOC004389,Synthetic Restaurant - Hadapsar 4389,Restaurant,"558, Market Road, Hadapsar, Pune",Hadapsar,Pune,Pune,Maharashtra,411028,18.507596,73.924901,High
LOC004390,Synthetic Warehouse - Yerawada 4390,Warehouse,"900, Nagar Road, Yerawada, Pune",Yerawada,Pune,Pune,Maharashtra,411006,18.54649,73.881026,Low
LOC004391,Synthetic Residence - Kothrud 4391,Residence,"326, Station Road, Kothrud, Pune",Kothrud,Pune,Pune,Maharashtra,411038,18.503807,73.805284,Medium
LOC004392,Synthetic Restaurant - Bhosari 4392,Restaurant,"732, Station Road, Bhosari, Pune",Bhosari,Pune,Pune,Maharashtra,411039,18.631483,73.844584,Low
LOC004393,Synthetic Workplace - Vishrantwadi 4393,Workplace,"726, Station Road, Vishrantwadi, Pune",Vishrantwadi,Pune,Pune,Maharashtra,411015,18.574632,73.878279,Low
LOC004394,Synthetic Workplace - Kondhwa 4394,Workplace,"120, College Road, Kondhwa, Pune",Kondhwa,Pune,Pune,Maharashtra,411048,18.468587,73.893731,Low
LOC004395,Synthetic Crime Scene - Kondhwa 4395,Crime Scene,"841, Canal Road, Kondhwa, Pune",Kondhwa,Pune,Pune,Maharashtra,411048,18.474397,73.882801,Low
LOC004396,Synthetic Crime Scene - Chinchwad 4396,Crime Scene,"825, College Road, Chinchwad, Pune",Chinchwad,Pune,Pune,Maharashtra,411033,18.634838,73.807205,Low
LOC004397,Synthetic ATM - Baner 4397,ATM,"777, College Road, Baner, Pune",Baner,Pune,Pune,Maharashtra,411045,18.557614,73.779189,Medium
LOC004398,Synthetic Residence - Bhosari 4398,Residence,"734, Temple Road, Bhosari, Pune",Bhosari,Pune,Pune,Maharashtra,411039,18.632719,73.84331,Low
LOC004399,Synthetic Workplace - Hadapsar 4399,Workplace,"319, Main Road, Hadapsar, Pune",Hadapsar,Pune,Pune,Maharashtra,411028,18.503402,73.926284,High
LOC004400,Synthetic Warehouse - Kothrud 4400,Warehouse,"369, Main Road, Kothrud, Pune",Kothrud,Pune,Pune,Maharashtra,411038,18.504987,73.801228,Low
LOC004401,Synthetic Crime Scene - Katraj 4401,Crime Scene,"612, Nagar Road, Katraj, Pune",Katraj,Pune,Pune,Maharashtra,411046,18.445779,73.867321,Medium
LOC004402,Synthetic Workplace - Viman Nagar 4402,Workplace,"43, Main Road, Viman Nagar, Pune",Viman Nagar,Pune,Pune,Maharashtra,411014,18.563777,73.920098,Medium
LOC004403,Synthetic Workplace - Bhosari 4403,Workplace,"114, Link Road, Bhosari, Pune",Bhosari,Pune,Pune,Maharashtra,411039,18.635828,73.851525,Medium
LOC004404,Synthetic Crime Scene - Yerawada 4404,Crime Scene,"531, Main Road, Yerawada, Pune",Yerawada,Pune,Pune,Maharashtra,411006,18.549052,73.881671,Medium
LOC004405,Synthetic Residence - Hadapsar 4405,Residence,"486, Nagar Road, Hadapsar, Pune",Hadapsar,Pune,Pune,Maharashtra,411028,18.502758,73.922221,Low
LOC004406,Synthetic Warehouse - Aundh 4406,Warehouse,"833, Industrial Road, Aundh, Pune",Aundh,Pune,Pune,Maharashtra,411007,18.561099,73.806411,Medium
LOC004407,Synthetic Residence - Yerawada 4407,Residence,"668, Station Road, Yerawada, Pune",Yerawada,Pune,Pune,Maharashtra,411006,18.545804,73.870234,Medium
LOC004408,Synthetic Restaurant - Kothrud 4408,Restaurant,"602, Main Road, Kothrud, Pune",Kothrud,Pune,Pune,Maharashtra,411038,18.51492,73.814,Low
LOC004409,Synthetic Other - Swargate 4409,Other,"293, Main Road, Swargate, Pune",Swargate,Pune,Pune,Maharashtra,411037,18.505289,73.862111,Low
LOC004410,Synthetic Transport Hub - Shivajinagar 4410,Transport Hub,"487, Industrial Road, Shivajinagar, Pune",Shivajinagar,Pune,Pune,Maharashtra,411005,18.53501,73.853716,Medium
LOC004411,Synthetic Residence - Dhankawadi 4411,Residence,"486, Canal Road, Dhankawadi, Pune",Dhankawadi,Pune,Pune,Maharashtra,411043,18.459463,73.849376,Medium
LOC004412,Synthetic Restaurant - Baner 4412,Restaurant,"988, Industrial Road, Baner, Pune",Baner,Pune,Pune,Maharashtra,411045,18.556658,73.780591,Medium
LOC004413,Synthetic Residence - Wakad 4413,Residence,"631, Temple Road, Wakad, Pune",Wakad,Pune,Pune,Maharashtra,411057,18.606019,73.755235,Low
LOC004414,Synthetic Transport Hub - Swargate 4414,Transport Hub,"159, Park Road, Swargate, Pune",Swargate,Pune,Pune,Maharashtra,411037,18.507847,73.864072,Medium
LOC004415,Synthetic Residence - Vishrantwadi 4415,Residence,"776, Industrial Road, Vishrantwadi, Pune",Vishrantwadi,Pune,Pune,Maharashtra,411015,18.565642,73.880892,Medium
LOC004416,Synthetic Transport Hub - Wakad 4416,Transport Hub,"394, College Road, Wakad, Pune",Wakad,Pune,Pune,Maharashtra,411057,18.603936,73.768771,Medium
LOC004417,Synthetic Residence - Bhosari 4417,Residence,"204, Industrial Road, Bhosari, Pune",Bhosari,Pune,Pune,Maharashtra,411039,18.629788,73.85059,Low
LOC004418,Synthetic Residence - Hadapsar 4418,Residence,"682, Link Road, Hadapsar, Pune",Hadapsar,Pune,Pune,Maharashtra,411028,18.509095,73.923925,High
LOC004419,Synthetic Residence - Yerawada 4419,Residence,"697, Park Road, Yerawada, Pune",Yerawada,Pune,Pune,Maharashtra,411006,18.54371,73.883543,Medium
LOC004420,Synthetic Warehouse - Dhankawadi 4420,Warehouse,"470, Park Road, Dhankawadi, Pune",Dhankawadi,Pune,Pune,Maharashtra,411043,18.466099,73.855551,Medium
LOC004421,Synthetic Crime Scene - Vishrantwadi 4421,Crime Scene,"509, Park Road, Vishrantwadi, Pune",Vishrantwadi,Pune,Pune,Maharashtra,411015,18.568707,73.874563,Low
LOC004422,Synthetic Police Station - Kothrud,Police Station,"114, Canal Road, Kothrud, Pune",Kothrud,Pune,Pune,Maharashtra,411038,18.509577,73.8003,High
LOC004423,Synthetic Police Station - Kothrud,Police Station,"924, Market Road, Kothrud, Pune",Kothrud,Pune,Pune,Maharashtra,411038,18.504258,73.807484,Medium
LOC004424,Synthetic Meeting Point - Kothrud 4424,Meeting Point,"807, Temple Road, Kothrud, Pune",Kothrud,Pune,Pune,Maharashtra,411038,18.505477,73.813556,Low
LOC004425,Synthetic Workplace - Viman Nagar 4425,Workplace,"35, College Road, Viman Nagar, Pune",Viman Nagar,Pune,Pune,Maharashtra,411014,18.563007,73.915951,Low
LOC004426,Synthetic Warehouse - Hadapsar 4426,Warehouse,"861, Main Road, Hadapsar, Pune",Hadapsar,Pune,Pune,Maharashtra,411028,18.51374,73.921806,High
LOC004427,Synthetic Residence - Katraj 4427,Residence,"702, Industrial Road, Katraj, Pune",Katraj,Pune,Pune,Maharashtra,411046,18.449615,73.858502,Low
LOC004428,Synthetic Residence - Katraj 4428,Residence,"561, Station Road, Katraj, Pune",Katraj,Pune,Pune,Maharashtra,411046,18.453883,73.869628,Medium
LOC004429,Synthetic Residence - Yerawada 4429,Residence,"808, Industrial Road, Yerawada, Pune",Yerawada,Pune,Pune,Maharashtra,411006,18.553424,73.876755,Low
LOC004430,Synthetic Bank - Aundh 4430,Bank,"939, Main Road, Aundh, Pune",Aundh,Pune,Pune,Maharashtra,411007,18.553579,73.809323,High
LOC004431,Synthetic Residence - Viman Nagar 4431,Residence,"347, Canal Road, Viman Nagar, Pune",Viman Nagar,Pune,Pune,Maharashtra,411014,18.575648,73.910605,Medium
LOC004432,Synthetic Warehouse - Katraj 4432,Warehouse,"29, Main Road, Katraj, Pune",Katraj,Pune,Pune,Maharashtra,411046,18.453631,73.860225,Low
LOC004433,Synthetic Workplace - Katraj 4433,Workplace,"62, Industrial Road, Katraj, Pune",Katraj,Pune,Pune,Maharashtra,411046,18.445711,73.873174,Low
LOC004434,Synthetic Residence - Chinchwad 4434,Residence,"880, Park Road, Chinchwad, Pune",Chinchwad,Pune,Pune,Maharashtra,411033,18.63526,73.803704,Low
LOC004435,Synthetic Workplace - Kondhwa 4435,Workplace,"941, Industrial Road, Kondhwa, Pune",Kondhwa,Pune,Pune,Maharashtra,411048,18.465123,73.883797,Low
LOC004436,Synthetic Workplace - Wakad 4436,Workplace,"496, Industrial Road, Wakad, Pune",Wakad,Pune,Pune,Maharashtra,411057,18.596467,73.770485,Medium
LOC004437,Synthetic Residence - Vishrantwadi 4437,Residence,"283, Park Road, Vishrantwadi, Pune",Vishrantwadi,Pune,Pune,Maharashtra,411015,18.573733,73.88299,Medium
LOC004438,Synthetic Crime Scene - Baner 4438,Crime Scene,"611, Nagar Road, Baner, Pune",Baner,Pune,Pune,Maharashtra,411045,18.558669,73.790623,Medium
LOC004439,Synthetic Workplace - Bhosari 4439,Workplace,"321, Main Road, Bhosari, Pune",Bhosari,Pune,Pune,Maharashtra,411039,18.635499,73.8548,Low
LOC004440,Synthetic Restaurant - Baner 4440,Restaurant,"89, Market Road, Baner, Pune",Baner,Pune,Pune,Maharashtra,411045,18.56684,73.792427,Low
LOC004441,Synthetic Transport Hub - Swargate 4441,Transport Hub,"917, Market Road, Swargate, Pune",Swargate,Pune,Pune,Maharashtra,411037,18.507138,73.860068,Low
LOC004442,Synthetic Workplace - Yerawada 4442,Workplace,"222, College Road, Yerawada, Pune",Yerawada,Pune,Pune,Maharashtra,411006,18.543134,73.877288,Low
LOC004443,Synthetic Restaurant - Hadapsar 4443,Restaurant,"926, Station Road, Hadapsar, Pune",Hadapsar,Pune,Pune,Maharashtra,411028,18.504819,73.922695,Low
LOC004444,Synthetic Workplace - Hadapsar 4444,Workplace,"522, Temple Road, Hadapsar, Pune",Hadapsar,Pune,Pune,Maharashtra,411028,18.505122,73.91896,Medium
LOC004445,Synthetic Workplace - Viman Nagar 4445,Workplace,"175, Station Road, Viman Nagar, Pune",Viman Nagar,Pune,Pune,Maharashtra,411014,18.573155,73.919297,Medium
LOC004446,Synthetic ATM - Wakad 4446,ATM,"847, Main Road, Wakad, Pune",Wakad,Pune,Pune,Maharashtra,411057,18.59307,73.759681,High
LOC004447,Synthetic Warehouse - Dhankawadi 4447,Warehouse,"762, Industrial Road, Dhankawadi, Pune",Dhankawadi,Pune,Pune,Maharashtra,411043,18.462262,73.841412,Low
LOC004448,Synthetic Workplace - Bhosari 4448,Workplace,"195, Park Road, Bhosari, Pune",Bhosari,Pune,Pune,Maharashtra,411039,18.637082,73.854478,Low
LOC004449,Synthetic Workplace - Vishrantwadi 4449,Workplace,"325, Park Road, Vishrantwadi, Pune",Vishrantwadi,Pune,Pune,Maharashtra,411015,18.563468,73.883375,Medium
LOC004450,Synthetic Residence - Viman Nagar 4450,Residence,"11, Main Road, Viman Nagar, Pune",Viman Nagar,Pune,Pune,Maharashtra,411014,18.5747,73.91436,Low
LOC004451,Synthetic Police Station - Shivajinagar,Police Station,"892, College Road, Shivajinagar, Pune",Shivajinagar,Pune,Pune,Maharashtra,411005,18.526892,73.853132,High
LOC004452,Synthetic Crime Scene - Wakad 4452,Crime Scene,"710, Industrial Road, Wakad, Pune",Wakad,Pune,Pune,Maharashtra,411057,18.60465,73.769296,Low
LOC004453,Synthetic Workplace - Baner 4453,Workplace,"897, Canal Road, Baner, Pune",Baner,Pune,Pune,Maharashtra,411045,18.558105,73.794462,Low
LOC004454,Synthetic Restaurant - Dhankawadi 4454,Restaurant,"459, Industrial Road, Dhankawadi, Pune",Dhankawadi,Pune,Pune,Maharashtra,411043,18.464077,73.847418,Low
LOC004455,Synthetic Transport Hub - Dhankawadi 4455,Transport Hub,"341, Main Road, Dhankawadi, Pune",Dhankawadi,Pune,Pune,Maharashtra,411043,18.467967,73.854358,High
LOC004456,Synthetic Police Station - Pimpri,Police Station,"219, Station Road, Pimpri, Pune",Pimpri,Pune,Pune,Maharashtra,411018,18.633069,73.805485,Medium
LOC004457,Synthetic Meeting Point - Kothrud 4457,Meeting Point,"979, Park Road, Kothrud, Pune",Kothrud,Pune,Pune,Maharashtra,411038,18.514393,73.802445,Low
LOC004458,Synthetic Hotel - Pimpri 4458,Hotel,"33, Market Road, Pimpri, Pune",Pimpri,Pune,Pune,Maharashtra,411018,18.627115,73.802585,Medium
LOC004459,Synthetic Hotel - Chinchwad 4459,Hotel,"117, Canal Road, Chinchwad, Pune",Chinchwad,Pune,Pune,Maharashtra,411033,18.62355,73.803777,Low
LOC004460,Synthetic Residence - Katraj 4460,Residence,"587, Temple Road, Katraj, Pune",Katraj,Pune,Pune,Maharashtra,411046,18.449741,73.858486,Low
LOC004461,Synthetic Residence - Chinchwad 4461,Residence,"648, Nagar Road, Chinchwad, Pune",Chinchwad,Pune,Pune,Maharashtra,411033,18.626818,73.802509,High
LOC004462,Synthetic Crime Scene - Bhosari 4462,Crime Scene,"157, Station Road, Bhosari, Pune",Bhosari,Pune,Pune,Maharashtra,411039,18.629923,73.839406,Medium
LOC004463,Synthetic Residence - Yerawada 4463,Residence,"915, Main Road, Yerawada, Pune",Yerawada,Pune,Pune,Maharashtra,411006,18.548082,73.873745,Low
LOC004464,Synthetic Transport Hub - Pimpri 4464,Transport Hub,"364, Canal Road, Pimpri, Pune",Pimpri,Pune,Pune,Maharashtra,411018,18.632667,73.806765,High
LOC004465,Synthetic Transport Hub - Viman Nagar 4465,Transport Hub,"534, Canal Road, Viman Nagar, Pune",Viman Nagar,Pune,Pune,Maharashtra,411014,18.574966,73.909311,Low
LOC004466,Synthetic Workplace - Shivajinagar 4466,Workplace,"831, Main Road, Shivajinagar, Pune",Shivajinagar,Pune,Pune,Maharashtra,411005,18.525942,73.853796,Low
LOC004467,Synthetic Warehouse - Chinchwad 4467,Warehouse,"446, Industrial Road, Chinchwad, Pune",Chinchwad,Pune,Pune,Maharashtra,411033,18.626442,73.803106,Medium
LOC004468,Synthetic Crime Scene - Kondhwa 4468,Crime Scene,"931, Industrial Road, Kondhwa, Pune",Kondhwa,Pune,Pune,Maharashtra,411048,18.468113,73.887924,Medium
LOC004469,Synthetic Police Station - Vishrantwadi,Police Station,"971, Station Road, Vishrantwadi, Pune",Vishrantwadi,Pune,Pune,Maharashtra,411015,18.56785,73.885676,Low
LOC004470,Synthetic Restaurant - Wakad 4470,Restaurant,"320, Nagar Road, Wakad, Pune",Wakad,Pune,Pune,Maharashtra,411057,18.598373,73.755527,Low
LOC004471,Synthetic Residence - Chinchwad 4471,Residence,"248, Industrial Road, Chinchwad, Pune",Chinchwad,Pune,Pune,Maharashtra,411033,18.631312,73.791726,High
LOC004472,Synthetic Workplace - Yerawada 4472,Workplace,"522, Link Road, Yerawada, Pune",Yerawada,Pune,Pune,Maharashtra,411006,18.544549,73.881283,Low
LOC004473,Synthetic Hotel - Kothrud 4473,Hotel,"212, Link Road, Kothrud, Pune",Kothrud,Pune,Pune,Maharashtra,411038,18.50187,73.809279,Low
LOC004474,Synthetic Workplace - Shivajinagar 4474,Workplace,"664, Market Road, Shivajinagar, Pune",Shivajinagar,Pune,Pune,Maharashtra,411005,18.536336,73.850969,Low
LOC004475,Synthetic Restaurant - Katraj 4475,Restaurant,"965, Industrial Road, Katraj, Pune",Katraj,Pune,Pune,Maharashtra,411046,18.459278,73.859305,Low
LOC004476,Synthetic Residence - Viman Nagar 4476,Residence,"145, Industrial Road, Viman Nagar, Pune",Viman Nagar,Pune,Pune,Maharashtra,411014,18.565661,73.909959,Medium
LOC004477,Synthetic Transport Hub - Chinchwad 4477,Transport Hub,"618, Nagar Road, Chinchwad, Pune",Chinchwad,Pune,Pune,Maharashtra,411033,18.622405,73.798754,Medium
LOC004478,Synthetic Hotel - Baner 4478,Hotel,"524, Canal Road, Baner, Pune",Baner,Pune,Pune,Maharashtra,411045,18.561643,73.788806,Low
LOC004479,Synthetic Warehouse - Swargate 4479,Warehouse,"704, College Road, Swargate, Pune",Swargate,Pune,Pune,Maharashtra,411037,18.494027,73.866195,High
LOC004480,Synthetic Transport Hub - Viman Nagar 4480,Transport Hub,"904, Station Road, Viman Nagar, Pune",Viman Nagar,Pune,Pune,Maharashtra,411014,18.561103,73.920096,Low
LOC004481,Synthetic ATM - Swargate 4481,ATM,"886, Park Road, Swargate, Pune",Swargate,Pune,Pune,Maharashtra,411037,18.50535,73.87061,Medium
LOC004482,Synthetic Crime Scene - Dhankawadi 4482,Crime Scene,"761, Canal Road, Dhankawadi, Pune",Dhankawadi,Pune,Pune,Maharashtra,411043,18.463309,73.847653,Low
LOC004483,Synthetic Hotel - Kothrud 4483,Hotel,"468, Market Road, Kothrud, Pune",Kothrud,Pune,Pune,Maharashtra,411038,18.511904,73.804061,Medium
LOC004484,Synthetic Residence - Vishrantwadi 4484,Residence,"549, Park Road, Vishrantwadi, Pune",Vishrantwadi,Pune,Pune,Maharashtra,411015,18.57441,73.881027,Low
LOC004485,Synthetic Bank - Shivajinagar 4485,Bank,"545, Temple Road, Shivajinagar, Pune",Shivajinagar,Pune,Pune,Maharashtra,411005,18.53667,73.841176,Low
LOC004486,Synthetic Workplace - Dhankawadi 4486,Workplace,"717, Main Road, Dhankawadi, Pune",Dhankawadi,Pune,Pune,Maharashtra,411043,18.473053,73.845794,Medium
LOC004487,Synthetic Police Station - Wakad,Police Station,"660, Temple Road, Wakad, Pune",Wakad,Pune,Pune,Maharashtra,411057,18.593387,73.756382,Medium
LOC004488,Synthetic Transport Hub - Dhankawadi 4488,Transport Hub,"572, Main Road, Dhankawadi, Pune",Dhankawadi,Pune,Pune,Maharashtra,411043,18.467611,73.854583,Medium
LOC004489,Synthetic Transport Hub - Pimpri 4489,Transport Hub,"744, Link Road, Pimpri, Pune",Pimpri,Pune,Pune,Maharashtra,411018,18.636801,73.803495,High
LOC004490,Synthetic Workplace - Katraj 4490,Workplace,"928, Link Road, Katraj, Pune",Katraj,Pune,Pune,Maharashtra,411046,18.458912,73.869428,Low
LOC004491,Synthetic Police Station - Bhosari,Police Station,"46, Station Road, Bhosari, Pune",Bhosari,Pune,Pune,Maharashtra,411039,18.62635,73.848272,Low
LOC004492,Synthetic Residence - Baner 4492,Residence,"14, College Road, Baner, Pune",Baner,Pune,Pune,Maharashtra,411045,18.564528,73.789147,Low
LOC004493,Synthetic Workplace - Vishrantwadi 4493,Workplace,"721, Main Road, Vishrantwadi, Pune",Vishrantwadi,Pune,Pune,Maharashtra,411015,18.572439,73.88425,Medium
LOC004494,Synthetic Restaurant - Vishrantwadi 4494,Restaurant,"403, Park Road, Vishrantwadi, Pune",Vishrantwadi,Pune,Pune,Maharashtra,411015,18.561998,73.88325,Medium
LOC004495,Synthetic Transport Hub - Pimpri 4495,Transport Hub,"731, Nagar Road, Pimpri, Pune",Pimpri,Pune,Pune,Maharashtra,411018,18.632766,73.792479,Low
LOC004496,Synthetic Residence - Baner 4496,Residence,"286, Market Road, Baner, Pune",Baner,Pune,Pune,Maharashtra,411045,18.563461,73.790052,Low
LOC004497,Synthetic Residence - Viman Nagar 4497,Residence,"942, College Road, Viman Nagar, Pune",Viman Nagar,Pune,Pune,Maharashtra,411014,18.561476,73.912736,Low
LOC004498,Synthetic Hotel - Hadapsar 4498,Hotel,"394, Link Road, Hadapsar, Pune",Hadapsar,Pune,Pune,Maharashtra,411028,18.514873,73.927561,Medium
LOC004499,Synthetic Bank - Hadapsar 4499,Bank,"761, Link Road, Hadapsar, Pune",Hadapsar,Pune,Pune,Maharashtra,411028,18.508597,73.923863,Low
LOC004500,Synthetic Crime Scene - Pimpri 4500,Crime Scene,"588, Market Road, Pimpri, Pune",Pimpri,Pune,Pune,Maharashtra,411018,18.635604,73.800258,Low
LOC004501,Synthetic Crime Scene - Shivajinagar 4501,Crime Scene,"228, Industrial Road, Shivajinagar, Pune",Shivajinagar,Pune,Pune,Maharashtra,411005,18.52729,73.839476,Low
LOC004502,Synthetic Restaurant - Kondhwa 4502,Restaurant,"658, Main Road, Kondhwa, Pune",Kondhwa,Pune,Pune,Maharashtra,411048,18.465688,73.883183,Medium
LOC004503,Synthetic Residence - Chinchwad 4503,Residence,"362, Industrial Road, Chinchwad, Pune",Chinchwad,Pune,Pune,Maharashtra,411033,18.627704,73.797185,High
LOC004504,Synthetic Other - Hadapsar 4504,Other,"200, Station Road, Hadapsar, Pune",Hadapsar,Pune,Pune,Maharashtra,411028,18.505017,73.929345,Low
LOC004505,Synthetic Crime Scene - Bhosari 4505,Crime Scene,"517, Station Road, Bhosari, Pune",Bhosari,Pune,Pune,Maharashtra,411039,18.636497,73.846121,Low
LOC004506,Synthetic Hotel - Dhankawadi 4506,Hotel,"591, Industrial Road, Dhankawadi, Pune",Dhankawadi,Pune,Pune,Maharashtra,411043,18.465036,73.85619,Low
LOC004507,Synthetic Residence - Shivajinagar 4507,Residence,"503, Canal Road, Shivajinagar, Pune",Shivajinagar,Pune,Pune,Maharashtra,411005,18.527892,73.841008,Low
LOC004508,Synthetic Warehouse - Hadapsar 4508,Warehouse,"677, Nagar Road, Hadapsar, Pune",Hadapsar,Pune,Pune,Maharashtra,411028,18.506658,73.929091,Low
LOC004509,Synthetic Residence - Vishrantwadi 4509,Residence,"230, Industrial Road, Vishrantwadi, Pune",Vishrantwadi,Pune,Pune,Maharashtra,411015,18.574745,73.876106,Low
LOC004510,Synthetic Residence - Kondhwa 4510,Residence,"89, Nagar Road, Kondhwa, Pune",Kondhwa,Pune,Pune,Maharashtra,411048,18.473855,73.897379,Low
LOC004511,Synthetic Workplace - Aundh 4511,Workplace,"567, Market Road, Aundh, Pune",Aundh,Pune,Pune,Maharashtra,411007,18.553029,73.804664,Medium
LOC004512,Synthetic Crime Scene - Wakad 4512,Crime Scene,"29, Market Road, Wakad, Pune",Wakad,Pune,Pune,Maharashtra,411057,18.598702,73.767139,Low
LOC004513,Synthetic Crime Scene - Viman Nagar 4513,Crime Scene,"797, College Road, Viman Nagar, Pune",Viman Nagar,Pune,Pune,Maharashtra,411014,18.56956,73.907967,Medium
LOC004514,Synthetic Residence - Chinchwad 4514,Residence,"40, Market Road, Chinchwad, Pune",Chinchwad,Pune,Pune,Maharashtra,411033,18.631071,73.804268,Low
LOC004515,Synthetic Residence - Kothrud 4515,Residence,"629, Link Road, Kothrud, Pune",Kothrud,Pune,Pune,Maharashtra,411038,18.500573,73.810209,Low
LOC004516,Synthetic Workplace - Aundh 4516,Workplace,"389, Main Road, Aundh, Pune",Aundh,Pune,Pune,Maharashtra,411007,18.561211,73.800888,Low
LOC004517,Synthetic Other - Viman Nagar 4517,Other,"874, Park Road, Viman Nagar, Pune",Viman Nagar,Pune,Pune,Maharashtra,411014,18.563853,73.909167,Low
LOC004518,Synthetic Residence - Pimpri 4518,Residence,"589, Market Road, Pimpri, Pune",Pimpri,Pune,Pune,Maharashtra,411018,18.632762,73.799928,Low
LOC004519,Synthetic Residence - Kothrud 4519,Residence,"651, Station Road, Kothrud, Pune",Kothrud,Pune,Pune,Maharashtra,411038,18.503029,73.810318,Low
LOC004520,Synthetic Crime Scene - Hadapsar 4520,Crime Scene,"813, Market Road, Hadapsar, Pune",Hadapsar,Pune,Pune,Maharashtra,411028,18.507267,73.925768,Low
LOC004521,Synthetic Bank - Kothrud 4521,Bank,"488, Temple Road, Kothrud, Pune",Kothrud,Pune,Pune,Maharashtra,411038,18.504496,73.80159,Low
LOC004522,Synthetic Residence - Vishrantwadi 4522,Residence,"553, Nagar Road, Vishrantwadi, Pune",Vishrantwadi,Pune,Pune,Maharashtra,411015,18.571781,73.880001,Medium
LOC004523,Synthetic Bank - Baner 4523,Bank,"789, Link Road, Baner, Pune",Baner,Pune,Pune,Maharashtra,411045,18.558706,73.792657,Medium
LOC004524,Synthetic Crime Scene - Dhankawadi 4524,Crime Scene,"320, Nagar Road, Dhankawadi, Pune",Dhankawadi,Pune,Pune,Maharashtra,411043,18.46971,73.854137,High
LOC004525,Synthetic Crime Scene - Shivajinagar 4525,Crime Scene,"398, Station Road, Shivajinagar, Pune",Shivajinagar,Pune,Pune,Maharashtra,411005,18.537759,73.852182,Low
LOC004526,Synthetic Crime Scene - Pimpri 4526,Crime Scene,"198, Industrial Road, Pimpri, Pune",Pimpri,Pune,Pune,Maharashtra,411018,18.6261,73.805208,Medium
LOC004527,Synthetic Meeting Point - Wakad 4527,Meeting Point,"901, Nagar Road, Wakad, Pune",Wakad,Pune,Pune,Maharashtra,411057,18.592032,73.762445,Medium
LOC004528,Synthetic Residence - Hadapsar 4528,Residence,"703, Canal Road, Hadapsar, Pune",Hadapsar,Pune,Pune,Maharashtra,411028,18.515375,73.924517,Low
LOC004529,Synthetic Restaurant - Kothrud 4529,Restaurant,"124, Canal Road, Kothrud, Pune",Kothrud,Pune,Pune,Maharashtra,411038,18.514425,73.810201,Low
LOC004530,Synthetic Residence - Wakad 4530,Residence,"760, College Road, Wakad, Pune",Wakad,Pune,Pune,Maharashtra,411057,18.601995,73.761995,High
LOC004531,Synthetic Workplace - Hadapsar 4531,Workplace,"266, Nagar Road, Hadapsar, Pune",Hadapsar,Pune,Pune,Maharashtra,411028,18.509759,73.920336,Medium
LOC004532,Synthetic Residence - Yerawada 4532,Residence,"778, Station Road, Yerawada, Pune",Yerawada,Pune,Pune,Maharashtra,411006,18.554085,73.884647,Low
LOC004533,Synthetic Warehouse - Katraj 4533,Warehouse,"32, Park Road, Katraj, Pune",Katraj,Pune,Pune,Maharashtra,411046,18.458079,73.872723,Low
LOC004534,Synthetic Workplace - Chinchwad 4534,Workplace,"706, Nagar Road, Chinchwad, Pune",Chinchwad,Pune,Pune,Maharashtra,411033,18.637639,73.794085,Medium
LOC004535,Synthetic Residence - Wakad 4535,Residence,"193, Industrial Road, Wakad, Pune",Wakad,Pune,Pune,Maharashtra,411057,18.595692,73.763019,Low
LOC004536,Synthetic Meeting Point - Viman Nagar 4536,Meeting Point,"63, Nagar Road, Viman Nagar, Pune",Viman Nagar,Pune,Pune,Maharashtra,411014,18.569651,73.921935,Low
LOC004537,Synthetic Hotel - Katraj 4537,Hotel,"782, Temple Road, Katraj, Pune",Katraj,Pune,Pune,Maharashtra,411046,18.446718,73.868455,Low
LOC004538,Synthetic Meeting Point - Dhankawadi 4538,Meeting Point,"809, Park Road, Dhankawadi, Pune",Dhankawadi,Pune,Pune,Maharashtra,411043,18.46351,73.852498,Medium
LOC004539,Synthetic Restaurant - Kondhwa 4539,Restaurant,"654, Temple Road, Kondhwa, Pune",Kondhwa,Pune,Pune,Maharashtra,411048,18.46408,73.883883,High
LOC004540,Synthetic Meeting Point - Shivajinagar 4540,Meeting Point,"865, Industrial Road, Shivajinagar, Pune",Shivajinagar,Pune,Pune,Maharashtra,411005,18.529335,73.850064,Medium
LOC004541,Synthetic Meeting Point - Bhosari 4541,Meeting Point,"330, Park Road, Bhosari, Pune",Bhosari,Pune,Pune,Maharashtra,411039,18.635282,73.847565,Medium
LOC004542,Synthetic Workplace - Swargate 4542,Workplace,"352, Industrial Road, Swargate, Pune",Swargate,Pune,Pune,Maharashtra,411037,18.502416,73.864919,Low
LOC004543,Synthetic Residence - Bhosari 4543,Residence,"613, Industrial Road, Bhosari, Pune",Bhosari,Pune,Pune,Maharashtra,411039,18.626004,73.846864,Low
LOC004544,Synthetic Transport Hub - Bhosari 4544,Transport Hub,"535, Park Road, Bhosari, Pune",Bhosari,Pune,Pune,Maharashtra,411039,18.633968,73.851913,Low
LOC004545,Synthetic Crime Scene - Kondhwa 4545,Crime Scene,"248, Park Road, Kondhwa, Pune",Kondhwa,Pune,Pune,Maharashtra,411048,18.471341,73.893614,Medium
LOC004546,Synthetic Workplace - Pimpri 4546,Workplace,"433, Canal Road, Pimpri, Pune",Pimpri,Pune,Pune,Maharashtra,411018,18.62544,73.804184,Medium
LOC004547,Synthetic Warehouse - Kondhwa 4547,Warehouse,"547, College Road, Kondhwa, Pune",Kondhwa,Pune,Pune,Maharashtra,411048,18.468665,73.89288,Low
LOC004548,Synthetic Residence - Yerawada 4548,Residence,"651, Industrial Road, Yerawada, Pune",Yerawada,Pune,Pune,Maharashtra,411006,18.552951,73.876517,Medium
LOC004549,Synthetic Transport Hub - Yerawada 4549,Transport Hub,"585, Canal Road, Yerawada, Pune",Yerawada,Pune,Pune,Maharashtra,411006,18.54218,73.875747,Medium
LOC004550,Synthetic Residence - Viman Nagar 4550,Residence,"661, Main Road, Viman Nagar, Pune",Viman Nagar,Pune,Pune,Maharashtra,411014,18.563353,73.914244,Low
LOC004551,Synthetic ATM - Swargate 4551,ATM,"329, Canal Road, Swargate, Pune",Swargate,Pune,Pune,Maharashtra,411037,18.508177,73.870279,Low
LOC004552,Synthetic Residence - Vishrantwadi 4552,Residence,"182, Park Road, Vishrantwadi, Pune",Vishrantwadi,Pune,Pune,Maharashtra,411015,18.563887,73.87858,Medium
LOC004553,Synthetic Residence - Dhankawadi 4553,Residence,"995, Market Road, Dhankawadi, Pune",Dhankawadi,Pune,Pune,Maharashtra,411043,18.465903,73.842807,Low
LOC004554,Synthetic Warehouse - Bhosari 4554,Warehouse,"165, Link Road, Bhosari, Pune",Bhosari,Pune,Pune,Maharashtra,411039,18.635629,73.848924,Medium
LOC004555,Synthetic Residence - Dhankawadi 4555,Residence,"116, Canal Road, Dhankawadi, Pune",Dhankawadi,Pune,Pune,Maharashtra,411043,18.466815,73.844544,Medium
LOC004556,Synthetic Workplace - Kothrud 4556,Workplace,"452, Temple Road, Kothrud, Pune",Kothrud,Pune,Pune,Maharashtra,411038,18.504072,73.802781,Low
LOC004557,Synthetic Transport Hub - Kondhwa 4557,Transport Hub,"896, Station Road, Kondhwa, Pune",Kondhwa,Pune,Pune,Maharashtra,411048,18.464728,73.89595,Low
LOC004558,Synthetic ATM - Yerawada 4558,ATM,"663, Link Road, Yerawada, Pune",Yerawada,Pune,Pune,Maharashtra,411006,18.547931,73.873665,Low
LOC004559,Synthetic Residence - Baner 4559,Residence,"841, Link Road, Baner, Pune",Baner,Pune,Pune,Maharashtra,411045,18.556203,73.784798,High
LOC004560,Synthetic ATM - Viman Nagar 4560,ATM,"23, Temple Road, Viman Nagar, Pune",Viman Nagar,Pune,Pune,Maharashtra,411014,18.564287,73.917236,Low
LOC004561,Synthetic Residence - Kothrud 4561,Residence,"65, Market Road, Kothrud, Pune",Kothrud,Pune,Pune,Maharashtra,411038,18.506658,73.814786,Low
LOC004562,Synthetic Residence - Shivajinagar 4562,Residence,"412, Park Road, Shivajinagar, Pune",Shivajinagar,Pune,Pune,Maharashtra,411005,18.530982,73.843892,Medium
LOC004563,Synthetic Workplace - Swargate 4563,Workplace,"146, Nagar Road, Swargate, Pune",Swargate,Pune,Pune,Maharashtra,411037,18.501159,73.863669,Medium
LOC004564,Synthetic Hotel - Yerawada 4564,Hotel,"607, Station Road, Yerawada, Pune",Yerawada,Pune,Pune,Maharashtra,411006,18.547181,73.885024,Medium
LOC004565,Synthetic Residence - Yerawada 4565,Residence,"143, Temple Road, Yerawada, Pune",Yerawada,Pune,Pune,Maharashtra,411006,18.544049,73.885903,Low
LOC004566,Synthetic Residence - Shivajinagar 4566,Residence,"398, Temple Road, Shivajinagar, Pune",Shivajinagar,Pune,Pune,Maharashtra,411005,18.529687,73.846021,Low
LOC004567,Synthetic Workplace - Aundh 4567,Workplace,"280, Station Road, Aundh, Pune",Aundh,Pune,Pune,Maharashtra,411007,18.557488,73.80818,Low
LOC004568,Synthetic Workplace - Aundh 4568,Workplace,"444, Canal Road, Aundh, Pune",Aundh,Pune,Pune,Maharashtra,411007,18.55945,73.813563,Low
LOC004569,Synthetic Crime Scene - Bhosari 4569,Crime Scene,"308, Link Road, Bhosari, Pune",Bhosari,Pune,Pune,Maharashtra,411039,18.635553,73.854207,Low
LOC004570,Synthetic Warehouse - Vishrantwadi 4570,Warehouse,"792, Nagar Road, Vishrantwadi, Pune",Vishrantwadi,Pune,Pune,Maharashtra,411015,18.57317,73.870382,Medium
LOC004571,Synthetic Hotel - Wakad 4571,Hotel,"198, Link Road, Wakad, Pune",Wakad,Pune,Pune,Maharashtra,411057,18.598808,73.757301,Low
LOC004572,Synthetic Warehouse - Bhosari 4572,Warehouse,"831, College Road, Bhosari, Pune",Bhosari,Pune,Pune,Maharashtra,411039,18.634484,73.847903,Medium
LOC004573,Synthetic Police Station - Aundh,Police Station,"797, Main Road, Aundh, Pune",Aundh,Pune,Pune,Maharashtra,411007,18.551747,73.800082,Low
LOC004574,Synthetic Transport Hub - Aundh 4574,Transport Hub,"912, College Road, Aundh, Pune",Aundh,Pune,Pune,Maharashtra,411007,18.553881,73.80306,Low
LOC004575,Synthetic Residence - Baner 4575,Residence,"33, Station Road, Baner, Pune",Baner,Pune,Pune,Maharashtra,411045,18.560966,73.78315,Low
LOC004576,Synthetic Restaurant - Katraj 4576,Restaurant,"960, Temple Road, Katraj, Pune",Katraj,Pune,Pune,Maharashtra,411046,18.453822,73.870765,Medium
LOC004577,Synthetic Meeting Point - Swargate 4577,Meeting Point,"280, Station Road, Swargate, Pune",Swargate,Pune,Pune,Maharashtra,411037,18.50341,73.858935,High
LOC004578,Synthetic Crime Scene - Baner 4578,Crime Scene,"251, Market Road, Baner, Pune",Baner,Pune,Pune,Maharashtra,411045,18.557874,73.784754,Medium
LOC004579,Synthetic Transport Hub - Wakad 4579,Transport Hub,"577, Temple Road, Wakad, Pune",Wakad,Pune,Pune,Maharashtra,411057,18.606877,73.761983,Low
LOC004580,Synthetic Warehouse - Dhankawadi 4580,Warehouse,"599, Main Road, Dhankawadi, Pune",Dhankawadi,Pune,Pune,Maharashtra,411043,18.465909,73.853247,High
LOC004581,Synthetic Hotel - Dhankawadi 4581,Hotel,"365, Market Road, Dhankawadi, Pune",Dhankawadi,Pune,Pune,Maharashtra,411043,18.467484,73.848214,Low
LOC004582,Synthetic Residence - Yerawada 4582,Residence,"885, Temple Road, Yerawada, Pune",Yerawada,Pune,Pune,Maharashtra,411006,18.555127,73.871799,Low
LOC004583,Synthetic Restaurant - Viman Nagar 4583,Restaurant,"112, College Road, Viman Nagar, Pune",Viman Nagar,Pune,Pune,Maharashtra,411014,18.564453,73.914861,Low
LOC004584,Synthetic Bank - Swargate 4584,Bank,"173, Temple Road, Swargate, Pune",Swargate,Pune,Pune,Maharashtra,411037,18.498418,73.857249,Low
LOC004585,Synthetic ATM - Dhankawadi 4585,ATM,"578, Canal Road, Dhankawadi, Pune",Dhankawadi,Pune,Pune,Maharashtra,411043,18.467646,73.851082,Medium
LOC004586,Synthetic Meeting Point - Pimpri 4586,Meeting Point,"799, Temple Road, Pimpri, Pune",Pimpri,Pune,Pune,Maharashtra,411018,18.632931,73.79814,Medium
LOC004587,Synthetic Workplace - Kondhwa 4587,Workplace,"95, Temple Road, Kondhwa, Pune",Kondhwa,Pune,Pune,Maharashtra,411048,18.469798,73.893862,Low
LOC004588,Synthetic Meeting Point - Katraj 4588,Meeting Point,"737, Park Road, Katraj, Pune",Katraj,Pune,Pune,Maharashtra,411046,18.458751,73.863457,Low
LOC004589,Synthetic Workplace - Yerawada 4589,Workplace,"29, Main Road, Yerawada, Pune",Yerawada,Pune,Pune,Maharashtra,411006,18.5513,73.878817,Low
LOC004590,Synthetic Restaurant - Vishrantwadi 4590,Restaurant,"807, Canal Road, Vishrantwadi, Pune",Vishrantwadi,Pune,Pune,Maharashtra,411015,18.571139,73.879682,Medium
LOC004591,Synthetic Police Station - Shivajinagar,Police Station,"185, Temple Road, Shivajinagar, Pune",Shivajinagar,Pune,Pune,Maharashtra,411005,18.529865,73.851698,Low
LOC004592,Synthetic Residence - Kothrud 4592,Residence,"887, Park Road, Kothrud, Pune",Kothrud,Pune,Pune,Maharashtra,411038,18.513936,73.803095,Medium
LOC004593,Synthetic Bank - Chinchwad 4593,Bank,"916, College Road, Chinchwad, Pune",Chinchwad,Pune,Pune,Maharashtra,411033,18.624439,73.803871,Medium
LOC004594,Synthetic Crime Scene - Swargate 4594,Crime Scene,"544, Canal Road, Swargate, Pune",Swargate,Pune,Pune,Maharashtra,411037,18.508051,73.859598,Medium
LOC004595,Synthetic Meeting Point - Yerawada 4595,Meeting Point,"996, Station Road, Yerawada, Pune",Yerawada,Pune,Pune,Maharashtra,411006,18.54931,73.877776,High
LOC004596,Synthetic Residence - Pimpri 4596,Residence,"852, Link Road, Pimpri, Pune",Pimpri,Pune,Pune,Maharashtra,411018,18.637511,73.806305,Low
LOC004597,Synthetic Transport Hub - Kothrud 4597,Transport Hub,"410, Industrial Road, Kothrud, Pune",Kothrud,Pune,Pune,Maharashtra,411038,18.511852,73.801329,Medium
LOC004598,Synthetic Residence - Wakad 4598,Residence,"619, Nagar Road, Wakad, Pune",Wakad,Pune,Pune,Maharashtra,411057,18.604005,73.765925,Low
LOC004599,Synthetic Police Station - Pimpri,Police Station,"128, Link Road, Pimpri, Pune",Pimpri,Pune,Pune,Maharashtra,411018,18.631567,73.795667,Low
LOC004600,Synthetic Residence - Pimpri 4600,Residence,"418, Market Road, Pimpri, Pune",Pimpri,Pune,Pune,Maharashtra,411018,18.629197,73.805777,Medium
LOC004601,Synthetic Meeting Point - Wakad 4601,Meeting Point,"633, Canal Road, Wakad, Pune",Wakad,Pune,Pune,Maharashtra,411057,18.603139,73.763808,Low
LOC004602,Synthetic Police Station - Viman Nagar,Police Station,"441, Main Road, Viman Nagar, Pune",Viman Nagar,Pune,Pune,Maharashtra,411014,18.563272,73.910765,Medium
LOC004603,Synthetic Bank - Yerawada 4603,Bank,"932, Station Road, Yerawada, Pune",Yerawada,Pune,Pune,Maharashtra,411006,18.554858,73.877072,Medium
LOC004604,Synthetic Residence - Aundh 4604,Residence,"494, Canal Road, Aundh, Pune",Aundh,Pune,Pune,Maharashtra,411007,18.560453,73.80715,Medium
LOC004605,Synthetic Bank - Yerawada 4605,Bank,"873, Main Road, Yerawada, Pune",Yerawada,Pune,Pune,Maharashtra,411006,18.553049,73.875835,Low
LOC004606,Synthetic Transport Hub - Bhosari 4606,Transport Hub,"593, College Road, Bhosari, Pune",Bhosari,Pune,Pune,Maharashtra,411039,18.623078,73.839641,Low
LOC004607,Synthetic Restaurant - Hadapsar 4607,Restaurant,"329, Station Road, Hadapsar, Pune",Hadapsar,Pune,Pune,Maharashtra,411028,18.502474,73.932989,Low
LOC004608,Synthetic Bank - Hadapsar 4608,Bank,"42, Main Road, Hadapsar, Pune",Hadapsar,Pune,Pune,Maharashtra,411028,18.506954,73.918051,High
LOC004609,Synthetic Crime Scene - Bhosari 4609,Crime Scene,"531, Market Road, Bhosari, Pune",Bhosari,Pune,Pune,Maharashtra,411039,18.635028,73.84058,Low
LOC004610,Synthetic Meeting Point - Vishrantwadi 4610,Meeting Point,"32, Nagar Road, Vishrantwadi, Pune",Vishrantwadi,Pune,Pune,Maharashtra,411015,18.563575,73.873341,Low
LOC004611,Synthetic Warehouse - Vishrantwadi 4611,Warehouse,"184, Nagar Road, Vishrantwadi, Pune",Vishrantwadi,Pune,Pune,Maharashtra,411015,18.572897,73.880705,Medium
LOC004612,Synthetic Restaurant - Wakad 4612,Restaurant,"373, Market Road, Wakad, Pune",Wakad,Pune,Pune,Maharashtra,411057,18.601193,73.765616,Medium
LOC004613,Synthetic Restaurant - Yerawada 4613,Restaurant,"331, Station Road, Yerawada, Pune",Yerawada,Pune,Pune,Maharashtra,411006,18.5501,73.876154,High
LOC004614,Synthetic Workplace - Baner 4614,Workplace,"558, Industrial Road, Baner, Pune",Baner,Pune,Pune,Maharashtra,411045,18.55245,73.782969,High
LOC004615,Synthetic ATM - Kondhwa 4615,ATM,"973, Nagar Road, Kondhwa, Pune",Kondhwa,Pune,Pune,Maharashtra,411048,18.475394,73.88682,Medium
LOC004616,Synthetic Residence - Kothrud 4616,Residence,"239, Park Road, Kothrud, Pune",Kothrud,Pune,Pune,Maharashtra,411038,18.514936,73.809213,High
LOC004617,Synthetic Transport Hub - Katraj 4617,Transport Hub,"950, Canal Road, Katraj, Pune",Katraj,Pune,Pune,Maharashtra,411046,18.446297,73.867877,Low
LOC004618,Synthetic Residence - Wakad 4618,Residence,"726, Link Road, Wakad, Pune",Wakad,Pune,Pune,Maharashtra,411057,18.60655,73.763958,Low
LOC004619,Synthetic Residence - Viman Nagar 4619,Residence,"802, Nagar Road, Viman Nagar, Pune",Viman Nagar,Pune,Pune,Maharashtra,411014,18.569069,73.912022,Medium
LOC004620,Synthetic Residence - Viman Nagar 4620,Residence,"138, Nagar Road, Viman Nagar, Pune",Viman Nagar,Pune,Pune,Maharashtra,411014,18.560583,73.907778,Low
LOC004621,Synthetic Bank - Aundh 4621,Bank,"506, Park Road, Aundh, Pune",Aundh,Pune,Pune,Maharashtra,411007,18.556098,73.812426,Low
LOC004622,Synthetic Restaurant - Kothrud 4622,Restaurant,"551, Industrial Road, Kothrud, Pune",Kothrud,Pune,Pune,Maharashtra,411038,18.508643,73.809692,Medium
LOC004623,Synthetic Residence - Katraj 4623,Residence,"494, Canal Road, Katraj, Pune",Katraj,Pune,Pune,Maharashtra,411046,18.454678,73.865026,High
LOC004624,Synthetic Workplace - Baner 4624,Workplace,"593, Industrial Road, Baner, Pune",Baner,Pune,Pune,Maharashtra,411045,18.558683,73.790766,Low
LOC004625,Synthetic Residence - Hadapsar 4625,Residence,"89, Link Road, Hadapsar, Pune",Hadapsar,Pune,Pune,Maharashtra,411028,18.514306,73.923003,Low
LOC004626,Synthetic ATM - Pimpri 4626,ATM,"151, College Road, Pimpri, Pune",Pimpri,Pune,Pune,Maharashtra,411018,18.637791,73.796894,High
LOC004627,Synthetic Restaurant - Vishrantwadi 4627,Restaurant,"381, Industrial Road, Vishrantwadi, Pune",Vishrantwadi,Pune,Pune,Maharashtra,411015,18.562562,73.885989,Low
LOC004628,Synthetic Bank - Vishrantwadi 4628,Bank,"401, Canal Road, Vishrantwadi, Pune",Vishrantwadi,Pune,Pune,Maharashtra,411015,18.559698,73.872162,Low
LOC004629,Synthetic Residence - Swargate 4629,Residence,"956, Temple Road, Swargate, Pune",Swargate,Pune,Pune,Maharashtra,411037,18.505829,73.868915,Low
LOC004630,Synthetic Police Station - Kothrud,Police Station,"603, Nagar Road, Kothrud, Pune",Kothrud,Pune,Pune,Maharashtra,411038,18.513217,73.81549,Low
LOC004631,Synthetic Transport Hub - Yerawada 4631,Transport Hub,"238, Main Road, Yerawada, Pune",Yerawada,Pune,Pune,Maharashtra,411006,18.542464,73.885791,Medium
LOC004632,Synthetic Transport Hub - Wakad 4632,Transport Hub,"452, Station Road, Wakad, Pune",Wakad,Pune,Pune,Maharashtra,411057,18.5958,73.770403,Medium
LOC004633,Synthetic Bank - Yerawada 4633,Bank,"361, College Road, Yerawada, Pune",Yerawada,Pune,Pune,Maharashtra,411006,18.543236,73.876353,Low
LOC004634,Synthetic Crime Scene - Hadapsar 4634,Crime Scene,"910, Park Road, Hadapsar, Pune",Hadapsar,Pune,Pune,Maharashtra,411028,18.5142,73.922615,Medium
LOC004635,Synthetic Warehouse - Swargate 4635,Warehouse,"417, Industrial Road, Swargate, Pune",Swargate,Pune,Pune,Maharashtra,411037,18.498164,73.860787,High
LOC004636,Synthetic Restaurant - Swargate 4636,Restaurant,"57, Nagar Road, Swargate, Pune",Swargate,Pune,Pune,Maharashtra,411037,18.501719,73.862597,Medium
LOC004637,Synthetic Crime Scene - Aundh 4637,Crime Scene,"125, Canal Road, Aundh, Pune",Aundh,Pune,Pune,Maharashtra,411007,18.5632,73.807037,Low
LOC004638,Synthetic Meeting Point - Vishrantwadi 4638,Meeting Point,"813, Market Road, Vishrantwadi, Pune",Vishrantwadi,Pune,Pune,Maharashtra,411015,18.572431,73.878203,Low
LOC004639,Synthetic Workplace - Yerawada 4639,Workplace,"447, Station Road, Yerawada, Pune",Yerawada,Pune,Pune,Maharashtra,411006,18.554891,73.880074,Low
LOC004640,Synthetic Crime Scene - Vishrantwadi 4640,Crime Scene,"791, Temple Road, Vishrantwadi, Pune",Vishrantwadi,Pune,Pune,Maharashtra,411015,18.56028,73.885718,Low
LOC004641,Synthetic Police Station - Wakad,Police Station,"670, College Road, Wakad, Pune",Wakad,Pune,Pune,Maharashtra,411057,18.597001,73.769845,Low
LOC004642,Synthetic Workplace - Katraj 4642,Workplace,"373, Industrial Road, Katraj, Pune",Katraj,Pune,Pune,Maharashtra,411046,18.448658,73.862463,Low
LOC004643,Synthetic Transport Hub - Aundh 4643,Transport Hub,"379, Industrial Road, Aundh, Pune",Aundh,Pune,Pune,Maharashtra,411007,18.558897,73.807371,Low
LOC004644,Synthetic Other - Viman Nagar 4644,Other,"898, College Road, Viman Nagar, Pune",Viman Nagar,Pune,Pune,Maharashtra,411014,18.571862,73.920867,Low
LOC004645,Synthetic Residence - Baner 4645,Residence,"834, Canal Road, Baner, Pune",Baner,Pune,Pune,Maharashtra,411045,18.551095,73.792454,High
LOC004646,Synthetic Restaurant - Kothrud 4646,Restaurant,"404, Station Road, Kothrud, Pune",Kothrud,Pune,Pune,Maharashtra,411038,18.510335,73.80948,Low
LOC004647,Synthetic Workplace - Wakad 4647,Workplace,"610, Station Road, Wakad, Pune",Wakad,Pune,Pune,Maharashtra,411057,18.595867,73.755835,Low
LOC004648,Synthetic Hotel - Chinchwad 4648,Hotel,"553, Station Road, Chinchwad, Pune",Chinchwad,Pune,Pune,Maharashtra,411033,18.634419,73.798122,Medium
LOC004649,Synthetic Residence - Wakad 4649,Residence,"327, Park Road, Wakad, Pune",Wakad,Pune,Pune,Maharashtra,411057,18.595659,73.765923,Medium
LOC004650,Synthetic Workplace - Swargate 4650,Workplace,"519, Temple Road, Swargate, Pune",Swargate,Pune,Pune,Maharashtra,411037,18.509655,73.866546,Medium
LOC004651,Synthetic Warehouse - Pimpri 4651,Warehouse,"999, Main Road, Pimpri, Pune",Pimpri,Pune,Pune,Maharashtra,411018,18.627546,73.799596,Low
LOC004652,Synthetic Warehouse - Aundh 4652,Warehouse,"834, Link Road, Aundh, Pune",Aundh,Pune,Pune,Maharashtra,411007,18.562882,73.813889,High
LOC004653,Synthetic Residence - Chinchwad 4653,Residence,"560, Market Road, Chinchwad, Pune",Chinchwad,Pune,Pune,Maharashtra,411033,18.628976,73.795394,Low
LOC004654,Synthetic ATM - Wakad 4654,ATM,"968, Market Road, Wakad, Pune",Wakad,Pune,Pune,Maharashtra,411057,18.602678,73.769547,Low
LOC004655,Synthetic Residence - Vishrantwadi 4655,Residence,"325, Canal Road, Vishrantwadi, Pune",Vishrantwadi,Pune,Pune,Maharashtra,411015,18.570197,73.874484,Low
LOC004656,Synthetic Crime Scene - Kothrud 4656,Crime Scene,"247, College Road, Kothrud, Pune",Kothrud,Pune,Pune,Maharashtra,411038,18.5093,73.808799,Low
LOC004657,Synthetic Residence - Chinchwad 4657,Residence,"658, Main Road, Chinchwad, Pune",Chinchwad,Pune,Pune,Maharashtra,411033,18.636483,73.797581,Low
LOC004658,Synthetic Transport Hub - Swargate 4658,Transport Hub,"919, Park Road, Swargate, Pune",Swargate,Pune,Pune,Maharashtra,411037,18.494325,73.859936,Medium
LOC004659,Synthetic Residence - Kondhwa 4659,Residence,"722, Canal Road, Kondhwa, Pune",Kondhwa,Pune,Pune,Maharashtra,411048,18.473622,73.88468,Low
LOC004660,Synthetic Transport Hub - Shivajinagar 4660,Transport Hub,"675, College Road, Shivajinagar, Pune",Shivajinagar,Pune,Pune,Maharashtra,411005,18.527063,73.842496,Low
LOC004661,Synthetic Meeting Point - Vishrantwadi 4661,Meeting Point,"113, Main Road, Vishrantwadi, Pune",Vishrantwadi,Pune,Pune,Maharashtra,411015,18.568888,73.87434,Low
LOC004662,Synthetic Residence - Kothrud 4662,Residence,"928, Industrial Road, Kothrud, Pune",Kothrud,Pune,Pune,Maharashtra,411038,18.50101,73.809597,Medium
LOC004663,Synthetic Bank - Chinchwad 4663,Bank,"732, College Road, Chinchwad, Pune",Chinchwad,Pune,Pune,Maharashtra,411033,18.637196,73.798948,Low
LOC004664,Synthetic Residence - Bhosari 4664,Residence,"357, Canal Road, Bhosari, Pune",Bhosari,Pune,Pune,Maharashtra,411039,18.635979,73.848349,Low
LOC004665,Synthetic Meeting Point - Aundh 4665,Meeting Point,"765, Main Road, Aundh, Pune",Aundh,Pune,Pune,Maharashtra,411007,18.562822,73.800818,Low
LOC004666,Synthetic Bank - Hadapsar 4666,Bank,"912, Industrial Road, Hadapsar, Pune",Hadapsar,Pune,Pune,Maharashtra,411028,18.512539,73.918632,High
LOC004667,Synthetic Residence - Katraj 4667,Residence,"853, Temple Road, Katraj, Pune",Katraj,Pune,Pune,Maharashtra,411046,18.445673,73.872289,Medium
LOC004668,Synthetic Other - Yerawada 4668,Other,"459, College Road, Yerawada, Pune",Yerawada,Pune,Pune,Maharashtra,411006,18.542209,73.875135,Medium
LOC004669,Synthetic Residence - Viman Nagar 4669,Residence,"243, Industrial Road, Viman Nagar, Pune",Viman Nagar,Pune,Pune,Maharashtra,411014,18.560872,73.908652,Low
LOC004670,Synthetic Other - Viman Nagar 4670,Other,"590, Temple Road, Viman Nagar, Pune",Viman Nagar,Pune,Pune,Maharashtra,411014,18.561222,73.921906,High
LOC004671,Synthetic Hotel - Chinchwad 4671,Hotel,"237, Link Road, Chinchwad, Pune",Chinchwad,Pune,Pune,Maharashtra,411033,18.625252,73.797609,Low
LOC004672,Synthetic Residence - Hadapsar 4672,Residence,"140, Link Road, Hadapsar, Pune",Hadapsar,Pune,Pune,Maharashtra,411028,18.506936,73.926049,High
LOC004673,Synthetic Warehouse - Hadapsar 4673,Warehouse,"369, Park Road, Hadapsar, Pune",Hadapsar,Pune,Pune,Maharashtra,411028,18.504362,73.918809,Medium
LOC004674,Synthetic Bank - Bhosari 4674,Bank,"317, Station Road, Bhosari, Pune",Bhosari,Pune,Pune,Maharashtra,411039,18.63011,73.847397,Medium
LOC004675,Synthetic ATM - Pimpri 4675,ATM,"633, College Road, Pimpri, Pune",Pimpri,Pune,Pune,Maharashtra,411018,18.635497,73.801509,High
LOC004676,Synthetic Residence - Baner 4676,Residence,"314, Nagar Road, Baner, Pune",Baner,Pune,Pune,Maharashtra,411045,18.565027,73.779849,Low
LOC004677,Synthetic Transport Hub - Vishrantwadi 4677,Transport Hub,"501, Link Road, Vishrantwadi, Pune",Vishrantwadi,Pune,Pune,Maharashtra,411015,18.570617,73.882604,Medium
LOC004678,Synthetic Other - Aundh 4678,Other,"902, Industrial Road, Aundh, Pune",Aundh,Pune,Pune,Maharashtra,411007,18.56254,73.81261,Low
LOC004679,Synthetic Meeting Point - Pimpri 4679,Meeting Point,"155, Park Road, Pimpri, Pune",Pimpri,Pune,Pune,Maharashtra,411018,18.630918,73.7942,Low
LOC004680,Synthetic Workplace - Baner 4680,Workplace,"47, Temple Road, Baner, Pune",Baner,Pune,Pune,Maharashtra,411045,18.552707,73.780706,High
LOC004681,Synthetic Residence - Swargate 4681,Residence,"70, Temple Road, Swargate, Pune",Swargate,Pune,Pune,Maharashtra,411037,18.50758,73.867156,Low
LOC004682,Synthetic Meeting Point - Kondhwa 4682,Meeting Point,"377, Canal Road, Kondhwa, Pune",Kondhwa,Pune,Pune,Maharashtra,411048,18.464687,73.885448,Low
LOC004683,Synthetic Restaurant - Viman Nagar 4683,Restaurant,"218, Market Road, Viman Nagar, Pune",Viman Nagar,Pune,Pune,Maharashtra,411014,18.561266,73.91634,Low
LOC004684,Synthetic Other - Vishrantwadi 4684,Other,"684, Park Road, Vishrantwadi, Pune",Vishrantwadi,Pune,Pune,Maharashtra,411015,18.564638,73.884916,Low
LOC004685,Synthetic Warehouse - Chinchwad 4685,Warehouse,"360, Temple Road, Chinchwad, Pune",Chinchwad,Pune,Pune,Maharashtra,411033,18.625435,73.794204,Low
LOC004686,Synthetic Workplace - Wakad 4686,Workplace,"638, Main Road, Wakad, Pune",Wakad,Pune,Pune,Maharashtra,411057,18.604269,73.76598,High
LOC004687,Synthetic Residence - Bhosari 4687,Residence,"893, Temple Road, Bhosari, Pune",Bhosari,Pune,Pune,Maharashtra,411039,18.628476,73.853898,Low
LOC004688,Synthetic Workplace - Hadapsar 4688,Workplace,"921, Park Road, Hadapsar, Pune",Hadapsar,Pune,Pune,Maharashtra,411028,18.511719,73.931258,Low
LOC004689,Synthetic Workplace - Aundh 4689,Workplace,"503, Industrial Road, Aundh, Pune",Aundh,Pune,Pune,Maharashtra,411007,18.555074,73.811945,Low
LOC004690,Synthetic Workplace - Baner 4690,Workplace,"647, Park Road, Baner, Pune",Baner,Pune,Pune,Maharashtra,411045,18.558143,73.792347,Low
LOC004691,Synthetic Residence - Yerawada 4691,Residence,"836, Park Road, Yerawada, Pune",Yerawada,Pune,Pune,Maharashtra,411006,18.550891,73.882833,Medium
LOC004692,Synthetic Workplace - Chinchwad 4692,Workplace,"13, Nagar Road, Chinchwad, Pune",Chinchwad,Pune,Pune,Maharashtra,411033,18.633973,73.793344,Medium
LOC004693,Synthetic Workplace - Yerawada 4693,Workplace,"246, Nagar Road, Yerawada, Pune",Yerawada,Pune,Pune,Maharashtra,411006,18.544445,73.878504,Low
LOC004694,Synthetic Hotel - Viman Nagar 4694,Hotel,"216, Industrial Road, Viman Nagar, Pune",Viman Nagar,Pune,Pune,Maharashtra,411014,18.573783,73.910204,Low
LOC004695,Synthetic Meeting Point - Kothrud 4695,Meeting Point,"696, Market Road, Kothrud, Pune",Kothrud,Pune,Pune,Maharashtra,411038,18.50434,73.810891,Medium
LOC004696,Synthetic Residence - Chinchwad 4696,Residence,"702, Station Road, Chinchwad, Pune",Chinchwad,Pune,Pune,Maharashtra,411033,18.627518,73.803371,Low
LOC004697,Synthetic Police Station - Bhosari,Police Station,"144, Market Road, Bhosari, Pune",Bhosari,Pune,Pune,Maharashtra,411039,18.631392,73.849766,High
LOC004698,Synthetic Residence - Swargate 4698,Residence,"808, Station Road, Swargate, Pune",Swargate,Pune,Pune,Maharashtra,411037,18.498764,73.864287,High
LOC004699,Synthetic Other - Hadapsar 4699,Other,"31, Station Road, Hadapsar, Pune",Hadapsar,Pune,Pune,Maharashtra,411028,18.51355,73.932921,Medium
LOC004700,Synthetic Meeting Point - Katraj 4700,Meeting Point,"557, Temple Road, Katraj, Pune",Katraj,Pune,Pune,Maharashtra,411046,18.445165,73.857755,Low
LOC004701,Synthetic Crime Scene - Viman Nagar 4701,Crime Scene,"687, Station Road, Viman Nagar, Pune",Viman Nagar,Pune,Pune,Maharashtra,411014,18.56518,73.918236,Low
LOC004702,Synthetic Meeting Point - Baner 4702,Meeting Point,"259, Station Road, Baner, Pune",Baner,Pune,Pune,Maharashtra,411045,18.564163,73.789593,Medium
LOC004703,Synthetic ATM - Wakad 4703,ATM,"437, Station Road, Wakad, Pune",Wakad,Pune,Pune,Maharashtra,411057,18.603464,73.767153,Low
LOC004704,Synthetic Residence - Hadapsar 4704,Residence,"438, Temple Road, Hadapsar, Pune",Hadapsar,Pune,Pune,Maharashtra,411028,18.509421,73.921439,Medium
LOC004705,Synthetic Workplace - Pimpri 4705,Workplace,"32, Link Road, Pimpri, Pune",Pimpri,Pune,Pune,Maharashtra,411018,18.628061,73.80394,Medium
LOC004706,Synthetic Meeting Point - Yerawada 4706,Meeting Point,"173, Industrial Road, Yerawada, Pune",Yerawada,Pune,Pune,Maharashtra,411006,18.543018,73.883625,Low
LOC004707,Synthetic Crime Scene - Aundh 4707,Crime Scene,"460, Canal Road, Aundh, Pune",Aundh,Pune,Pune,Maharashtra,411007,18.559839,73.803095,Low
LOC004708,Synthetic Workplace - Swargate 4708,Workplace,"806, Link Road, Swargate, Pune",Swargate,Pune,Pune,Maharashtra,411037,18.501419,73.857513,High
LOC004709,Synthetic Restaurant - Katraj 4709,Restaurant,"337, College Road, Katraj, Pune",Katraj,Pune,Pune,Maharashtra,411046,18.456098,73.858211,Low
LOC004710,Synthetic Workplace - Yerawada 4710,Workplace,"681, Canal Road, Yerawada, Pune",Yerawada,Pune,Pune,Maharashtra,411006,18.550283,73.885578,Low
LOC004711,Synthetic Residence - Swargate 4711,Residence,"752, Nagar Road, Swargate, Pune",Swargate,Pune,Pune,Maharashtra,411037,18.501608,73.866063,Low
LOC004712,Synthetic Crime Scene - Kondhwa 4712,Crime Scene,"329, College Road, Kondhwa, Pune",Kondhwa,Pune,Pune,Maharashtra,411048,18.463514,73.896064,Medium
LOC004713,Synthetic Warehouse - Dhankawadi 4713,Warehouse,"752, Canal Road, Dhankawadi, Pune",Dhankawadi,Pune,Pune,Maharashtra,411043,18.470013,73.850792,Medium
LOC004714,Synthetic Residence - Aundh 4714,Residence,"627, Canal Road, Aundh, Pune",Aundh,Pune,Pune,Maharashtra,411007,18.562176,73.813711,Low
LOC004715,Synthetic Crime Scene - Baner 4715,Crime Scene,"586, Canal Road, Baner, Pune",Baner,Pune,Pune,Maharashtra,411045,18.552479,73.783012,High
LOC004716,Synthetic Residence - Chinchwad 4716,Residence,"559, Station Road, Chinchwad, Pune",Chinchwad,Pune,Pune,Maharashtra,411033,18.635635,73.801513,Low
LOC004717,Synthetic Residence - Chinchwad 4717,Residence,"276, Market Road, Chinchwad, Pune",Chinchwad,Pune,Pune,Maharashtra,411033,18.6228,73.800827,Low
LOC004718,Synthetic Workplace - Aundh 4718,Workplace,"137, Nagar Road, Aundh, Pune",Aundh,Pune,Pune,Maharashtra,411007,18.563581,73.80283,High
LOC004719,Synthetic ATM - Kondhwa 4719,ATM,"168, Station Road, Kondhwa, Pune",Kondhwa,Pune,Pune,Maharashtra,411048,18.466845,73.888335,Medium
LOC004720,Synthetic Restaurant - Wakad 4720,Restaurant,"966, Industrial Road, Wakad, Pune",Wakad,Pune,Pune,Maharashtra,411057,18.599949,73.764397,Low
LOC004721,Synthetic Residence - Swargate 4721,Residence,"456, Canal Road, Swargate, Pune",Swargate,Pune,Pune,Maharashtra,411037,18.506824,73.870081,Low
LOC004722,Synthetic Residence - Wakad 4722,Residence,"645, Nagar Road, Wakad, Pune",Wakad,Pune,Pune,Maharashtra,411057,18.605947,73.761332,Low
LOC004723,Synthetic Residence - Wakad 4723,Residence,"375, Market Road, Wakad, Pune",Wakad,Pune,Pune,Maharashtra,411057,18.593179,73.763706,Low
LOC004724,Synthetic Residence - Viman Nagar 4724,Residence,"973, Canal Road, Viman Nagar, Pune",Viman Nagar,Pune,Pune,Maharashtra,411014,18.57056,73.921667,Low
LOC004725,Synthetic Restaurant - Aundh 4725,Restaurant,"178, Market Road, Aundh, Pune",Aundh,Pune,Pune,Maharashtra,411007,18.566633,73.807345,Low
LOC004726,Synthetic Workplace - Vishrantwadi 4726,Workplace,"543, Canal Road, Vishrantwadi, Pune",Vishrantwadi,Pune,Pune,Maharashtra,411015,18.570554,73.87857,Low
LOC004727,Synthetic Transport Hub - Baner 4727,Transport Hub,"563, College Road, Baner, Pune",Baner,Pune,Pune,Maharashtra,411045,18.561497,73.790574,Low
LOC004728,Synthetic Bank - Swargate 4728,Bank,"677, Canal Road, Swargate, Pune",Swargate,Pune,Pune,Maharashtra,411037,18.501775,73.864666,Low
LOC004729,Synthetic Residence - Dhankawadi 4729,Residence,"48, College Road, Dhankawadi, Pune",Dhankawadi,Pune,Pune,Maharashtra,411043,18.469971,73.855087,Low
LOC004730,Synthetic ATM - Pimpri 4730,ATM,"960, Nagar Road, Pimpri, Pune",Pimpri,Pune,Pune,Maharashtra,411018,18.634255,73.798785,High
LOC004731,Synthetic Police Station - Hadapsar,Police Station,"403, Main Road, Hadapsar, Pune",Hadapsar,Pune,Pune,Maharashtra,411028,18.515517,73.932364,Medium
LOC004732,Synthetic Warehouse - Bhosari 4732,Warehouse,"504, Market Road, Bhosari, Pune",Bhosari,Pune,Pune,Maharashtra,411039,18.629313,73.847693,High
LOC004733,Synthetic Residence - Aundh 4733,Residence,"938, Main Road, Aundh, Pune",Aundh,Pune,Pune,Maharashtra,411007,18.551329,73.809836,Low
LOC004734,Synthetic Meeting Point - Kondhwa 4734,Meeting Point,"747, Park Road, Kondhwa, Pune",Kondhwa,Pune,Pune,Maharashtra,411048,18.462902,73.893076,Low
LOC004735,Synthetic Restaurant - Aundh 4735,Restaurant,"629, Nagar Road, Aundh, Pune",Aundh,Pune,Pune,Maharashtra,411007,18.558565,73.804766,Low
LOC004736,Synthetic Warehouse - Dhankawadi 4736,Warehouse,"526, Market Road, Dhankawadi, Pune",Dhankawadi,Pune,Pune,Maharashtra,411043,18.465091,73.84377,Medium
LOC004737,Synthetic Workplace - Pimpri 4737,Workplace,"649, College Road, Pimpri, Pune",Pimpri,Pune,Pune,Maharashtra,411018,18.637629,73.801321,Low
LOC004738,Synthetic Residence - Shivajinagar 4738,Residence,"466, Market Road, Shivajinagar, Pune",Shivajinagar,Pune,Pune,Maharashtra,411005,18.531435,73.85096,Medium
LOC004739,Synthetic Residence - Baner 4739,Residence,"244, Station Road, Baner, Pune",Baner,Pune,Pune,Maharashtra,411045,18.554507,73.790806,Low
LOC004740,Synthetic Workplace - Chinchwad 4740,Workplace,"263, Nagar Road, Chinchwad, Pune",Chinchwad,Pune,Pune,Maharashtra,411033,18.626388,73.792235,Low
LOC004741,Synthetic Warehouse - Wakad 4741,Warehouse,"453, Market Road, Wakad, Pune",Wakad,Pune,Pune,Maharashtra,411057,18.594506,73.763769,High
LOC004742,Synthetic Workplace - Katraj 4742,Workplace,"603, Temple Road, Katraj, Pune",Katraj,Pune,Pune,Maharashtra,411046,18.446403,73.872156,Medium
LOC004743,Synthetic Police Station - Viman Nagar,Police Station,"675, Nagar Road, Viman Nagar, Pune",Viman Nagar,Pune,Pune,Maharashtra,411014,18.567222,73.915124,High
LOC004744,Synthetic Residence - Vishrantwadi 4744,Residence,"178, Market Road, Vishrantwadi, Pune",Vishrantwadi,Pune,Pune,Maharashtra,411015,18.569772,73.880329,Low
LOC004745,Synthetic Crime Scene - Yerawada 4745,Crime Scene,"196, Park Road, Yerawada, Pune",Yerawada,Pune,Pune,Maharashtra,411006,18.550952,73.884405,Low
LOC004746,Synthetic Crime Scene - Dhankawadi 4746,Crime Scene,"643, Link Road, Dhankawadi, Pune",Dhankawadi,Pune,Pune,Maharashtra,411043,18.464655,73.854438,Medium
LOC004747,Synthetic Hotel - Yerawada 4747,Hotel,"968, Main Road, Yerawada, Pune",Yerawada,Pune,Pune,Maharashtra,411006,18.555564,73.877111,Low
LOC004748,Synthetic Residence - Aundh 4748,Residence,"928, Link Road, Aundh, Pune",Aundh,Pune,Pune,Maharashtra,411007,18.557234,73.80235,Low
LOC004749,Synthetic Workplace - Aundh 4749,Workplace,"870, Industrial Road, Aundh, Pune",Aundh,Pune,Pune,Maharashtra,411007,18.560009,73.809928,Medium
LOC004750,Synthetic Crime Scene - Shivajinagar 4750,Crime Scene,"964, Main Road, Shivajinagar, Pune",Shivajinagar,Pune,Pune,Maharashtra,411005,18.531594,73.852156,High
LOC004751,Synthetic Residence - Vishrantwadi 4751,Residence,"49, Market Road, Vishrantwadi, Pune",Vishrantwadi,Pune,Pune,Maharashtra,411015,18.570347,73.880234,High
LOC004752,Synthetic Transport Hub - Baner 4752,Transport Hub,"37, Park Road, Baner, Pune",Baner,Pune,Pune,Maharashtra,411045,18.560618,73.780265,High
LOC004753,Synthetic Workplace - Shivajinagar 4753,Workplace,"370, Park Road, Shivajinagar, Pune",Shivajinagar,Pune,Pune,Maharashtra,411005,18.528998,73.854661,Low
LOC004754,Synthetic Workplace - Viman Nagar 4754,Workplace,"133, Canal Road, Viman Nagar, Pune",Viman Nagar,Pune,Pune,Maharashtra,411014,18.575733,73.921526,High
LOC004755,Synthetic Workplace - Baner 4755,Workplace,"829, Temple Road, Baner, Pune",Baner,Pune,Pune,Maharashtra,411045,18.556081,73.780796,Medium
LOC004756,Synthetic Residence - Viman Nagar 4756,Residence,"703, Link Road, Viman Nagar, Pune",Viman Nagar,Pune,Pune,Maharashtra,411014,18.570337,73.922113,Medium
LOC004757,Synthetic Residence - Katraj 4757,Residence,"681, College Road, Katraj, Pune",Katraj,Pune,Pune,Maharashtra,411046,18.454318,73.873109,Low
LOC004758,Synthetic Crime Scene - Shivajinagar 4758,Crime Scene,"409, Canal Road, Shivajinagar, Pune",Shivajinagar,Pune,Pune,Maharashtra,411005,18.525953,73.84612,Medium
LOC004759,Synthetic Residence - Baner 4759,Residence,"230, College Road, Baner, Pune",Baner,Pune,Pune,Maharashtra,411045,18.559104,73.787441,Low
LOC004760,Synthetic Residence - Wakad 4760,Residence,"434, Canal Road, Wakad, Pune",Wakad,Pune,Pune,Maharashtra,411057,18.59172,73.763513,Low
LOC004761,Synthetic Residence - Kondhwa 4761,Residence,"193, Park Road, Kondhwa, Pune",Kondhwa,Pune,Pune,Maharashtra,411048,18.465382,73.887496,Medium
LOC004762,Synthetic Residence - Kothrud 4762,Residence,"16, College Road, Kothrud, Pune",Kothrud,Pune,Pune,Maharashtra,411038,18.5069,73.81331,Low
LOC004763,Synthetic Transport Hub - Aundh 4763,Transport Hub,"344, Temple Road, Aundh, Pune",Aundh,Pune,Pune,Maharashtra,411007,18.55541,73.80004,Low
LOC004764,Synthetic Workplace - Bhosari 4764,Workplace,"445, Park Road, Bhosari, Pune",Bhosari,Pune,Pune,Maharashtra,411039,18.623434,73.839805,Medium
LOC004765,Synthetic Restaurant - Kothrud 4765,Restaurant,"301, Industrial Road, Kothrud, Pune",Kothrud,Pune,Pune,Maharashtra,411038,18.500794,73.812025,Low
LOC004766,Synthetic Residence - Vishrantwadi 4766,Residence,"828, Market Road, Vishrantwadi, Pune",Vishrantwadi,Pune,Pune,Maharashtra,411015,18.561818,73.872436,Medium
LOC004767,Synthetic Warehouse - Katraj 4767,Warehouse,"823, Industrial Road, Katraj, Pune",Katraj,Pune,Pune,Maharashtra,411046,18.45275,73.862879,Low
LOC004768,Synthetic Bank - Dhankawadi 4768,Bank,"604, Link Road, Dhankawadi, Pune",Dhankawadi,Pune,Pune,Maharashtra,411043,18.461762,73.853774,Low
LOC004769,Synthetic Residence - Chinchwad 4769,Residence,"897, Nagar Road, Chinchwad, Pune",Chinchwad,Pune,Pune,Maharashtra,411033,18.624307,73.800801,Medium
LOC004770,Synthetic Transport Hub - Kothrud 4770,Transport Hub,"133, Main Road, Kothrud, Pune",Kothrud,Pune,Pune,Maharashtra,411038,18.504619,73.804753,Medium
LOC004771,Synthetic Crime Scene - Viman Nagar 4771,Crime Scene,"551, Link Road, Viman Nagar, Pune",Viman Nagar,Pune,Pune,Maharashtra,411014,18.568096,73.912321,Low
LOC004772,Synthetic Meeting Point - Baner 4772,Meeting Point,"41, Park Road, Baner, Pune",Baner,Pune,Pune,Maharashtra,411045,18.55907,73.779885,Low
LOC004773,Synthetic Meeting Point - Viman Nagar 4773,Meeting Point,"640, Canal Road, Viman Nagar, Pune",Viman Nagar,Pune,Pune,Maharashtra,411014,18.562146,73.920078,Low
LOC004774,Synthetic Crime Scene - Kothrud 4774,Crime Scene,"113, Nagar Road, Kothrud, Pune",Kothrud,Pune,Pune,Maharashtra,411038,18.50355,73.809701,Medium
LOC004775,Synthetic Workplace - Viman Nagar 4775,Workplace,"235, Nagar Road, Viman Nagar, Pune",Viman Nagar,Pune,Pune,Maharashtra,411014,18.573476,73.909075,Low
LOC004776,Synthetic Crime Scene - Viman Nagar 4776,Crime Scene,"679, Nagar Road, Viman Nagar, Pune",Viman Nagar,Pune,Pune,Maharashtra,411014,18.572205,73.920093,Low
LOC004777,Synthetic Residence - Aundh 4777,Residence,"983, Industrial Road, Aundh, Pune",Aundh,Pune,Pune,Maharashtra,411007,18.564395,73.807329,Medium
LOC004778,Synthetic Bank - Viman Nagar 4778,Bank,"308, Main Road, Viman Nagar, Pune",Viman Nagar,Pune,Pune,Maharashtra,411014,18.565953,73.914078,Low
LOC004779,Synthetic Residence - Vishrantwadi 4779,Residence,"934, Nagar Road, Vishrantwadi, Pune",Vishrantwadi,Pune,Pune,Maharashtra,411015,18.567174,73.876841,Low
LOC004780,Synthetic Workplace - Yerawada 4780,Workplace,"458, College Road, Yerawada, Pune",Yerawada,Pune,Pune,Maharashtra,411006,18.547406,73.87533,Low
LOC004781,Synthetic Restaurant - Baner 4781,Restaurant,"704, Main Road, Baner, Pune",Baner,Pune,Pune,Maharashtra,411045,18.55249,73.785558,Medium
LOC004782,Synthetic ATM - Dhankawadi 4782,ATM,"647, Market Road, Dhankawadi, Pune",Dhankawadi,Pune,Pune,Maharashtra,411043,18.459631,73.852803,Low
LOC004783,Synthetic Residence - Katraj 4783,Residence,"966, Industrial Road, Katraj, Pune",Katraj,Pune,Pune,Maharashtra,411046,18.4478,73.867742,Medium
LOC004784,Synthetic Crime Scene - Chinchwad 4784,Crime Scene,"801, Link Road, Chinchwad, Pune",Chinchwad,Pune,Pune,Maharashtra,411033,18.634448,73.793656,Medium
LOC004785,Synthetic Workplace - Baner 4785,Workplace,"824, Link Road, Baner, Pune",Baner,Pune,Pune,Maharashtra,411045,18.564952,73.785043,High
LOC004786,Synthetic Residence - Yerawada 4786,Residence,"189, Station Road, Yerawada, Pune",Yerawada,Pune,Pune,Maharashtra,411006,18.553361,73.877692,Medium
LOC004787,Synthetic Residence - Pimpri 4787,Residence,"121, Main Road, Pimpri, Pune",Pimpri,Pune,Pune,Maharashtra,411018,18.624877,73.791856,High
LOC004788,Synthetic Workplace - Aundh 4788,Workplace,"233, Nagar Road, Aundh, Pune",Aundh,Pune,Pune,Maharashtra,411007,18.552803,73.802892,High
LOC004789,Synthetic Warehouse - Vishrantwadi 4789,Warehouse,"865, Market Road, Vishrantwadi, Pune",Vishrantwadi,Pune,Pune,Maharashtra,411015,18.567746,73.871378,Medium
LOC004790,Synthetic Crime Scene - Dhankawadi 4790,Crime Scene,"243, Park Road, Dhankawadi, Pune",Dhankawadi,Pune,Pune,Maharashtra,411043,18.47079,73.842981,Medium
LOC004791,Synthetic Residence - Vishrantwadi 4791,Residence,"374, Link Road, Vishrantwadi, Pune",Vishrantwadi,Pune,Pune,Maharashtra,411015,18.561665,73.880671,Medium
LOC004792,Synthetic Workplace - Yerawada 4792,Workplace,"139, Canal Road, Yerawada, Pune",Yerawada,Pune,Pune,Maharashtra,411006,18.540829,73.876535,High
LOC004793,Synthetic Other - Aundh 4793,Other,"341, Station Road, Aundh, Pune",Aundh,Pune,Pune,Maharashtra,411007,18.555491,73.811317,Low
LOC004794,Synthetic Restaurant - Chinchwad 4794,Restaurant,"111, Park Road, Chinchwad, Pune",Chinchwad,Pune,Pune,Maharashtra,411033,18.631352,73.802199,Low
LOC004795,Synthetic Crime Scene - Chinchwad 4795,Crime Scene,"87, Main Road, Chinchwad, Pune",Chinchwad,Pune,Pune,Maharashtra,411033,18.633625,73.797422,Low
LOC004796,Synthetic Police Station - Bhosari,Police Station,"984, Park Road, Bhosari, Pune",Bhosari,Pune,Pune,Maharashtra,411039,18.624485,73.854673,Low
LOC004797,Synthetic Crime Scene - Wakad 4797,Crime Scene,"604, Temple Road, Wakad, Pune",Wakad,Pune,Pune,Maharashtra,411057,18.594386,73.768902,High
LOC004798,Synthetic ATM - Bhosari 4798,ATM,"625, Park Road, Bhosari, Pune",Bhosari,Pune,Pune,Maharashtra,411039,18.635566,73.845449,Medium
LOC004799,Synthetic Residence - Yerawada 4799,Residence,"877, Canal Road, Yerawada, Pune",Yerawada,Pune,Pune,Maharashtra,411006,18.540191,73.882606,Medium
LOC004800,Synthetic Crime Scene - Kondhwa 4800,Crime Scene,"93, Main Road, Kondhwa, Pune",Kondhwa,Pune,Pune,Maharashtra,411048,18.476884,73.883348,Low
LOC004801,Synthetic Transport Hub - Viman Nagar 4801,Transport Hub,"303, Market Road, Viman Nagar, Pune",Viman Nagar,Pune,Pune,Maharashtra,411014,18.564407,73.915074,Medium
LOC004802,Synthetic Hotel - Wakad 4802,Hotel,"949, Temple Road, Wakad, Pune",Wakad,Pune,Pune,Maharashtra,411057,18.59572,73.762075,Low
LOC004803,Synthetic Workplace - Dhankawadi 4803,Workplace,"132, Station Road, Dhankawadi, Pune",Dhankawadi,Pune,Pune,Maharashtra,411043,18.464451,73.846064,Low
LOC004804,Synthetic Warehouse - Dhankawadi 4804,Warehouse,"53, Link Road, Dhankawadi, Pune",Dhankawadi,Pune,Pune,Maharashtra,411043,18.459713,73.856522,Medium
LOC004805,Synthetic Other - Viman Nagar 4805,Other,"555, Market Road, Viman Nagar, Pune",Viman Nagar,Pune,Pune,Maharashtra,411014,18.563888,73.910875,Low
LOC004806,Synthetic Crime Scene - Dhankawadi 4806,Crime Scene,"438, Market Road, Dhankawadi, Pune",Dhankawadi,Pune,Pune,Maharashtra,411043,18.460419,73.842565,Low
LOC004807,Synthetic Workplace - Katraj 4807,Workplace,"570, College Road, Katraj, Pune",Katraj,Pune,Pune,Maharashtra,411046,18.449432,73.863198,Low
LOC004808,Synthetic Crime Scene - Katraj 4808,Crime Scene,"418, Nagar Road, Katraj, Pune",Katraj,Pune,Pune,Maharashtra,411046,18.451509,73.860964,Low
LOC004809,Synthetic Police Station - Kothrud,Police Station,"898, Park Road, Kothrud, Pune",Kothrud,Pune,Pune,Maharashtra,411038,18.510739,73.809257,Low
LOC004810,Synthetic Residence - Baner 4810,Residence,"987, Link Road, Baner, Pune",Baner,Pune,Pune,Maharashtra,411045,18.55555,73.793714,Medium
LOC004811,Synthetic Restaurant - Kothrud 4811,Restaurant,"888, Market Road, Kothrud, Pune",Kothrud,Pune,Pune,Maharashtra,411038,18.514645,73.810818,Low
LOC004812,Synthetic Residence - Swargate 4812,Residence,"238, Station Road, Swargate, Pune",Swargate,Pune,Pune,Maharashtra,411037,18.508928,73.859065,Low
LOC004813,Synthetic Workplace - Kondhwa 4813,Workplace,"707, Main Road, Kondhwa, Pune",Kondhwa,Pune,Pune,Maharashtra,411048,18.461575,73.894614,Low
LOC004814,Synthetic Restaurant - Aundh 4814,Restaurant,"194, Market Road, Aundh, Pune",Aundh,Pune,Pune,Maharashtra,411007,18.560603,73.812824,Low
LOC004815,Synthetic Workplace - Katraj 4815,Workplace,"853, College Road, Katraj, Pune",Katraj,Pune,Pune,Maharashtra,411046,18.453627,73.857751,Low
LOC004816,Synthetic Workplace - Chinchwad 4816,Workplace,"706, Market Road, Chinchwad, Pune",Chinchwad,Pune,Pune,Maharashtra,411033,18.627163,73.804211,Low
LOC004817,Synthetic Meeting Point - Shivajinagar 4817,Meeting Point,"252, Nagar Road, Shivajinagar, Pune",Shivajinagar,Pune,Pune,Maharashtra,411005,18.530504,73.845174,Low
LOC004818,Synthetic Meeting Point - Bhosari 4818,Meeting Point,"728, Main Road, Bhosari, Pune",Bhosari,Pune,Pune,Maharashtra,411039,18.636234,73.852372,Medium
LOC004819,Synthetic Workplace - Baner 4819,Workplace,"344, Park Road, Baner, Pune",Baner,Pune,Pune,Maharashtra,411045,18.556416,73.793088,Medium
LOC004820,Synthetic Residence - Kothrud 4820,Residence,"264, College Road, Kothrud, Pune",Kothrud,Pune,Pune,Maharashtra,411038,18.508802,73.800369,Medium
LOC004821,Synthetic Workplace - Bhosari 4821,Workplace,"779, College Road, Bhosari, Pune",Bhosari,Pune,Pune,Maharashtra,411039,18.629199,73.851322,Low
LOC004822,Synthetic Warehouse - Swargate 4822,Warehouse,"979, Industrial Road, Swargate, Pune",Swargate,Pune,Pune,Maharashtra,411037,18.499572,73.85998,Medium
LOC004823,Synthetic Crime Scene - Chinchwad 4823,Crime Scene,"574, Main Road, Chinchwad, Pune",Chinchwad,Pune,Pune,Maharashtra,411033,18.636277,73.794375,Low
LOC004824,Synthetic Meeting Point - Wakad 4824,Meeting Point,"931, Industrial Road, Wakad, Pune",Wakad,Pune,Pune,Maharashtra,411057,18.595233,73.764214,Low
LOC004825,Synthetic Residence - Kondhwa 4825,Residence,"404, Industrial Road, Kondhwa, Pune",Kondhwa,Pune,Pune,Maharashtra,411048,18.469573,73.885578,Medium
LOC004826,Synthetic Workplace - Vishrantwadi 4826,Workplace,"633, Industrial Road, Vishrantwadi, Pune",Vishrantwadi,Pune,Pune,Maharashtra,411015,18.568968,73.88366,Low
LOC004827,Synthetic Residence - Vishrantwadi 4827,Residence,"244, Market Road, Vishrantwadi, Pune",Vishrantwadi,Pune,Pune,Maharashtra,411015,18.56525,73.877799,Low
LOC004828,Synthetic Workplace - Aundh 4828,Workplace,"139, Market Road, Aundh, Pune",Aundh,Pune,Pune,Maharashtra,411007,18.564472,73.8135,Low
LOC004829,Synthetic Transport Hub - Pimpri 4829,Transport Hub,"591, Market Road, Pimpri, Pune",Pimpri,Pune,Pune,Maharashtra,411018,18.628434,73.794425,Low
LOC004830,Synthetic Residence - Pimpri 4830,Residence,"212, Industrial Road, Pimpri, Pune",Pimpri,Pune,Pune,Maharashtra,411018,18.631912,73.805548,Medium
LOC004831,Synthetic Bank - Hadapsar 4831,Bank,"591, Temple Road, Hadapsar, Pune",Hadapsar,Pune,Pune,Maharashtra,411028,18.516345,73.930356,Low
LOC004832,Synthetic Meeting Point - Viman Nagar 4832,Meeting Point,"813, Main Road, Viman Nagar, Pune",Viman Nagar,Pune,Pune,Maharashtra,411014,18.561102,73.920985,Medium
LOC004833,Synthetic Meeting Point - Kothrud 4833,Meeting Point,"872, College Road, Kothrud, Pune",Kothrud,Pune,Pune,Maharashtra,411038,18.512955,73.80021,High
LOC004834,Synthetic Bank - Hadapsar 4834,Bank,"898, College Road, Hadapsar, Pune",Hadapsar,Pune,Pune,Maharashtra,411028,18.515044,73.930949,Medium
LOC004835,Synthetic Police Station - Yerawada,Police Station,"781, Main Road, Yerawada, Pune",Yerawada,Pune,Pune,Maharashtra,411006,18.551119,73.879906,Medium
LOC004836,Synthetic Residence - Katraj 4836,Residence,"963, Temple Road, Katraj, Pune",Katraj,Pune,Pune,Maharashtra,411046,18.451637,73.871377,Low
LOC004837,Synthetic Residence - Chinchwad 4837,Residence,"189, Temple Road, Chinchwad, Pune",Chinchwad,Pune,Pune,Maharashtra,411033,18.625247,73.79555,Medium
LOC004838,Synthetic Bank - Viman Nagar 4838,Bank,"609, Station Road, Viman Nagar, Pune",Viman Nagar,Pune,Pune,Maharashtra,411014,18.572696,73.911586,Low
LOC004839,Synthetic Meeting Point - Baner 4839,Meeting Point,"109, Park Road, Baner, Pune",Baner,Pune,Pune,Maharashtra,411045,18.562448,73.790376,Medium
LOC004840,Synthetic Restaurant - Wakad 4840,Restaurant,"262, Nagar Road, Wakad, Pune",Wakad,Pune,Pune,Maharashtra,411057,18.602779,73.75847,High
LOC004841,Synthetic Restaurant - Kondhwa 4841,Restaurant,"584, Main Road, Kondhwa, Pune",Kondhwa,Pune,Pune,Maharashtra,411048,18.469141,73.893515,Low
LOC004842,Synthetic Bank - Wakad 4842,Bank,"274, Park Road, Wakad, Pune",Wakad,Pune,Pune,Maharashtra,411057,18.593454,73.762444,Medium
LOC004843,Synthetic Workplace - Kondhwa 4843,Workplace,"963, Canal Road, Kondhwa, Pune",Kondhwa,Pune,Pune,Maharashtra,411048,18.470692,73.895767,High
LOC004844,Synthetic Workplace - Vishrantwadi 4844,Workplace,"448, Main Road, Vishrantwadi, Pune",Vishrantwadi,Pune,Pune,Maharashtra,411015,18.573527,73.87988,Medium
LOC004845,Synthetic Workplace - Shivajinagar 4845,Workplace,"153, Industrial Road, Shivajinagar, Pune",Shivajinagar,Pune,Pune,Maharashtra,411005,18.530075,73.846077,Low
LOC004846,Synthetic Residence - Aundh 4846,Residence,"731, Canal Road, Aundh, Pune",Aundh,Pune,Pune,Maharashtra,411007,18.559597,73.802207,Medium
LOC004847,Synthetic Residence - Shivajinagar 4847,Residence,"967, Main Road, Shivajinagar, Pune",Shivajinagar,Pune,Pune,Maharashtra,411005,18.530367,73.854946,Low
LOC004848,Synthetic Residence - Katraj 4848,Residence,"25, Main Road, Katraj, Pune",Katraj,Pune,Pune,Maharashtra,411046,18.44691,73.858389,Low
LOC004849,Synthetic ATM - Shivajinagar 4849,ATM,"628, Canal Road, Shivajinagar, Pune",Shivajinagar,Pune,Pune,Maharashtra,411005,18.528069,73.845,Medium
LOC004850,Synthetic Residence - Hadapsar 4850,Residence,"950, Link Road, Hadapsar, Pune",Hadapsar,Pune,Pune,Maharashtra,411028,18.512927,73.918884,Low
LOC004851,Synthetic Workplace - Shivajinagar 4851,Workplace,"589, Temple Road, Shivajinagar, Pune",Shivajinagar,Pune,Pune,Maharashtra,411005,18.535771,73.847429,Low
LOC004852,Synthetic Workplace - Pimpri 4852,Workplace,"986, Canal Road, Pimpri, Pune",Pimpri,Pune,Pune,Maharashtra,411018,18.626751,73.806969,Medium
LOC004853,Synthetic Workplace - Kondhwa 4853,Workplace,"978, Park Road, Kondhwa, Pune",Kondhwa,Pune,Pune,Maharashtra,411048,18.466602,73.896424,Low
LOC004854,Synthetic Workplace - Pimpri 4854,Workplace,"203, Main Road, Pimpri, Pune",Pimpri,Pune,Pune,Maharashtra,411018,18.629455,73.806945,Medium
LOC004855,Synthetic Bank - Hadapsar 4855,Bank,"295, Station Road, Hadapsar, Pune",Hadapsar,Pune,Pune,Maharashtra,411028,18.510476,73.928081,High
LOC004856,Synthetic Bank - Wakad 4856,Bank,"820, Station Road, Wakad, Pune",Wakad,Pune,Pune,Maharashtra,411057,18.604428,73.770235,Low
LOC004857,Synthetic Residence - Viman Nagar 4857,Residence,"786, College Road, Viman Nagar, Pune",Viman Nagar,Pune,Pune,Maharashtra,411014,18.565889,73.910859,Medium
LOC004858,Synthetic Workplace - Pimpri 4858,Workplace,"601, Industrial Road, Pimpri, Pune",Pimpri,Pune,Pune,Maharashtra,411018,18.635287,73.801517,Medium
LOC004859,Synthetic Residence - Vishrantwadi 4859,Residence,"749, Nagar Road, Vishrantwadi, Pune",Vishrantwadi,Pune,Pune,Maharashtra,411015,18.568293,73.880805,Medium
LOC004860,Synthetic Residence - Viman Nagar 4860,Residence,"76, Canal Road, Viman Nagar, Pune",Viman Nagar,Pune,Pune,Maharashtra,411014,18.560851,73.919598,Low
LOC004861,Synthetic Workplace - Vishrantwadi 4861,Workplace,"713, Link Road, Vishrantwadi, Pune",Vishrantwadi,Pune,Pune,Maharashtra,411015,18.573815,73.873227,Medium
LOC004862,Synthetic ATM - Swargate 4862,ATM,"629, Station Road, Swargate, Pune",Swargate,Pune,Pune,Maharashtra,411037,18.495838,73.864244,Low
LOC004863,Synthetic Residence - Shivajinagar 4863,Residence,"841, Temple Road, Shivajinagar, Pune",Shivajinagar,Pune,Pune,Maharashtra,411005,18.530851,73.840544,Low
LOC004864,Synthetic Workplace - Chinchwad 4864,Workplace,"200, Market Road, Chinchwad, Pune",Chinchwad,Pune,Pune,Maharashtra,411033,18.624041,73.794449,Medium
LOC004865,Synthetic Police Station - Kondhwa,Police Station,"801, Main Road, Kondhwa, Pune",Kondhwa,Pune,Pune,Maharashtra,411048,18.466805,73.897906,Medium
LOC004866,Synthetic Residence - Vishrantwadi 4866,Residence,"169, Temple Road, Vishrantwadi, Pune",Vishrantwadi,Pune,Pune,Maharashtra,411015,18.573289,73.870687,Medium
LOC004867,Synthetic Hotel - Aundh 4867,Hotel,"812, Link Road, Aundh, Pune",Aundh,Pune,Pune,Maharashtra,411007,18.558035,73.79911,High
LOC004868,Synthetic Police Station - Wakad,Police Station,"366, Canal Road, Wakad, Pune",Wakad,Pune,Pune,Maharashtra,411057,18.601763,73.770442,Low
LOC004869,Synthetic Bank - Kothrud 4869,Bank,"958, Nagar Road, Kothrud, Pune",Kothrud,Pune,Pune,Maharashtra,411038,18.508228,73.811138,High
LOC004870,Synthetic Workplace - Hadapsar 4870,Workplace,"181, Station Road, Hadapsar, Pune",Hadapsar,Pune,Pune,Maharashtra,411028,18.513275,73.922168,Low
LOC004871,Synthetic Transport Hub - Wakad 4871,Transport Hub,"341, Link Road, Wakad, Pune",Wakad,Pune,Pune,Maharashtra,411057,18.591271,73.762177,Low
LOC004872,Synthetic Workplace - Kondhwa 4872,Workplace,"646, Link Road, Kondhwa, Pune",Kondhwa,Pune,Pune,Maharashtra,411048,18.476845,73.897028,Low
LOC004873,Synthetic ATM - Pimpri 4873,ATM,"402, Main Road, Pimpri, Pune",Pimpri,Pune,Pune,Maharashtra,411018,18.6262,73.791823,Low
LOC004874,Synthetic Workplace - Vishrantwadi 4874,Workplace,"271, Temple Road, Vishrantwadi, Pune",Vishrantwadi,Pune,Pune,Maharashtra,411015,18.571972,73.883619,Low
LOC004875,Synthetic Transport Hub - Swargate 4875,Transport Hub,"403, Station Road, Swargate, Pune",Swargate,Pune,Pune,Maharashtra,411037,18.507169,73.856276,Medium
LOC004876,Synthetic Crime Scene - Pimpri 4876,Crime Scene,"780, Canal Road, Pimpri, Pune",Pimpri,Pune,Pune,Maharashtra,411018,18.626416,73.79753,Low
LOC004877,Synthetic Transport Hub - Hadapsar 4877,Transport Hub,"90, Station Road, Hadapsar, Pune",Hadapsar,Pune,Pune,Maharashtra,411028,18.505225,73.918138,Low
LOC004878,Synthetic Crime Scene - Bhosari 4878,Crime Scene,"824, Temple Road, Bhosari, Pune",Bhosari,Pune,Pune,Maharashtra,411039,18.624797,73.839518,Low
LOC004879,Synthetic Residence - Shivajinagar 4879,Residence,"879, Park Road, Shivajinagar, Pune",Shivajinagar,Pune,Pune,Maharashtra,411005,18.52289,73.846271,Low
LOC004880,Synthetic Residence - Aundh 4880,Residence,"25, Link Road, Aundh, Pune",Aundh,Pune,Pune,Maharashtra,411007,18.554628,73.799008,Low
LOC004881,Synthetic Restaurant - Kondhwa 4881,Restaurant,"619, Market Road, Kondhwa, Pune",Kondhwa,Pune,Pune,Maharashtra,411048,18.469351,73.897835,Low
LOC004882,Synthetic Restaurant - Viman Nagar 4882,Restaurant,"933, Temple Road, Viman Nagar, Pune",Viman Nagar,Pune,Pune,Maharashtra,411014,18.561513,73.917906,High
LOC004883,Synthetic Residence - Shivajinagar 4883,Residence,"398, Main Road, Shivajinagar, Pune",Shivajinagar,Pune,Pune,Maharashtra,411005,18.529687,73.8425,Low
LOC004884,Synthetic Residence - Hadapsar 4884,Residence,"513, College Road, Hadapsar, Pune",Hadapsar,Pune,Pune,Maharashtra,411028,18.514167,73.92421,Low
LOC004885,Synthetic Residence - Wakad 4885,Residence,"867, Nagar Road, Wakad, Pune",Wakad,Pune,Pune,Maharashtra,411057,18.594002,73.756387,Medium
LOC004886,Synthetic Restaurant - Kondhwa 4886,Restaurant,"189, Canal Road, Kondhwa, Pune",Kondhwa,Pune,Pune,Maharashtra,411048,18.472253,73.890304,Low
LOC004887,Synthetic Police Station - Swargate,Police Station,"123, Park Road, Swargate, Pune",Swargate,Pune,Pune,Maharashtra,411037,18.50011,73.87092,Medium
LOC004888,Synthetic Transport Hub - Bhosari 4888,Transport Hub,"616, Nagar Road, Bhosari, Pune",Bhosari,Pune,Pune,Maharashtra,411039,18.627556,73.851994,High
LOC004889,Synthetic Other - Shivajinagar 4889,Other,"20, Canal Road, Shivajinagar, Pune",Shivajinagar,Pune,Pune,Maharashtra,411005,18.530848,73.849109,Low
LOC004890,Synthetic Police Station - Pimpri,Police Station,"46, Station Road, Pimpri, Pune",Pimpri,Pune,Pune,Maharashtra,411018,18.624978,73.798008,Medium
LOC004891,Synthetic Crime Scene - Baner 4891,Crime Scene,"744, Market Road, Baner, Pune",Baner,Pune,Pune,Maharashtra,411045,18.555403,73.784075,Low
LOC004892,Synthetic Workplace - Baner 4892,Workplace,"302, Station Road, Baner, Pune",Baner,Pune,Pune,Maharashtra,411045,18.559082,73.781676,High
LOC004893,Synthetic Meeting Point - Baner 4893,Meeting Point,"982, Canal Road, Baner, Pune",Baner,Pune,Pune,Maharashtra,411045,18.551493,73.79215,Low
LOC004894,Synthetic Hotel - Wakad 4894,Hotel,"642, Canal Road, Wakad, Pune",Wakad,Pune,Pune,Maharashtra,411057,18.595607,73.761553,Medium
LOC004895,Synthetic Police Station - Hadapsar,Police Station,"782, Temple Road, Hadapsar, Pune",Hadapsar,Pune,Pune,Maharashtra,411028,18.512708,73.925095,Low
LOC004896,Synthetic Transport Hub - Swargate 4896,Transport Hub,"271, Main Road, Swargate, Pune",Swargate,Pune,Pune,Maharashtra,411037,18.501248,73.869887,Low
LOC004897,Synthetic Restaurant - Dhankawadi 4897,Restaurant,"178, Nagar Road, Dhankawadi, Pune",Dhankawadi,Pune,Pune,Maharashtra,411043,18.471507,73.841701,Medium
LOC004898,Synthetic Crime Scene - Viman Nagar 4898,Crime Scene,"263, Park Road, Viman Nagar, Pune",Viman Nagar,Pune,Pune,Maharashtra,411014,18.567742,73.906678,Medium
LOC004899,Synthetic Crime Scene - Kondhwa 4899,Crime Scene,"501, Market Road, Kondhwa, Pune",Kondhwa,Pune,Pune,Maharashtra,411048,18.476848,73.886953,Low
LOC004900,Synthetic Crime Scene - Baner 4900,Crime Scene,"733, Main Road, Baner, Pune",Baner,Pune,Pune,Maharashtra,411045,18.562142,73.779425,Low
LOC004901,Synthetic Residence - Vishrantwadi 4901,Residence,"102, Temple Road, Vishrantwadi, Pune",Vishrantwadi,Pune,Pune,Maharashtra,411015,18.560616,73.884306,Medium
LOC004902,Synthetic Bank - Kondhwa 4902,Bank,"95, Main Road, Kondhwa, Pune",Kondhwa,Pune,Pune,Maharashtra,411048,18.472764,73.884196,Low
LOC004903,Synthetic Restaurant - Swargate 4903,Restaurant,"109, Market Road, Swargate, Pune",Swargate,Pune,Pune,Maharashtra,411037,18.505294,73.855719,Medium
LOC004904,Synthetic Residence - Aundh 4904,Residence,"295, Market Road, Aundh, Pune",Aundh,Pune,Pune,Maharashtra,411007,18.562924,73.809975,Medium
LOC004905,Synthetic Crime Scene - Swargate 4905,Crime Scene,"272, Park Road, Swargate, Pune",Swargate,Pune,Pune,Maharashtra,411037,18.508423,73.862486,Medium
LOC004906,Synthetic Police Station - Katraj,Police Station,"768, Temple Road, Katraj, Pune",Katraj,Pune,Pune,Maharashtra,411046,18.453601,73.871347,Low
LOC004907,Synthetic Workplace - Kondhwa 4907,Workplace,"232, Canal Road, Kondhwa, Pune",Kondhwa,Pune,Pune,Maharashtra,411048,18.476674,73.889183,Medium
LOC004908,Synthetic Warehouse - Pimpri 4908,Warehouse,"218, Main Road, Pimpri, Pune",Pimpri,Pune,Pune,Maharashtra,411018,18.630899,73.798904,Low
LOC004909,Synthetic Workplace - Aundh 4909,Workplace,"939, College Road, Aundh, Pune",Aundh,Pune,Pune,Maharashtra,411007,18.558497,73.8139,High
LOC004910,Synthetic Bank - Bhosari 4910,Bank,"653, Industrial Road, Bhosari, Pune",Bhosari,Pune,Pune,Maharashtra,411039,18.622401,73.852719,Low
LOC004911,Synthetic Workplace - Aundh 4911,Workplace,"861, Temple Road, Aundh, Pune",Aundh,Pune,Pune,Maharashtra,411007,18.557408,73.812571,Low
LOC004912,Synthetic Restaurant - Kothrud 4912,Restaurant,"957, Nagar Road, Kothrud, Pune",Kothrud,Pune,Pune,Maharashtra,411038,18.508981,73.80707,Low
LOC004913,Synthetic Meeting Point - Katraj 4913,Meeting Point,"121, Station Road, Katraj, Pune",Katraj,Pune,Pune,Maharashtra,411046,18.458387,73.862916,Medium
LOC004914,Synthetic Transport Hub - Kondhwa 4914,Transport Hub,"303, Canal Road, Kondhwa, Pune",Kondhwa,Pune,Pune,Maharashtra,411048,18.466668,73.894814,Low
LOC004915,Synthetic Residence - Kondhwa 4915,Residence,"253, Link Road, Kondhwa, Pune",Kondhwa,Pune,Pune,Maharashtra,411048,18.472602,73.889987,Low
LOC004916,Synthetic Restaurant - Shivajinagar 4916,Restaurant,"910, Temple Road, Shivajinagar, Pune",Shivajinagar,Pune,Pune,Maharashtra,411005,18.536943,73.844241,Medium
LOC004917,Synthetic Transport Hub - Dhankawadi 4917,Transport Hub,"397, Park Road, Dhankawadi, Pune",Dhankawadi,Pune,Pune,Maharashtra,411043,18.465927,73.846745,Medium
LOC004918,Synthetic Meeting Point - Wakad 4918,Meeting Point,"168, Link Road, Wakad, Pune",Wakad,Pune,Pune,Maharashtra,411057,18.599832,73.75661,High
LOC004919,Synthetic Crime Scene - Baner 4919,Crime Scene,"992, Industrial Road, Baner, Pune",Baner,Pune,Pune,Maharashtra,411045,18.562835,73.787131,Low
LOC004920,Synthetic Crime Scene - Bhosari 4920,Crime Scene,"465, Industrial Road, Bhosari, Pune",Bhosari,Pune,Pune,Maharashtra,411039,18.627335,73.839516,Medium
LOC004921,Synthetic Residence - Viman Nagar 4921,Residence,"57, Industrial Road, Viman Nagar, Pune",Viman Nagar,Pune,Pune,Maharashtra,411014,18.575234,73.916917,Low
LOC004922,Synthetic Residence - Swargate 4922,Residence,"740, Market Road, Swargate, Pune",Swargate,Pune,Pune,Maharashtra,411037,18.501498,73.863103,Medium
LOC004923,Synthetic Residence - Baner 4923,Residence,"185, College Road, Baner, Pune",Baner,Pune,Pune,Maharashtra,411045,18.559518,73.781028,High
LOC004924,Synthetic Restaurant - Bhosari 4924,Restaurant,"518, Canal Road, Bhosari, Pune",Bhosari,Pune,Pune,Maharashtra,411039,18.635941,73.846789,Low
LOC004925,Synthetic Meeting Point - Baner 4925,Meeting Point,"50, Canal Road, Baner, Pune",Baner,Pune,Pune,Maharashtra,411045,18.55326,73.793565,Low
LOC004926,Synthetic ATM - Yerawada 4926,ATM,"184, Link Road, Yerawada, Pune",Yerawada,Pune,Pune,Maharashtra,411006,18.553126,73.881127,Low
LOC004927,Synthetic Workplace - Yerawada 4927,Workplace,"110, Canal Road, Yerawada, Pune",Yerawada,Pune,Pune,Maharashtra,411006,18.554821,73.882086,Low
LOC004928,Synthetic Crime Scene - Shivajinagar 4928,Crime Scene,"307, Canal Road, Shivajinagar, Pune",Shivajinagar,Pune,Pune,Maharashtra,411005,18.525103,73.83961,Low
LOC004929,Synthetic Meeting Point - Kothrud 4929,Meeting Point,"28, Station Road, Kothrud, Pune",Kothrud,Pune,Pune,Maharashtra,411038,18.499968,73.811225,Low
LOC004930,Synthetic Residence - Chinchwad 4930,Residence,"961, Link Road, Chinchwad, Pune",Chinchwad,Pune,Pune,Maharashtra,411033,18.624126,73.800786,Medium
LOC004931,Synthetic Other - Dhankawadi 4931,Other,"162, Main Road, Dhankawadi, Pune",Dhankawadi,Pune,Pune,Maharashtra,411043,18.473526,73.853422,Low
LOC004932,Synthetic Workplace - Yerawada 4932,Workplace,"761, Market Road, Yerawada, Pune",Yerawada,Pune,Pune,Maharashtra,411006,18.544305,73.877277,Low
LOC004933,Synthetic ATM - Shivajinagar 4933,ATM,"882, Market Road, Shivajinagar, Pune",Shivajinagar,Pune,Pune,Maharashtra,411005,18.537711,73.848364,Low
LOC004934,Synthetic Transport Hub - Dhankawadi 4934,Transport Hub,"401, Park Road, Dhankawadi, Pune",Dhankawadi,Pune,Pune,Maharashtra,411043,18.471895,73.854411,Low
LOC004935,Synthetic Crime Scene - Swargate 4935,Crime Scene,"72, Nagar Road, Swargate, Pune",Swargate,Pune,Pune,Maharashtra,411037,18.499907,73.870857,Low
LOC004936,Synthetic Residence - Hadapsar 4936,Residence,"118, Canal Road, Hadapsar, Pune",Hadapsar,Pune,Pune,Maharashtra,411028,18.511042,73.924813,High
LOC004937,Synthetic Workplace - Chinchwad 4937,Workplace,"253, Market Road, Chinchwad, Pune",Chinchwad,Pune,Pune,Maharashtra,411033,18.62547,73.805271,Medium
LOC004938,Synthetic Transport Hub - Vishrantwadi 4938,Transport Hub,"575, College Road, Vishrantwadi, Pune",Vishrantwadi,Pune,Pune,Maharashtra,411015,18.566352,73.877263,Medium
LOC004939,Synthetic Residence - Shivajinagar 4939,Residence,"540, Main Road, Shivajinagar, Pune",Shivajinagar,Pune,Pune,Maharashtra,411005,18.530871,73.844035,Low
LOC004940,Synthetic Hotel - Viman Nagar 4940,Hotel,"124, Temple Road, Viman Nagar, Pune",Viman Nagar,Pune,Pune,Maharashtra,411014,18.565508,73.916011,Medium
LOC004941,Synthetic Residence - Hadapsar 4941,Residence,"25, Park Road, Hadapsar, Pune",Hadapsar,Pune,Pune,Maharashtra,411028,18.510001,73.923499,Low
LOC004942,Synthetic Bank - Hadapsar 4942,Bank,"481, Market Road, Hadapsar, Pune",Hadapsar,Pune,Pune,Maharashtra,411028,18.508439,73.921057,Low
LOC004943,Synthetic Restaurant - Yerawada 4943,Restaurant,"177, Canal Road, Yerawada, Pune",Yerawada,Pune,Pune,Maharashtra,411006,18.554442,73.884459,Medium
LOC004944,Synthetic Residence - Pimpri 4944,Residence,"990, Nagar Road, Pimpri, Pune",Pimpri,Pune,Pune,Maharashtra,411018,18.633021,73.801579,Medium
LOC004945,Synthetic ATM - Kondhwa 4945,ATM,"372, Park Road, Kondhwa, Pune",Kondhwa,Pune,Pune,Maharashtra,411048,18.476833,73.895813,High
LOC004946,Synthetic Hotel - Swargate 4946,Hotel,"571, College Road, Swargate, Pune",Swargate,Pune,Pune,Maharashtra,411037,18.504912,73.85767,Medium
LOC004947,Synthetic Warehouse - Kondhwa 4947,Warehouse,"894, Main Road, Kondhwa, Pune",Kondhwa,Pune,Pune,Maharashtra,411048,18.462346,73.890874,Low
LOC004948,Synthetic Other - Dhankawadi 4948,Other,"407, Nagar Road, Dhankawadi, Pune",Dhankawadi,Pune,Pune,Maharashtra,411043,18.463241,73.853198,Low
LOC004949,Synthetic Restaurant - Vishrantwadi 4949,Restaurant,"603, Link Road, Vishrantwadi, Pune",Vishrantwadi,Pune,Pune,Maharashtra,411015,18.57356,73.878876,Low
LOC004950,Synthetic Police Station - Pimpri,Police Station,"240, Nagar Road, Pimpri, Pune",Pimpri,Pune,Pune,Maharashtra,411018,18.630969,73.801598,Low
LOC004951,Synthetic Workplace - Bhosari 4951,Workplace,"284, Link Road, Bhosari, Pune",Bhosari,Pune,Pune,Maharashtra,411039,18.627464,73.850628,Low
LOC004952,Synthetic Warehouse - Dhankawadi 4952,Warehouse,"916, Park Road, Dhankawadi, Pune",Dhankawadi,Pune,Pune,Maharashtra,411043,18.467324,73.852038,Low
LOC004953,Synthetic Residence - Viman Nagar 4953,Residence,"685, Industrial Road, Viman Nagar, Pune",Viman Nagar,Pune,Pune,Maharashtra,411014,18.560929,73.91715,Medium
LOC004954,Synthetic Warehouse - Viman Nagar 4954,Warehouse,"638, Market Road, Viman Nagar, Pune",Viman Nagar,Pune,Pune,Maharashtra,411014,18.56428,73.913565,Medium
LOC004955,Synthetic Police Station - Dhankawadi,Police Station,"16, College Road, Dhankawadi, Pune",Dhankawadi,Pune,Pune,Maharashtra,411043,18.465037,73.855614,Low
LOC004956,Synthetic Warehouse - Kothrud 4956,Warehouse,"165, Main Road, Kothrud, Pune",Kothrud,Pune,Pune,Maharashtra,411038,18.500895,73.80327,Medium
LOC004957,Synthetic Crime Scene - Viman Nagar 4957,Crime Scene,"192, Nagar Road, Viman Nagar, Pune",Viman Nagar,Pune,Pune,Maharashtra,411014,18.570785,73.912688,Medium
LOC004958,Synthetic Workplace - Kondhwa 4958,Workplace,"525, Main Road, Kondhwa, Pune",Kondhwa,Pune,Pune,Maharashtra,411048,18.467798,73.886365,Low
LOC004959,Synthetic Transport Hub - Vishrantwadi 4959,Transport Hub,"298, Park Road, Vishrantwadi, Pune",Vishrantwadi,Pune,Pune,Maharashtra,411015,18.574195,73.870813,Low
LOC004960,Synthetic Residence - Kothrud 4960,Residence,"193, Station Road, Kothrud, Pune",Kothrud,Pune,Pune,Maharashtra,411038,18.503045,73.801608,Low
LOC004961,Synthetic Residence - Dhankawadi 4961,Residence,"515, Industrial Road, Dhankawadi, Pune",Dhankawadi,Pune,Pune,Maharashtra,411043,18.465547,73.842656,Medium
LOC004962,Synthetic Workplace - Shivajinagar 4962,Workplace,"158, Main Road, Shivajinagar, Pune",Shivajinagar,Pune,Pune,Maharashtra,411005,18.533769,73.844641,Medium
LOC004963,Synthetic Bank - Kothrud 4963,Bank,"661, Park Road, Kothrud, Pune",Kothrud,Pune,Pune,Maharashtra,411038,18.514713,73.800526,Medium
LOC004964,Synthetic ATM - Vishrantwadi 4964,ATM,"882, Canal Road, Vishrantwadi, Pune",Vishrantwadi,Pune,Pune,Maharashtra,411015,18.559748,73.871862,Low
LOC004965,Synthetic Police Station - Baner,Police Station,"398, Station Road, Baner, Pune",Baner,Pune,Pune,Maharashtra,411045,18.558267,73.79315,Medium
LOC004966,Synthetic Warehouse - Hadapsar 4966,Warehouse,"945, Station Road, Hadapsar, Pune",Hadapsar,Pune,Pune,Maharashtra,411028,18.513677,73.926333,Low
LOC004967,Synthetic Workplace - Kondhwa 4967,Workplace,"605, College Road, Kondhwa, Pune",Kondhwa,Pune,Pune,Maharashtra,411048,18.47366,73.891759,Low
LOC004968,Synthetic Meeting Point - Aundh 4968,Meeting Point,"435, Canal Road, Aundh, Pune",Aundh,Pune,Pune,Maharashtra,411007,18.555137,73.802441,Low
LOC004969,Synthetic Residence - Yerawada 4969,Residence,"970, Industrial Road, Yerawada, Pune",Yerawada,Pune,Pune,Maharashtra,411006,18.541321,73.877824,Low
LOC004970,Synthetic Transport Hub - Yerawada 4970,Transport Hub,"774, Market Road, Yerawada, Pune",Yerawada,Pune,Pune,Maharashtra,411006,18.551579,73.883128,Low
LOC004971,Synthetic Warehouse - Dhankawadi 4971,Warehouse,"589, Nagar Road, Dhankawadi, Pune",Dhankawadi,Pune,Pune,Maharashtra,411043,18.471595,73.854121,Low
LOC004972,Synthetic Residence - Aundh 4972,Residence,"322, Canal Road, Aundh, Pune",Aundh,Pune,Pune,Maharashtra,411007,18.552659,73.80851,Medium
LOC004973,Synthetic Workplace - Pimpri 4973,Workplace,"169, Link Road, Pimpri, Pune",Pimpri,Pune,Pune,Maharashtra,411018,18.636857,73.807441,Low
LOC004974,Synthetic Bank - Kondhwa 4974,Bank,"894, Link Road, Kondhwa, Pune",Kondhwa,Pune,Pune,Maharashtra,411048,18.475134,73.887001,Medium
LOC004975,Synthetic Residence - Yerawada 4975,Residence,"938, Park Road, Yerawada, Pune",Yerawada,Pune,Pune,Maharashtra,411006,18.540181,73.878168,Low
LOC004976,Synthetic ATM - Vishrantwadi 4976,ATM,"855, Station Road, Vishrantwadi, Pune",Vishrantwadi,Pune,Pune,Maharashtra,411015,18.572184,73.88459,Low
LOC004977,Synthetic Meeting Point - Pimpri 4977,Meeting Point,"838, Industrial Road, Pimpri, Pune",Pimpri,Pune,Pune,Maharashtra,411018,18.623127,73.800182,Medium
LOC004978,Synthetic Bank - Katraj 4978,Bank,"798, Nagar Road, Katraj, Pune",Katraj,Pune,Pune,Maharashtra,411046,18.445069,73.872564,Low
LOC004979,Synthetic Crime Scene - Swargate 4979,Crime Scene,"814, College Road, Swargate, Pune",Swargate,Pune,Pune,Maharashtra,411037,18.497166,73.859444,Low
LOC004980,Synthetic Residence - Viman Nagar 4980,Residence,"57, Industrial Road, Viman Nagar, Pune",Viman Nagar,Pune,Pune,Maharashtra,411014,18.565134,73.90668,Low
LOC004981,Synthetic Other - Vishrantwadi 4981,Other,"522, Park Road, Vishrantwadi, Pune",Vishrantwadi,Pune,Pune,Maharashtra,411015,18.564189,73.88018,Low
LOC004982,Synthetic Hotel - Swargate 4982,Hotel,"453, Temple Road, Swargate, Pune",Swargate,Pune,Pune,Maharashtra,411037,18.502305,73.868731,High
LOC004983,Synthetic Residence - Chinchwad 4983,Residence,"47, Temple Road, Chinchwad, Pune",Chinchwad,Pune,Pune,Maharashtra,411033,18.633339,73.805824,Medium
LOC004984,Synthetic Police Station - Vishrantwadi,Police Station,"830, Canal Road, Vishrantwadi, Pune",Vishrantwadi,Pune,Pune,Maharashtra,411015,18.570835,73.870176,Medium
LOC004985,Synthetic Police Station - Bhosari,Police Station,"260, Canal Road, Bhosari, Pune",Bhosari,Pune,Pune,Maharashtra,411039,18.635437,73.842367,Low
LOC004986,Synthetic Other - Swargate 4986,Other,"755, College Road, Swargate, Pune",Swargate,Pune,Pune,Maharashtra,411037,18.509696,73.866139,Medium
LOC004987,Synthetic Transport Hub - Kondhwa 4987,Transport Hub,"621, Station Road, Kondhwa, Pune",Kondhwa,Pune,Pune,Maharashtra,411048,18.467531,73.888027,Low
LOC004988,Synthetic Residence - Aundh 4988,Residence,"965, Main Road, Aundh, Pune",Aundh,Pune,Pune,Maharashtra,411007,18.56143,73.805503,Medium
LOC004989,Synthetic Crime Scene - Shivajinagar 4989,Crime Scene,"127, Nagar Road, Shivajinagar, Pune",Shivajinagar,Pune,Pune,Maharashtra,411005,18.533813,73.839451,Low
LOC004990,Synthetic Warehouse - Katraj 4990,Warehouse,"547, Link Road, Katraj, Pune",Katraj,Pune,Pune,Maharashtra,411046,18.452971,73.860326,Low
LOC004991,Synthetic Residence - Vishrantwadi 4991,Residence,"230, Nagar Road, Vishrantwadi, Pune",Vishrantwadi,Pune,Pune,Maharashtra,411015,18.567078,73.873275,Low
LOC004992,Synthetic Crime Scene - Katraj 4992,Crime Scene,"153, Park Road, Katraj, Pune",Katraj,Pune,Pune,Maharashtra,411046,18.451091,73.860958,Medium
LOC004993,Synthetic Residence - Dhankawadi 4993,Residence,"24, Main Road, Dhankawadi, Pune",Dhankawadi,Pune,Pune,Maharashtra,411043,18.474105,73.844682,High
LOC004994,Synthetic Transport Hub - Yerawada 4994,Transport Hub,"773, Industrial Road, Yerawada, Pune",Yerawada,Pune,Pune,Maharashtra,411006,18.548262,73.882549,High
LOC004995,Synthetic Workplace - Yerawada 4995,Workplace,"269, Temple Road, Yerawada, Pune",Yerawada,Pune,Pune,Maharashtra,411006,18.5481,73.880107,Low
LOC004996,Synthetic Meeting Point - Chinchwad 4996,Meeting Point,"252, Temple Road, Chinchwad, Pune",Chinchwad,Pune,Pune,Maharashtra,411033,18.622365,73.795441,Low
LOC004997,Synthetic Other - Katraj 4997,Other,"407, College Road, Katraj, Pune",Katraj,Pune,Pune,Maharashtra,411046,18.453543,73.871052,Medium
LOC004998,Synthetic Bank - Vishrantwadi 4998,Bank,"431, Main Road, Vishrantwadi, Pune",Vishrantwadi,Pune,Pune,Maharashtra,411015,18.560263,73.876615,Low
LOC004999,Synthetic Residence - Katraj 4999,Residence,"791, Nagar Road, Katraj, Pune",Katraj,Pune,Pune,Maharashtra,411046,18.458451,73.864049,Medium
LOC005000,Synthetic Workplace - Pimpri 5000,Workplace,"977, Market Road, Pimpri, Pune",Pimpri,Pune,Pune,Maharashtra,411018,18.633596,73.797349,Low
