phone_id,phone_number,country_code,carrier,circle,activation_date,deactivation_date,phone_status,registered_person_id,source
PH000001,9187917278,+91,Carrier_A,Maharashtra,2019-05-15,,Active,P004042,SYNTH_TELECOM_DB
PH000002,9967218811,+91,Carrier_A,Maharashtra,2010-04-01,,Active,P000226,SYNTH_TELECOM_DB
PH000003,9391612582,+91,Carrier_C,Maharashtra,2024-01-07,,Active,P003746,SYNTH_CDR_DB
PH000004,9758115356,+91,Carrier_B,Maharashtra,2026-02-02,,Active,P000533,SYNTH_CDR_DB
PH000005,9482830320,+91,Carrier_C,Maharashtra,2013-11-11,,Active,P000998,SYNTH_LEGACY_DB
PH000006,9906572727,+91,Carrier_A,Maharashtra,2019-03-25,,Active,P001405,SYNTH_IDENTITY_DB
PH000007,9778674413,+91,Carrier_C,Maharashtra,2024-10-26,,Active,P004662,SYNTH_IDENTITY_DB
PH000008,9629011384,+91,Carrier_D,Maharashtra,2023-04-22,,Active,P003757,SYNTH_LEGACY_DB
PH000009,9118145212,+91,Carrier_A,Maharashtra,2013-07-01,,Active,P004318,SYNTH_CDR_DB
PH000010,9513563226,+91,Carrier_C,Maharashtra,2016-08-03,,Active,P001630,SYNTH_TELECOM_DB
PH000011,9512765516,+91,Carrier_A,Maharashtra,2022-06-08,,Active,P001221,SYNTH_TELECOM_DB
PH000012,9928515003,+91,Carrier_A,Maharashtra,2024-01-01,2026-08-29,Inactive,P005856,SYNTH_TELECOM_DB
PH000013,9153431292,+91,Carrier_B,Maharashtra,2010-03-24,,Active,P005275,SYNTH_IDENTITY_DB
PH000014,9488971198,+91,Carrier_B,Maharashtra,2023-12-31,2026-01-06,Suspended,P001627,SYNTH_TELECOM_DB
PH000015,9360190996,+91,Carrier_B,Maharashtra,2017-05-22,,Active,P005344,SYNTH_TELECOM_DB
PH000016,9124375162,+91,Carrier_B,Maharashtra,2021-01-28,,Active,P001073,SYNTH_TELECOM_DB
PH000017,9330217630,+91,Carrier_C,Maharashtra,2012-02-18,,Active,P005253,SYNTH_IDENTITY_DB
PH000018,9521138305,+91,Carrier_C,Maharashtra,2025-07-13,,Active,P000077,SYNTH_TELECOM_DB
PH000019,9397855668,+91,Carrier_B,Maharashtra,2018-09-21,,Active,P000216,SYNTH_TELECOM_DB
PH000020,9132282713,+91,Carrier_A,Maharashtra,2013-08-27,,Active,P006779,SYNTH_CDR_DB
PH000021,9570199859,+91,Carrier_D,Maharashtra,2015-04-02,,Active,P005411,SYNTH_TELECOM_DB
PH000022,9101171657,+91,Carrier_C,Maharashtra,2021-09-02,,Active,P002034,SYNTH_CDR_DB
PH000023,9350146208,+91,Carrier_D,Maharashtra,2024-08-13,2025-05-02,Inactive,P002566,SYNTH_TELECOM_DB
PH000024,9767077525,+91,Carrier_C,Maharashtra,2011-05-22,,Active,P004423,SYNTH_CDR_DB
PH000025,9665111485,+91,Carrier_C,Maharashtra,2017-01-21,2019-04-30,Suspended,P002390,SYNTH_TELECOM_DB
PH000026,9898769251,+91,Carrier_D,Maharashtra,2026-01-31,2026-08-29,Inactive,P003719,SYNTH_CDR_DB
PH000027,9189427994,+91,Carrier_B,Maharashtra,2015-07-09,2016-04-19,Inactive,P004521,SYNTH_CDR_DB
PH000028,9452000244,+91,Carrier_A,Maharashtra,2022-06-03,,Active,P006138,SYNTH_TELECOM_DB
PH000029,9760082567,+91,Carrier_C,Maharashtra,2025-01-12,,Active,P000871,SYNTH_TELECOM_DB
PH000030,9816431415,+91,Carrier_A,Maharashtra,2012-03-25,2018-05-01,Inactive,P006278,SYNTH_IDENTITY_DB
PH000031,9241377014,+91,Carrier_C,Maharashtra,2011-11-06,,Active,P005823,SYNTH_TELECOM_DB
PH000032,9706828361,+91,Carrier_C,Maharashtra,2024-01-24,2026-08-29,Reassigned,P001543,SYNTH_TELECOM_DB
PH000033,9324217042,+91,Carrier_A,Maharashtra,2018-07-24,,Active,P002762,SYNTH_TELECOM_DB
PH000034,9693826015,+91,Carrier_A,Maharashtra,2011-02-04,,Active,P000627,SYNTH_TELECOM_DB
PH000035,9112624917,+91,Carrier_C,Maharashtra,2015-12-10,,Active,P002296,SYNTH_IDENTITY_DB
PH000036,9353494038,+91,Carrier_C,Maharashtra,2020-11-07,,Active,P005527,SYNTH_IDENTITY_DB
PH000037,9669133540,+91,Carrier_C,Maharashtra,2024-10-16,,Active,P001738,SYNTH_IDENTITY_DB
PH000038,9720600934,+91,Carrier_B,Maharashtra,2012-05-30,,Active,P001896,SYNTH_TELECOM_DB
PH000039,9251485483,+91,Carrier_B,Maharashtra,2021-09-01,,Active,P000108,SYNTH_IDENTITY_DB
PH000040,9846035305,+91,Carrier_C,Maharashtra,2021-01-15,,Active,P002931,SYNTH_TELECOM_DB
PH000041,9124582467,+91,Carrier_B,Maharashtra,2015-09-24,,Active,P004335,SYNTH_TELECOM_DB
PH000042,9636431111,+91,Carrier_B,Maharashtra,2023-04-25,2025-02-21,Suspended,P000301,SYNTH_TELECOM_DB
PH000043,9874927535,+91,Carrier_A,Maharashtra,2018-03-18,,Active,P006002,SYNTH_LEGACY_DB
PH000044,9406220809,+91,Carrier_D,Maharashtra,2022-03-25,,Active,P001626,SYNTH_IDENTITY_DB
PH000045,9462454915,+91,Carrier_B,Maharashtra,2021-12-06,2023-12-16,Inactive,P006660,SYNTH_TELECOM_DB
PH000046,9834383436,+91,Carrier_B,Maharashtra,2013-11-28,2015-03-10,Inactive,P002084,SYNTH_CDR_DB
PH000047,9993716602,+91,Carrier_D,Maharashtra,2016-05-19,2018-06-19,Inactive,P005753,SYNTH_TELECOM_DB
PH000048,9575542055,+91,Carrier_B,Maharashtra,2024-01-01,,Active,P001441,SYNTH_TELECOM_DB
PH000049,9399646363,+91,Carrier_A,Maharashtra,2013-03-22,,Active,P006484,SYNTH_LEGACY_DB
PH000050,9261680640,+91,Carrier_D,Maharashtra,2015-12-19,,Active,P006056,SYNTH_IDENTITY_DB
PH000051,9140898673,+91,Carrier_A,Maharashtra,2024-04-01,2024-07-19,Inactive,P002672,SYNTH_CDR_DB
PH000052,9541552643,+91,Carrier_A,Maharashtra,2015-05-09,2022-02-12,Inactive,P001544,SYNTH_LEGACY_DB
PH000053,9483467456,+91,Carrier_B,Maharashtra,2021-04-13,,Active,P003378,SYNTH_CDR_DB
PH000054,9592249548,+91,Carrier_E,Maharashtra,2014-03-20,2018-12-30,Inactive,P004098,SYNTH_TELECOM_DB
PH000055,9599877748,+91,Carrier_C,Maharashtra,2024-08-19,,Active,P004247,SYNTH_TELECOM_DB
PH000056,9845936150,+91,Carrier_A,Maharashtra,2014-05-10,,Active,P003375,SYNTH_TELECOM_DB
PH000057,9904598499,+91,Carrier_A,Maharashtra,2013-01-19,,Active,P000445,SYNTH_TELECOM_DB
PH000058,9607962571,+91,Carrier_C,Maharashtra,2025-05-31,,Active,P004632,SYNTH_CDR_DB
PH000059,9699779949,+91,Carrier_A,Maharashtra,2016-02-23,,Active,P005357,SYNTH_IDENTITY_DB
PH000060,9581193578,+91,Carrier_A,Maharashtra,2017-06-27,,Active,P003644,SYNTH_TELECOM_DB
PH000061,9648293858,+91,Carrier_A,Maharashtra,2015-01-11,,Active,P001906,SYNTH_TELECOM_DB
PH000062,9949325259,+91,Carrier_D,Maharashtra,2015-08-24,,Active,P005322,SYNTH_IDENTITY_DB
PH000063,9118980975,+91,Carrier_A,Maharashtra,2025-01-08,,Active,P004085,SYNTH_TELECOM_DB
PH000064,9812325277,+91,Carrier_C,Maharashtra,2017-08-29,,Active,P000612,SYNTH_IDENTITY_DB
PH000065,9196151114,+91,Carrier_D,Maharashtra,2021-06-17,,Active,P001743,SYNTH_TELECOM_DB
PH000066,9426344185,+91,Carrier_B,Maharashtra,2020-04-06,,Active,P004625,SYNTH_TELECOM_DB
PH000067,9277662643,+91,Carrier_B,Maharashtra,2024-08-25,,Active,P000991,SYNTH_IDENTITY_DB
PH000068,9610602296,+91,Carrier_B,Maharashtra,2016-06-03,,Active,P001133,SYNTH_IDENTITY_DB
PH000069,9544463367,+91,Carrier_B,Maharashtra,2016-10-26,,Active,P005732,SYNTH_LEGACY_DB
PH000070,9577173371,+91,Carrier_D,Maharashtra,2015-11-18,,Active,P000997,SYNTH_TELECOM_DB
PH000071,9625962537,+91,Carrier_A,Maharashtra,2024-04-09,,Active,P003957,SYNTH_CDR_DB
PH000072,9550599521,+91,Carrier_C,Maharashtra,2021-10-06,,Active,P000443,SYNTH_TELECOM_DB
PH000073,9347147430,+91,Carrier_E,Maharashtra,2019-09-05,2023-07-16,Inactive,P003501,SYNTH_LEGACY_DB
PH000074,9210262359,+91,Carrier_E,Maharashtra,2019-05-03,,Active,P004202,SYNTH_TELECOM_DB
PH000075,9507902384,+91,Carrier_B,Maharashtra,2015-08-15,,Active,P001373,SYNTH_IDENTITY_DB
PH000076,9696516054,+91,Carrier_B,Maharashtra,2015-03-18,2018-06-22,Inactive,P001446,SYNTH_TELECOM_DB
PH000077,9833259888,+91,Carrier_D,Maharashtra,2013-02-28,,Active,P001271,SYNTH_IDENTITY_DB
PH000078,9448142381,+91,Carrier_A,Maharashtra,2012-08-11,,Active,P002342,SYNTH_TELECOM_DB
PH000079,9736121842,+91,Carrier_C,Maharashtra,2016-05-23,,Active,P000108,SYNTH_TELECOM_DB
PH000080,9731242649,+91,Carrier_C,Maharashtra,2016-01-11,2022-03-12,Inactive,P004533,SYNTH_TELECOM_DB
PH000081,9267107016,+91,Carrier_A,Maharashtra,2026-05-20,2026-08-29,Reassigned,P004066,SYNTH_TELECOM_DB
PH000082,9912599323,+91,Carrier_C,Maharashtra,2025-10-02,,Active,P006705,SYNTH_TELECOM_DB
PH000083,9899579222,+91,Carrier_C,Maharashtra,2013-11-30,,Active,P005509,SYNTH_TELECOM_DB
PH000084,9450562467,+91,Carrier_C,Maharashtra,2024-06-06,,Active,P002554,SYNTH_IDENTITY_DB
PH000085,9279642584,+91,Carrier_A,Maharashtra,2020-07-08,2026-08-29,Inactive,P004274,SYNTH_TELECOM_DB
PH000086,9993084153,+91,Carrier_B,Maharashtra,2013-09-19,,Active,P003715,SYNTH_TELECOM_DB
PH000087,9285605246,+91,Carrier_B,Maharashtra,2025-05-17,,Active,P000400,SYNTH_IDENTITY_DB
PH000088,9957821748,+91,Carrier_D,Maharashtra,2015-03-07,2021-04-02,Inactive,P004731,SYNTH_LEGACY_DB
PH000089,9150906936,+91,Carrier_B,Maharashtra,2010-04-21,,Active,P006184,SYNTH_TELECOM_DB
PH000090,9448308147,+91,Carrier_A,Maharashtra,2012-09-17,,Active,P000715,SYNTH_IDENTITY_DB
PH000091,9740899775,+91,Carrier_B,Maharashtra,2022-04-02,,Active,P000546,SYNTH_LEGACY_DB
PH000092,9330112831,+91,Carrier_A,Maharashtra,2010-05-24,2012-12-26,Suspended,P003504,SYNTH_CDR_DB
PH000093,9580440676,+91,Carrier_B,Maharashtra,2025-12-31,,Active,P000337,SYNTH_TELECOM_DB
PH000094,9448470279,+91,Carrier_B,Maharashtra,2014-12-28,,Active,P005362,SYNTH_CDR_DB
PH000095,9490838400,+91,Carrier_A,Maharashtra,2025-06-13,,Active,P002410,SYNTH_TELECOM_DB
PH000096,9609631462,+91,Carrier_C,Maharashtra,2024-12-31,,Active,P003315,SYNTH_CDR_DB
PH000097,9307368853,+91,Carrier_B,Maharashtra,2015-02-28,2015-07-31,Suspended,P004704,SYNTH_TELECOM_DB
PH000098,9834930869,+91,Carrier_E,Maharashtra,2018-08-31,,Active,P002048,SYNTH_TELECOM_DB
PH000099,9604134641,+91,Carrier_B,Maharashtra,2022-01-10,,Active,P006738,SYNTH_TELECOM_DB
PH000100,9581628703,+91,Carrier_A,Maharashtra,2026-02-15,2026-08-29,Inactive,P001944,SYNTH_CDR_DB
PH000101,9863902652,+91,Carrier_B,Maharashtra,2015-10-05,2016-12-28,Inactive,P006755,SYNTH_LEGACY_DB
PH000102,9861845565,+91,Carrier_C,Maharashtra,2019-02-09,2019-09-10,Inactive,P006055,SYNTH_TELECOM_DB
PH000103,9987342678,+91,Carrier_B,Maharashtra,2010-06-14,,Active,P006993,SYNTH_TELECOM_DB
PH000104,9344474647,+91,Carrier_A,Maharashtra,2023-02-26,,Active,P006756,SYNTH_TELECOM_DB
PH000105,9272373557,+91,Carrier_A,Maharashtra,2015-01-06,2020-01-13,Reassigned,P004241,SYNTH_LEGACY_DB
PH000106,9720058460,+91,Carrier_D,Maharashtra,2020-01-07,,Active,P006462,SYNTH_TELECOM_DB
PH000107,9482292284,+91,Carrier_B,Maharashtra,2020-05-04,,Active,P001775,SYNTH_IDENTITY_DB
PH000108,9144778544,+91,Carrier_A,Maharashtra,2020-10-01,,Active,P004308,SYNTH_TELECOM_DB
PH000109,9380190187,+91,Carrier_B,Maharashtra,2018-08-17,,Active,P002669,SYNTH_IDENTITY_DB
PH000110,9857485933,+91,Carrier_A,Maharashtra,2020-02-19,,Active,P001740,SYNTH_CDR_DB
PH000111,9277459773,+91,Carrier_B,Maharashtra,2019-03-05,,Active,P006303,SYNTH_LEGACY_DB
PH000112,9999198696,+91,Carrier_C,Maharashtra,2013-08-13,2020-04-26,Inactive,P002168,SYNTH_TELECOM_DB
PH000113,9763463632,+91,Carrier_B,Maharashtra,2011-11-16,,Active,P006969,SYNTH_IDENTITY_DB
PH000114,9309896754,+91,Carrier_A,Maharashtra,2022-10-19,,Active,P000416,SYNTH_IDENTITY_DB
PH000115,9158493311,+91,Carrier_A,Maharashtra,2011-06-29,,Active,P006597,SYNTH_IDENTITY_DB
PH000116,9333181771,+91,Carrier_E,Maharashtra,2012-04-21,,Active,P003613,SYNTH_LEGACY_DB
PH000117,9336967501,+91,Carrier_A,Maharashtra,2021-10-04,2022-06-12,Inactive,P003743,SYNTH_TELECOM_DB
PH000118,9298599904,+91,Carrier_C,Maharashtra,2019-03-15,,Active,P005048,SYNTH_TELECOM_DB
PH000119,9422409281,+91,Carrier_D,Maharashtra,2016-01-28,2017-12-20,Inactive,P003274,SYNTH_CDR_DB
PH000120,9857680480,+91,Carrier_C,Maharashtra,2019-03-29,,Active,P006866,SYNTH_LEGACY_DB
PH000121,9462623915,+91,Carrier_A,Maharashtra,2021-09-07,,Active,P003824,SYNTH_CDR_DB
PH000122,9431392935,+91,Carrier_A,Maharashtra,2014-04-07,,Active,P004229,SYNTH_IDENTITY_DB
PH000123,9918263020,+91,Carrier_C,Maharashtra,2018-05-13,,Active,P001989,SYNTH_TELECOM_DB
PH000124,9117338790,+91,Carrier_B,Maharashtra,2012-11-16,2017-11-14,Inactive,P005639,SYNTH_TELECOM_DB
PH000125,9710524530,+91,Carrier_D,Maharashtra,2010-07-28,2011-10-17,Suspended,P000506,SYNTH_TELECOM_DB
PH000126,9321811469,+91,Carrier_A,Maharashtra,2021-01-24,,Active,P002580,SYNTH_CDR_DB
PH000127,9554262031,+91,Carrier_B,Maharashtra,2010-01-15,,Active,P006845,SYNTH_TELECOM_DB
PH000128,9942692469,+91,Carrier_A,Maharashtra,2015-02-05,2015-12-06,Inactive,P005517,SYNTH_TELECOM_DB
PH000129,9839264143,+91,Carrier_B,Maharashtra,2021-04-15,,Active,P003034,SYNTH_IDENTITY_DB
PH000130,9627685320,+91,Carrier_C,Maharashtra,2016-06-10,,Active,P003218,SYNTH_TELECOM_DB
PH000131,9332627723,+91,Carrier_C,Maharashtra,2011-02-04,,Active,P006768,SYNTH_TELECOM_DB
PH000132,9328994826,+91,Carrier_A,Maharashtra,2018-04-12,,Active,P006419,SYNTH_TELECOM_DB
PH000133,9802988789,+91,Carrier_B,Maharashtra,2026-04-11,,Active,P001324,SYNTH_TELECOM_DB
PH000134,9285621059,+91,Carrier_B,Maharashtra,2018-05-02,2019-11-10,Suspended,P005689,SYNTH_LEGACY_DB
PH000135,9423764169,+91,Carrier_A,Maharashtra,2023-09-11,,Active,P004130,SYNTH_TELECOM_DB
PH000136,9369972443,+91,Carrier_C,Maharashtra,2023-10-30,,Active,P001395,SYNTH_TELECOM_DB
PH000137,9356488380,+91,Carrier_A,Maharashtra,2026-01-25,,Active,P004646,SYNTH_TELECOM_DB
PH000138,9954781850,+91,Carrier_B,Maharashtra,2011-02-03,,Active,P005965,SYNTH_CDR_DB
PH000139,9283470646,+91,Carrier_C,Maharashtra,2014-09-19,2020-04-25,Inactive,P003274,SYNTH_TELECOM_DB
PH000140,9180778823,+91,Carrier_B,Maharashtra,2013-04-09,,Active,P004506,SYNTH_TELECOM_DB
PH000141,9238803477,+91,Carrier_A,Maharashtra,2020-09-25,,Active,P003712,SYNTH_TELECOM_DB
PH000142,9601967355,+91,Carrier_C,Maharashtra,2017-04-17,,Active,P005897,SYNTH_TELECOM_DB
PH000143,9432072332,+91,Carrier_A,Maharashtra,2019-05-01,,Active,P006743,SYNTH_IDENTITY_DB
PH000144,9215336864,+91,Carrier_B,Maharashtra,2015-01-22,,Active,P002010,SYNTH_TELECOM_DB
PH000145,9158946135,+91,Carrier_C,Maharashtra,2024-03-28,,Active,P005312,SYNTH_TELECOM_DB
PH000146,9938091180,+91,Carrier_C,Maharashtra,2018-03-27,2024-08-07,Reassigned,P003145,SYNTH_TELECOM_DB
PH000147,9557361819,+91,Carrier_A,Maharashtra,2013-12-08,,Active,P005395,SYNTH_IDENTITY_DB
PH000148,9759156833,+91,Carrier_B,Maharashtra,2016-12-29,,Active,P000471,SYNTH_TELECOM_DB
PH000149,9722190109,+91,Carrier_B,Maharashtra,2020-10-18,,Active,P001144,SYNTH_CDR_DB
PH000150,9899182279,+91,Carrier_B,Maharashtra,2019-09-21,,Active,P005771,SYNTH_TELECOM_DB
PH000151,9237461766,+91,Carrier_A,Maharashtra,2021-05-26,,Active,P005604,SYNTH_TELECOM_DB
PH000152,9808044501,+91,Carrier_C,Maharashtra,2010-03-23,,Active,P003613,SYNTH_TELECOM_DB
PH000153,9343550495,+91,Carrier_A,Maharashtra,2020-09-12,2026-08-29,Inactive,P005828,SYNTH_IDENTITY_DB
PH000154,9645135905,+91,Carrier_B,Maharashtra,2014-12-20,,Active,P004145,SYNTH_TELECOM_DB
PH000155,9328932213,+91,Carrier_A,Maharashtra,2020-09-03,2025-05-20,Inactive,P003341,SYNTH_TELECOM_DB
PH000156,9118099194,+91,Carrier_B,Maharashtra,2011-06-09,2012-04-12,Inactive,P004522,SYNTH_LEGACY_DB
PH000157,9653156859,+91,Carrier_A,Maharashtra,2011-04-07,,Active,P002666,SYNTH_TELECOM_DB
PH000158,9127182734,+91,Carrier_B,Maharashtra,2021-04-29,2023-02-09,Suspended,P006786,SYNTH_IDENTITY_DB
PH000159,9635983283,+91,Carrier_B,Maharashtra,2021-11-27,,Active,P006412,SYNTH_CDR_DB
PH000160,9158099615,+91,Carrier_A,Maharashtra,2023-01-20,,Active,P002711,SYNTH_LEGACY_DB
PH000161,9234982162,+91,Carrier_C,Maharashtra,2012-10-17,2015-07-01,Inactive,P003920,SYNTH_TELECOM_DB
PH000162,9532985601,+91,Carrier_C,Maharashtra,2019-11-22,2024-03-07,Inactive,P003976,SYNTH_TELECOM_DB
PH000163,9773318855,+91,Carrier_A,Maharashtra,2015-06-07,,Active,P000337,SYNTH_LEGACY_DB
PH000164,9771668568,+91,Carrier_E,Maharashtra,2024-11-13,,Active,P001246,SYNTH_IDENTITY_DB
PH000165,9895523682,+91,Carrier_B,Maharashtra,2016-07-03,2020-03-30,Inactive,P001667,SYNTH_TELECOM_DB
PH000166,9610475731,+91,Carrier_B,Maharashtra,2022-11-25,,Active,P003316,SYNTH_CDR_DB
PH000167,9591789305,+91,Carrier_C,Maharashtra,2025-08-15,,Active,P000801,SYNTH_CDR_DB
PH000168,9343215831,+91,Carrier_A,Maharashtra,2022-09-19,,Active,P006094,SYNTH_CDR_DB
PH000169,9223352123,+91,Carrier_A,Maharashtra,2010-02-13,,Active,P005120,SYNTH_LEGACY_DB
PH000170,9978297238,+91,Carrier_B,Maharashtra,2014-12-07,,Active,P000017,SYNTH_CDR_DB
PH000171,9392497855,+91,Carrier_D,Maharashtra,2020-09-06,,Active,P002004,SYNTH_TELECOM_DB
PH000172,9911378477,+91,Carrier_C,Maharashtra,2010-11-15,,Active,P001467,SYNTH_TELECOM_DB
PH000173,9936867169,+91,Carrier_E,Maharashtra,2015-07-17,,Active,P000078,SYNTH_IDENTITY_DB
PH000174,9473625454,+91,Carrier_A,Maharashtra,2016-01-22,,Active,P002687,SYNTH_TELECOM_DB
PH000175,9616928045,+91,Carrier_B,Maharashtra,2011-10-11,2013-02-16,Suspended,P000165,SYNTH_LEGACY_DB
PH000176,9546550209,+91,Carrier_B,Maharashtra,2016-11-03,,Active,P004349,SYNTH_TELECOM_DB
PH000177,9125625948,+91,Carrier_A,Maharashtra,2016-10-20,2022-07-12,Inactive,P005244,SYNTH_TELECOM_DB
PH000178,9660711351,+91,Carrier_C,Maharashtra,2017-06-14,,Active,P006735,SYNTH_IDENTITY_DB
PH000179,9963908399,+91,Carrier_A,Maharashtra,2024-11-01,,Active,P002118,SYNTH_IDENTITY_DB
PH000180,9737054932,+91,Carrier_A,Maharashtra,2014-03-29,,Active,P001764,SYNTH_TELECOM_DB
PH000181,9343861535,+91,Carrier_B,Maharashtra,2017-05-01,2021-05-27,Reassigned,P002200,SYNTH_CDR_DB
PH000182,9418222881,+91,Carrier_E,Maharashtra,2026-06-30,,Active,P004387,SYNTH_IDENTITY_DB
PH000183,9649404020,+91,Carrier_B,Maharashtra,2023-03-29,,Active,P003573,SYNTH_TELECOM_DB
PH000184,9385296101,+91,Carrier_E,Maharashtra,2025-05-29,,Active,P003230,SYNTH_TELECOM_DB
PH000185,9305158877,+91,Carrier_A,Maharashtra,2019-01-26,2025-04-09,Inactive,P003333,SYNTH_IDENTITY_DB
PH000186,9570514086,+91,Carrier_A,Maharashtra,2010-09-18,2014-10-06,Inactive,P000609,SYNTH_TELECOM_DB
PH000187,9208352960,+91,Carrier_C,Maharashtra,2018-04-18,,Active,P001314,SYNTH_TELECOM_DB
PH000188,9320031267,+91,Carrier_A,Maharashtra,2010-07-04,,Active,P000312,SYNTH_LEGACY_DB
PH000189,9638150392,+91,Carrier_D,Maharashtra,2018-06-14,,Active,P006470,SYNTH_TELECOM_DB
PH000190,9590543368,+91,Carrier_A,Maharashtra,2012-05-28,,Active,P000780,SYNTH_TELECOM_DB
PH000191,9356453530,+91,Carrier_C,Maharashtra,2021-05-12,2022-05-08,Suspended,P001566,SYNTH_TELECOM_DB
PH000192,9334736810,+91,Carrier_A,Maharashtra,2012-06-07,,Active,P004434,SYNTH_IDENTITY_DB
PH000193,9435354485,+91,Carrier_B,Maharashtra,2012-01-29,,Active,P004061,SYNTH_TELECOM_DB
PH000194,9895700721,+91,Carrier_E,Maharashtra,2011-04-01,,Active,P004216,SYNTH_CDR_DB
PH000195,9918890775,+91,Carrier_A,Maharashtra,2018-03-02,2023-11-17,Inactive,P005686,SYNTH_IDENTITY_DB
PH000196,9792060354,+91,Carrier_A,Maharashtra,2017-07-08,,Active,P006196,SYNTH_TELECOM_DB
PH000197,9425583938,+91,Carrier_E,Maharashtra,2012-06-29,,Active,P001589,SYNTH_LEGACY_DB
PH000198,9307709788,+91,Carrier_B,Maharashtra,2019-11-27,2020-12-22,Inactive,P005527,SYNTH_TELECOM_DB
PH000199,9879635241,+91,Carrier_A,Maharashtra,2018-05-11,,Active,P004132,SYNTH_TELECOM_DB
PH000200,9720891781,+91,Carrier_A,Maharashtra,2010-10-29,2016-07-11,Inactive,P002505,SYNTH_CDR_DB
PH000201,9252346726,+91,Carrier_A,Maharashtra,2025-11-07,2025-12-11,Suspended,P002843,SYNTH_TELECOM_DB
PH000202,9568189276,+91,Carrier_C,Maharashtra,2021-08-14,,Active,P004918,SYNTH_TELECOM_DB
PH000203,9817374486,+91,Carrier_A,Maharashtra,2013-09-18,,Active,P005085,SYNTH_TELECOM_DB
PH000204,9283023098,+91,Carrier_B,Maharashtra,2011-09-12,,Active,P002456,SYNTH_TELECOM_DB
PH000205,9362332234,+91,Carrier_A,Maharashtra,2024-04-10,2025-08-24,Reassigned,P004639,SYNTH_TELECOM_DB
PH000206,9386177861,+91,Carrier_A,Maharashtra,2018-10-01,,Active,P000228,SYNTH_TELECOM_DB
PH000207,9491754800,+91,Carrier_B,Maharashtra,2014-09-12,,Active,P000356,SYNTH_TELECOM_DB
PH000208,9206360020,+91,Carrier_A,Maharashtra,2021-06-13,,Active,P002698,SYNTH_TELECOM_DB
PH000209,9725166419,+91,Carrier_B,Maharashtra,2021-04-26,,Active,P001479,SYNTH_CDR_DB
PH000210,9553092467,+91,Carrier_C,Maharashtra,2013-04-22,2016-08-17,Inactive,P002577,SYNTH_TELECOM_DB
PH000211,9649335445,+91,Carrier_A,Maharashtra,2026-07-23,,Active,P002776,SYNTH_TELECOM_DB
PH000212,9921331040,+91,Carrier_A,Maharashtra,2024-10-14,2026-08-29,Inactive,P004139,SYNTH_TELECOM_DB
PH000213,9441460625,+91,Carrier_C,Maharashtra,2016-12-13,,Active,P006853,SYNTH_CDR_DB
PH000214,9386206406,+91,Carrier_A,Maharashtra,2010-10-27,2014-02-23,Inactive,P000137,SYNTH_LEGACY_DB
PH000215,9872408527,+91,Carrier_A,Maharashtra,2011-04-05,,Active,P004017,SYNTH_TELECOM_DB
PH000216,9911445930,+91,Carrier_A,Maharashtra,2010-09-01,,Active,P006296,SYNTH_TELECOM_DB
PH000217,9843717355,+91,Carrier_C,Maharashtra,2016-07-31,2018-09-03,Reassigned,P000732,SYNTH_TELECOM_DB
PH000218,9365983514,+91,Carrier_A,Maharashtra,2020-07-14,,Active,P005768,SYNTH_CDR_DB
PH000219,9252284479,+91,Carrier_B,Maharashtra,2011-07-01,,Active,P005025,SYNTH_CDR_DB
PH000220,9190833297,+91,Carrier_B,Maharashtra,2017-10-29,,Active,P002479,SYNTH_TELECOM_DB
PH000221,9533364976,+91,Carrier_C,Maharashtra,2016-05-24,,Active,P006499,SYNTH_TELECOM_DB
PH000222,9828947326,+91,Carrier_B,Maharashtra,2020-08-18,,Active,P003067,SYNTH_IDENTITY_DB
PH000223,9157971250,+91,Carrier_A,Maharashtra,2010-09-26,,Active,P000843,SYNTH_TELECOM_DB
PH000224,9981426996,+91,Carrier_B,Maharashtra,2024-07-30,,Active,P005558,SYNTH_CDR_DB
PH000225,9126083433,+91,Carrier_A,Maharashtra,2017-04-13,,Active,P006792,SYNTH_CDR_DB
PH000226,9902836001,+91,Carrier_A,Maharashtra,2014-02-18,,Active,P002263,SYNTH_CDR_DB
PH000227,9354573714,+91,Carrier_C,Maharashtra,2010-06-05,,Active,P006910,SYNTH_TELECOM_DB
PH000228,9462732828,+91,Carrier_C,Maharashtra,2021-06-16,,Active,P002779,SYNTH_CDR_DB
PH000229,9918496252,+91,Carrier_A,Maharashtra,2026-05-02,,Active,P005623,SYNTH_TELECOM_DB
PH000230,9109181371,+91,Carrier_B,Maharashtra,2020-10-21,,Active,P003396,SYNTH_IDENTITY_DB
PH000231,9424491770,+91,Carrier_B,Maharashtra,2020-06-22,,Active,P003806,SYNTH_LEGACY_DB
PH000232,9787082681,+91,Carrier_D,Maharashtra,2017-03-07,2020-06-15,Reassigned,P000910,SYNTH_CDR_DB
PH000233,9764554255,+91,Carrier_A,Maharashtra,2021-07-05,2021-12-23,Suspended,P002739,SYNTH_TELECOM_DB
PH000234,9861499549,+91,Carrier_A,Maharashtra,2011-06-09,,Active,P006905,SYNTH_TELECOM_DB
PH000235,9443620794,+91,Carrier_D,Maharashtra,2021-01-19,,Active,P003004,SYNTH_CDR_DB
PH000236,9300894720,+91,Carrier_C,Maharashtra,2010-01-12,,Active,P006581,SYNTH_CDR_DB
PH000237,9311976723,+91,Carrier_E,Maharashtra,2025-08-09,,Active,P006567,SYNTH_IDENTITY_DB
PH000238,9954515048,+91,Carrier_C,Maharashtra,2026-04-18,,Active,P005557,SYNTH_IDENTITY_DB
PH000239,9316945969,+91,Carrier_A,Maharashtra,2019-02-25,,Active,P000145,SYNTH_TELECOM_DB
PH000240,9808148819,+91,Carrier_C,Maharashtra,2015-11-13,,Active,P001153,SYNTH_TELECOM_DB
PH000241,9818155478,+91,Carrier_A,Maharashtra,2024-10-28,,Active,P004333,SYNTH_CDR_DB
PH000242,9476637838,+91,Carrier_D,Maharashtra,2025-09-16,,Active,P005912,SYNTH_TELECOM_DB
PH000243,9392405966,+91,Carrier_B,Maharashtra,2011-07-16,,Active,P006239,SYNTH_TELECOM_DB
PH000244,9348243213,+91,Carrier_B,Maharashtra,2024-02-25,2025-03-11,Inactive,P004522,SYNTH_TELECOM_DB
PH000245,9306625630,+91,Carrier_A,Maharashtra,2025-07-03,,Active,P002602,SYNTH_TELECOM_DB
PH000246,9821545398,+91,Carrier_A,Maharashtra,2023-04-26,,Active,P001073,SYNTH_CDR_DB
PH000247,9316011282,+91,Carrier_A,Maharashtra,2018-09-10,,Active,P006366,SYNTH_TELECOM_DB
PH000248,9451643885,+91,Carrier_D,Maharashtra,2018-12-02,,Active,P004487,SYNTH_TELECOM_DB
PH000249,9969557035,+91,Carrier_A,Maharashtra,2020-10-12,,Active,P004491,SYNTH_TELECOM_DB
PH000250,9819251168,+91,Carrier_C,Maharashtra,2022-02-24,2024-03-12,Suspended,P002695,SYNTH_TELECOM_DB
PH000251,9153012401,+91,Carrier_A,Maharashtra,2023-10-10,2025-09-06,Inactive,P001457,SYNTH_IDENTITY_DB
PH000252,9358257542,+91,Carrier_E,Maharashtra,2014-12-22,2021-10-02,Reassigned,P005258,SYNTH_CDR_DB
PH000253,9727939862,+91,Carrier_B,Maharashtra,2020-10-19,2026-08-29,Reassigned,P002002,SYNTH_TELECOM_DB
PH000254,9320075266,+91,Carrier_D,Maharashtra,2023-09-18,,Active,P004423,SYNTH_TELECOM_DB
PH000255,9318161787,+91,Carrier_A,Maharashtra,2020-04-30,2024-12-26,Inactive,P002393,SYNTH_TELECOM_DB
PH000256,9713465037,+91,Carrier_C,Maharashtra,2015-12-16,,Active,P002616,SYNTH_IDENTITY_DB
PH000257,9246004994,+91,Carrier_B,Maharashtra,2022-12-01,,Active,P000135,SYNTH_TELECOM_DB
PH000258,9768009313,+91,Carrier_A,Maharashtra,2010-08-21,,Active,P000074,SYNTH_TELECOM_DB
PH000259,9937699428,+91,Carrier_D,Maharashtra,2025-12-22,2026-08-29,Suspended,P001472,SYNTH_LEGACY_DB
PH000260,9563771867,+91,Carrier_A,Maharashtra,2014-11-24,2016-05-17,Suspended,P004916,SYNTH_IDENTITY_DB
PH000261,9961633661,+91,Carrier_A,Maharashtra,2026-05-11,,Active,P002466,SYNTH_TELECOM_DB
PH000262,9585582066,+91,Carrier_B,Maharashtra,2026-03-06,,Active,P003305,SYNTH_TELECOM_DB
PH000263,9951971097,+91,Carrier_C,Maharashtra,2026-08-09,2026-08-29,Inactive,P003466,SYNTH_TELECOM_DB
PH000264,9306248742,+91,Carrier_D,Maharashtra,2017-10-15,,Active,P006485,SYNTH_TELECOM_DB
PH000265,9771577719,+91,Carrier_A,Maharashtra,2021-11-23,2026-08-29,Inactive,P005992,SYNTH_TELECOM_DB
PH000266,9320867265,+91,Carrier_A,Maharashtra,2010-11-30,2016-05-14,Inactive,P002140,SYNTH_TELECOM_DB
PH000267,9786114995,+91,Carrier_B,Maharashtra,2012-02-10,2012-06-25,Inactive,P006441,SYNTH_LEGACY_DB
PH000268,9743263917,+91,Carrier_D,Maharashtra,2025-06-24,2026-01-09,Inactive,P003474,SYNTH_TELECOM_DB
PH000269,9127568143,+91,Carrier_D,Maharashtra,2026-05-08,,Active,P005900,SYNTH_TELECOM_DB
PH000270,9823135982,+91,Carrier_B,Maharashtra,2015-06-11,2018-06-06,Inactive,P005695,SYNTH_TELECOM_DB
PH000271,9609791746,+91,Carrier_B,Maharashtra,2022-05-24,,Active,P003303,SYNTH_IDENTITY_DB
PH000272,9496336444,+91,Carrier_A,Maharashtra,2022-04-07,,Active,P004369,SYNTH_TELECOM_DB
PH000273,9992428870,+91,Carrier_C,Maharashtra,2018-05-29,,Active,P005647,SYNTH_IDENTITY_DB
PH000274,9801355470,+91,Carrier_B,Maharashtra,2016-12-13,,Active,P002796,SYNTH_TELECOM_DB
PH000275,9998728260,+91,Carrier_A,Maharashtra,2018-03-17,,Active,P002599,SYNTH_TELECOM_DB
PH000276,9456078852,+91,Carrier_A,Maharashtra,2017-08-04,,Active,P003349,SYNTH_CDR_DB
PH000277,9389410055,+91,Carrier_A,Maharashtra,2014-05-16,,Active,P002116,SYNTH_IDENTITY_DB
PH000278,9962694030,+91,Carrier_C,Maharashtra,2012-04-22,,Active,P005509,SYNTH_IDENTITY_DB
PH000279,9421794837,+91,Carrier_A,Maharashtra,2022-10-18,,Active,P005656,SYNTH_CDR_DB
PH000280,9798572945,+91,Carrier_B,Maharashtra,2018-09-08,,Active,P003344,SYNTH_TELECOM_DB
PH000281,9474329779,+91,Carrier_D,Maharashtra,2019-04-09,,Active,P004971,SYNTH_CDR_DB
PH000282,9143935536,+91,Carrier_C,Maharashtra,2024-09-28,,Active,P000487,SYNTH_CDR_DB
PH000283,9228284194,+91,Carrier_E,Maharashtra,2017-12-01,,Active,P003672,SYNTH_CDR_DB
PH000284,9805354689,+91,Carrier_B,Maharashtra,2015-10-21,,Active,P002408,SYNTH_LEGACY_DB
PH000285,9976010712,+91,Carrier_A,Maharashtra,2026-02-15,,Active,P001941,SYNTH_TELECOM_DB
PH000286,9607137704,+91,Carrier_A,Maharashtra,2020-03-15,,Active,P006043,SYNTH_CDR_DB
PH000287,9616488933,+91,Carrier_C,Maharashtra,2013-04-20,,Active,P003593,SYNTH_TELECOM_DB
PH000288,9524671516,+91,Carrier_A,Maharashtra,2022-11-19,,Active,P000192,SYNTH_TELECOM_DB
PH000289,9928051744,+91,Carrier_B,Maharashtra,2014-12-22,,Active,P006006,SYNTH_TELECOM_DB
PH000290,9890486460,+91,Carrier_C,Maharashtra,2026-05-07,,Active,P003990,SYNTH_CDR_DB
PH000291,9849703898,+91,Carrier_A,Maharashtra,2012-07-30,,Active,P000348,SYNTH_TELECOM_DB
PH000292,9586786589,+91,Carrier_E,Maharashtra,2016-06-25,,Active,P000786,SYNTH_TELECOM_DB
PH000293,9929225951,+91,Carrier_C,Maharashtra,2013-09-05,,Active,P006019,SYNTH_TELECOM_DB
PH000294,9314367623,+91,Carrier_A,Maharashtra,2025-12-19,,Active,P004701,SYNTH_TELECOM_DB
PH000295,9203539821,+91,Carrier_A,Maharashtra,2026-07-26,,Active,P005525,SYNTH_TELECOM_DB
PH000296,9251784506,+91,Carrier_B,Maharashtra,2026-02-28,,Active,P002940,SYNTH_TELECOM_DB
PH000297,9124019481,+91,Carrier_A,Maharashtra,2012-11-29,,Active,P001132,SYNTH_TELECOM_DB
PH000298,9600620983,+91,Carrier_C,Maharashtra,2013-03-13,,Active,P001793,SYNTH_LEGACY_DB
PH000299,9263375298,+91,Carrier_B,Maharashtra,2012-02-17,,Active,P005546,SYNTH_TELECOM_DB
PH000300,9671377020,+91,Carrier_E,Maharashtra,2021-12-06,,Active,P004029,SYNTH_CDR_DB
PH000301,9708749135,+91,Carrier_B,Maharashtra,2010-10-12,,Active,P002334,SYNTH_TELECOM_DB
PH000302,9458385512,+91,Carrier_C,Maharashtra,2012-07-27,,Active,P004055,SYNTH_TELECOM_DB
PH000303,9286100708,+91,Carrier_A,Maharashtra,2017-09-14,,Active,P001005,SYNTH_TELECOM_DB
PH000304,9498851020,+91,Carrier_B,Maharashtra,2015-11-28,,Active,P004138,SYNTH_CDR_DB
PH000305,9298490021,+91,Carrier_C,Maharashtra,2022-07-16,,Active,P003916,SYNTH_IDENTITY_DB
PH000306,9421455054,+91,Carrier_D,Maharashtra,2026-03-26,,Active,P006888,SYNTH_TELECOM_DB
PH000307,9962262369,+91,Carrier_D,Maharashtra,2023-09-21,2025-01-22,Reassigned,P003809,SYNTH_TELECOM_DB
PH000308,9111556856,+91,Carrier_C,Maharashtra,2023-12-14,,Active,P006364,SYNTH_IDENTITY_DB
PH000309,9919307818,+91,Carrier_A,Maharashtra,2026-05-31,,Active,P006131,SYNTH_CDR_DB
PH000310,9966118999,+91,Carrier_A,Maharashtra,2011-01-08,,Active,P001262,SYNTH_TELECOM_DB
PH000311,9187064033,+91,Carrier_B,Maharashtra,2015-06-17,,Active,P003552,SYNTH_TELECOM_DB
PH000312,9103432663,+91,Carrier_A,Maharashtra,2021-07-12,,Active,P000714,SYNTH_TELECOM_DB
PH000313,9815835472,+91,Carrier_C,Maharashtra,2020-07-28,,Active,P000237,SYNTH_TELECOM_DB
PH000314,9454624981,+91,Carrier_B,Maharashtra,2022-07-21,2023-12-18,Suspended,P004333,SYNTH_TELECOM_DB
PH000315,9318397238,+91,Carrier_B,Maharashtra,2021-09-12,2023-04-24,Suspended,P002640,SYNTH_TELECOM_DB
PH000316,9775385946,+91,Carrier_C,Maharashtra,2014-04-19,,Active,P004299,SYNTH_TELECOM_DB
PH000317,9363279828,+91,Carrier_A,Maharashtra,2022-05-27,,Active,P002690,SYNTH_TELECOM_DB
PH000318,9306085880,+91,Carrier_C,Maharashtra,2011-05-13,2016-07-21,Inactive,P005831,SYNTH_CDR_DB
PH000319,9424103006,+91,Carrier_B,Maharashtra,2018-12-16,,Active,P006597,SYNTH_TELECOM_DB
PH000320,9826650091,+91,Carrier_C,Maharashtra,2015-10-19,,Active,P003836,SYNTH_CDR_DB
PH000321,9690606284,+91,Carrier_C,Maharashtra,2020-11-16,,Active,P003484,SYNTH_IDENTITY_DB
PH000322,9355006810,+91,Carrier_A,Maharashtra,2019-10-04,2022-10-09,Inactive,P002490,SYNTH_CDR_DB
PH000323,9198590676,+91,Carrier_C,Maharashtra,2012-01-11,,Active,P004328,SYNTH_CDR_DB
PH000324,9415036433,+91,Carrier_C,Maharashtra,2025-07-21,2026-08-29,Inactive,P000986,SYNTH_LEGACY_DB
PH000325,9500979752,+91,Carrier_B,Maharashtra,2012-08-07,2015-05-02,Inactive,P005847,SYNTH_TELECOM_DB
PH000326,9312866433,+91,Carrier_D,Maharashtra,2017-11-12,,Active,P006068,SYNTH_TELECOM_DB
PH000327,9766712857,+91,Carrier_B,Maharashtra,2016-09-02,2019-03-19,Suspended,P000846,SYNTH_LEGACY_DB
PH000328,9309522568,+91,Carrier_A,Maharashtra,2010-08-07,,Active,P004026,SYNTH_IDENTITY_DB
PH000329,9975520153,+91,Carrier_A,Maharashtra,2013-09-30,,Active,P002227,SYNTH_TELECOM_DB
PH000330,9701928248,+91,Carrier_A,Maharashtra,2015-02-09,,Active,P003536,SYNTH_TELECOM_DB
PH000331,9700034564,+91,Carrier_C,Maharashtra,2016-03-20,,Active,P003119,SYNTH_TELECOM_DB
PH000332,9344489253,+91,Carrier_C,Maharashtra,2011-12-06,,Active,P000964,SYNTH_CDR_DB
PH000333,9934260803,+91,Carrier_D,Maharashtra,2024-06-09,,Active,P003836,SYNTH_LEGACY_DB
PH000334,9854492349,+91,Carrier_A,Maharashtra,2014-01-22,,Active,P005055,SYNTH_TELECOM_DB
PH000335,9732912193,+91,Carrier_A,Maharashtra,2014-08-24,2017-09-06,Reassigned,P005351,SYNTH_TELECOM_DB
PH000336,9575454763,+91,Carrier_A,Maharashtra,2012-05-11,2013-08-10,Inactive,P000157,SYNTH_CDR_DB
PH000337,9985500844,+91,Carrier_A,Maharashtra,2021-10-17,,Active,P004565,SYNTH_CDR_DB
PH000338,9146415992,+91,Carrier_C,Maharashtra,2012-05-19,,Active,P000152,SYNTH_CDR_DB
PH000339,9384938416,+91,Carrier_C,Maharashtra,2017-12-28,,Active,P000846,SYNTH_IDENTITY_DB
PH000340,9846596131,+91,Carrier_E,Maharashtra,2012-05-30,,Active,P000779,SYNTH_TELECOM_DB
PH000341,9572740387,+91,Carrier_A,Maharashtra,2013-07-07,,Active,P001333,SYNTH_TELECOM_DB
PH000342,9169680611,+91,Carrier_A,Maharashtra,2019-05-27,,Active,P002303,SYNTH_LEGACY_DB
PH000343,9641231616,+91,Carrier_A,Maharashtra,2013-05-12,,Active,P001436,SYNTH_TELECOM_DB
PH000344,9592795189,+91,Carrier_A,Maharashtra,2015-05-19,,Active,P000175,SYNTH_LEGACY_DB
PH000345,9281435132,+91,Carrier_C,Maharashtra,2010-02-19,,Active,P005673,SYNTH_CDR_DB
PH000346,9599516011,+91,Carrier_B,Maharashtra,2024-06-22,,Active,P006649,SYNTH_TELECOM_DB
PH000347,9657480549,+91,Carrier_B,Maharashtra,2024-11-10,2026-08-29,Inactive,P000084,SYNTH_TELECOM_DB
PH000348,9862428143,+91,Carrier_C,Maharashtra,2013-10-13,,Active,P004656,SYNTH_CDR_DB
PH000349,9383064155,+91,Carrier_B,Maharashtra,2023-01-21,,Active,P000208,SYNTH_TELECOM_DB
PH000350,9776461507,+91,Carrier_A,Maharashtra,2021-01-21,,Active,P002643,SYNTH_TELECOM_DB
PH000351,9713243402,+91,Carrier_B,Maharashtra,2025-06-29,,Active,P003855,SYNTH_TELECOM_DB
PH000352,9858615779,+91,Carrier_D,Maharashtra,2014-02-21,,Active,P004842,SYNTH_TELECOM_DB
PH000353,9993563987,+91,Carrier_B,Maharashtra,2011-07-07,,Active,P002072,SYNTH_CDR_DB
PH000354,9836714433,+91,Carrier_B,Maharashtra,2010-07-15,2010-12-20,Suspended,P006606,SYNTH_TELECOM_DB
PH000355,9199167396,+91,Carrier_E,Maharashtra,2018-05-31,,Active,P005321,SYNTH_LEGACY_DB
PH000356,9806392345,+91,Carrier_A,Maharashtra,2020-06-17,,Active,P005824,SYNTH_LEGACY_DB
PH000357,9837067009,+91,Carrier_B,Maharashtra,2010-08-25,,Active,P006008,SYNTH_CDR_DB
PH000358,9301580083,+91,Carrier_B,Maharashtra,2018-01-05,,Active,P003259,SYNTH_TELECOM_DB
PH000359,9843791764,+91,Carrier_A,Maharashtra,2015-07-29,,Active,P000470,SYNTH_IDENTITY_DB
PH000360,9125155063,+91,Carrier_B,Maharashtra,2013-12-09,,Active,P003639,SYNTH_IDENTITY_DB
PH000361,9409105246,+91,Carrier_B,Maharashtra,2019-04-23,,Active,P006933,SYNTH_TELECOM_DB
PH000362,9455106433,+91,Carrier_A,Maharashtra,2013-11-28,,Active,P006130,SYNTH_TELECOM_DB
PH000363,9673624673,+91,Carrier_B,Maharashtra,2014-01-18,,Active,P000486,SYNTH_CDR_DB
PH000364,9707041551,+91,Carrier_C,Maharashtra,2025-06-14,,Active,P001020,SYNTH_IDENTITY_DB
PH000365,9453614871,+91,Carrier_B,Maharashtra,2012-12-19,,Active,P002006,SYNTH_TELECOM_DB
PH000366,9747615438,+91,Carrier_A,Maharashtra,2017-04-24,2021-12-02,Inactive,P000682,SYNTH_TELECOM_DB
PH000367,9899206690,+91,Carrier_A,Maharashtra,2010-12-27,,Active,P006312,SYNTH_IDENTITY_DB
PH000368,9696180531,+91,Carrier_A,Maharashtra,2022-12-16,,Active,P000422,SYNTH_IDENTITY_DB
PH000369,9840154599,+91,Carrier_C,Maharashtra,2016-02-22,,Active,P006760,SYNTH_TELECOM_DB
PH000370,9372956276,+91,Carrier_A,Maharashtra,2022-11-30,,Active,P004687,SYNTH_IDENTITY_DB
PH000371,9631888434,+91,Carrier_B,Maharashtra,2026-07-28,,Active,P002669,SYNTH_TELECOM_DB
PH000372,9623439203,+91,Carrier_A,Maharashtra,2025-09-03,,Active,P005672,SYNTH_TELECOM_DB
PH000373,9152773432,+91,Carrier_A,Maharashtra,2022-11-11,2026-08-29,Inactive,P002782,SYNTH_LEGACY_DB
PH000374,9643609124,+91,Carrier_B,Maharashtra,2012-07-04,2018-04-23,Inactive,P005195,SYNTH_IDENTITY_DB
PH000375,9338820879,+91,Carrier_B,Maharashtra,2013-08-16,2013-10-18,Inactive,P001974,SYNTH_TELECOM_DB
PH000376,9733760518,+91,Carrier_A,Maharashtra,2025-01-18,2026-08-18,Suspended,P003188,SYNTH_TELECOM_DB
PH000377,9554609154,+91,Carrier_A,Maharashtra,2017-01-03,2019-09-24,Suspended,P002329,SYNTH_TELECOM_DB
PH000378,9787072995,+91,Carrier_B,Maharashtra,2024-09-14,2026-08-29,Inactive,P006558,SYNTH_CDR_DB
PH000379,9578619620,+91,Carrier_B,Maharashtra,2014-01-29,,Active,P001502,SYNTH_LEGACY_DB
PH000380,9561743767,+91,Carrier_C,Maharashtra,2019-03-17,,Active,P006243,SYNTH_CDR_DB
PH000381,9415745828,+91,Carrier_A,Maharashtra,2011-08-27,,Active,P000998,SYNTH_TELECOM_DB
PH000382,9424038097,+91,Carrier_C,Maharashtra,2012-03-24,2015-08-15,Inactive,P001154,SYNTH_IDENTITY_DB
PH000383,9322526283,+91,Carrier_B,Maharashtra,2015-05-01,,Active,P004597,SYNTH_TELECOM_DB
PH000384,9606627105,+91,Carrier_A,Maharashtra,2020-12-23,,Active,P002778,SYNTH_TELECOM_DB
PH000385,9500798824,+91,Carrier_B,Maharashtra,2018-01-26,,Active,P001243,SYNTH_LEGACY_DB
PH000386,9209834075,+91,Carrier_B,Maharashtra,2026-02-17,,Active,P001913,SYNTH_CDR_DB
PH000387,9879592143,+91,Carrier_C,Maharashtra,2025-05-29,,Active,P002829,SYNTH_TELECOM_DB
PH000388,9931241593,+91,Carrier_B,Maharashtra,2024-08-26,,Active,P006407,SYNTH_TELECOM_DB
PH000389,9502358763,+91,Carrier_B,Maharashtra,2022-04-11,,Active,P000121,SYNTH_TELECOM_DB
PH000390,9910985778,+91,Carrier_D,Maharashtra,2017-10-12,2020-05-28,Suspended,P003119,SYNTH_CDR_DB
PH000391,9472881163,+91,Carrier_A,Maharashtra,2024-07-09,,Active,P001581,SYNTH_CDR_DB
PH000392,9331842705,+91,Carrier_B,Maharashtra,2024-08-26,,Active,P006124,SYNTH_CDR_DB
PH000393,9615101623,+91,Carrier_B,Maharashtra,2014-10-28,,Active,P001484,SYNTH_TELECOM_DB
PH000394,9514505146,+91,Carrier_C,Maharashtra,2025-01-05,,Active,P002786,SYNTH_TELECOM_DB
PH000395,9183606822,+91,Carrier_A,Maharashtra,2019-03-24,,Active,P006399,SYNTH_TELECOM_DB
PH000396,9774293714,+91,Carrier_C,Maharashtra,2010-11-18,,Active,P004801,SYNTH_TELECOM_DB
PH000397,9706262257,+91,Carrier_A,Maharashtra,2017-10-14,,Active,P006731,SYNTH_LEGACY_DB
PH000398,9935035548,+91,Carrier_E,Maharashtra,2010-05-23,,Active,P004221,SYNTH_TELECOM_DB
PH000399,9285122823,+91,Carrier_B,Maharashtra,2020-10-12,,Active,P001325,SYNTH_TELECOM_DB
PH000400,9302027875,+91,Carrier_B,Maharashtra,2022-11-16,,Active,P006017,SYNTH_CDR_DB
PH000401,9792336230,+91,Carrier_A,Maharashtra,2021-10-31,,Active,P002922,SYNTH_CDR_DB
PH000402,9747477567,+91,Carrier_A,Maharashtra,2016-05-22,2021-03-25,Reassigned,P000949,SYNTH_TELECOM_DB
PH000403,9803312361,+91,Carrier_D,Maharashtra,2022-09-18,,Active,P004046,SYNTH_TELECOM_DB
PH000404,9443361122,+91,Carrier_A,Maharashtra,2015-03-27,,Active,P001139,SYNTH_TELECOM_DB
PH000405,9149813949,+91,Carrier_C,Maharashtra,2013-03-06,,Active,P002687,SYNTH_CDR_DB
PH000406,9602572292,+91,Carrier_C,Maharashtra,2014-08-02,,Active,P004976,SYNTH_TELECOM_DB
PH000407,9692904924,+91,Carrier_C,Maharashtra,2025-09-04,,Active,P005910,SYNTH_TELECOM_DB
PH000408,9581636237,+91,Carrier_B,Maharashtra,2016-02-11,,Active,P004362,SYNTH_LEGACY_DB
PH000409,9736028422,+91,Carrier_A,Maharashtra,2018-05-19,2021-01-26,Suspended,P003565,SYNTH_TELECOM_DB
PH000410,9582039676,+91,Carrier_C,Maharashtra,2011-07-18,2013-11-03,Inactive,P004716,SYNTH_TELECOM_DB
PH000411,9323355888,+91,Carrier_C,Maharashtra,2023-06-17,,Active,P006557,SYNTH_TELECOM_DB
PH000412,9289129240,+91,Carrier_E,Maharashtra,2015-08-12,,Active,P006739,SYNTH_TELECOM_DB
PH000413,9617628703,+91,Carrier_A,Maharashtra,2015-10-22,,Active,P006033,SYNTH_TELECOM_DB
PH000414,9462083341,+91,Carrier_C,Maharashtra,2019-04-28,,Active,P004791,SYNTH_LEGACY_DB
PH000415,9886355218,+91,Carrier_A,Maharashtra,2022-05-09,,Active,P006606,SYNTH_TELECOM_DB
PH000416,9580342521,+91,Carrier_C,Maharashtra,2011-11-08,,Active,P004389,SYNTH_TELECOM_DB
PH000417,9403184215,+91,Carrier_C,Maharashtra,2011-05-09,,Active,P000263,SYNTH_IDENTITY_DB
PH000418,9772304793,+91,Carrier_A,Maharashtra,2016-09-13,,Active,P000939,SYNTH_TELECOM_DB
PH000419,9167030220,+91,Carrier_D,Maharashtra,2011-09-17,,Active,P004783,SYNTH_TELECOM_DB
PH000420,9964254086,+91,Carrier_A,Maharashtra,2020-03-03,,Active,P003623,SYNTH_CDR_DB
PH000421,9588779435,+91,Carrier_A,Maharashtra,2014-06-02,,Active,P000205,SYNTH_TELECOM_DB
PH000422,9309224597,+91,Carrier_B,Maharashtra,2026-07-28,,Active,P004752,SYNTH_TELECOM_DB
PH000423,9969071250,+91,Carrier_C,Maharashtra,2022-09-20,,Active,P003386,SYNTH_IDENTITY_DB
PH000424,9331265152,+91,Carrier_C,Maharashtra,2021-06-20,,Active,P000102,SYNTH_TELECOM_DB
PH000425,9831698834,+91,Carrier_A,Maharashtra,2016-08-27,,Active,P004197,SYNTH_IDENTITY_DB
PH000426,9657281024,+91,Carrier_A,Maharashtra,2023-02-08,2025-03-27,Inactive,P001110,SYNTH_TELECOM_DB
PH000427,9358881643,+91,Carrier_A,Maharashtra,2014-01-13,,Active,P006185,SYNTH_CDR_DB
PH000428,9150962203,+91,Carrier_C,Maharashtra,2018-07-12,,Active,P000339,SYNTH_TELECOM_DB
PH000429,9411041456,+91,Carrier_B,Maharashtra,2025-11-11,,Active,P005210,SYNTH_TELECOM_DB
PH000430,9900913878,+91,Carrier_D,Maharashtra,2017-12-15,2022-01-09,Reassigned,P003155,SYNTH_CDR_DB
PH000431,9161712004,+91,Carrier_B,Maharashtra,2019-10-18,,Active,P003432,SYNTH_TELECOM_DB
PH000432,9338176026,+91,Carrier_C,Maharashtra,2018-06-05,2023-04-18,Inactive,P006570,SYNTH_LEGACY_DB
PH000433,9712820487,+91,Carrier_A,Maharashtra,2026-03-23,,Active,P005839,SYNTH_CDR_DB
PH000434,9387741330,+91,Carrier_B,Maharashtra,2025-10-16,,Active,P000529,SYNTH_TELECOM_DB
PH000435,9911504868,+91,Carrier_D,Maharashtra,2021-04-17,,Active,P004020,SYNTH_TELECOM_DB
PH000436,9837113214,+91,Carrier_B,Maharashtra,2018-12-16,,Active,P001724,SYNTH_LEGACY_DB
PH000437,9922282664,+91,Carrier_A,Maharashtra,2022-10-22,,Active,P001794,SYNTH_IDENTITY_DB
PH000438,9839184660,+91,Carrier_C,Maharashtra,2025-03-26,,Active,P001896,SYNTH_CDR_DB
PH000439,9704501961,+91,Carrier_A,Maharashtra,2022-09-30,,Active,P004203,SYNTH_IDENTITY_DB
PH000440,9593213020,+91,Carrier_C,Maharashtra,2026-07-19,,Active,P000463,SYNTH_TELECOM_DB
PH000441,9290743402,+91,Carrier_B,Maharashtra,2022-02-27,,Active,P001474,SYNTH_TELECOM_DB
PH000442,9282280019,+91,Carrier_B,Maharashtra,2020-07-09,,Active,P001429,SYNTH_TELECOM_DB
PH000443,9352683014,+91,Carrier_A,Maharashtra,2024-09-08,,Active,P001187,SYNTH_TELECOM_DB
PH000444,9316345825,+91,Carrier_A,Maharashtra,2015-03-13,,Active,P000666,SYNTH_CDR_DB
PH000445,9183249861,+91,Carrier_C,Maharashtra,2015-10-28,,Active,P001227,SYNTH_CDR_DB
PH000446,9256349987,+91,Carrier_E,Maharashtra,2015-01-31,2020-08-26,Reassigned,P006473,SYNTH_IDENTITY_DB
PH000447,9303833977,+91,Carrier_B,Maharashtra,2017-04-06,,Active,P000400,SYNTH_TELECOM_DB
PH000448,9627323244,+91,Carrier_A,Maharashtra,2022-03-09,,Active,P001565,SYNTH_TELECOM_DB
PH000449,9504020932,+91,Carrier_A,Maharashtra,2019-05-15,2023-07-02,Inactive,P003384,SYNTH_CDR_DB
PH000450,9467995495,+91,Carrier_B,Maharashtra,2022-12-29,,Active,P004900,SYNTH_TELECOM_DB
PH000451,9659576689,+91,Carrier_A,Maharashtra,2026-07-12,2026-08-29,Suspended,P005415,SYNTH_LEGACY_DB
PH000452,9557825527,+91,Carrier_C,Maharashtra,2024-04-25,,Active,P002505,SYNTH_TELECOM_DB
PH000453,9801522698,+91,Carrier_E,Maharashtra,2016-09-25,,Active,P001742,SYNTH_TELECOM_DB
PH000454,9985351790,+91,Carrier_A,Maharashtra,2025-05-19,,Active,P001272,SYNTH_IDENTITY_DB
PH000455,9256114922,+91,Carrier_D,Maharashtra,2012-09-22,,Active,P001705,SYNTH_TELECOM_DB
PH000456,9989076731,+91,Carrier_E,Maharashtra,2016-02-24,,Active,P005113,SYNTH_TELECOM_DB
PH000457,9479029657,+91,Carrier_A,Maharashtra,2018-11-21,,Active,P002145,SYNTH_TELECOM_DB
PH000458,9569746976,+91,Carrier_B,Maharashtra,2011-09-27,,Active,P000072,SYNTH_IDENTITY_DB
PH000459,9113681551,+91,Carrier_D,Maharashtra,2024-10-20,2026-08-29,Inactive,P001768,SYNTH_IDENTITY_DB
PH000460,9201837681,+91,Carrier_A,Maharashtra,2016-08-02,2018-10-25,Suspended,P006171,SYNTH_LEGACY_DB
PH000461,9489946400,+91,Carrier_A,Maharashtra,2013-04-13,,Active,P002883,SYNTH_TELECOM_DB
PH000462,9887789027,+91,Carrier_C,Maharashtra,2020-07-06,,Active,P004269,SYNTH_TELECOM_DB
PH000463,9130673536,+91,Carrier_E,Maharashtra,2024-04-19,,Active,P001094,SYNTH_TELECOM_DB
PH000464,9906333115,+91,Carrier_B,Maharashtra,2010-11-22,2014-05-13,Inactive,P000428,SYNTH_LEGACY_DB
PH000465,9646865946,+91,Carrier_E,Maharashtra,2018-11-13,,Active,P000860,SYNTH_TELECOM_DB
PH000466,9175405653,+91,Carrier_A,Maharashtra,2012-03-21,,Active,P001800,SYNTH_TELECOM_DB
PH000467,9562129604,+91,Carrier_A,Maharashtra,2014-12-09,2015-04-17,Suspended,P006171,SYNTH_TELECOM_DB
PH000468,9382829875,+91,Carrier_E,Maharashtra,2022-09-02,,Active,P003143,SYNTH_TELECOM_DB
PH000469,9999231182,+91,Carrier_C,Maharashtra,2015-07-16,,Active,P005840,SYNTH_TELECOM_DB
PH000470,9485141307,+91,Carrier_E,Maharashtra,2017-03-25,,Active,P005884,SYNTH_IDENTITY_DB
PH000471,9588195199,+91,Carrier_C,Maharashtra,2012-06-29,,Active,P002637,SYNTH_LEGACY_DB
PH000472,9103485304,+91,Carrier_B,Maharashtra,2015-08-28,2017-10-29,Inactive,P005154,SYNTH_TELECOM_DB
PH000473,9226727814,+91,Carrier_A,Maharashtra,2024-06-07,,Active,P006051,SYNTH_TELECOM_DB
PH000474,9704658194,+91,Carrier_B,Maharashtra,2015-03-31,,Active,P004261,SYNTH_TELECOM_DB
PH000475,9975386819,+91,Carrier_A,Maharashtra,2012-05-23,,Active,P004599,SYNTH_IDENTITY_DB
PH000476,9743937614,+91,Carrier_B,Maharashtra,2018-03-19,2018-08-12,Suspended,P003363,SYNTH_TELECOM_DB
PH000477,9916771115,+91,Carrier_B,Maharashtra,2013-07-21,,Active,P006528,SYNTH_LEGACY_DB
PH000478,9811868681,+91,Carrier_D,Maharashtra,2019-08-28,,Active,P005327,SYNTH_CDR_DB
PH000479,9805466090,+91,Carrier_A,Maharashtra,2019-03-25,,Active,P002586,SYNTH_IDENTITY_DB
PH000480,9318052842,+91,Carrier_A,Maharashtra,2020-10-13,,Active,P003367,SYNTH_CDR_DB
PH000481,9115625599,+91,Carrier_D,Maharashtra,2012-05-09,,Active,P004709,SYNTH_TELECOM_DB
PH000482,9900431113,+91,Carrier_A,Maharashtra,2019-05-17,,Active,P005740,SYNTH_TELECOM_DB
PH000483,9228348052,+91,Carrier_C,Maharashtra,2017-12-29,2024-10-12,Inactive,P004822,SYNTH_TELECOM_DB
PH000484,9989172531,+91,Carrier_D,Maharashtra,2011-10-19,,Active,P001015,SYNTH_CDR_DB
PH000485,9310466392,+91,Carrier_B,Maharashtra,2022-10-17,,Active,P006247,SYNTH_TELECOM_DB
PH000486,9401602350,+91,Carrier_B,Maharashtra,2022-09-25,,Active,P005088,SYNTH_IDENTITY_DB
PH000487,9253246531,+91,Carrier_C,Maharashtra,2013-12-16,2019-12-10,Reassigned,P004787,SYNTH_IDENTITY_DB
PH000488,9553851442,+91,Carrier_A,Maharashtra,2023-07-31,2024-03-28,Suspended,P003748,SYNTH_TELECOM_DB
PH000489,9805720696,+91,Carrier_A,Maharashtra,2024-11-04,,Active,P004041,SYNTH_IDENTITY_DB
PH000490,9150533109,+91,Carrier_A,Maharashtra,2015-10-01,,Active,P003195,SYNTH_TELECOM_DB
PH000491,9924674275,+91,Carrier_C,Maharashtra,2023-08-05,2026-08-29,Inactive,P006553,SYNTH_TELECOM_DB
PH000492,9986746607,+91,Carrier_B,Maharashtra,2023-12-24,,Active,P005117,SYNTH_CDR_DB
PH000493,9422615545,+91,Carrier_C,Maharashtra,2014-09-19,,Active,P000135,SYNTH_IDENTITY_DB
PH000494,9499450570,+91,Carrier_A,Maharashtra,2015-07-21,2018-11-16,Inactive,P003175,SYNTH_LEGACY_DB
PH000495,9244049544,+91,Carrier_A,Maharashtra,2015-06-28,,Active,P005250,SYNTH_TELECOM_DB
PH000496,9974723061,+91,Carrier_A,Maharashtra,2017-10-03,,Active,P000775,SYNTH_TELECOM_DB
PH000497,9368338659,+91,Carrier_B,Maharashtra,2018-09-26,,Active,P000299,SYNTH_LEGACY_DB
PH000498,9791689274,+91,Carrier_B,Maharashtra,2023-05-06,2026-08-29,Inactive,P000960,SYNTH_TELECOM_DB
PH000499,9565811350,+91,Carrier_A,Maharashtra,2025-09-13,,Active,P000921,SYNTH_CDR_DB
PH000500,9482198703,+91,Carrier_A,Maharashtra,2019-01-06,2025-03-20,Inactive,P006746,SYNTH_CDR_DB
PH000501,9406740140,+91,Carrier_C,Maharashtra,2019-09-23,2022-05-10,Suspended,P004028,SYNTH_TELECOM_DB
PH000502,9112318884,+91,Carrier_A,Maharashtra,2017-07-29,,Active,P000977,SYNTH_CDR_DB
PH000503,9463338817,+91,Carrier_A,Maharashtra,2022-07-04,,Active,P003214,SYNTH_TELECOM_DB
PH000504,9362328965,+91,Carrier_A,Maharashtra,2021-03-17,,Active,P001393,SYNTH_TELECOM_DB
PH000505,9683614238,+91,Carrier_A,Maharashtra,2018-08-10,,Active,P004240,SYNTH_IDENTITY_DB
PH000506,9243764228,+91,Carrier_B,Maharashtra,2022-10-05,,Active,P005357,SYNTH_TELECOM_DB
PH000507,9600126614,+91,Carrier_C,Maharashtra,2012-12-02,,Active,P001153,SYNTH_IDENTITY_DB
PH000508,9169085664,+91,Carrier_A,Maharashtra,2012-09-25,,Active,P002734,SYNTH_TELECOM_DB
PH000509,9658870659,+91,Carrier_A,Maharashtra,2014-02-26,,Active,P003340,SYNTH_IDENTITY_DB
PH000510,9922125062,+91,Carrier_B,Maharashtra,2015-11-23,,Active,P002525,SYNTH_IDENTITY_DB
PH000511,9714868830,+91,Carrier_B,Maharashtra,2016-04-02,2016-09-18,Suspended,P002985,SYNTH_CDR_DB
PH000512,9833321677,+91,Carrier_B,Maharashtra,2011-01-20,2012-01-07,Suspended,P003021,SYNTH_CDR_DB
PH000513,9845416020,+91,Carrier_D,Maharashtra,2022-03-03,,Active,P005903,SYNTH_TELECOM_DB
PH000514,9503173276,+91,Carrier_A,Maharashtra,2011-12-18,,Active,P004850,SYNTH_TELECOM_DB
PH000515,9979274887,+91,Carrier_A,Maharashtra,2011-08-26,,Active,P006912,SYNTH_LEGACY_DB
PH000516,9278281623,+91,Carrier_C,Maharashtra,2021-04-01,,Active,P002083,SYNTH_CDR_DB
PH000517,9401085453,+91,Carrier_B,Maharashtra,2024-03-18,,Active,P002700,SYNTH_IDENTITY_DB
PH000518,9248010993,+91,Carrier_D,Maharashtra,2023-08-23,,Active,P001888,SYNTH_CDR_DB
PH000519,9756560038,+91,Carrier_A,Maharashtra,2026-01-19,2026-08-29,Inactive,P004321,SYNTH_LEGACY_DB
PH000520,9660704844,+91,Carrier_D,Maharashtra,2026-05-31,2026-08-29,Reassigned,P003850,SYNTH_TELECOM_DB
PH000521,9428255397,+91,Carrier_B,Maharashtra,2018-09-18,2019-10-09,Inactive,P006931,SYNTH_TELECOM_DB
PH000522,9658159757,+91,Carrier_C,Maharashtra,2013-11-17,,Active,P003677,SYNTH_CDR_DB
PH000523,9238418692,+91,Carrier_B,Maharashtra,2017-06-02,,Active,P005915,SYNTH_TELECOM_DB
PH000524,9346267099,+91,Carrier_C,Maharashtra,2018-02-20,,Active,P004868,SYNTH_TELECOM_DB
PH000525,9626997341,+91,Carrier_A,Maharashtra,2018-10-01,,Active,P000633,SYNTH_TELECOM_DB
PH000526,9106709435,+91,Carrier_D,Maharashtra,2012-12-09,,Active,P004963,SYNTH_IDENTITY_DB
PH000527,9675113462,+91,Carrier_D,Maharashtra,2025-11-10,,Active,P003436,SYNTH_TELECOM_DB
PH000528,9911111088,+91,Carrier_A,Maharashtra,2010-09-20,2012-11-04,Inactive,P002068,SYNTH_CDR_DB
PH000529,9467005968,+91,Carrier_A,Maharashtra,2020-12-01,,Active,P006006,SYNTH_CDR_DB
PH000530,9346060883,+91,Carrier_D,Maharashtra,2023-01-29,2026-08-29,Inactive,P006995,SYNTH_CDR_DB
PH000531,9202790078,+91,Carrier_A,Maharashtra,2014-07-19,,Active,P004976,SYNTH_TELECOM_DB
PH000532,9193824072,+91,Carrier_A,Maharashtra,2011-08-03,,Active,P001389,SYNTH_TELECOM_DB
PH000533,9848881428,+91,Carrier_A,Maharashtra,2021-10-17,,Active,P005442,SYNTH_TELECOM_DB
PH000534,9309904653,+91,Carrier_B,Maharashtra,2022-04-15,2024-05-24,Reassigned,P006944,SYNTH_TELECOM_DB
PH000535,9728921503,+91,Carrier_C,Maharashtra,2018-11-15,,Active,P005141,SYNTH_TELECOM_DB
PH000536,9409927953,+91,Carrier_A,Maharashtra,2014-03-09,2014-09-07,Inactive,P006369,SYNTH_TELECOM_DB
PH000537,9156839362,+91,Carrier_A,Maharashtra,2015-07-08,,Active,P002807,SYNTH_TELECOM_DB
PH000538,9534153681,+91,Carrier_C,Maharashtra,2019-04-21,,Active,P003589,SYNTH_TELECOM_DB
PH000539,9504444108,+91,Carrier_A,Maharashtra,2021-02-02,,Active,P005187,SYNTH_TELECOM_DB
PH000540,9667141878,+91,Carrier_A,Maharashtra,2024-01-25,2026-04-10,Inactive,P004094,SYNTH_TELECOM_DB
PH000541,9620527053,+91,Carrier_C,Maharashtra,2015-03-03,,Active,P005394,SYNTH_TELECOM_DB
PH000542,9790091792,+91,Carrier_A,Maharashtra,2025-01-17,,Active,P003590,SYNTH_TELECOM_DB
PH000543,9975785988,+91,Carrier_C,Maharashtra,2010-12-09,,Active,P002425,SYNTH_TELECOM_DB
PH000544,9753787029,+91,Carrier_B,Maharashtra,2015-11-27,,Active,P002416,SYNTH_IDENTITY_DB
PH000545,9506034869,+91,Carrier_A,Maharashtra,2014-12-18,,Active,P000763,SYNTH_IDENTITY_DB
PH000546,9226925081,+91,Carrier_B,Maharashtra,2019-03-25,,Active,P001007,SYNTH_CDR_DB
PH000547,9635825576,+91,Carrier_C,Maharashtra,2019-03-28,,Active,P006740,SYNTH_TELECOM_DB
PH000548,9440751673,+91,Carrier_A,Maharashtra,2011-01-11,,Active,P005481,SYNTH_TELECOM_DB
PH000549,9803181932,+91,Carrier_A,Maharashtra,2018-01-02,,Active,P005280,SYNTH_TELECOM_DB
PH000550,9821740501,+91,Carrier_D,Maharashtra,2021-11-04,,Active,P005301,SYNTH_LEGACY_DB
PH000551,9274241216,+91,Carrier_E,Maharashtra,2016-08-24,,Active,P003359,SYNTH_TELECOM_DB
PH000552,9399718681,+91,Carrier_B,Maharashtra,2017-06-29,2021-10-09,Inactive,P003964,SYNTH_LEGACY_DB
PH000553,9945140994,+91,Carrier_A,Maharashtra,2025-05-26,,Active,P000838,SYNTH_TELECOM_DB
PH000554,9964149807,+91,Carrier_B,Maharashtra,2026-07-13,,Active,P002223,SYNTH_TELECOM_DB
PH000555,9423330919,+91,Carrier_E,Maharashtra,2022-06-17,,Active,P004973,SYNTH_CDR_DB
PH000556,9243449917,+91,Carrier_A,Maharashtra,2012-08-04,,Active,P001755,SYNTH_TELECOM_DB
PH000557,9330949790,+91,Carrier_B,Maharashtra,2016-08-30,,Active,P002247,SYNTH_TELECOM_DB
PH000558,9396856266,+91,Carrier_B,Maharashtra,2022-11-14,,Active,P002109,SYNTH_CDR_DB
PH000559,9543496094,+91,Carrier_B,Maharashtra,2012-08-11,,Active,P004626,SYNTH_TELECOM_DB
PH000560,9768531160,+91,Carrier_A,Maharashtra,2023-07-13,,Active,P000054,SYNTH_TELECOM_DB
PH000561,9453340951,+91,Carrier_A,Maharashtra,2014-06-20,,Active,P003283,SYNTH_LEGACY_DB
PH000562,9605148906,+91,Carrier_A,Maharashtra,2024-04-17,,Active,P005394,SYNTH_CDR_DB
PH000563,9803199727,+91,Carrier_A,Maharashtra,2018-05-12,,Active,P000563,SYNTH_TELECOM_DB
PH000564,9405243307,+91,Carrier_A,Maharashtra,2021-06-12,,Active,P003070,SYNTH_TELECOM_DB
PH000565,9995103880,+91,Carrier_C,Maharashtra,2011-08-08,2014-11-24,Inactive,P003711,SYNTH_TELECOM_DB
PH000566,9218840750,+91,Carrier_A,Maharashtra,2018-03-01,,Active,P005600,SYNTH_TELECOM_DB
PH000567,9254509205,+91,Carrier_A,Maharashtra,2014-12-11,,Active,P004199,SYNTH_TELECOM_DB
PH000568,9955949515,+91,Carrier_A,Maharashtra,2018-04-16,,Active,P002477,SYNTH_TELECOM_DB
PH000569,9215004546,+91,Carrier_A,Maharashtra,2015-06-27,,Active,P004994,SYNTH_TELECOM_DB
PH000570,9139809648,+91,Carrier_B,Maharashtra,2010-06-02,2013-07-24,Inactive,P003383,SYNTH_TELECOM_DB
PH000571,9220294165,+91,Carrier_A,Maharashtra,2026-06-22,,Active,P005287,SYNTH_IDENTITY_DB
PH000572,9479915218,+91,Carrier_B,Maharashtra,2017-02-02,,Active,P000360,SYNTH_TELECOM_DB
PH000573,9461637501,+91,Carrier_C,Maharashtra,2020-01-16,,Active,P003375,SYNTH_TELECOM_DB
PH000574,9669354984,+91,Carrier_B,Maharashtra,2026-08-21,,Active,P002543,SYNTH_CDR_DB
PH000575,9644077934,+91,Carrier_C,Maharashtra,2021-07-25,2025-02-20,Inactive,P003028,SYNTH_TELECOM_DB
PH000576,9510602356,+91,Carrier_C,Maharashtra,2015-08-24,,Active,P004243,SYNTH_IDENTITY_DB
PH000577,9349914582,+91,Carrier_A,Maharashtra,2026-02-27,2026-08-29,Inactive,P006744,SYNTH_TELECOM_DB
PH000578,9779132332,+91,Carrier_B,Maharashtra,2014-05-20,2020-07-22,Inactive,P002892,SYNTH_IDENTITY_DB
PH000579,9407718609,+91,Carrier_B,Maharashtra,2019-04-17,,Active,P000534,SYNTH_CDR_DB
PH000580,9162749154,+91,Carrier_B,Maharashtra,2020-12-18,,Active,P006120,SYNTH_CDR_DB
PH000581,9731333174,+91,Carrier_A,Maharashtra,2011-03-25,,Active,P004157,SYNTH_CDR_DB
PH000582,9201021769,+91,Carrier_C,Maharashtra,2019-12-23,,Active,P002426,SYNTH_CDR_DB
PH000583,9283684493,+91,Carrier_B,Maharashtra,2010-09-18,2014-03-24,Inactive,P003553,SYNTH_CDR_DB
PH000584,9403596723,+91,Carrier_D,Maharashtra,2017-05-31,,Active,P003549,SYNTH_TELECOM_DB
PH000585,9194616294,+91,Carrier_A,Maharashtra,2013-11-21,,Active,P002328,SYNTH_IDENTITY_DB
PH000586,9957742076,+91,Carrier_A,Maharashtra,2019-11-11,,Active,P002879,SYNTH_LEGACY_DB
PH000587,9929647506,+91,Carrier_A,Maharashtra,2011-06-28,,Active,P006581,SYNTH_CDR_DB
PH000588,9607663961,+91,Carrier_B,Maharashtra,2022-06-03,,Active,P005230,SYNTH_TELECOM_DB
PH000589,9407151643,+91,Carrier_B,Maharashtra,2017-12-22,,Active,P000863,SYNTH_IDENTITY_DB
PH000590,9282521272,+91,Carrier_A,Maharashtra,2025-04-15,,Active,P002432,SYNTH_CDR_DB
PH000591,9473407072,+91,Carrier_B,Maharashtra,2014-02-06,,Active,P000179,SYNTH_IDENTITY_DB
PH000592,9467845423,+91,Carrier_A,Maharashtra,2021-10-02,,Active,P000747,SYNTH_TELECOM_DB
PH000593,9951566727,+91,Carrier_C,Maharashtra,2010-04-15,,Active,P004138,SYNTH_LEGACY_DB
PH000594,9507989091,+91,Carrier_C,Maharashtra,2020-05-20,2026-08-29,Reassigned,P005068,SYNTH_TELECOM_DB
PH000595,9984441380,+91,Carrier_C,Maharashtra,2025-01-03,,Active,P006667,SYNTH_TELECOM_DB
PH000596,9988545900,+91,Carrier_B,Maharashtra,2019-10-13,2022-05-20,Inactive,P000446,SYNTH_LEGACY_DB
PH000597,9866360389,+91,Carrier_E,Maharashtra,2015-08-28,,Active,P006920,SYNTH_CDR_DB
PH000598,9803139554,+91,Carrier_A,Maharashtra,2023-06-25,,Active,P004354,SYNTH_CDR_DB
PH000599,9188538371,+91,Carrier_B,Maharashtra,2013-01-28,,Active,P006955,SYNTH_CDR_DB
PH000600,9281880169,+91,Carrier_B,Maharashtra,2026-01-23,,Active,P004174,SYNTH_LEGACY_DB
PH000601,9802927821,+91,Carrier_A,Maharashtra,2012-05-26,,Active,P000763,SYNTH_IDENTITY_DB
PH000602,9695053668,+91,Carrier_B,Maharashtra,2018-11-06,,Active,P000521,SYNTH_CDR_DB
PH000603,9364056522,+91,Carrier_B,Maharashtra,2024-07-24,,Active,P000511,SYNTH_TELECOM_DB
PH000604,9513608503,+91,Carrier_A,Maharashtra,2013-10-02,,Active,P006252,SYNTH_TELECOM_DB
PH000605,9766248817,+91,Carrier_C,Maharashtra,2011-01-31,,Active,P004274,SYNTH_TELECOM_DB
PH000606,9645622344,+91,Carrier_C,Maharashtra,2020-10-26,2024-06-26,Inactive,P001857,SYNTH_CDR_DB
PH000607,9772305218,+91,Carrier_A,Maharashtra,2020-11-16,,Active,P002047,SYNTH_CDR_DB
PH000608,9905365430,+91,Carrier_B,Maharashtra,2012-07-29,2016-03-31,Inactive,P000926,SYNTH_TELECOM_DB
PH000609,9868730942,+91,Carrier_B,Maharashtra,2016-02-15,2016-12-19,Reassigned,P002183,SYNTH_TELECOM_DB
PH000610,9420338903,+91,Carrier_B,Maharashtra,2016-07-02,,Active,P000101,SYNTH_LEGACY_DB
PH000611,9711885426,+91,Carrier_B,Maharashtra,2020-12-04,,Active,P000666,SYNTH_IDENTITY_DB
PH000612,9989449534,+91,Carrier_A,Maharashtra,2025-11-25,,Active,P000141,SYNTH_LEGACY_DB
PH000613,9808510455,+91,Carrier_A,Maharashtra,2012-05-20,2013-11-05,Inactive,P002833,SYNTH_TELECOM_DB
PH000614,9303098674,+91,Carrier_A,Maharashtra,2022-03-18,,Active,P004589,SYNTH_IDENTITY_DB
PH000615,9381220939,+91,Carrier_A,Maharashtra,2010-05-28,,Active,P006041,SYNTH_TELECOM_DB
PH000616,9479298614,+91,Carrier_B,Maharashtra,2017-12-09,2021-01-19,Reassigned,P004658,SYNTH_TELECOM_DB
PH000617,9776705601,+91,Carrier_B,Maharashtra,2026-03-18,,Active,P004567,SYNTH_IDENTITY_DB
PH000618,9672725840,+91,Carrier_B,Maharashtra,2010-05-29,,Active,P004492,SYNTH_CDR_DB
PH000619,9941080207,+91,Carrier_B,Maharashtra,2016-05-12,,Active,P000037,SYNTH_LEGACY_DB
PH000620,9349535200,+91,Carrier_C,Maharashtra,2021-02-11,2022-11-03,Suspended,P006904,SYNTH_LEGACY_DB
PH000621,9448918712,+91,Carrier_B,Maharashtra,2018-03-24,,Active,P001479,SYNTH_TELECOM_DB
PH000622,9734251086,+91,Carrier_A,Maharashtra,2021-08-21,,Active,P004648,SYNTH_TELECOM_DB
PH000623,9753365707,+91,Carrier_A,Maharashtra,2015-05-05,,Active,P004670,SYNTH_CDR_DB
PH000624,9925185685,+91,Carrier_C,Maharashtra,2020-05-24,2024-04-12,Inactive,P001216,SYNTH_CDR_DB
PH000625,9947759150,+91,Carrier_A,Maharashtra,2024-02-10,,Active,P006080,SYNTH_IDENTITY_DB
PH000626,9513442643,+91,Carrier_A,Maharashtra,2022-02-11,2022-08-28,Inactive,P001664,SYNTH_TELECOM_DB
PH000627,9834273737,+91,Carrier_B,Maharashtra,2020-03-13,,Active,P001052,SYNTH_LEGACY_DB
PH000628,9527203468,+91,Carrier_B,Maharashtra,2017-04-25,2019-07-03,Inactive,P001452,SYNTH_TELECOM_DB
PH000629,9584650795,+91,Carrier_A,Maharashtra,2024-03-25,2026-08-29,Inactive,P005550,SYNTH_IDENTITY_DB
PH000630,9962554623,+91,Carrier_B,Maharashtra,2020-07-02,,Active,P000290,SYNTH_CDR_DB
PH000631,9589316468,+91,Carrier_C,Maharashtra,2015-07-04,,Active,P005491,SYNTH_LEGACY_DB
PH000632,9544739679,+91,Carrier_B,Maharashtra,2011-04-23,,Active,P004649,SYNTH_CDR_DB
PH000633,9632056152,+91,Carrier_A,Maharashtra,2024-03-06,,Active,P001178,SYNTH_CDR_DB
PH000634,9630683445,+91,Carrier_C,Maharashtra,2017-08-14,,Active,P002942,SYNTH_TELECOM_DB
PH000635,9781043014,+91,Carrier_A,Maharashtra,2013-01-08,2016-03-12,Reassigned,P005146,SYNTH_TELECOM_DB
PH000636,9434416100,+91,Carrier_B,Maharashtra,2017-09-14,,Active,P001067,SYNTH_IDENTITY_DB
PH000637,9955675325,+91,Carrier_C,Maharashtra,2023-01-10,,Active,P001842,SYNTH_TELECOM_DB
PH000638,9805719416,+91,Carrier_C,Maharashtra,2017-06-17,2021-11-24,Reassigned,P006768,SYNTH_TELECOM_DB
PH000639,9594310448,+91,Carrier_A,Maharashtra,2021-01-24,,Active,P004851,SYNTH_LEGACY_DB
PH000640,9140505668,+91,Carrier_B,Maharashtra,2015-10-21,,Active,P003985,SYNTH_TELECOM_DB
PH000641,9241638948,+91,Carrier_D,Maharashtra,2026-06-25,,Active,P001520,SYNTH_IDENTITY_DB
PH000642,9831132393,+91,Carrier_A,Maharashtra,2021-04-22,,Active,P002202,SYNTH_TELECOM_DB
PH000643,9466596342,+91,Carrier_A,Maharashtra,2010-12-08,,Active,P003593,SYNTH_TELECOM_DB
PH000644,9165996284,+91,Carrier_A,Maharashtra,2021-10-16,,Active,P001020,SYNTH_TELECOM_DB
PH000645,9480926058,+91,Carrier_A,Maharashtra,2014-07-28,,Active,P005451,SYNTH_LEGACY_DB
PH000646,9899620127,+91,Carrier_A,Maharashtra,2025-10-23,,Active,P004081,SYNTH_TELECOM_DB
PH000647,9759623865,+91,Carrier_A,Maharashtra,2012-10-27,,Active,P002230,SYNTH_LEGACY_DB
PH000648,9531352128,+91,Carrier_C,Maharashtra,2026-05-31,,Active,P003944,SYNTH_TELECOM_DB
PH000649,9199271139,+91,Carrier_D,Maharashtra,2025-11-10,2026-07-19,Suspended,P000603,SYNTH_CDR_DB
PH000650,9621660609,+91,Carrier_A,Maharashtra,2018-02-18,,Active,P000020,SYNTH_TELECOM_DB
PH000651,9775371061,+91,Carrier_B,Maharashtra,2011-06-07,2013-08-16,Suspended,P000896,SYNTH_CDR_DB
PH000652,9397040927,+91,Carrier_D,Maharashtra,2013-06-07,,Active,P006528,SYNTH_TELECOM_DB
PH000653,9214249887,+91,Carrier_B,Maharashtra,2011-03-05,2015-11-20,Inactive,P001326,SYNTH_TELECOM_DB
PH000654,9271086937,+91,Carrier_B,Maharashtra,2011-02-08,2012-12-14,Suspended,P004675,SYNTH_TELECOM_DB
PH000655,9691931407,+91,Carrier_C,Maharashtra,2018-03-14,,Active,P003902,SYNTH_TELECOM_DB
PH000656,9660228051,+91,Carrier_B,Maharashtra,2010-12-19,,Active,P003220,SYNTH_TELECOM_DB
PH000657,9320723338,+91,Carrier_A,Maharashtra,2017-08-13,,Active,P002121,SYNTH_TELECOM_DB
PH000658,9642711963,+91,Carrier_B,Maharashtra,2025-06-27,,Active,P005188,SYNTH_CDR_DB
PH000659,9201992434,+91,Carrier_B,Maharashtra,2011-07-09,,Active,P006103,SYNTH_LEGACY_DB
PH000660,9230848718,+91,Carrier_A,Maharashtra,2010-09-20,2013-04-06,Inactive,P000001,SYNTH_IDENTITY_DB
PH000661,9154364981,+91,Carrier_B,Maharashtra,2011-12-23,,Active,P004577,SYNTH_TELECOM_DB
PH000662,9735483201,+91,Carrier_D,Maharashtra,2012-10-10,2017-10-07,Inactive,P001930,SYNTH_CDR_DB
PH000663,9433278920,+91,Carrier_D,Maharashtra,2011-12-06,2013-05-20,Inactive,P002953,SYNTH_IDENTITY_DB
PH000664,9642326329,+91,Carrier_B,Maharashtra,2024-02-20,,Active,P002448,SYNTH_CDR_DB
PH000665,9937069796,+91,Carrier_B,Maharashtra,2015-06-14,,Active,P005514,SYNTH_TELECOM_DB
PH000666,9153616415,+91,Carrier_D,Maharashtra,2010-07-14,2014-09-04,Inactive,P005301,SYNTH_CDR_DB
PH000667,9759246349,+91,Carrier_C,Maharashtra,2010-01-23,2016-09-02,Inactive,P003098,SYNTH_IDENTITY_DB
PH000668,9373534123,+91,Carrier_C,Maharashtra,2023-03-22,,Active,P006135,SYNTH_CDR_DB
PH000669,9877845956,+91,Carrier_A,Maharashtra,2026-05-01,,Active,P000964,SYNTH_TELECOM_DB
PH000670,9859297260,+91,Carrier_A,Maharashtra,2015-03-29,,Active,P002510,SYNTH_CDR_DB
PH000671,9272628363,+91,Carrier_B,Maharashtra,2021-07-18,2025-12-14,Inactive,P005958,SYNTH_CDR_DB
PH000672,9255548896,+91,Carrier_A,Maharashtra,2015-12-04,,Active,P001762,SYNTH_TELECOM_DB
PH000673,9596703207,+91,Carrier_B,Maharashtra,2013-11-04,,Active,P005751,SYNTH_TELECOM_DB
PH000674,9837169576,+91,Carrier_D,Maharashtra,2013-07-28,,Active,P003060,SYNTH_TELECOM_DB
PH000675,9651664050,+91,Carrier_E,Maharashtra,2019-04-16,,Active,P006119,SYNTH_CDR_DB
PH000676,9640193509,+91,Carrier_B,Maharashtra,2013-06-10,,Active,P003032,SYNTH_TELECOM_DB
PH000677,9444803153,+91,Carrier_E,Maharashtra,2019-04-25,2020-12-14,Inactive,P006152,SYNTH_CDR_DB
PH000678,9532505456,+91,Carrier_D,Maharashtra,2019-04-08,2024-02-13,Inactive,P005488,SYNTH_TELECOM_DB
PH000679,9305205728,+91,Carrier_A,Maharashtra,2025-12-19,,Active,P000047,SYNTH_TELECOM_DB
PH000680,9712674247,+91,Carrier_A,Maharashtra,2013-09-19,2017-11-19,Inactive,P005337,SYNTH_TELECOM_DB
PH000681,9491454169,+91,Carrier_D,Maharashtra,2015-11-09,,Active,P002023,SYNTH_LEGACY_DB
PH000682,9413694079,+91,Carrier_E,Maharashtra,2020-12-13,2022-06-23,Inactive,P003924,SYNTH_TELECOM_DB
PH000683,9501513755,+91,Carrier_A,Maharashtra,2012-04-17,2012-09-04,Suspended,P006293,SYNTH_IDENTITY_DB
PH000684,9123115416,+91,Carrier_C,Maharashtra,2024-08-21,,Active,P004361,SYNTH_TELECOM_DB
PH000685,9617644045,+91,Carrier_E,Maharashtra,2016-05-13,,Active,P005389,SYNTH_IDENTITY_DB
PH000686,9577809693,+91,Carrier_A,Maharashtra,2023-11-11,2024-12-14,Inactive,P003109,SYNTH_TELECOM_DB
PH000687,9553565647,+91,Carrier_E,Maharashtra,2022-06-17,2025-05-31,Inactive,P000168,SYNTH_TELECOM_DB
PH000688,9247213338,+91,Carrier_C,Maharashtra,2025-10-27,2026-08-29,Inactive,P005212,SYNTH_TELECOM_DB
PH000689,9750521551,+91,Carrier_C,Maharashtra,2013-04-18,2015-06-29,Suspended,P005134,SYNTH_IDENTITY_DB
PH000690,9994114300,+91,Carrier_B,Maharashtra,2024-03-03,,Active,P003287,SYNTH_TELECOM_DB
PH000691,9311509814,+91,Carrier_E,Maharashtra,2023-09-29,,Active,P006067,SYNTH_TELECOM_DB
PH000692,9756738255,+91,Carrier_A,Maharashtra,2017-06-18,,Active,P003377,SYNTH_LEGACY_DB
PH000693,9506160454,+91,Carrier_B,Maharashtra,2022-10-26,,Active,P004109,SYNTH_TELECOM_DB
PH000694,9643833838,+91,Carrier_B,Maharashtra,2024-03-13,,Active,P003868,SYNTH_TELECOM_DB
PH000695,9103744123,+91,Carrier_C,Maharashtra,2017-05-16,,Active,P005080,SYNTH_IDENTITY_DB
PH000696,9818427918,+91,Carrier_B,Maharashtra,2025-11-27,,Active,P000472,SYNTH_IDENTITY_DB
PH000697,9951332205,+91,Carrier_A,Maharashtra,2018-04-01,,Active,P005899,SYNTH_TELECOM_DB
PH000698,9433176125,+91,Carrier_D,Maharashtra,2015-03-19,,Active,P003751,SYNTH_LEGACY_DB
PH000699,9469472366,+91,Carrier_A,Maharashtra,2013-09-03,,Active,P001311,SYNTH_TELECOM_DB
PH000700,9994366373,+91,Carrier_B,Maharashtra,2022-03-24,2026-08-29,Inactive,P006290,SYNTH_LEGACY_DB
PH000701,9887925298,+91,Carrier_A,Maharashtra,2019-06-11,,Active,P005166,SYNTH_LEGACY_DB
PH000702,9362402299,+91,Carrier_B,Maharashtra,2026-01-10,,Active,P000123,SYNTH_TELECOM_DB
PH000703,9421163475,+91,Carrier_C,Maharashtra,2011-11-28,,Active,P003128,SYNTH_LEGACY_DB
PH000704,9123993189,+91,Carrier_B,Maharashtra,2022-09-07,,Active,P005673,SYNTH_TELECOM_DB
PH000705,9312713290,+91,Carrier_C,Maharashtra,2025-06-28,2026-08-29,Suspended,P005326,SYNTH_TELECOM_DB
PH000706,9459804861,+91,Carrier_D,Maharashtra,2021-01-18,2023-10-03,Suspended,P005946,SYNTH_TELECOM_DB
PH000707,9382158662,+91,Carrier_D,Maharashtra,2014-11-07,2017-09-05,Inactive,P006210,SYNTH_TELECOM_DB
PH000708,9191971613,+91,Carrier_C,Maharashtra,2012-10-16,,Active,P002224,SYNTH_LEGACY_DB
PH000709,9711174692,+91,Carrier_B,Maharashtra,2013-10-04,,Active,P006202,SYNTH_TELECOM_DB
PH000710,9400451477,+91,Carrier_C,Maharashtra,2014-09-07,,Active,P003315,SYNTH_TELECOM_DB
PH000711,9659589094,+91,Carrier_C,Maharashtra,2012-03-27,2012-05-17,Inactive,P001503,SYNTH_CDR_DB
PH000712,9656156234,+91,Carrier_C,Maharashtra,2022-06-24,,Active,P005757,SYNTH_LEGACY_DB
PH000713,9504305373,+91,Carrier_D,Maharashtra,2016-01-21,,Active,P001321,SYNTH_CDR_DB
PH000714,9134470752,+91,Carrier_A,Maharashtra,2014-05-26,2014-12-11,Inactive,P000422,SYNTH_TELECOM_DB
PH000715,9948810842,+91,Carrier_C,Maharashtra,2019-08-29,,Active,P003666,SYNTH_LEGACY_DB
PH000716,9768406866,+91,Carrier_A,Maharashtra,2010-08-02,,Active,P002979,SYNTH_CDR_DB
PH000717,9356580738,+91,Carrier_A,Maharashtra,2013-08-19,,Active,P003857,SYNTH_IDENTITY_DB
PH000718,9503410813,+91,Carrier_B,Maharashtra,2023-11-16,,Active,P000961,SYNTH_IDENTITY_DB
PH000719,9919904806,+91,Carrier_C,Maharashtra,2013-11-12,,Active,P003248,SYNTH_TELECOM_DB
PH000720,9201242287,+91,Carrier_B,Maharashtra,2017-05-31,,Active,P006414,SYNTH_CDR_DB
PH000721,9242145053,+91,Carrier_A,Maharashtra,2018-10-15,2022-01-29,Inactive,P004117,SYNTH_CDR_DB
PH000722,9700769375,+91,Carrier_C,Maharashtra,2014-10-27,,Active,P001224,SYNTH_TELECOM_DB
PH000723,9493722775,+91,Carrier_A,Maharashtra,2017-12-25,,Active,P001703,SYNTH_TELECOM_DB
PH000724,9660547978,+91,Carrier_C,Maharashtra,2021-08-21,,Active,P005482,SYNTH_TELECOM_DB
PH000725,9706936902,+91,Carrier_A,Maharashtra,2011-10-31,2014-05-03,Inactive,P002602,SYNTH_TELECOM_DB
PH000726,9812542354,+91,Carrier_E,Maharashtra,2014-10-31,,Active,P004112,SYNTH_TELECOM_DB
PH000727,9810781070,+91,Carrier_A,Maharashtra,2013-11-03,,Active,P003866,SYNTH_CDR_DB
PH000728,9912664522,+91,Carrier_A,Maharashtra,2022-01-16,,Active,P005829,SYNTH_CDR_DB
PH000729,9684710266,+91,Carrier_B,Maharashtra,2022-09-22,,Active,P005660,SYNTH_TELECOM_DB
PH000730,9769852185,+91,Carrier_E,Maharashtra,2021-10-15,,Active,P003006,SYNTH_CDR_DB
PH000731,9414015948,+91,Carrier_C,Maharashtra,2021-12-24,,Active,P005962,SYNTH_TELECOM_DB
PH000732,9256832368,+91,Carrier_C,Maharashtra,2024-08-05,,Active,P004750,SYNTH_TELECOM_DB
PH000733,9737352115,+91,Carrier_A,Maharashtra,2018-10-06,,Active,P000551,SYNTH_LEGACY_DB
PH000734,9441478349,+91,Carrier_C,Maharashtra,2011-03-04,2012-06-28,Reassigned,P000060,SYNTH_TELECOM_DB
PH000735,9885299469,+91,Carrier_B,Maharashtra,2019-10-16,,Active,P002459,SYNTH_CDR_DB
PH000736,9551091687,+91,Carrier_A,Maharashtra,2015-02-18,2021-01-31,Reassigned,P002234,SYNTH_IDENTITY_DB
PH000737,9745879028,+91,Carrier_B,Maharashtra,2015-11-05,2017-03-21,Inactive,P004075,SYNTH_TELECOM_DB
PH000738,9614358888,+91,Carrier_D,Maharashtra,2021-06-09,,Active,P002468,SYNTH_CDR_DB
PH000739,9886537624,+91,Carrier_B,Maharashtra,2018-04-22,,Active,P001184,SYNTH_CDR_DB
PH000740,9565934424,+91,Carrier_A,Maharashtra,2012-08-09,,Active,P004392,SYNTH_IDENTITY_DB
PH000741,9216126404,+91,Carrier_A,Maharashtra,2020-07-05,,Active,P000417,SYNTH_TELECOM_DB
PH000742,9131696406,+91,Carrier_B,Maharashtra,2015-11-26,,Active,P003397,SYNTH_TELECOM_DB
PH000743,9666714183,+91,Carrier_A,Maharashtra,2018-12-25,2021-11-08,Inactive,P005488,SYNTH_TELECOM_DB
PH000744,9999943936,+91,Carrier_B,Maharashtra,2017-10-31,,Active,P003104,SYNTH_TELECOM_DB
PH000745,9250704463,+91,Carrier_C,Maharashtra,2013-10-05,2016-07-02,Reassigned,P005602,SYNTH_TELECOM_DB
PH000746,9213523939,+91,Carrier_E,Maharashtra,2011-04-08,,Active,P003257,SYNTH_TELECOM_DB
PH000747,9209972912,+91,Carrier_B,Maharashtra,2023-09-18,,Active,P003808,SYNTH_TELECOM_DB
PH000748,9784931290,+91,Carrier_B,Maharashtra,2012-05-15,2013-09-03,Reassigned,P001842,SYNTH_TELECOM_DB
PH000749,9957049161,+91,Carrier_C,Maharashtra,2018-01-30,,Active,P006667,SYNTH_CDR_DB
PH000750,9163589567,+91,Carrier_A,Maharashtra,2018-10-03,,Active,P002635,SYNTH_TELECOM_DB
PH000751,9658361019,+91,Carrier_C,Maharashtra,2016-11-02,,Active,P000817,SYNTH_LEGACY_DB
PH000752,9741414449,+91,Carrier_B,Maharashtra,2010-04-07,,Active,P001724,SYNTH_IDENTITY_DB
PH000753,9383350799,+91,Carrier_A,Maharashtra,2011-10-19,,Active,P000322,SYNTH_LEGACY_DB
PH000754,9887348782,+91,Carrier_B,Maharashtra,2019-09-10,,Active,P006048,SYNTH_TELECOM_DB
PH000755,9904360346,+91,Carrier_B,Maharashtra,2018-03-20,,Active,P006894,SYNTH_TELECOM_DB
PH000756,9747305767,+91,Carrier_B,Maharashtra,2019-08-16,,Active,P006919,SYNTH_CDR_DB
PH000757,9963161145,+91,Carrier_D,Maharashtra,2011-04-02,,Active,P003456,SYNTH_TELECOM_DB
PH000758,9148005485,+91,Carrier_C,Maharashtra,2012-07-13,,Active,P002034,SYNTH_CDR_DB
PH000759,9673112950,+91,Carrier_A,Maharashtra,2018-08-26,,Active,P000128,SYNTH_CDR_DB
PH000760,9443860611,+91,Carrier_A,Maharashtra,2010-01-11,,Active,P002011,SYNTH_TELECOM_DB
PH000761,9993029176,+91,Carrier_B,Maharashtra,2019-07-14,,Active,P006199,SYNTH_LEGACY_DB
PH000762,9108532867,+91,Carrier_C,Maharashtra,2013-07-26,,Active,P006692,SYNTH_LEGACY_DB
PH000763,9904001445,+91,Carrier_B,Maharashtra,2025-09-20,,Active,P006697,SYNTH_TELECOM_DB
PH000764,9716658943,+91,Carrier_A,Maharashtra,2019-03-10,,Active,P005823,SYNTH_TELECOM_DB
PH000765,9546305182,+91,Carrier_B,Maharashtra,2024-10-22,,Active,P004758,SYNTH_TELECOM_DB
PH000766,9970932906,+91,Carrier_D,Maharashtra,2016-11-01,,Active,P001199,SYNTH_TELECOM_DB
PH000767,9321428404,+91,Carrier_C,Maharashtra,2015-10-01,2021-03-04,Inactive,P003953,SYNTH_IDENTITY_DB
PH000768,9410283936,+91,Carrier_C,Maharashtra,2026-01-12,2026-08-29,Inactive,P005703,SYNTH_CDR_DB
PH000769,9333072703,+91,Carrier_C,Maharashtra,2021-10-15,2026-08-29,Reassigned,P004027,SYNTH_IDENTITY_DB
PH000770,9503056158,+91,Carrier_B,Maharashtra,2022-07-06,,Active,P005366,SYNTH_IDENTITY_DB
PH000771,9182792280,+91,Carrier_C,Maharashtra,2020-06-10,,Active,P005732,SYNTH_TELECOM_DB
PH000772,9913200551,+91,Carrier_B,Maharashtra,2015-06-18,,Active,P000546,SYNTH_IDENTITY_DB
PH000773,9725644730,+91,Carrier_C,Maharashtra,2019-01-14,2021-03-21,Inactive,P003827,SYNTH_TELECOM_DB
PH000774,9581811518,+91,Carrier_C,Maharashtra,2017-07-03,2020-05-31,Reassigned,P005293,SYNTH_TELECOM_DB
PH000775,9339086937,+91,Carrier_A,Maharashtra,2025-10-30,,Active,P005567,SYNTH_CDR_DB
PH000776,9879697287,+91,Carrier_E,Maharashtra,2024-01-27,2026-08-29,Reassigned,P004946,SYNTH_LEGACY_DB
PH000777,9961409330,+91,Carrier_C,Maharashtra,2021-12-09,,Active,P002073,SYNTH_TELECOM_DB
PH000778,9806010805,+91,Carrier_C,Maharashtra,2023-07-10,,Active,P001719,SYNTH_CDR_DB
PH000779,9186834501,+91,Carrier_E,Maharashtra,2015-10-05,,Active,P003738,SYNTH_TELECOM_DB
PH000780,9322179104,+91,Carrier_A,Maharashtra,2016-11-17,2017-12-11,Suspended,P000199,SYNTH_IDENTITY_DB
PH000781,9767154428,+91,Carrier_A,Maharashtra,2024-12-05,,Active,P003355,SYNTH_IDENTITY_DB
PH000782,9644033452,+91,Carrier_E,Maharashtra,2010-07-20,,Active,P003092,SYNTH_LEGACY_DB
PH000783,9878682867,+91,Carrier_A,Maharashtra,2011-06-17,,Active,P005962,SYNTH_IDENTITY_DB
PH000784,9986308959,+91,Carrier_B,Maharashtra,2020-10-16,,Active,P004830,SYNTH_CDR_DB
PH000785,9303782736,+91,Carrier_B,Maharashtra,2017-03-06,,Active,P002230,SYNTH_TELECOM_DB
PH000786,9378485178,+91,Carrier_B,Maharashtra,2022-01-28,2023-01-11,Inactive,P003116,SYNTH_TELECOM_DB
PH000787,9630652368,+91,Carrier_A,Maharashtra,2019-10-02,,Active,P004185,SYNTH_IDENTITY_DB
PH000788,9464798739,+91,Carrier_B,Maharashtra,2026-05-26,,Active,P003313,SYNTH_TELECOM_DB
PH000789,9914550936,+91,Carrier_A,Maharashtra,2015-11-02,,Active,P003116,SYNTH_IDENTITY_DB
PH000790,9186666537,+91,Carrier_C,Maharashtra,2020-01-01,,Active,P000457,SYNTH_IDENTITY_DB
PH000791,9418212820,+91,Carrier_B,Maharashtra,2011-01-16,2013-03-26,Inactive,P003594,SYNTH_TELECOM_DB
PH000792,9234296980,+91,Carrier_D,Maharashtra,2012-11-11,,Active,P002233,SYNTH_CDR_DB
PH000793,9408852284,+91,Carrier_C,Maharashtra,2025-02-03,,Active,P001413,SYNTH_TELECOM_DB
PH000794,9647180941,+91,Carrier_C,Maharashtra,2022-04-16,,Active,P001564,SYNTH_TELECOM_DB
PH000795,9520582864,+91,Carrier_A,Maharashtra,2023-09-16,2024-09-28,Inactive,P004884,SYNTH_TELECOM_DB
PH000796,9262988893,+91,Carrier_A,Maharashtra,2011-11-07,,Active,P001633,SYNTH_CDR_DB
PH000797,9668855635,+91,Carrier_C,Maharashtra,2015-09-26,,Active,P006461,SYNTH_TELECOM_DB
PH000798,9730431974,+91,Carrier_B,Maharashtra,2020-05-25,,Active,P004499,SYNTH_TELECOM_DB
PH000799,9362457375,+91,Carrier_B,Maharashtra,2018-07-20,,Active,P004972,SYNTH_TELECOM_DB
PH000800,9229185878,+91,Carrier_B,Maharashtra,2021-12-29,,Active,P002320,SYNTH_IDENTITY_DB
PH000801,9259782466,+91,Carrier_A,Maharashtra,2016-02-22,2017-03-12,Suspended,P005520,SYNTH_LEGACY_DB
PH000802,9596478344,+91,Carrier_B,Maharashtra,2018-06-06,,Active,P006683,SYNTH_LEGACY_DB
PH000803,9488254670,+91,Carrier_B,Maharashtra,2013-03-02,2017-01-04,Inactive,P005634,SYNTH_TELECOM_DB
PH000804,9359956063,+91,Carrier_B,Maharashtra,2019-05-31,,Active,P006127,SYNTH_TELECOM_DB
PH000805,9329927392,+91,Carrier_A,Maharashtra,2020-07-24,,Active,P003232,SYNTH_IDENTITY_DB
PH000806,9919384676,+91,Carrier_B,Maharashtra,2012-12-18,,Active,P006412,SYNTH_TELECOM_DB
PH000807,9317049374,+91,Carrier_B,Maharashtra,2021-07-08,,Active,P003027,SYNTH_TELECOM_DB
PH000808,9500883181,+91,Carrier_B,Maharashtra,2024-02-15,2025-09-15,Suspended,P005363,SYNTH_TELECOM_DB
PH000809,9817973247,+91,Carrier_E,Maharashtra,2023-12-24,,Active,P003633,SYNTH_IDENTITY_DB
PH000810,9888028622,+91,Carrier_A,Maharashtra,2025-07-20,2026-08-29,Reassigned,P001392,SYNTH_CDR_DB
PH000811,9440052375,+91,Carrier_E,Maharashtra,2026-02-13,,Active,P001414,SYNTH_CDR_DB
PH000812,9674802350,+91,Carrier_C,Maharashtra,2010-05-01,,Active,P006943,SYNTH_TELECOM_DB
PH000813,9950048217,+91,Carrier_E,Maharashtra,2023-09-09,,Active,P004916,SYNTH_TELECOM_DB
PH000814,9416403360,+91,Carrier_A,Maharashtra,2023-12-27,,Active,P005024,SYNTH_TELECOM_DB
PH000815,9843693788,+91,Carrier_C,Maharashtra,2012-05-14,,Active,P006530,SYNTH_TELECOM_DB
PH000816,9237415831,+91,Carrier_A,Maharashtra,2016-03-28,,Active,P004126,SYNTH_TELECOM_DB
PH000817,9426381304,+91,Carrier_B,Maharashtra,2013-04-24,2018-08-16,Inactive,P004692,SYNTH_TELECOM_DB
PH000818,9823512555,+91,Carrier_B,Maharashtra,2023-01-07,,Active,P003572,SYNTH_TELECOM_DB
PH000819,9934167465,+91,Carrier_C,Maharashtra,2018-12-13,2022-05-01,Inactive,P001155,SYNTH_TELECOM_DB
PH000820,9922889863,+91,Carrier_C,Maharashtra,2017-03-18,,Active,P005256,SYNTH_TELECOM_DB
PH000821,9583794568,+91,Carrier_A,Maharashtra,2024-10-29,,Active,P003035,SYNTH_TELECOM_DB
PH000822,9283781500,+91,Carrier_A,Maharashtra,2011-11-24,,Active,P004540,SYNTH_IDENTITY_DB
PH000823,9595703030,+91,Carrier_B,Maharashtra,2026-06-22,,Active,P004951,SYNTH_IDENTITY_DB
PH000824,9299487968,+91,Carrier_A,Maharashtra,2023-11-14,2026-08-29,Inactive,P006165,SYNTH_TELECOM_DB
PH000825,9793024702,+91,Carrier_D,Maharashtra,2022-07-10,,Active,P002238,SYNTH_LEGACY_DB
PH000826,9747502438,+91,Carrier_B,Maharashtra,2010-04-19,2010-06-06,Suspended,P004942,SYNTH_TELECOM_DB
PH000827,9322492680,+91,Carrier_D,Maharashtra,2010-04-12,,Active,P006280,SYNTH_LEGACY_DB
PH000828,9648926795,+91,Carrier_C,Maharashtra,2011-03-23,2013-02-12,Suspended,P004601,SYNTH_TELECOM_DB
PH000829,9351240452,+91,Carrier_E,Maharashtra,2013-04-07,,Active,P001059,SYNTH_IDENTITY_DB
PH000830,9946911663,+91,Carrier_A,Maharashtra,2018-11-21,,Active,P006212,SYNTH_CDR_DB
PH000831,9383260399,+91,Carrier_B,Maharashtra,2020-08-14,,Active,P006031,SYNTH_TELECOM_DB
PH000832,9165643984,+91,Carrier_C,Maharashtra,2014-04-09,2015-07-12,Suspended,P005863,SYNTH_TELECOM_DB
PH000833,9201064883,+91,Carrier_A,Maharashtra,2016-12-03,,Active,P004083,SYNTH_TELECOM_DB
PH000834,9475377579,+91,Carrier_D,Maharashtra,2017-10-07,,Active,P006994,SYNTH_IDENTITY_DB
PH000835,9667838241,+91,Carrier_D,Maharashtra,2010-01-15,2014-10-19,Inactive,P005801,SYNTH_CDR_DB
PH000836,9601546287,+91,Carrier_A,Maharashtra,2010-12-06,2015-04-21,Reassigned,P004306,SYNTH_TELECOM_DB
PH000837,9775268666,+91,Carrier_C,Maharashtra,2011-12-10,,Active,P003753,SYNTH_TELECOM_DB
PH000838,9811101501,+91,Carrier_A,Maharashtra,2022-04-15,2022-06-20,Suspended,P001549,SYNTH_IDENTITY_DB
PH000839,9330515024,+91,Carrier_C,Maharashtra,2010-07-22,2012-11-01,Inactive,P001443,SYNTH_LEGACY_DB
PH000840,9457961741,+91,Carrier_D,Maharashtra,2024-07-30,,Active,P004526,SYNTH_TELECOM_DB
PH000841,9128272932,+91,Carrier_E,Maharashtra,2018-08-04,2022-09-10,Inactive,P003046,SYNTH_CDR_DB
PH000842,9858091665,+91,Carrier_C,Maharashtra,2010-11-20,,Active,P000839,SYNTH_TELECOM_DB
PH000843,9109115478,+91,Carrier_C,Maharashtra,2014-06-26,2015-09-29,Inactive,P003367,SYNTH_TELECOM_DB
PH000844,9174183316,+91,Carrier_C,Maharashtra,2014-11-26,,Active,P006888,SYNTH_TELECOM_DB
PH000845,9794193044,+91,Carrier_E,Maharashtra,2024-06-11,,Active,P003654,SYNTH_TELECOM_DB
PH000846,9680680170,+91,Carrier_B,Maharashtra,2016-06-04,,Active,P002972,SYNTH_TELECOM_DB
PH000847,9509873745,+91,Carrier_A,Maharashtra,2018-03-06,2022-06-03,Reassigned,P002759,SYNTH_CDR_DB
PH000848,9105216106,+91,Carrier_C,Maharashtra,2010-10-25,,Active,P000282,SYNTH_TELECOM_DB
PH000849,9610317376,+91,Carrier_B,Maharashtra,2026-03-05,2026-08-29,Reassigned,P002711,SYNTH_TELECOM_DB
PH000850,9460561732,+91,Carrier_D,Maharashtra,2016-03-21,,Active,P004205,SYNTH_TELECOM_DB
PH000851,9489532517,+91,Carrier_B,Maharashtra,2011-10-12,,Active,P003167,SYNTH_CDR_DB
PH000852,9733610387,+91,Carrier_D,Maharashtra,2010-01-09,,Active,P001214,SYNTH_CDR_DB
PH000853,9713672789,+91,Carrier_B,Maharashtra,2012-06-05,,Active,P005044,SYNTH_CDR_DB
PH000854,9567941824,+91,Carrier_A,Maharashtra,2022-01-16,2023-04-29,Reassigned,P006753,SYNTH_TELECOM_DB
PH000855,9685440599,+91,Carrier_C,Maharashtra,2020-06-02,2025-06-26,Inactive,P003369,SYNTH_TELECOM_DB
PH000856,9642185391,+91,Carrier_D,Maharashtra,2019-01-11,,Active,P005198,SYNTH_TELECOM_DB
PH000857,9882769981,+91,Carrier_D,Maharashtra,2021-12-05,,Active,P001038,SYNTH_IDENTITY_DB
PH000858,9904137977,+91,Carrier_A,Maharashtra,2026-07-30,,Active,P005936,SYNTH_IDENTITY_DB
PH000859,9812352953,+91,Carrier_B,Maharashtra,2021-07-31,,Active,P000820,SYNTH_CDR_DB
PH000860,9250876642,+91,Carrier_D,Maharashtra,2022-12-17,,Active,P004319,SYNTH_TELECOM_DB
PH000861,9222462677,+91,Carrier_D,Maharashtra,2018-04-23,2023-01-15,Inactive,P006888,SYNTH_TELECOM_DB
PH000862,9806148985,+91,Carrier_B,Maharashtra,2023-01-27,,Active,P000775,SYNTH_TELECOM_DB
PH000863,9241393315,+91,Carrier_C,Maharashtra,2024-06-17,,Active,P000328,SYNTH_CDR_DB
PH000864,9525944936,+91,Carrier_B,Maharashtra,2025-05-29,2026-08-29,Reassigned,P004954,SYNTH_CDR_DB
PH000865,9284505567,+91,Carrier_B,Maharashtra,2020-02-22,,Active,P003334,SYNTH_TELECOM_DB
PH000866,9706536279,+91,Carrier_B,Maharashtra,2010-06-21,,Active,P005510,SYNTH_TELECOM_DB
PH000867,9642102725,+91,Carrier_C,Maharashtra,2018-09-02,2020-02-05,Suspended,P001054,SYNTH_CDR_DB
PH000868,9606867852,+91,Carrier_D,Maharashtra,2022-09-25,,Active,P006544,SYNTH_IDENTITY_DB
PH000869,9166846583,+91,Carrier_D,Maharashtra,2018-09-01,2024-02-04,Inactive,P003926,SYNTH_TELECOM_DB
PH000870,9571750424,+91,Carrier_B,Maharashtra,2015-08-10,2018-02-28,Inactive,P006985,SYNTH_TELECOM_DB
PH000871,9396133757,+91,Carrier_A,Maharashtra,2021-11-17,,Active,P002811,SYNTH_TELECOM_DB
PH000872,9725753827,+91,Carrier_B,Maharashtra,2010-09-05,,Active,P003248,SYNTH_CDR_DB
PH000873,9558721572,+91,Carrier_B,Maharashtra,2010-06-01,,Active,P004361,SYNTH_TELECOM_DB
PH000874,9536027307,+91,Carrier_C,Maharashtra,2022-01-28,,Active,P005914,SYNTH_CDR_DB
PH000875,9212768626,+91,Carrier_E,Maharashtra,2012-12-05,,Active,P002881,SYNTH_TELECOM_DB
PH000876,9365059182,+91,Carrier_A,Maharashtra,2010-01-26,2015-05-07,Inactive,P003939,SYNTH_TELECOM_DB
PH000877,9704484119,+91,Carrier_B,Maharashtra,2021-03-01,,Active,P004034,SYNTH_TELECOM_DB
PH000878,9866063121,+91,Carrier_C,Maharashtra,2022-01-15,,Active,P003774,SYNTH_TELECOM_DB
PH000879,9123734838,+91,Carrier_D,Maharashtra,2014-03-19,2020-08-22,Inactive,P001061,SYNTH_TELECOM_DB
PH000880,9217393164,+91,Carrier_A,Maharashtra,2026-07-26,2026-08-29,Suspended,P002922,SYNTH_TELECOM_DB
PH000881,9306515361,+91,Carrier_A,Maharashtra,2017-07-06,,Active,P004397,SYNTH_CDR_DB
PH000882,9588226446,+91,Carrier_A,Maharashtra,2024-07-14,2026-08-29,Inactive,P001139,SYNTH_CDR_DB
PH000883,9270025307,+91,Carrier_B,Maharashtra,2019-02-12,,Active,P002635,SYNTH_CDR_DB
PH000884,9447120275,+91,Carrier_A,Maharashtra,2014-01-20,2016-10-14,Suspended,P004823,SYNTH_CDR_DB
PH000885,9119360069,+91,Carrier_B,Maharashtra,2013-11-02,,Active,P003680,SYNTH_TELECOM_DB
PH000886,9999428184,+91,Carrier_C,Maharashtra,2019-06-15,,Active,P005936,SYNTH_TELECOM_DB
PH000887,9208564530,+91,Carrier_B,Maharashtra,2020-05-04,,Active,P005158,SYNTH_CDR_DB
PH000888,9591327508,+91,Carrier_A,Maharashtra,2021-01-09,,Active,P003612,SYNTH_TELECOM_DB
PH000889,9241449058,+91,Carrier_B,Maharashtra,2010-11-13,,Active,P002714,SYNTH_CDR_DB
PH000890,9528297851,+91,Carrier_A,Maharashtra,2019-12-17,,Active,P006793,SYNTH_TELECOM_DB
PH000891,9299461153,+91,Carrier_C,Maharashtra,2019-11-19,,Active,P000527,SYNTH_CDR_DB
PH000892,9951182905,+91,Carrier_D,Maharashtra,2018-12-08,2019-08-28,Reassigned,P000748,SYNTH_LEGACY_DB
PH000893,9828469387,+91,Carrier_B,Maharashtra,2015-05-17,2023-03-08,Reassigned,P005839,SYNTH_TELECOM_DB
PH000894,9228899322,+91,Carrier_B,Maharashtra,2024-03-27,2026-08-29,Inactive,P001038,SYNTH_CDR_DB
PH000895,9436996139,+91,Carrier_B,Maharashtra,2020-05-11,,Active,P002050,SYNTH_IDENTITY_DB
PH000896,9333965374,+91,Carrier_C,Maharashtra,2011-12-29,2014-12-30,Inactive,P003996,SYNTH_TELECOM_DB
PH000897,9443019436,+91,Carrier_A,Maharashtra,2020-09-21,,Active,P002348,SYNTH_IDENTITY_DB
PH000898,9247480855,+91,Carrier_E,Maharashtra,2015-07-09,,Active,P006047,SYNTH_CDR_DB
PH000899,9486350820,+91,Carrier_A,Maharashtra,2026-06-02,2026-08-29,Suspended,P004090,SYNTH_LEGACY_DB
PH000900,9565906259,+91,Carrier_C,Maharashtra,2016-01-23,,Active,P004824,SYNTH_TELECOM_DB
PH000901,9546490561,+91,Carrier_B,Maharashtra,2022-11-28,,Active,P006364,SYNTH_LEGACY_DB
PH000902,9542108953,+91,Carrier_D,Maharashtra,2024-12-17,,Active,P001658,SYNTH_LEGACY_DB
PH000903,9571922812,+91,Carrier_E,Maharashtra,2024-12-21,,Active,P005974,SYNTH_IDENTITY_DB
PH000904,9292067272,+91,Carrier_B,Maharashtra,2019-03-29,,Active,P000123,SYNTH_TELECOM_DB
PH000905,9387732355,+91,Carrier_D,Maharashtra,2026-02-04,,Active,P003240,SYNTH_TELECOM_DB
PH000906,9392487973,+91,Carrier_D,Maharashtra,2021-08-27,,Active,P005287,SYNTH_TELECOM_DB
PH000907,9571390711,+91,Carrier_A,Maharashtra,2024-05-09,2026-08-29,Inactive,P000353,SYNTH_TELECOM_DB
PH000908,9760623996,+91,Carrier_D,Maharashtra,2022-05-13,,Active,P004565,SYNTH_TELECOM_DB
PH000909,9828124057,+91,Carrier_A,Maharashtra,2018-07-08,2020-08-13,Suspended,P004114,SYNTH_TELECOM_DB
PH000910,9975401519,+91,Carrier_A,Maharashtra,2011-09-12,,Active,P002383,SYNTH_TELECOM_DB
PH000911,9726858283,+91,Carrier_D,Maharashtra,2017-05-23,2021-07-04,Reassigned,P004617,SYNTH_TELECOM_DB
PH000912,9879720299,+91,Carrier_B,Maharashtra,2016-08-19,,Active,P005792,SYNTH_CDR_DB
PH000913,9160698338,+91,Carrier_B,Maharashtra,2018-07-03,,Active,P001020,SYNTH_TELECOM_DB
PH000914,9962097625,+91,Carrier_B,Maharashtra,2019-08-20,,Active,P005923,SYNTH_CDR_DB
PH000915,9884100302,+91,Carrier_A,Maharashtra,2012-10-20,,Active,P006255,SYNTH_IDENTITY_DB
PH000916,9363036490,+91,Carrier_B,Maharashtra,2018-07-24,,Active,P000054,SYNTH_TELECOM_DB
PH000917,9199749595,+91,Carrier_B,Maharashtra,2016-06-11,2016-08-25,Inactive,P003092,SYNTH_CDR_DB
PH000918,9908675078,+91,Carrier_B,Maharashtra,2025-02-08,,Active,P006284,SYNTH_TELECOM_DB
PH000919,9848765681,+91,Carrier_C,Maharashtra,2018-10-22,,Active,P002227,SYNTH_IDENTITY_DB
PH000920,9721855598,+91,Carrier_C,Maharashtra,2026-06-21,2026-08-29,Reassigned,P000673,SYNTH_IDENTITY_DB
PH000921,9261859819,+91,Carrier_C,Maharashtra,2010-12-10,2012-08-09,Inactive,P000323,SYNTH_TELECOM_DB
PH000922,9563790074,+91,Carrier_B,Maharashtra,2018-12-12,,Active,P003594,SYNTH_IDENTITY_DB
PH000923,9275666767,+91,Carrier_B,Maharashtra,2026-01-13,,Active,P003727,SYNTH_TELECOM_DB
PH000924,9432043577,+91,Carrier_B,Maharashtra,2015-06-10,,Active,P002627,SYNTH_TELECOM_DB
PH000925,9370913302,+91,Carrier_A,Maharashtra,2024-12-24,,Active,P000003,SYNTH_CDR_DB
PH000926,9193575079,+91,Carrier_C,Maharashtra,2011-03-03,2017-08-24,Inactive,P005965,SYNTH_CDR_DB
PH000927,9783406194,+91,Carrier_A,Maharashtra,2012-04-11,,Active,P005676,SYNTH_CDR_DB
PH000928,9632966226,+91,Carrier_B,Maharashtra,2024-09-07,,Active,P003917,SYNTH_TELECOM_DB
PH000929,9147400214,+91,Carrier_D,Maharashtra,2016-06-30,2018-10-27,Inactive,P002132,SYNTH_TELECOM_DB
PH000930,9509081781,+91,Carrier_A,Maharashtra,2017-05-02,2023-05-06,Inactive,P002203,SYNTH_LEGACY_DB
PH000931,9572012563,+91,Carrier_B,Maharashtra,2022-01-08,,Active,P004668,SYNTH_TELECOM_DB
PH000932,9353210495,+91,Carrier_E,Maharashtra,2022-08-26,,Active,P004848,SYNTH_IDENTITY_DB
PH000933,9673452160,+91,Carrier_D,Maharashtra,2016-06-13,,Active,P005194,SYNTH_TELECOM_DB
PH000934,9862330351,+91,Carrier_A,Maharashtra,2019-10-01,,Active,P003570,SYNTH_TELECOM_DB
PH000935,9795680148,+91,Carrier_D,Maharashtra,2011-10-31,,Active,P002329,SYNTH_IDENTITY_DB
PH000936,9206536861,+91,Carrier_A,Maharashtra,2020-05-03,,Active,P004757,SYNTH_IDENTITY_DB
PH000937,9434910343,+91,Carrier_D,Maharashtra,2010-08-01,,Active,P001384,SYNTH_TELECOM_DB
PH000938,9272649092,+91,Carrier_C,Maharashtra,2016-07-08,,Active,P000561,SYNTH_CDR_DB
PH000939,9316129888,+91,Carrier_D,Maharashtra,2022-09-02,,Active,P000985,SYNTH_TELECOM_DB
PH000940,9944170310,+91,Carrier_A,Maharashtra,2012-06-02,2013-09-15,Inactive,P006197,SYNTH_TELECOM_DB
PH000941,9855653654,+91,Carrier_A,Maharashtra,2025-07-21,2026-08-29,Suspended,P006086,SYNTH_LEGACY_DB
PH000942,9768663451,+91,Carrier_B,Maharashtra,2012-09-24,,Active,P006156,SYNTH_TELECOM_DB
PH000943,9505488191,+91,Carrier_A,Maharashtra,2025-03-16,2026-08-29,Reassigned,P001761,SYNTH_TELECOM_DB
PH000944,9715275020,+91,Carrier_D,Maharashtra,2019-02-07,2020-02-18,Inactive,P002138,SYNTH_CDR_DB
PH000945,9429733397,+91,Carrier_A,Maharashtra,2018-02-16,2022-10-31,Inactive,P005006,SYNTH_TELECOM_DB
PH000946,9370270849,+91,Carrier_E,Maharashtra,2012-08-21,2014-11-11,Inactive,P006720,SYNTH_CDR_DB
PH000947,9318482195,+91,Carrier_A,Maharashtra,2018-02-01,2024-08-04,Reassigned,P000163,SYNTH_CDR_DB
PH000948,9883232023,+91,Carrier_A,Maharashtra,2018-09-07,,Active,P000519,SYNTH_TELECOM_DB
PH000949,9742826881,+91,Carrier_B,Maharashtra,2017-04-15,,Active,P002089,SYNTH_TELECOM_DB
PH000950,9664561375,+91,Carrier_D,Maharashtra,2016-04-05,2019-11-16,Inactive,P005934,SYNTH_TELECOM_DB
PH000951,9526328514,+91,Carrier_A,Maharashtra,2013-11-28,,Active,P002449,SYNTH_TELECOM_DB
PH000952,9657593595,+91,Carrier_B,Maharashtra,2026-02-23,,Active,P003755,SYNTH_TELECOM_DB
PH000953,9855698524,+91,Carrier_A,Maharashtra,2025-11-23,,Active,P001073,SYNTH_TELECOM_DB
PH000954,9274720506,+91,Carrier_A,Maharashtra,2022-11-10,,Active,P001091,SYNTH_CDR_DB
PH000955,9465812380,+91,Carrier_C,Maharashtra,2015-11-01,2020-06-21,Inactive,P000076,SYNTH_IDENTITY_DB
PH000956,9289678083,+91,Carrier_B,Maharashtra,2020-03-29,2020-07-08,Suspended,P004383,SYNTH_IDENTITY_DB
PH000957,9489838763,+91,Carrier_C,Maharashtra,2023-12-07,2026-08-29,Inactive,P003165,SYNTH_TELECOM_DB
PH000958,9169341461,+91,Carrier_A,Maharashtra,2022-09-21,,Active,P000230,SYNTH_TELECOM_DB
PH000959,9309938901,+91,Carrier_A,Maharashtra,2023-07-04,2026-08-29,Inactive,P002767,SYNTH_TELECOM_DB
PH000960,9861955287,+91,Carrier_C,Maharashtra,2019-10-09,,Active,P000896,SYNTH_TELECOM_DB
PH000961,9115042438,+91,Carrier_B,Maharashtra,2010-06-06,,Active,P000145,SYNTH_IDENTITY_DB
PH000962,9828938029,+91,Carrier_A,Maharashtra,2022-05-31,,Active,P005675,SYNTH_TELECOM_DB
PH000963,9997328448,+91,Carrier_B,Maharashtra,2010-07-06,2014-07-18,Inactive,P006019,SYNTH_TELECOM_DB
PH000964,9606720096,+91,Carrier_C,Maharashtra,2023-09-13,,Active,P004771,SYNTH_CDR_DB
PH000965,9734374764,+91,Carrier_B,Maharashtra,2022-06-25,,Active,P004883,SYNTH_TELECOM_DB
PH000966,9215728920,+91,Carrier_B,Maharashtra,2010-10-04,2013-05-11,Suspended,P002249,SYNTH_CDR_DB
PH000967,9689480779,+91,Carrier_A,Maharashtra,2010-08-13,,Active,P003899,SYNTH_TELECOM_DB
PH000968,9408530646,+91,Carrier_A,Maharashtra,2019-01-19,,Active,P005048,SYNTH_TELECOM_DB
PH000969,9593230486,+91,Carrier_A,Maharashtra,2013-02-23,,Active,P002898,SYNTH_CDR_DB
PH000970,9887078295,+91,Carrier_B,Maharashtra,2026-07-23,,Active,P003775,SYNTH_TELECOM_DB
PH000971,9761477286,+91,Carrier_B,Maharashtra,2020-05-22,2026-08-29,Inactive,P003710,SYNTH_IDENTITY_DB
PH000972,9917593462,+91,Carrier_B,Maharashtra,2018-06-12,2020-02-20,Suspended,P001485,SYNTH_TELECOM_DB
PH000973,9478144047,+91,Carrier_D,Maharashtra,2019-10-20,,Active,P004219,SYNTH_TELECOM_DB
PH000974,9851847908,+91,Carrier_C,Maharashtra,2016-10-20,2018-11-01,Inactive,P003977,SYNTH_LEGACY_DB
PH000975,9395315472,+91,Carrier_B,Maharashtra,2014-07-18,,Active,P003537,SYNTH_TELECOM_DB
PH000976,9665502513,+91,Carrier_E,Maharashtra,2014-04-07,2015-12-07,Suspended,P006042,SYNTH_TELECOM_DB
PH000977,9353252811,+91,Carrier_D,Maharashtra,2017-02-17,,Active,P004930,SYNTH_TELECOM_DB
PH000978,9921607771,+91,Carrier_A,Maharashtra,2024-03-25,,Active,P003905,SYNTH_CDR_DB
PH000979,9138619854,+91,Carrier_E,Maharashtra,2025-11-07,,Active,P000756,SYNTH_CDR_DB
PH000980,9161014351,+91,Carrier_B,Maharashtra,2017-10-20,,Active,P003098,SYNTH_TELECOM_DB
PH000981,9843470796,+91,Carrier_A,Maharashtra,2018-03-27,,Active,P005637,SYNTH_TELECOM_DB
PH000982,9188018827,+91,Carrier_B,Maharashtra,2023-09-29,,Active,P006510,SYNTH_TELECOM_DB
PH000983,9314152053,+91,Carrier_A,Maharashtra,2014-01-02,2016-09-08,Reassigned,P002750,SYNTH_TELECOM_DB
PH000984,9127143091,+91,Carrier_A,Maharashtra,2026-07-17,,Active,P002083,SYNTH_CDR_DB
PH000985,9213311943,+91,Carrier_B,Maharashtra,2015-12-24,,Active,P004225,SYNTH_TELECOM_DB
PH000986,9355492852,+91,Carrier_B,Maharashtra,2022-08-07,,Active,P002867,SYNTH_TELECOM_DB
PH000987,9756315095,+91,Carrier_A,Maharashtra,2022-11-19,,Active,P002194,SYNTH_TELECOM_DB
PH000988,9964407048,+91,Carrier_A,Maharashtra,2017-09-22,,Active,P006487,SYNTH_CDR_DB
PH000989,9256142361,+91,Carrier_B,Maharashtra,2020-01-29,,Active,P002252,SYNTH_TELECOM_DB
PH000990,9792668819,+91,Carrier_E,Maharashtra,2024-05-04,,Active,P006112,SYNTH_LEGACY_DB
PH000991,9766469223,+91,Carrier_C,Maharashtra,2013-02-28,,Active,P000768,SYNTH_TELECOM_DB
PH000992,9415398810,+91,Carrier_B,Maharashtra,2020-03-02,,Active,P003650,SYNTH_TELECOM_DB
PH000993,9967285216,+91,Carrier_A,Maharashtra,2018-10-24,2024-09-27,Inactive,P004473,SYNTH_TELECOM_DB
PH000994,9557169522,+91,Carrier_C,Maharashtra,2018-05-19,2019-04-13,Suspended,P001246,SYNTH_TELECOM_DB
PH000995,9897091339,+91,Carrier_B,Maharashtra,2016-07-25,2021-01-07,Inactive,P000897,SYNTH_CDR_DB
PH000996,9652458991,+91,Carrier_B,Maharashtra,2013-08-16,2013-10-15,Suspended,P002479,SYNTH_IDENTITY_DB
PH000997,9681623041,+91,Carrier_C,Maharashtra,2015-08-08,,Active,P004039,SYNTH_CDR_DB
PH000998,9170203952,+91,Carrier_A,Maharashtra,2023-02-20,,Active,P002337,SYNTH_LEGACY_DB
PH000999,9362182733,+91,Carrier_B,Maharashtra,2025-12-10,,Active,P002614,SYNTH_CDR_DB
PH001000,9254383351,+91,Carrier_E,Maharashtra,2021-08-16,,Active,P000464,SYNTH_TELECOM_DB
PH001001,9600567104,+91,Carrier_A,Maharashtra,2014-12-08,2015-09-28,Suspended,P004662,SYNTH_TELECOM_DB
PH001002,9284912247,+91,Carrier_B,Maharashtra,2025-06-15,,Active,P004477,SYNTH_CDR_DB
PH001003,9456745668,+91,Carrier_A,Maharashtra,2024-01-09,2025-11-13,Inactive,P003544,SYNTH_LEGACY_DB
PH001004,9225312258,+91,Carrier_A,Maharashtra,2010-01-27,,Active,P002762,SYNTH_TELECOM_DB
PH001005,9745965733,+91,Carrier_C,Maharashtra,2019-01-09,,Active,P003154,SYNTH_TELECOM_DB
PH001006,9647933963,+91,Carrier_B,Maharashtra,2015-09-20,,Active,P006643,SYNTH_IDENTITY_DB
PH001007,9402287433,+91,Carrier_C,Maharashtra,2011-11-12,,Active,P003827,SYNTH_TELECOM_DB
PH001008,9917192256,+91,Carrier_B,Maharashtra,2012-11-17,,Active,P001140,SYNTH_IDENTITY_DB
PH001009,9518577344,+91,Carrier_A,Maharashtra,2015-03-01,2019-03-12,Reassigned,P006575,SYNTH_IDENTITY_DB
PH001010,9988180869,+91,Carrier_D,Maharashtra,2018-10-19,,Active,P002966,SYNTH_IDENTITY_DB
PH001011,9444437164,+91,Carrier_A,Maharashtra,2024-09-23,,Active,P001329,SYNTH_CDR_DB
PH001012,9286802454,+91,Carrier_A,Maharashtra,2014-10-28,2015-10-18,Suspended,P002488,SYNTH_CDR_DB
PH001013,9206134576,+91,Carrier_B,Maharashtra,2025-02-11,,Active,P006567,SYNTH_LEGACY_DB
PH001014,9980172982,+91,Carrier_A,Maharashtra,2010-04-05,,Active,P003825,SYNTH_CDR_DB
PH001015,9271039977,+91,Carrier_E,Maharashtra,2018-07-30,,Active,P006956,SYNTH_TELECOM_DB
PH001016,9551259583,+91,Carrier_A,Maharashtra,2017-08-03,2018-12-27,Inactive,P003382,SYNTH_TELECOM_DB
PH001017,9277848861,+91,Carrier_A,Maharashtra,2013-11-11,2019-12-30,Reassigned,P002844,SYNTH_TELECOM_DB
PH001018,9544530756,+91,Carrier_B,Maharashtra,2025-10-05,,Active,P000003,SYNTH_TELECOM_DB
PH001019,9972816572,+91,Carrier_C,Maharashtra,2016-12-14,,Active,P001168,SYNTH_LEGACY_DB
PH001020,9631424007,+91,Carrier_B,Maharashtra,2018-12-27,,Active,P000533,SYNTH_TELECOM_DB
PH001021,9124040195,+91,Carrier_A,Maharashtra,2016-08-06,2022-02-15,Inactive,P003966,SYNTH_CDR_DB
PH001022,9352271770,+91,Carrier_C,Maharashtra,2022-12-06,,Active,P003699,SYNTH_LEGACY_DB
PH001023,9917147472,+91,Carrier_A,Maharashtra,2014-02-27,2016-04-07,Suspended,P002966,SYNTH_CDR_DB
PH001024,9362788497,+91,Carrier_A,Maharashtra,2014-01-04,,Active,P005921,SYNTH_CDR_DB
PH001025,9914966581,+91,Carrier_B,Maharashtra,2014-11-16,,Active,P003744,SYNTH_CDR_DB
PH001026,9141114824,+91,Carrier_A,Maharashtra,2021-02-13,,Active,P006129,SYNTH_IDENTITY_DB
PH001027,9186638381,+91,Carrier_B,Maharashtra,2013-10-06,,Active,P006235,SYNTH_TELECOM_DB
PH001028,9693839311,+91,Carrier_B,Maharashtra,2013-10-27,2016-11-15,Reassigned,P000573,SYNTH_TELECOM_DB
PH001029,9954763317,+91,Carrier_B,Maharashtra,2010-02-03,2011-01-11,Suspended,P000377,SYNTH_IDENTITY_DB
PH001030,9579724273,+91,Carrier_C,Maharashtra,2020-05-18,2021-07-21,Suspended,P004799,SYNTH_IDENTITY_DB
PH001031,9760163059,+91,Carrier_E,Maharashtra,2024-03-08,,Active,P004616,SYNTH_LEGACY_DB
PH001032,9867853705,+91,Carrier_A,Maharashtra,2017-09-03,,Active,P001918,SYNTH_TELECOM_DB
PH001033,9146080078,+91,Carrier_A,Maharashtra,2020-06-05,,Active,P004669,SYNTH_TELECOM_DB
PH001034,9408030727,+91,Carrier_B,Maharashtra,2024-04-24,2025-02-23,Suspended,P005949,SYNTH_TELECOM_DB
PH001035,9345763359,+91,Carrier_A,Maharashtra,2017-09-01,,Active,P006032,SYNTH_CDR_DB
PH001036,9951281129,+91,Carrier_C,Maharashtra,2025-02-01,2026-08-29,Inactive,P003505,SYNTH_TELECOM_DB
PH001037,9169435844,+91,Carrier_A,Maharashtra,2017-11-02,,Active,P002184,SYNTH_IDENTITY_DB
PH001038,9507974362,+91,Carrier_B,Maharashtra,2021-10-10,2023-08-21,Inactive,P000844,SYNTH_TELECOM_DB
PH001039,9424917285,+91,Carrier_E,Maharashtra,2014-09-23,2016-05-01,Inactive,P002954,SYNTH_CDR_DB
PH001040,9580675058,+91,Carrier_A,Maharashtra,2024-02-03,,Active,P002830,SYNTH_LEGACY_DB
PH001041,9844838513,+91,Carrier_C,Maharashtra,2025-05-24,2026-08-29,Inactive,P003103,SYNTH_TELECOM_DB
PH001042,9910667480,+91,Carrier_A,Maharashtra,2010-01-19,,Active,P000849,SYNTH_TELECOM_DB
PH001043,9760537213,+91,Carrier_B,Maharashtra,2022-05-17,,Active,P006305,SYNTH_TELECOM_DB
PH001044,9336747099,+91,Carrier_B,Maharashtra,2012-06-06,,Active,P001019,SYNTH_TELECOM_DB
PH001045,9145343925,+91,Carrier_B,Maharashtra,2024-11-13,,Active,P001416,SYNTH_TELECOM_DB
PH001046,9999891324,+91,Carrier_A,Maharashtra,2014-04-12,2019-02-17,Inactive,P004733,SYNTH_TELECOM_DB
PH001047,9832797972,+91,Carrier_B,Maharashtra,2017-10-07,2022-09-28,Inactive,P002763,SYNTH_TELECOM_DB
PH001048,9379550467,+91,Carrier_B,Maharashtra,2025-09-03,2026-08-29,Suspended,P003728,SYNTH_CDR_DB
PH001049,9584197793,+91,Carrier_A,Maharashtra,2014-07-14,,Active,P005039,SYNTH_TELECOM_DB
PH001050,9226186668,+91,Carrier_B,Maharashtra,2017-08-19,,Active,P006147,SYNTH_TELECOM_DB
PH001051,9936239387,+91,Carrier_A,Maharashtra,2017-07-31,,Active,P001647,SYNTH_TELECOM_DB
PH001052,9612447173,+91,Carrier_A,Maharashtra,2014-12-30,,Active,P004756,SYNTH_TELECOM_DB
PH001053,9100253561,+91,Carrier_A,Maharashtra,2011-01-07,,Active,P003497,SYNTH_CDR_DB
PH001054,9615543391,+91,Carrier_B,Maharashtra,2021-06-18,,Active,P006612,SYNTH_TELECOM_DB
PH001055,9630915280,+91,Carrier_B,Maharashtra,2015-05-20,,Active,P006957,SYNTH_TELECOM_DB
PH001056,9149352731,+91,Carrier_D,Maharashtra,2025-02-13,,Active,P001273,SYNTH_TELECOM_DB
PH001057,9337335156,+91,Carrier_D,Maharashtra,2014-12-29,2016-01-17,Inactive,P002168,SYNTH_TELECOM_DB
PH001058,9531131268,+91,Carrier_A,Maharashtra,2024-01-08,,Active,P006597,SYNTH_TELECOM_DB
PH001059,9242079903,+91,Carrier_A,Maharashtra,2013-06-26,,Active,P004469,SYNTH_IDENTITY_DB
PH001060,9671573544,+91,Carrier_D,Maharashtra,2020-03-11,,Active,P004626,SYNTH_TELECOM_DB
PH001061,9234943149,+91,Carrier_A,Maharashtra,2012-01-03,,Active,P002674,SYNTH_TELECOM_DB
PH001062,9425772417,+91,Carrier_B,Maharashtra,2026-01-09,,Active,P001162,SYNTH_TELECOM_DB
PH001063,9544147397,+91,Carrier_A,Maharashtra,2026-03-30,,Active,P005164,SYNTH_TELECOM_DB
PH001064,9153145114,+91,Carrier_A,Maharashtra,2015-08-17,,Active,P006846,SYNTH_TELECOM_DB
PH001065,9407690092,+91,Carrier_B,Maharashtra,2010-08-10,,Active,P006881,SYNTH_TELECOM_DB
PH001066,9593226609,+91,Carrier_B,Maharashtra,2016-09-07,2018-11-16,Suspended,P004835,SYNTH_CDR_DB
PH001067,9800764392,+91,Carrier_A,Maharashtra,2016-08-10,,Active,P005644,SYNTH_LEGACY_DB
PH001068,9509927169,+91,Carrier_D,Maharashtra,2010-03-17,,Active,P002972,SYNTH_TELECOM_DB
PH001069,9105984744,+91,Carrier_A,Maharashtra,2024-08-09,,Active,P005722,SYNTH_TELECOM_DB
PH001070,9384120704,+91,Carrier_E,Maharashtra,2017-10-02,,Active,P004580,SYNTH_TELECOM_DB
PH001071,9636454380,+91,Carrier_D,Maharashtra,2015-12-30,,Active,P004725,SYNTH_LEGACY_DB
PH001072,9993693094,+91,Carrier_C,Maharashtra,2020-04-05,,Active,P004441,SYNTH_TELECOM_DB
PH001073,9474479389,+91,Carrier_E,Maharashtra,2013-08-13,,Active,P002261,SYNTH_TELECOM_DB
PH001074,9258294601,+91,Carrier_A,Maharashtra,2025-06-29,,Active,P001028,SYNTH_CDR_DB
PH001075,9707765353,+91,Carrier_A,Maharashtra,2019-08-25,,Active,P000515,SYNTH_TELECOM_DB
PH001076,9322509485,+91,Carrier_B,Maharashtra,2013-05-29,,Active,P003151,SYNTH_TELECOM_DB
PH001077,9408795332,+91,Carrier_B,Maharashtra,2010-07-13,,Active,P006525,SYNTH_IDENTITY_DB
PH001078,9723150607,+91,Carrier_A,Maharashtra,2023-02-26,,Active,P003678,SYNTH_CDR_DB
PH001079,9176239265,+91,Carrier_B,Maharashtra,2021-02-10,2024-10-22,Inactive,P006414,SYNTH_TELECOM_DB
PH001080,9218584063,+91,Carrier_C,Maharashtra,2024-11-07,,Active,P004903,SYNTH_TELECOM_DB
PH001081,9512459656,+91,Carrier_A,Maharashtra,2021-07-18,,Active,P004064,SYNTH_TELECOM_DB
PH001082,9613765173,+91,Carrier_C,Maharashtra,2020-12-21,2023-11-10,Inactive,P003552,SYNTH_TELECOM_DB
PH001083,9641829989,+91,Carrier_A,Maharashtra,2016-08-04,2017-12-09,Suspended,P003733,SYNTH_TELECOM_DB
PH001084,9226817468,+91,Carrier_C,Maharashtra,2022-10-10,,Active,P006751,SYNTH_CDR_DB
PH001085,9709191952,+91,Carrier_D,Maharashtra,2018-10-14,,Active,P005175,SYNTH_TELECOM_DB
PH001086,9360152953,+91,Carrier_B,Maharashtra,2013-11-15,,Active,P000992,SYNTH_TELECOM_DB
PH001087,9822505514,+91,Carrier_D,Maharashtra,2010-01-06,2010-09-08,Inactive,P005566,SYNTH_CDR_DB
PH001088,9350109445,+91,Carrier_A,Maharashtra,2015-03-19,,Active,P006426,SYNTH_CDR_DB
PH001089,9274708611,+91,Carrier_C,Maharashtra,2012-07-02,,Active,P002256,SYNTH_TELECOM_DB
PH001090,9167717412,+91,Carrier_B,Maharashtra,2026-08-12,,Active,P003338,SYNTH_TELECOM_DB
PH001091,9333922654,+91,Carrier_A,Maharashtra,2026-04-07,2026-08-29,Inactive,P003010,SYNTH_IDENTITY_DB
PH001092,9157065405,+91,Carrier_A,Maharashtra,2011-09-07,,Active,P000294,SYNTH_TELECOM_DB
PH001093,9518678914,+91,Carrier_E,Maharashtra,2018-09-04,2021-08-19,Inactive,P003309,SYNTH_TELECOM_DB
PH001094,9941450482,+91,Carrier_A,Maharashtra,2020-07-20,,Active,P002386,SYNTH_TELECOM_DB
PH001095,9808060681,+91,Carrier_B,Maharashtra,2010-01-04,,Active,P005450,SYNTH_TELECOM_DB
PH001096,9799852650,+91,Carrier_A,Maharashtra,2022-09-27,,Active,P002583,SYNTH_TELECOM_DB
PH001097,9123997668,+91,Carrier_A,Maharashtra,2015-04-14,,Active,P003148,SYNTH_TELECOM_DB
PH001098,9894737352,+91,Carrier_B,Maharashtra,2019-08-05,,Active,P003545,SYNTH_TELECOM_DB
PH001099,9218130279,+91,Carrier_A,Maharashtra,2015-11-23,,Active,P002164,SYNTH_TELECOM_DB
PH001100,9279718867,+91,Carrier_A,Maharashtra,2025-08-23,,Active,P005830,SYNTH_TELECOM_DB
PH001101,9728067003,+91,Carrier_C,Maharashtra,2019-11-12,,Active,P003357,SYNTH_TELECOM_DB
PH001102,9208516835,+91,Carrier_B,Maharashtra,2024-11-30,,Active,P004946,SYNTH_CDR_DB
PH001103,9846582030,+91,Carrier_C,Maharashtra,2026-07-18,2026-08-29,Inactive,P006370,SYNTH_TELECOM_DB
PH001104,9882893676,+91,Carrier_C,Maharashtra,2018-06-01,2025-02-19,Inactive,P002942,SYNTH_LEGACY_DB
PH001105,9930178189,+91,Carrier_B,Maharashtra,2016-05-15,,Active,P003842,SYNTH_TELECOM_DB
PH001106,9561381800,+91,Carrier_A,Maharashtra,2026-01-05,,Active,P002463,SYNTH_TELECOM_DB
PH001107,9772179448,+91,Carrier_E,Maharashtra,2014-03-07,,Active,P005265,SYNTH_CDR_DB
PH001108,9791386653,+91,Carrier_C,Maharashtra,2020-12-17,2026-08-29,Inactive,P004450,SYNTH_CDR_DB
PH001109,9771385519,+91,Carrier_C,Maharashtra,2012-06-14,2013-05-26,Inactive,P002039,SYNTH_TELECOM_DB
PH001110,9575175520,+91,Carrier_D,Maharashtra,2022-05-08,,Active,P001196,SYNTH_TELECOM_DB
PH001111,9542336416,+91,Carrier_E,Maharashtra,2012-02-19,,Active,P003634,SYNTH_CDR_DB
PH001112,9898224468,+91,Carrier_C,Maharashtra,2011-05-16,,Active,P000003,SYNTH_CDR_DB
PH001113,9870555611,+91,Carrier_B,Maharashtra,2010-06-23,,Active,P001526,SYNTH_LEGACY_DB
PH001114,9172584100,+91,Carrier_A,Maharashtra,2023-08-10,2026-06-03,Inactive,P000499,SYNTH_TELECOM_DB
PH001115,9723386236,+91,Carrier_A,Maharashtra,2022-06-16,,Active,P002580,SYNTH_TELECOM_DB
PH001116,9236566905,+91,Carrier_A,Maharashtra,2017-11-17,,Active,P005092,SYNTH_TELECOM_DB
PH001117,9283564945,+91,Carrier_C,Maharashtra,2020-01-28,,Active,P000075,SYNTH_CDR_DB
PH001118,9430715717,+91,Carrier_D,Maharashtra,2019-12-12,,Active,P000737,SYNTH_TELECOM_DB
PH001119,9639939055,+91,Carrier_B,Maharashtra,2011-10-05,,Active,P003894,SYNTH_LEGACY_DB
PH001120,9160090578,+91,Carrier_B,Maharashtra,2020-09-16,2022-08-10,Suspended,P001699,SYNTH_TELECOM_DB
PH001121,9274411925,+91,Carrier_A,Maharashtra,2022-12-03,2024-11-13,Suspended,P003659,SYNTH_IDENTITY_DB
PH001122,9369711598,+91,Carrier_B,Maharashtra,2019-12-24,,Active,P002317,SYNTH_LEGACY_DB
PH001123,9980683548,+91,Carrier_A,Maharashtra,2026-02-28,,Active,P002290,SYNTH_TELECOM_DB
PH001124,9690956467,+91,Carrier_E,Maharashtra,2019-05-24,,Active,P005056,SYNTH_TELECOM_DB
PH001125,9527820973,+91,Carrier_E,Maharashtra,2024-05-14,,Active,P001400,SYNTH_IDENTITY_DB
PH001126,9406467267,+91,Carrier_B,Maharashtra,2010-11-25,2013-05-03,Suspended,P006278,SYNTH_TELECOM_DB
PH001127,9866889811,+91,Carrier_B,Maharashtra,2011-05-20,,Active,P005671,SYNTH_CDR_DB
PH001128,9431517927,+91,Carrier_A,Maharashtra,2021-08-12,,Active,P006879,SYNTH_IDENTITY_DB
PH001129,9210022567,+91,Carrier_B,Maharashtra,2020-06-26,,Active,P004133,SYNTH_TELECOM_DB
PH001130,9868342507,+91,Carrier_A,Maharashtra,2025-11-16,,Active,P006420,SYNTH_LEGACY_DB
PH001131,9879170033,+91,Carrier_A,Maharashtra,2010-08-07,,Active,P005849,SYNTH_CDR_DB
PH001132,9904283894,+91,Carrier_B,Maharashtra,2021-11-25,,Active,P005460,SYNTH_TELECOM_DB
PH001133,9167407241,+91,Carrier_A,Maharashtra,2023-10-01,2024-11-23,Suspended,P005334,SYNTH_TELECOM_DB
PH001134,9984713044,+91,Carrier_C,Maharashtra,2024-12-27,,Active,P004414,SYNTH_TELECOM_DB
PH001135,9318531752,+91,Carrier_C,Maharashtra,2015-07-14,,Active,P002165,SYNTH_IDENTITY_DB
PH001136,9919695073,+91,Carrier_A,Maharashtra,2016-03-27,,Active,P003320,SYNTH_LEGACY_DB
PH001137,9123745557,+91,Carrier_C,Maharashtra,2011-06-10,,Active,P002620,SYNTH_LEGACY_DB
PH001138,9448254467,+91,Carrier_A,Maharashtra,2011-03-16,,Active,P003747,SYNTH_TELECOM_DB
PH001139,9984821990,+91,Carrier_D,Maharashtra,2024-05-06,2026-08-29,Inactive,P002581,SYNTH_TELECOM_DB
PH001140,9435985198,+91,Carrier_A,Maharashtra,2018-02-24,,Active,P006977,SYNTH_TELECOM_DB
PH001141,9751309675,+91,Carrier_E,Maharashtra,2011-01-30,2017-03-07,Inactive,P002203,SYNTH_CDR_DB
PH001142,9424556747,+91,Carrier_A,Maharashtra,2024-12-04,,Active,P005588,SYNTH_TELECOM_DB
PH001143,9618770266,+91,Carrier_A,Maharashtra,2023-05-26,,Active,P006226,SYNTH_IDENTITY_DB
PH001144,9801184204,+91,Carrier_A,Maharashtra,2015-07-30,2019-12-25,Reassigned,P001063,SYNTH_TELECOM_DB
PH001145,9700069606,+91,Carrier_C,Maharashtra,2010-11-08,2013-08-16,Inactive,P005394,SYNTH_CDR_DB
PH001146,9868234197,+91,Carrier_D,Maharashtra,2012-01-21,2014-02-22,Inactive,P004984,SYNTH_TELECOM_DB
PH001147,9385179198,+91,Carrier_A,Maharashtra,2015-05-24,2017-12-01,Reassigned,P004259,SYNTH_TELECOM_DB
PH001148,9379499914,+91,Carrier_D,Maharashtra,2025-05-22,,Active,P003148,SYNTH_LEGACY_DB
PH001149,9633510259,+91,Carrier_B,Maharashtra,2019-01-14,,Active,P006733,SYNTH_TELECOM_DB
PH001150,9119202028,+91,Carrier_A,Maharashtra,2022-06-19,,Active,P003325,SYNTH_IDENTITY_DB
PH001151,9350942435,+91,Carrier_C,Maharashtra,2023-04-14,,Active,P000875,SYNTH_TELECOM_DB
PH001152,9304332036,+91,Carrier_A,Maharashtra,2013-01-07,,Active,P003482,SYNTH_CDR_DB
PH001153,9467935108,+91,Carrier_E,Maharashtra,2014-11-30,2019-11-12,Inactive,P003936,SYNTH_LEGACY_DB
PH001154,9596188449,+91,Carrier_A,Maharashtra,2022-08-23,,Active,P003338,SYNTH_CDR_DB
PH001155,9444643954,+91,Carrier_A,Maharashtra,2014-05-02,,Active,P000889,SYNTH_TELECOM_DB
PH001156,9674255231,+91,Carrier_A,Maharashtra,2017-11-18,,Active,P002797,SYNTH_IDENTITY_DB
PH001157,9666734747,+91,Carrier_C,Maharashtra,2024-03-04,2026-08-29,Inactive,P004684,SYNTH_IDENTITY_DB
PH001158,9162404661,+91,Carrier_B,Maharashtra,2023-06-28,2026-08-29,Inactive,P006363,SYNTH_TELECOM_DB
PH001159,9866637880,+91,Carrier_A,Maharashtra,2016-01-18,,Active,P006991,SYNTH_TELECOM_DB
PH001160,9399349388,+91,Carrier_C,Maharashtra,2021-12-03,2026-04-26,Inactive,P005860,SYNTH_CDR_DB
PH001161,9272264581,+91,Carrier_A,Maharashtra,2012-04-24,2013-09-19,Suspended,P005883,SYNTH_CDR_DB
PH001162,9104918185,+91,Carrier_E,Maharashtra,2026-01-09,,Active,P002944,SYNTH_TELECOM_DB
PH001163,9764492356,+91,Carrier_B,Maharashtra,2017-03-21,2023-05-15,Inactive,P000952,SYNTH_LEGACY_DB
PH001164,9644232587,+91,Carrier_C,Maharashtra,2016-12-11,,Active,P004924,SYNTH_CDR_DB
PH001165,9791134737,+91,Carrier_A,Maharashtra,2014-12-01,,Active,P002954,SYNTH_LEGACY_DB
PH001166,9644798403,+91,Carrier_A,Maharashtra,2012-07-01,2013-10-01,Inactive,P006962,SYNTH_TELECOM_DB
PH001167,9225219694,+91,Carrier_B,Maharashtra,2024-10-29,,Active,P005831,SYNTH_TELECOM_DB
PH001168,9226619240,+91,Carrier_B,Maharashtra,2025-09-26,2026-08-29,Reassigned,P006165,SYNTH_TELECOM_DB
PH001169,9131396092,+91,Carrier_A,Maharashtra,2010-04-04,,Active,P005696,SYNTH_TELECOM_DB
PH001170,9815995169,+91,Carrier_A,Maharashtra,2013-05-21,2013-12-24,Suspended,P004617,SYNTH_TELECOM_DB
PH001171,9840093457,+91,Carrier_B,Maharashtra,2015-01-27,,Active,P003853,SYNTH_TELECOM_DB
PH001172,9484104679,+91,Carrier_C,Maharashtra,2015-03-10,,Active,P001149,SYNTH_TELECOM_DB
PH001173,9869202877,+91,Carrier_A,Maharashtra,2016-01-07,,Active,P006053,SYNTH_IDENTITY_DB
PH001174,9651767459,+91,Carrier_C,Maharashtra,2011-07-08,2013-11-15,Reassigned,P005282,SYNTH_TELECOM_DB
PH001175,9563643144,+91,Carrier_C,Maharashtra,2021-08-11,,Active,P006945,SYNTH_IDENTITY_DB
PH001176,9462409749,+91,Carrier_B,Maharashtra,2025-03-20,,Active,P000522,SYNTH_TELECOM_DB
PH001177,9661586787,+91,Carrier_A,Maharashtra,2020-03-08,,Active,P003511,SYNTH_CDR_DB
PH001178,9842056991,+91,Carrier_A,Maharashtra,2017-12-21,,Active,P001629,SYNTH_TELECOM_DB
PH001179,9597348064,+91,Carrier_C,Maharashtra,2017-05-14,,Active,P001464,SYNTH_LEGACY_DB
PH001180,9593620898,+91,Carrier_B,Maharashtra,2016-03-25,,Active,P006625,SYNTH_TELECOM_DB
PH001181,9511452235,+91,Carrier_A,Maharashtra,2010-12-27,,Active,P002060,SYNTH_CDR_DB
PH001182,9119078022,+91,Carrier_A,Maharashtra,2015-01-22,,Active,P004252,SYNTH_TELECOM_DB
PH001183,9243809017,+91,Carrier_B,Maharashtra,2021-03-22,,Active,P000245,SYNTH_CDR_DB
PH001184,9262502638,+91,Carrier_E,Maharashtra,2023-01-04,,Active,P006026,SYNTH_CDR_DB
PH001185,9554770729,+91,Carrier_D,Maharashtra,2017-02-27,2019-09-20,Reassigned,P006393,SYNTH_TELECOM_DB
PH001186,9381213966,+91,Carrier_B,Maharashtra,2011-04-04,2015-03-01,Inactive,P003327,SYNTH_TELECOM_DB
PH001187,9234907440,+91,Carrier_D,Maharashtra,2018-11-17,,Active,P003379,SYNTH_LEGACY_DB
PH001188,9660321102,+91,Carrier_B,Maharashtra,2016-03-08,,Active,P006102,SYNTH_TELECOM_DB
PH001189,9186248250,+91,Carrier_C,Maharashtra,2023-10-06,,Active,P003349,SYNTH_IDENTITY_DB
PH001190,9661797898,+91,Carrier_B,Maharashtra,2020-07-26,2023-02-18,Suspended,P005546,SYNTH_TELECOM_DB
PH001191,9758816598,+91,Carrier_C,Maharashtra,2011-04-24,,Active,P004333,SYNTH_TELECOM_DB
PH001192,9696955103,+91,Carrier_B,Maharashtra,2022-11-23,,Active,P006387,SYNTH_CDR_DB
PH001193,9367687516,+91,Carrier_C,Maharashtra,2018-09-15,,Active,P003045,SYNTH_TELECOM_DB
PH001194,9489701653,+91,Carrier_B,Maharashtra,2012-04-10,,Active,P004920,SYNTH_CDR_DB
PH001195,9698515307,+91,Carrier_C,Maharashtra,2015-10-31,,Active,P005618,SYNTH_TELECOM_DB
PH001196,9530190416,+91,Carrier_A,Maharashtra,2021-05-25,2023-10-23,Reassigned,P003604,SYNTH_CDR_DB
PH001197,9478936270,+91,Carrier_C,Maharashtra,2023-09-22,,Active,P000617,SYNTH_TELECOM_DB
PH001198,9504008357,+91,Carrier_B,Maharashtra,2013-06-20,,Active,P000760,SYNTH_IDENTITY_DB
PH001199,9322169285,+91,Carrier_D,Maharashtra,2014-11-14,2020-05-17,Inactive,P003669,SYNTH_TELECOM_DB
PH001200,9966680776,+91,Carrier_B,Maharashtra,2013-04-25,,Active,P006607,SYNTH_TELECOM_DB
PH001201,9360624939,+91,Carrier_A,Maharashtra,2013-09-20,,Active,P003122,SYNTH_TELECOM_DB
PH001202,9112546782,+91,Carrier_D,Maharashtra,2012-07-30,,Active,P005835,SYNTH_TELECOM_DB
PH001203,9175836118,+91,Carrier_A,Maharashtra,2025-07-30,,Active,P000931,SYNTH_CDR_DB
PH001204,9347092285,+91,Carrier_B,Maharashtra,2014-06-22,,Active,P005051,SYNTH_TELECOM_DB
PH001205,9220777680,+91,Carrier_A,Maharashtra,2023-09-27,,Active,P000470,SYNTH_LEGACY_DB
PH001206,9359594454,+91,Carrier_B,Maharashtra,2018-09-06,2020-06-23,Suspended,P000700,SYNTH_IDENTITY_DB
PH001207,9342219571,+91,Carrier_B,Maharashtra,2016-09-25,,Active,P003436,SYNTH_TELECOM_DB
PH001208,9275353900,+91,Carrier_A,Maharashtra,2025-02-08,,Active,P005566,SYNTH_TELECOM_DB
PH001209,9562342335,+91,Carrier_A,Maharashtra,2020-03-16,,Active,P000087,SYNTH_TELECOM_DB
PH001210,9617734035,+91,Carrier_E,Maharashtra,2024-04-04,,Active,P003580,SYNTH_TELECOM_DB
PH001211,9459991269,+91,Carrier_A,Maharashtra,2017-09-09,,Active,P006768,SYNTH_TELECOM_DB
PH001212,9880139189,+91,Carrier_C,Maharashtra,2018-06-04,,Active,P001846,SYNTH_CDR_DB
PH001213,9732165604,+91,Carrier_B,Maharashtra,2019-10-02,,Active,P002635,SYNTH_LEGACY_DB
PH001214,9321092216,+91,Carrier_B,Maharashtra,2011-02-14,,Active,P003930,SYNTH_LEGACY_DB
PH001215,9723646607,+91,Carrier_C,Maharashtra,2013-11-20,,Active,P006926,SYNTH_TELECOM_DB
PH001216,9408285827,+91,Carrier_A,Maharashtra,2023-04-25,2026-08-29,Inactive,P001925,SYNTH_IDENTITY_DB
PH001217,9532518918,+91,Carrier_B,Maharashtra,2024-01-27,,Active,P001440,SYNTH_TELECOM_DB
PH001218,9513630408,+91,Carrier_B,Maharashtra,2010-08-19,2011-10-21,Suspended,P000512,SYNTH_CDR_DB
PH001219,9675218972,+91,Carrier_C,Maharashtra,2010-04-21,,Active,P006048,SYNTH_TELECOM_DB
PH001220,9993687600,+91,Carrier_B,Maharashtra,2019-02-02,2022-05-25,Inactive,P000458,SYNTH_IDENTITY_DB
PH001221,9371217807,+91,Carrier_E,Maharashtra,2020-12-15,,Active,P000162,SYNTH_IDENTITY_DB
PH001222,9405893934,+91,Carrier_A,Maharashtra,2015-12-22,,Active,P005490,SYNTH_IDENTITY_DB
PH001223,9836708517,+91,Carrier_E,Maharashtra,2014-09-12,,Active,P002492,SYNTH_CDR_DB
PH001224,9879807344,+91,Carrier_B,Maharashtra,2017-01-30,,Active,P001543,SYNTH_TELECOM_DB
PH001225,9591811409,+91,Carrier_A,Maharashtra,2023-09-23,,Active,P000442,SYNTH_TELECOM_DB
PH001226,9322016124,+91,Carrier_B,Maharashtra,2010-05-02,,Active,P004788,SYNTH_TELECOM_DB
PH001227,9555319513,+91,Carrier_D,Maharashtra,2014-12-13,,Active,P000593,SYNTH_TELECOM_DB
PH001228,9658005380,+91,Carrier_C,Maharashtra,2010-09-03,,Active,P003776,SYNTH_IDENTITY_DB
PH001229,9715832986,+91,Carrier_A,Maharashtra,2011-02-04,2017-06-04,Reassigned,P006532,SYNTH_TELECOM_DB
PH001230,9783362795,+91,Carrier_C,Maharashtra,2012-03-24,,Active,P003369,SYNTH_TELECOM_DB
PH001231,9904437429,+91,Carrier_E,Maharashtra,2018-01-19,,Active,P004276,SYNTH_IDENTITY_DB
PH001232,9603135067,+91,Carrier_A,Maharashtra,2015-04-06,,Active,P000382,SYNTH_IDENTITY_DB
PH001233,9469865650,+91,Carrier_A,Maharashtra,2020-02-12,,Active,P005563,SYNTH_TELECOM_DB
PH001234,9488255485,+91,Carrier_B,Maharashtra,2024-08-22,,Active,P003796,SYNTH_CDR_DB
PH001235,9893703787,+91,Carrier_D,Maharashtra,2025-09-22,,Active,P000850,SYNTH_IDENTITY_DB
PH001236,9779505011,+91,Carrier_A,Maharashtra,2018-06-23,,Active,P001180,SYNTH_TELECOM_DB
PH001237,9731019472,+91,Carrier_D,Maharashtra,2021-05-20,,Active,P005063,SYNTH_TELECOM_DB
PH001238,9970989182,+91,Carrier_C,Maharashtra,2011-02-08,2016-10-24,Inactive,P003953,SYNTH_TELECOM_DB
PH001239,9668765112,+91,Carrier_B,Maharashtra,2018-08-07,,Active,P003896,SYNTH_IDENTITY_DB
PH001240,9439058419,+91,Carrier_B,Maharashtra,2015-11-18,,Active,P002769,SYNTH_TELECOM_DB
PH001241,9493134874,+91,Carrier_A,Maharashtra,2015-09-18,,Active,P002742,SYNTH_TELECOM_DB
PH001242,9913981477,+91,Carrier_C,Maharashtra,2023-01-28,,Active,P001408,SYNTH_TELECOM_DB
PH001243,9215762569,+91,Carrier_C,Maharashtra,2024-06-06,,Active,P002329,SYNTH_TELECOM_DB
PH001244,9887629488,+91,Carrier_A,Maharashtra,2018-07-17,,Active,P006254,SYNTH_TELECOM_DB
PH001245,9884758868,+91,Carrier_D,Maharashtra,2019-03-09,,Active,P000821,SYNTH_TELECOM_DB
PH001246,9204330778,+91,Carrier_B,Maharashtra,2022-08-26,,Active,P006217,SYNTH_TELECOM_DB
PH001247,9243581452,+91,Carrier_C,Maharashtra,2026-02-04,,Active,P005553,SYNTH_TELECOM_DB
PH001248,9993127235,+91,Carrier_D,Maharashtra,2020-07-06,,Active,P002643,SYNTH_CDR_DB
PH001249,9279565558,+91,Carrier_A,Maharashtra,2015-06-11,,Active,P003733,SYNTH_TELECOM_DB
PH001250,9426774572,+91,Carrier_A,Maharashtra,2018-10-06,,Active,P002188,SYNTH_TELECOM_DB
PH001251,9949702710,+91,Carrier_A,Maharashtra,2013-12-23,,Active,P002425,SYNTH_TELECOM_DB
PH001252,9678569896,+91,Carrier_C,Maharashtra,2026-01-06,,Active,P000033,SYNTH_TELECOM_DB
PH001253,9727446686,+91,Carrier_A,Maharashtra,2010-11-26,,Active,P003178,SYNTH_TELECOM_DB
PH001254,9986163638,+91,Carrier_B,Maharashtra,2021-05-16,,Active,P001067,SYNTH_CDR_DB
PH001255,9778196139,+91,Carrier_A,Maharashtra,2021-02-02,,Active,P002994,SYNTH_LEGACY_DB
PH001256,9433449070,+91,Carrier_A,Maharashtra,2011-12-05,,Active,P002998,SYNTH_TELECOM_DB
PH001257,9883604134,+91,Carrier_A,Maharashtra,2020-02-09,,Active,P002878,SYNTH_CDR_DB
PH001258,9225676706,+91,Carrier_B,Maharashtra,2015-04-18,,Active,P004200,SYNTH_TELECOM_DB
PH001259,9720538879,+91,Carrier_C,Maharashtra,2022-05-03,,Active,P006508,SYNTH_TELECOM_DB
PH001260,9911727621,+91,Carrier_B,Maharashtra,2010-05-01,2011-03-23,Inactive,P006433,SYNTH_TELECOM_DB
PH001261,9534216566,+91,Carrier_E,Maharashtra,2014-03-28,,Active,P000567,SYNTH_TELECOM_DB
PH001262,9115688597,+91,Carrier_A,Maharashtra,2020-11-27,,Active,P004765,SYNTH_CDR_DB
PH001263,9861608102,+91,Carrier_D,Maharashtra,2024-06-24,2026-08-29,Inactive,P005315,SYNTH_TELECOM_DB
PH001264,9210751562,+91,Carrier_C,Maharashtra,2016-03-12,2018-05-13,Inactive,P006279,SYNTH_LEGACY_DB
PH001265,9465896506,+91,Carrier_B,Maharashtra,2022-02-12,2026-08-29,Inactive,P003359,SYNTH_TELECOM_DB
PH001266,9692409891,+91,Carrier_A,Maharashtra,2023-05-01,2026-08-10,Inactive,P003805,SYNTH_LEGACY_DB
PH001267,9711305619,+91,Carrier_B,Maharashtra,2011-12-14,,Active,P006227,SYNTH_IDENTITY_DB
PH001268,9167972641,+91,Carrier_D,Maharashtra,2021-12-21,,Active,P001301,SYNTH_TELECOM_DB
PH001269,9571951468,+91,Carrier_D,Maharashtra,2011-11-10,2018-06-01,Inactive,P001935,SYNTH_TELECOM_DB
PH001270,9579513569,+91,Carrier_A,Maharashtra,2017-07-08,2019-02-15,Inactive,P000179,SYNTH_LEGACY_DB
PH001271,9170269781,+91,Carrier_D,Maharashtra,2010-10-10,2010-12-02,Inactive,P006985,SYNTH_TELECOM_DB
PH001272,9253194448,+91,Carrier_A,Maharashtra,2022-07-09,,Active,P006586,SYNTH_TELECOM_DB
PH001273,9789664159,+91,Carrier_B,Maharashtra,2013-01-20,,Active,P000397,SYNTH_TELECOM_DB
PH001274,9255816599,+91,Carrier_E,Maharashtra,2016-08-26,,Active,P005752,SYNTH_TELECOM_DB
PH001275,9199099975,+91,Carrier_C,Maharashtra,2021-03-31,,Active,P003908,SYNTH_LEGACY_DB
PH001276,9657258155,+91,Carrier_C,Maharashtra,2011-10-22,,Active,P002451,SYNTH_LEGACY_DB
PH001277,9123823055,+91,Carrier_A,Maharashtra,2012-01-20,,Active,P000967,SYNTH_CDR_DB
PH001278,9848812552,+91,Carrier_D,Maharashtra,2025-08-20,,Active,P005984,SYNTH_TELECOM_DB
PH001279,9709607023,+91,Carrier_A,Maharashtra,2026-03-28,,Active,P006604,SYNTH_TELECOM_DB
PH001280,9246551009,+91,Carrier_C,Maharashtra,2025-04-12,2026-08-29,Inactive,P002753,SYNTH_IDENTITY_DB
PH001281,9772838295,+91,Carrier_A,Maharashtra,2016-08-22,2023-03-14,Inactive,P002160,SYNTH_TELECOM_DB
PH001282,9612667334,+91,Carrier_B,Maharashtra,2026-07-11,,Active,P004201,SYNTH_LEGACY_DB
PH001283,9394443067,+91,Carrier_B,Maharashtra,2011-11-25,,Active,P004584,SYNTH_TELECOM_DB
PH001284,9465657403,+91,Carrier_B,Maharashtra,2010-06-08,,Active,P004495,SYNTH_CDR_DB
PH001285,9225545403,+91,Carrier_C,Maharashtra,2012-10-13,,Active,P004375,SYNTH_IDENTITY_DB
PH001286,9578421616,+91,Carrier_A,Maharashtra,2018-09-27,2021-01-19,Inactive,P004633,SYNTH_CDR_DB
PH001287,9701389791,+91,Carrier_D,Maharashtra,2017-06-08,,Active,P000593,SYNTH_IDENTITY_DB
PH001288,9944096221,+91,Carrier_E,Maharashtra,2014-10-26,,Active,P004144,SYNTH_CDR_DB
PH001289,9569145705,+91,Carrier_A,Maharashtra,2018-10-06,,Active,P002971,SYNTH_CDR_DB
PH001290,9883610338,+91,Carrier_C,Maharashtra,2025-12-21,2026-08-29,Inactive,P001180,SYNTH_CDR_DB
PH001291,9869035857,+91,Carrier_A,Maharashtra,2018-08-25,,Active,P000498,SYNTH_LEGACY_DB
PH001292,9340767575,+91,Carrier_B,Maharashtra,2025-01-13,,Active,P001878,SYNTH_TELECOM_DB
PH001293,9442395001,+91,Carrier_A,Maharashtra,2010-07-24,,Active,P002911,SYNTH_TELECOM_DB
PH001294,9339655316,+91,Carrier_E,Maharashtra,2014-02-11,,Active,P000922,SYNTH_IDENTITY_DB
PH001295,9164444188,+91,Carrier_A,Maharashtra,2018-10-24,,Active,P004556,SYNTH_IDENTITY_DB
PH001296,9125016221,+91,Carrier_C,Maharashtra,2017-12-14,,Active,P004959,SYNTH_CDR_DB
PH001297,9292736052,+91,Carrier_B,Maharashtra,2024-07-06,,Active,P002292,SYNTH_IDENTITY_DB
PH001298,9765833059,+91,Carrier_B,Maharashtra,2022-07-29,,Active,P000359,SYNTH_LEGACY_DB
PH001299,9263807591,+91,Carrier_A,Maharashtra,2024-05-30,,Active,P000227,SYNTH_TELECOM_DB
PH001300,9728194012,+91,Carrier_B,Maharashtra,2015-01-28,,Active,P003548,SYNTH_LEGACY_DB
PH001301,9130766399,+91,Carrier_A,Maharashtra,2023-08-19,,Active,P006073,SYNTH_CDR_DB
PH001302,9305503817,+91,Carrier_B,Maharashtra,2024-04-26,,Active,P003506,SYNTH_LEGACY_DB
PH001303,9920465304,+91,Carrier_B,Maharashtra,2010-02-28,,Active,P001911,SYNTH_LEGACY_DB
PH001304,9208079779,+91,Carrier_B,Maharashtra,2012-10-05,,Active,P003063,SYNTH_IDENTITY_DB
PH001305,9839230900,+91,Carrier_A,Maharashtra,2016-02-24,,Active,P002869,SYNTH_TELECOM_DB
PH001306,9759648559,+91,Carrier_B,Maharashtra,2010-08-03,,Active,P000827,SYNTH_TELECOM_DB
PH001307,9818057492,+91,Carrier_A,Maharashtra,2024-08-09,2024-08-18,Suspended,P000471,SYNTH_TELECOM_DB
PH001308,9368434231,+91,Carrier_B,Maharashtra,2017-11-19,,Active,P002357,SYNTH_IDENTITY_DB
PH001309,9836916654,+91,Carrier_A,Maharashtra,2014-11-09,2019-05-08,Inactive,P002699,SYNTH_IDENTITY_DB
PH001310,9805007136,+91,Carrier_A,Maharashtra,2014-12-19,,Active,P006761,SYNTH_TELECOM_DB
PH001311,9935952199,+91,Carrier_B,Maharashtra,2013-01-25,,Active,P004165,SYNTH_IDENTITY_DB
PH001312,9320953979,+91,Carrier_A,Maharashtra,2016-10-23,,Active,P004501,SYNTH_IDENTITY_DB
PH001313,9178056232,+91,Carrier_A,Maharashtra,2019-08-17,,Active,P002194,SYNTH_TELECOM_DB
PH001314,9840105094,+91,Carrier_B,Maharashtra,2013-05-22,,Active,P000204,SYNTH_TELECOM_DB
PH001315,9622158660,+91,Carrier_A,Maharashtra,2014-10-24,,Active,P006259,SYNTH_LEGACY_DB
PH001316,9945800283,+91,Carrier_C,Maharashtra,2015-04-08,,Active,P001938,SYNTH_CDR_DB
PH001317,9432869195,+91,Carrier_B,Maharashtra,2011-07-06,,Active,P001721,SYNTH_TELECOM_DB
PH001318,9723173850,+91,Carrier_B,Maharashtra,2020-04-04,,Active,P001371,SYNTH_TELECOM_DB
PH001319,9215068547,+91,Carrier_B,Maharashtra,2022-02-17,,Active,P002215,SYNTH_IDENTITY_DB
PH001320,9414851297,+91,Carrier_C,Maharashtra,2016-12-08,,Active,P002838,SYNTH_TELECOM_DB
PH001321,9151380689,+91,Carrier_C,Maharashtra,2011-10-13,,Active,P000879,SYNTH_CDR_DB
PH001322,9157347072,+91,Carrier_A,Maharashtra,2023-03-19,,Active,P004627,SYNTH_LEGACY_DB
PH001323,9495157988,+91,Carrier_E,Maharashtra,2022-07-29,,Active,P006043,SYNTH_IDENTITY_DB
PH001324,9301764869,+91,Carrier_B,Maharashtra,2022-05-13,,Active,P003516,SYNTH_TELECOM_DB
PH001325,9820496045,+91,Carrier_A,Maharashtra,2016-02-02,,Active,P002326,SYNTH_LEGACY_DB
PH001326,9214278206,+91,Carrier_B,Maharashtra,2016-05-22,,Active,P003207,SYNTH_CDR_DB
PH001327,9211416591,+91,Carrier_C,Maharashtra,2017-07-20,,Active,P003406,SYNTH_TELECOM_DB
PH001328,9405585934,+91,Carrier_B,Maharashtra,2012-05-17,2013-02-24,Inactive,P005753,SYNTH_IDENTITY_DB
PH001329,9764500377,+91,Carrier_C,Maharashtra,2014-10-31,2016-02-07,Suspended,P002862,SYNTH_IDENTITY_DB
PH001330,9135232971,+91,Carrier_A,Maharashtra,2015-03-28,,Active,P005737,SYNTH_TELECOM_DB
PH001331,9542560969,+91,Carrier_B,Maharashtra,2022-04-13,,Active,P004979,SYNTH_TELECOM_DB
PH001332,9210654910,+91,Carrier_C,Maharashtra,2020-05-16,,Active,P003372,SYNTH_CDR_DB
PH001333,9530047677,+91,Carrier_B,Maharashtra,2019-06-20,,Active,P004546,SYNTH_TELECOM_DB
PH001334,9644717357,+91,Carrier_C,Maharashtra,2025-10-27,,Active,P003287,SYNTH_TELECOM_DB
PH001335,9536670218,+91,Carrier_B,Maharashtra,2010-08-22,2010-12-24,Suspended,P002812,SYNTH_IDENTITY_DB
PH001336,9560706544,+91,Carrier_C,Maharashtra,2011-11-06,,Active,P002370,SYNTH_IDENTITY_DB
PH001337,9467394287,+91,Carrier_C,Maharashtra,2022-10-09,2025-05-06,Suspended,P004362,SYNTH_LEGACY_DB
PH001338,9569700715,+91,Carrier_A,Maharashtra,2018-07-26,,Active,P002181,SYNTH_TELECOM_DB
PH001339,9839650578,+91,Carrier_A,Maharashtra,2019-05-08,,Active,P002378,SYNTH_TELECOM_DB
PH001340,9857835693,+91,Carrier_C,Maharashtra,2022-07-11,2023-03-07,Suspended,P004729,SYNTH_TELECOM_DB
PH001341,9971769719,+91,Carrier_D,Maharashtra,2010-11-18,,Active,P005720,SYNTH_LEGACY_DB
PH001342,9874462442,+91,Carrier_A,Maharashtra,2019-09-11,,Active,P004741,SYNTH_TELECOM_DB
PH001343,9262124246,+91,Carrier_B,Maharashtra,2019-12-06,,Active,P005387,SYNTH_TELECOM_DB
PH001344,9858544924,+91,Carrier_B,Maharashtra,2024-12-30,,Active,P006392,SYNTH_TELECOM_DB
PH001345,9527455919,+91,Carrier_B,Maharashtra,2017-12-23,,Active,P005684,SYNTH_TELECOM_DB
PH001346,9344374955,+91,Carrier_A,Maharashtra,2013-10-07,,Active,P000886,SYNTH_TELECOM_DB
PH001347,9810359219,+91,Carrier_A,Maharashtra,2018-08-17,,Active,P006642,SYNTH_LEGACY_DB
PH001348,9891470719,+91,Carrier_C,Maharashtra,2026-01-11,2026-08-29,Inactive,P003493,SYNTH_TELECOM_DB
PH001349,9823951573,+91,Carrier_C,Maharashtra,2010-06-23,,Active,P005995,SYNTH_TELECOM_DB
PH001350,9103338535,+91,Carrier_A,Maharashtra,2019-06-03,,Active,P002137,SYNTH_CDR_DB
PH001351,9899546942,+91,Carrier_A,Maharashtra,2016-05-09,2017-08-16,Reassigned,P004325,SYNTH_TELECOM_DB
PH001352,9700902265,+91,Carrier_A,Maharashtra,2020-05-14,,Active,P005130,SYNTH_IDENTITY_DB
PH001353,9100859345,+91,Carrier_C,Maharashtra,2014-10-14,,Active,P004235,SYNTH_TELECOM_DB
PH001354,9254401393,+91,Carrier_B,Maharashtra,2022-08-09,2026-01-31,Inactive,P004369,SYNTH_TELECOM_DB
PH001355,9204666928,+91,Carrier_A,Maharashtra,2025-10-30,,Active,P005140,SYNTH_TELECOM_DB
PH001356,9381663213,+91,Carrier_A,Maharashtra,2022-12-09,,Active,P000660,SYNTH_CDR_DB
PH001357,9191770238,+91,Carrier_B,Maharashtra,2014-11-28,,Active,P004070,SYNTH_TELECOM_DB
PH001358,9533062990,+91,Carrier_B,Maharashtra,2016-06-24,,Active,P001003,SYNTH_IDENTITY_DB
PH001359,9229236545,+91,Carrier_D,Maharashtra,2013-10-10,,Active,P002909,SYNTH_CDR_DB
PH001360,9200777757,+91,Carrier_B,Maharashtra,2023-02-22,,Active,P002803,SYNTH_TELECOM_DB
PH001361,9421473063,+91,Carrier_A,Maharashtra,2025-01-10,,Active,P004027,SYNTH_CDR_DB
PH001362,9926930502,+91,Carrier_B,Maharashtra,2022-05-15,,Active,P001943,SYNTH_TELECOM_DB
PH001363,9587952558,+91,Carrier_C,Maharashtra,2018-04-30,,Active,P006980,SYNTH_IDENTITY_DB
PH001364,9327309524,+91,Carrier_D,Maharashtra,2026-07-27,,Active,P001572,SYNTH_CDR_DB
PH001365,9231392023,+91,Carrier_A,Maharashtra,2017-09-29,,Active,P002012,SYNTH_LEGACY_DB
PH001366,9371566509,+91,Carrier_A,Maharashtra,2011-07-03,2019-07-14,Reassigned,P006707,SYNTH_TELECOM_DB
PH001367,9547286080,+91,Carrier_A,Maharashtra,2013-12-12,,Active,P005111,SYNTH_TELECOM_DB
PH001368,9421394698,+91,Carrier_A,Maharashtra,2016-08-25,2019-11-25,Inactive,P006515,SYNTH_TELECOM_DB
PH001369,9483458962,+91,Carrier_B,Maharashtra,2019-01-21,,Active,P005878,SYNTH_TELECOM_DB
PH001370,9978300929,+91,Carrier_A,Maharashtra,2021-07-04,,Active,P001476,SYNTH_CDR_DB
PH001371,9822289256,+91,Carrier_C,Maharashtra,2023-07-02,,Active,P000831,SYNTH_CDR_DB
PH001372,9927066279,+91,Carrier_A,Maharashtra,2016-12-02,2024-02-24,Reassigned,P005889,SYNTH_TELECOM_DB
PH001373,9629261826,+91,Carrier_A,Maharashtra,2021-09-16,2024-08-27,Inactive,P003263,SYNTH_TELECOM_DB
PH001374,9440595851,+91,Carrier_C,Maharashtra,2015-08-18,,Active,P000752,SYNTH_CDR_DB
PH001375,9459620203,+91,Carrier_C,Maharashtra,2023-11-22,,Active,P005063,SYNTH_TELECOM_DB
PH001376,9283232322,+91,Carrier_C,Maharashtra,2020-11-11,,Active,P000847,SYNTH_TELECOM_DB
PH001377,9487048497,+91,Carrier_C,Maharashtra,2022-05-27,,Active,P002378,SYNTH_LEGACY_DB
PH001378,9288421651,+91,Carrier_C,Maharashtra,2017-06-21,,Active,P000456,SYNTH_TELECOM_DB
PH001379,9434102591,+91,Carrier_C,Maharashtra,2016-09-14,,Active,P001682,SYNTH_TELECOM_DB
PH001380,9357252344,+91,Carrier_B,Maharashtra,2012-09-09,,Active,P004308,SYNTH_TELECOM_DB
PH001381,9877902364,+91,Carrier_C,Maharashtra,2020-10-14,,Active,P001877,SYNTH_TELECOM_DB
PH001382,9803165516,+91,Carrier_A,Maharashtra,2011-09-24,,Active,P002304,SYNTH_IDENTITY_DB
PH001383,9173480738,+91,Carrier_C,Maharashtra,2011-11-12,,Active,P003958,SYNTH_IDENTITY_DB
PH001384,9574506229,+91,Carrier_C,Maharashtra,2015-07-05,,Active,P000475,SYNTH_CDR_DB
PH001385,9501555938,+91,Carrier_A,Maharashtra,2019-05-11,,Active,P006697,SYNTH_CDR_DB
PH001386,9461452279,+91,Carrier_E,Maharashtra,2018-05-31,2019-03-22,Inactive,P003980,SYNTH_LEGACY_DB
PH001387,9793372103,+91,Carrier_D,Maharashtra,2025-11-10,,Active,P003900,SYNTH_TELECOM_DB
PH001388,9187163093,+91,Carrier_B,Maharashtra,2024-12-08,2026-08-29,Inactive,P002377,SYNTH_CDR_DB
PH001389,9842423250,+91,Carrier_B,Maharashtra,2019-02-24,2022-09-20,Inactive,P004580,SYNTH_CDR_DB
PH001390,9183857940,+91,Carrier_B,Maharashtra,2021-07-29,2026-08-29,Inactive,P002416,SYNTH_IDENTITY_DB
PH001391,9206214541,+91,Carrier_B,Maharashtra,2010-03-29,,Active,P000139,SYNTH_IDENTITY_DB
PH001392,9948654817,+91,Carrier_A,Maharashtra,2021-02-02,,Active,P003354,SYNTH_TELECOM_DB
PH001393,9653215173,+91,Carrier_A,Maharashtra,2010-01-11,,Active,P004539,SYNTH_TELECOM_DB
PH001394,9412488087,+91,Carrier_A,Maharashtra,2016-11-19,,Active,P003715,SYNTH_TELECOM_DB
PH001395,9955235720,+91,Carrier_A,Maharashtra,2015-05-04,2019-09-05,Inactive,P003382,SYNTH_TELECOM_DB
PH001396,9115354406,+91,Carrier_C,Maharashtra,2023-03-05,2024-04-04,Suspended,P003724,SYNTH_CDR_DB
PH001397,9666429818,+91,Carrier_B,Maharashtra,2012-04-28,,Active,P001566,SYNTH_TELECOM_DB
PH001398,9770885411,+91,Carrier_A,Maharashtra,2015-08-06,,Active,P000177,SYNTH_TELECOM_DB
PH001399,9548950180,+91,Carrier_C,Maharashtra,2013-09-21,,Active,P000156,SYNTH_TELECOM_DB
PH001400,9510450778,+91,Carrier_A,Maharashtra,2011-05-10,2016-08-08,Inactive,P002699,SYNTH_TELECOM_DB
PH001401,9979488177,+91,Carrier_A,Maharashtra,2016-06-11,2019-10-05,Inactive,P006108,SYNTH_TELECOM_DB
PH001402,9920639558,+91,Carrier_A,Maharashtra,2011-11-04,,Active,P003730,SYNTH_TELECOM_DB
PH001403,9979366488,+91,Carrier_A,Maharashtra,2012-09-08,2019-02-27,Reassigned,P006566,SYNTH_TELECOM_DB
PH001404,9542823136,+91,Carrier_B,Maharashtra,2018-03-05,,Active,P005829,SYNTH_TELECOM_DB
PH001405,9592568142,+91,Carrier_D,Maharashtra,2015-08-04,,Active,P000755,SYNTH_CDR_DB
PH001406,9226437778,+91,Carrier_D,Maharashtra,2010-05-09,,Active,P005151,SYNTH_LEGACY_DB
PH001407,9713854354,+91,Carrier_E,Maharashtra,2013-03-31,,Active,P001892,SYNTH_TELECOM_DB
PH001408,9402575795,+91,Carrier_A,Maharashtra,2010-09-14,,Active,P004276,SYNTH_TELECOM_DB
PH001409,9119136271,+91,Carrier_B,Maharashtra,2013-01-11,,Active,P004904,SYNTH_TELECOM_DB
PH001410,9957287377,+91,Carrier_A,Maharashtra,2018-09-26,,Active,P001956,SYNTH_CDR_DB
PH001411,9601426107,+91,Carrier_C,Maharashtra,2024-05-06,,Active,P005840,SYNTH_TELECOM_DB
PH001412,9896083473,+91,Carrier_C,Maharashtra,2021-03-11,2023-11-29,Suspended,P004893,SYNTH_TELECOM_DB
PH001413,9780885118,+91,Carrier_C,Maharashtra,2026-05-04,,Active,P004401,SYNTH_TELECOM_DB
PH001414,9496097975,+91,Carrier_D,Maharashtra,2025-04-29,2026-08-29,Inactive,P003472,SYNTH_TELECOM_DB
PH001415,9521482384,+91,Carrier_B,Maharashtra,2013-05-19,,Active,P005569,SYNTH_TELECOM_DB
PH001416,9827543460,+91,Carrier_B,Maharashtra,2015-06-07,2020-09-24,Reassigned,P005982,SYNTH_TELECOM_DB
PH001417,9597026181,+91,Carrier_C,Maharashtra,2019-05-05,,Active,P004261,SYNTH_CDR_DB
PH001418,9717703799,+91,Carrier_A,Maharashtra,2020-05-20,,Active,P004162,SYNTH_CDR_DB
PH001419,9360518712,+91,Carrier_B,Maharashtra,2025-02-18,,Active,P006127,SYNTH_IDENTITY_DB
PH001420,9124450107,+91,Carrier_B,Maharashtra,2010-03-10,,Active,P004875,SYNTH_LEGACY_DB
PH001421,9519952774,+91,Carrier_C,Maharashtra,2021-05-14,2024-08-13,Inactive,P006976,SYNTH_TELECOM_DB
PH001422,9848794054,+91,Carrier_A,Maharashtra,2011-03-19,,Active,P006898,SYNTH_TELECOM_DB
PH001423,9304241759,+91,Carrier_C,Maharashtra,2022-07-27,,Active,P004089,SYNTH_TELECOM_DB
PH001424,9258453207,+91,Carrier_C,Maharashtra,2019-01-18,,Active,P002200,SYNTH_TELECOM_DB
PH001425,9298091655,+91,Carrier_B,Maharashtra,2015-03-07,,Active,P001640,SYNTH_TELECOM_DB
PH001426,9476115638,+91,Carrier_B,Maharashtra,2025-10-05,,Active,P006833,SYNTH_TELECOM_DB
PH001427,9138069851,+91,Carrier_A,Maharashtra,2016-06-28,,Active,P002449,SYNTH_CDR_DB
PH001428,9829638500,+91,Carrier_C,Maharashtra,2018-05-18,,Active,P001295,SYNTH_TELECOM_DB
PH001429,9159574379,+91,Carrier_E,Maharashtra,2023-12-02,,Active,P004227,SYNTH_IDENTITY_DB
PH001430,9240467945,+91,Carrier_B,Maharashtra,2011-02-03,,Active,P003581,SYNTH_IDENTITY_DB
PH001431,9865918380,+91,Carrier_A,Maharashtra,2021-04-22,,Active,P005799,SYNTH_TELECOM_DB
PH001432,9951775523,+91,Carrier_B,Maharashtra,2016-06-23,,Active,P003619,SYNTH_CDR_DB
PH001433,9233372767,+91,Carrier_E,Maharashtra,2019-06-01,,Active,P005951,SYNTH_CDR_DB
PH001434,9357717407,+91,Carrier_A,Maharashtra,2017-11-10,,Active,P004824,SYNTH_TELECOM_DB
PH001435,9686218954,+91,Carrier_B,Maharashtra,2010-09-26,,Active,P003870,SYNTH_TELECOM_DB
PH001436,9122267612,+91,Carrier_B,Maharashtra,2024-01-25,,Active,P002264,SYNTH_TELECOM_DB
PH001437,9293031673,+91,Carrier_B,Maharashtra,2015-09-13,,Active,P003230,SYNTH_IDENTITY_DB
PH001438,9915816964,+91,Carrier_A,Maharashtra,2020-02-11,,Active,P004056,SYNTH_TELECOM_DB
PH001439,9591648129,+91,Carrier_A,Maharashtra,2022-09-14,,Active,P005996,SYNTH_TELECOM_DB
PH001440,9730264801,+91,Carrier_B,Maharashtra,2022-04-03,2022-12-29,Inactive,P002008,SYNTH_LEGACY_DB
PH001441,9584630979,+91,Carrier_A,Maharashtra,2013-10-09,,Active,P003988,SYNTH_LEGACY_DB
PH001442,9674482674,+91,Carrier_B,Maharashtra,2016-09-14,2018-06-05,Suspended,P004493,SYNTH_TELECOM_DB
PH001443,9294811931,+91,Carrier_D,Maharashtra,2025-05-25,,Active,P003113,SYNTH_TELECOM_DB
PH001444,9557434941,+91,Carrier_B,Maharashtra,2012-12-14,,Active,P000214,SYNTH_TELECOM_DB
PH001445,9907941107,+91,Carrier_B,Maharashtra,2023-01-25,,Active,P003909,SYNTH_CDR_DB
PH001446,9554818248,+91,Carrier_D,Maharashtra,2014-12-02,,Active,P003071,SYNTH_CDR_DB
PH001447,9572716635,+91,Carrier_A,Maharashtra,2010-11-01,,Active,P001590,SYNTH_TELECOM_DB
PH001448,9198129836,+91,Carrier_A,Maharashtra,2025-05-11,,Active,P002186,SYNTH_TELECOM_DB
PH001449,9402910072,+91,Carrier_A,Maharashtra,2012-07-24,2012-10-01,Suspended,P000866,SYNTH_TELECOM_DB
PH001450,9659765702,+91,Carrier_A,Maharashtra,2026-03-23,2026-08-29,Inactive,P005850,SYNTH_IDENTITY_DB
PH001451,9896230919,+91,Carrier_A,Maharashtra,2023-12-14,2026-08-29,Inactive,P003626,SYNTH_IDENTITY_DB
PH001452,9195940307,+91,Carrier_C,Maharashtra,2023-12-18,,Active,P002320,SYNTH_CDR_DB
PH001453,9391153508,+91,Carrier_A,Maharashtra,2013-05-31,2019-12-20,Inactive,P002549,SYNTH_TELECOM_DB
PH001454,9572525809,+91,Carrier_C,Maharashtra,2013-09-18,,Active,P000373,SYNTH_TELECOM_DB
PH001455,9769544437,+91,Carrier_B,Maharashtra,2021-06-28,2026-08-29,Inactive,P000960,SYNTH_TELECOM_DB
PH001456,9305970577,+91,Carrier_A,Maharashtra,2018-05-19,,Active,P001706,SYNTH_IDENTITY_DB
PH001457,9706842228,+91,Carrier_D,Maharashtra,2011-11-30,2013-03-30,Inactive,P005789,SYNTH_TELECOM_DB
PH001458,9576527285,+91,Carrier_D,Maharashtra,2024-11-22,2026-08-29,Inactive,P005738,SYNTH_CDR_DB
PH001459,9827915968,+91,Carrier_B,Maharashtra,2023-05-29,,Active,P005990,SYNTH_TELECOM_DB
PH001460,9198806768,+91,Carrier_B,Maharashtra,2011-02-19,,Active,P003464,SYNTH_LEGACY_DB
PH001461,9618068488,+91,Carrier_D,Maharashtra,2021-11-25,,Active,P004685,SYNTH_TELECOM_DB
PH001462,9643819618,+91,Carrier_A,Maharashtra,2020-03-31,,Active,P005353,SYNTH_TELECOM_DB
PH001463,9910290920,+91,Carrier_B,Maharashtra,2010-06-04,2013-03-21,Reassigned,P002738,SYNTH_TELECOM_DB
PH001464,9256332998,+91,Carrier_C,Maharashtra,2018-01-08,,Active,P006519,SYNTH_TELECOM_DB
PH001465,9382378931,+91,Carrier_A,Maharashtra,2013-04-22,2014-10-18,Inactive,P006762,SYNTH_IDENTITY_DB
PH001466,9724874055,+91,Carrier_A,Maharashtra,2013-10-11,2019-07-24,Inactive,P006839,SYNTH_LEGACY_DB
PH001467,9370430053,+91,Carrier_D,Maharashtra,2020-10-18,,Active,P003368,SYNTH_TELECOM_DB
PH001468,9431108607,+91,Carrier_A,Maharashtra,2015-12-10,,Active,P000211,SYNTH_LEGACY_DB
PH001469,9324064749,+91,Carrier_C,Maharashtra,2020-12-19,,Active,P001853,SYNTH_TELECOM_DB
PH001470,9974174180,+91,Carrier_B,Maharashtra,2017-10-23,,Active,P001635,SYNTH_TELECOM_DB
PH001471,9686692738,+91,Carrier_A,Maharashtra,2019-06-17,2021-09-15,Suspended,P000349,SYNTH_IDENTITY_DB
PH001472,9656272978,+91,Carrier_B,Maharashtra,2014-05-05,2022-01-24,Reassigned,P002383,SYNTH_TELECOM_DB
PH001473,9608880808,+91,Carrier_C,Maharashtra,2016-08-19,,Active,P000637,SYNTH_TELECOM_DB
PH001474,9736647659,+91,Carrier_B,Maharashtra,2024-01-16,,Active,P000288,SYNTH_IDENTITY_DB
PH001475,9328801704,+91,Carrier_B,Maharashtra,2019-02-07,,Active,P006293,SYNTH_TELECOM_DB
PH001476,9745067904,+91,Carrier_B,Maharashtra,2021-10-09,,Active,P005368,SYNTH_CDR_DB
PH001477,9599109559,+91,Carrier_A,Maharashtra,2026-03-04,,Active,P006218,SYNTH_CDR_DB
PH001478,9153266506,+91,Carrier_A,Maharashtra,2013-10-09,2014-10-02,Suspended,P001837,SYNTH_TELECOM_DB
PH001479,9184350438,+91,Carrier_A,Maharashtra,2012-10-21,,Active,P001872,SYNTH_TELECOM_DB
PH001480,9173437084,+91,Carrier_E,Maharashtra,2021-02-13,,Active,P000986,SYNTH_CDR_DB
PH001481,9157361114,+91,Carrier_B,Maharashtra,2018-10-02,,Active,P000318,SYNTH_TELECOM_DB
PH001482,9618208575,+91,Carrier_A,Maharashtra,2025-02-15,,Active,P001504,SYNTH_TELECOM_DB
PH001483,9362903793,+91,Carrier_A,Maharashtra,2012-11-08,,Active,P006971,SYNTH_TELECOM_DB
PH001484,9730338642,+91,Carrier_D,Maharashtra,2021-06-18,2023-01-11,Suspended,P006739,SYNTH_TELECOM_DB
PH001485,9155697268,+91,Carrier_C,Maharashtra,2016-05-15,,Active,P002273,SYNTH_LEGACY_DB
PH001486,9528214509,+91,Carrier_A,Maharashtra,2012-10-04,2016-08-05,Inactive,P003322,SYNTH_IDENTITY_DB
PH001487,9980831290,+91,Carrier_A,Maharashtra,2022-12-03,,Active,P002102,SYNTH_TELECOM_DB
PH001488,9422785626,+91,Carrier_D,Maharashtra,2014-05-09,,Active,P000254,SYNTH_TELECOM_DB
PH001489,9681847043,+91,Carrier_D,Maharashtra,2015-11-22,,Active,P003626,SYNTH_TELECOM_DB
PH001490,9944531524,+91,Carrier_A,Maharashtra,2013-05-27,,Active,P000357,SYNTH_IDENTITY_DB
PH001491,9847743888,+91,Carrier_B,Maharashtra,2014-02-18,,Active,P001764,SYNTH_TELECOM_DB
PH001492,9494554080,+91,Carrier_A,Maharashtra,2015-04-08,2017-10-11,Suspended,P003898,SYNTH_IDENTITY_DB
PH001493,9754802957,+91,Carrier_D,Maharashtra,2016-08-26,,Active,P002965,SYNTH_TELECOM_DB
PH001494,9709393857,+91,Carrier_A,Maharashtra,2025-10-15,,Active,P005431,SYNTH_TELECOM_DB
PH001495,9165308075,+91,Carrier_A,Maharashtra,2011-09-06,2013-04-16,Suspended,P005350,SYNTH_IDENTITY_DB
PH001496,9105473808,+91,Carrier_A,Maharashtra,2012-07-22,,Active,P000749,SYNTH_IDENTITY_DB
PH001497,9821602325,+91,Carrier_B,Maharashtra,2015-08-05,,Active,P001671,SYNTH_TELECOM_DB
PH001498,9647142538,+91,Carrier_C,Maharashtra,2010-12-15,,Active,P002623,SYNTH_CDR_DB
PH001499,9558646469,+91,Carrier_A,Maharashtra,2014-05-15,,Active,P004747,SYNTH_IDENTITY_DB
PH001500,9951506441,+91,Carrier_A,Maharashtra,2023-08-12,,Active,P001368,SYNTH_TELECOM_DB
PH001501,9637582180,+91,Carrier_C,Maharashtra,2020-06-07,,Active,P002311,SYNTH_TELECOM_DB
PH001502,9998559350,+91,Carrier_B,Maharashtra,2015-09-22,,Active,P005192,SYNTH_TELECOM_DB
PH001503,9952279295,+91,Carrier_B,Maharashtra,2025-01-21,2026-08-29,Reassigned,P003236,SYNTH_CDR_DB
PH001504,9729301944,+91,Carrier_A,Maharashtra,2025-08-14,,Active,P004644,SYNTH_CDR_DB
PH001505,9380781852,+91,Carrier_C,Maharashtra,2017-11-14,,Active,P005955,SYNTH_LEGACY_DB
PH001506,9695865961,+91,Carrier_B,Maharashtra,2021-10-29,,Active,P005411,SYNTH_TELECOM_DB
PH001507,9968168379,+91,Carrier_A,Maharashtra,2017-07-30,,Active,P003961,SYNTH_LEGACY_DB
PH001508,9373227376,+91,Carrier_B,Maharashtra,2010-01-18,,Active,P001915,SYNTH_TELECOM_DB
PH001509,9879369621,+91,Carrier_D,Maharashtra,2014-04-28,,Active,P006536,SYNTH_TELECOM_DB
PH001510,9293475319,+91,Carrier_A,Maharashtra,2021-09-24,,Active,P006281,SYNTH_TELECOM_DB
PH001511,9218319356,+91,Carrier_E,Maharashtra,2010-01-04,2013-12-04,Inactive,P000593,SYNTH_IDENTITY_DB
PH001512,9422778310,+91,Carrier_E,Maharashtra,2010-09-20,,Active,P006912,SYNTH_TELECOM_DB
PH001513,9450362063,+91,Carrier_D,Maharashtra,2024-07-21,,Active,P004950,SYNTH_IDENTITY_DB
PH001514,9280540265,+91,Carrier_A,Maharashtra,2014-01-02,,Active,P004572,SYNTH_TELECOM_DB
PH001515,9948562893,+91,Carrier_A,Maharashtra,2022-02-26,2026-08-29,Inactive,P003194,SYNTH_TELECOM_DB
PH001516,9811635725,+91,Carrier_A,Maharashtra,2015-11-15,,Active,P004845,SYNTH_TELECOM_DB
PH001517,9557834055,+91,Carrier_A,Maharashtra,2019-09-19,,Active,P001890,SYNTH_IDENTITY_DB
PH001518,9150992313,+91,Carrier_A,Maharashtra,2018-06-03,,Active,P005076,SYNTH_TELECOM_DB
PH001519,9772606620,+91,Carrier_C,Maharashtra,2017-10-25,,Active,P005200,SYNTH_IDENTITY_DB
PH001520,9492491599,+91,Carrier_C,Maharashtra,2015-07-29,,Active,P003513,SYNTH_IDENTITY_DB
PH001521,9227191851,+91,Carrier_C,Maharashtra,2018-07-03,,Active,P006514,SYNTH_TELECOM_DB
PH001522,9780590623,+91,Carrier_A,Maharashtra,2026-04-10,2026-08-29,Reassigned,P003583,SYNTH_CDR_DB
PH001523,9903837335,+91,Carrier_A,Maharashtra,2012-04-17,,Active,P005706,SYNTH_CDR_DB
PH001524,9698157693,+91,Carrier_E,Maharashtra,2010-10-29,2016-10-30,Inactive,P000637,SYNTH_CDR_DB
PH001525,9142763757,+91,Carrier_B,Maharashtra,2020-08-04,,Active,P004916,SYNTH_CDR_DB
PH001526,9508325299,+91,Carrier_A,Maharashtra,2024-07-17,,Active,P006594,SYNTH_IDENTITY_DB
PH001527,9167169869,+91,Carrier_B,Maharashtra,2021-08-30,,Active,P000689,SYNTH_CDR_DB
PH001528,9136665219,+91,Carrier_A,Maharashtra,2021-10-20,,Active,P003933,SYNTH_LEGACY_DB
PH001529,9582000481,+91,Carrier_A,Maharashtra,2020-08-25,,Active,P005848,SYNTH_LEGACY_DB
PH001530,9177213353,+91,Carrier_B,Maharashtra,2016-08-14,2022-11-07,Inactive,P001767,SYNTH_TELECOM_DB
PH001531,9881455596,+91,Carrier_B,Maharashtra,2013-09-08,,Active,P005180,SYNTH_CDR_DB
PH001532,9212641404,+91,Carrier_E,Maharashtra,2015-08-27,,Active,P000748,SYNTH_IDENTITY_DB
PH001533,9607244433,+91,Carrier_B,Maharashtra,2011-03-23,,Active,P005462,SYNTH_TELECOM_DB
PH001534,9966449368,+91,Carrier_D,Maharashtra,2012-10-17,,Active,P002413,SYNTH_CDR_DB
PH001535,9585768831,+91,Carrier_A,Maharashtra,2012-09-08,,Active,P003226,SYNTH_IDENTITY_DB
PH001536,9445427981,+91,Carrier_C,Maharashtra,2011-05-17,,Active,P001758,SYNTH_TELECOM_DB
PH001537,9865687524,+91,Carrier_A,Maharashtra,2012-08-07,,Active,P003559,SYNTH_TELECOM_DB
PH001538,9417321459,+91,Carrier_A,Maharashtra,2012-01-10,,Active,P003823,SYNTH_IDENTITY_DB
PH001539,9425005694,+91,Carrier_A,Maharashtra,2010-07-20,,Active,P004365,SYNTH_LEGACY_DB
PH001540,9331054166,+91,Carrier_B,Maharashtra,2020-03-03,2021-05-23,Suspended,P000004,SYNTH_CDR_DB
PH001541,9827985999,+91,Carrier_C,Maharashtra,2023-10-07,,Active,P001020,SYNTH_TELECOM_DB
PH001542,9400201371,+91,Carrier_C,Maharashtra,2011-03-27,2013-02-08,Suspended,P001967,SYNTH_TELECOM_DB
PH001543,9174261449,+91,Carrier_C,Maharashtra,2011-12-30,,Active,P002632,SYNTH_TELECOM_DB
PH001544,9142936231,+91,Carrier_B,Maharashtra,2014-07-09,,Active,P003329,SYNTH_CDR_DB
PH001545,9349688072,+91,Carrier_C,Maharashtra,2015-09-22,,Active,P001234,SYNTH_IDENTITY_DB
PH001546,9966606033,+91,Carrier_B,Maharashtra,2024-01-30,,Active,P004042,SYNTH_TELECOM_DB
PH001547,9542727934,+91,Carrier_C,Maharashtra,2014-05-16,,Active,P003060,SYNTH_TELECOM_DB
PH001548,9569874742,+91,Carrier_B,Maharashtra,2013-05-27,,Active,P002028,SYNTH_IDENTITY_DB
PH001549,9867225150,+91,Carrier_A,Maharashtra,2025-06-06,,Active,P000990,SYNTH_CDR_DB
PH001550,9915301462,+91,Carrier_D,Maharashtra,2016-12-09,,Active,P003757,SYNTH_CDR_DB
PH001551,9470989215,+91,Carrier_B,Maharashtra,2020-05-11,,Active,P005226,SYNTH_CDR_DB
PH001552,9194728574,+91,Carrier_A,Maharashtra,2019-12-22,,Active,P000231,SYNTH_TELECOM_DB
PH001553,9975108776,+91,Carrier_C,Maharashtra,2021-04-26,,Active,P001347,SYNTH_TELECOM_DB
PH001554,9490693468,+91,Carrier_E,Maharashtra,2013-12-12,,Active,P005067,SYNTH_TELECOM_DB
PH001555,9784017536,+91,Carrier_E,Maharashtra,2026-03-05,2026-08-29,Suspended,P000321,SYNTH_TELECOM_DB
PH001556,9571225482,+91,Carrier_A,Maharashtra,2010-08-11,,Active,P003969,SYNTH_IDENTITY_DB
PH001557,9497922856,+91,Carrier_B,Maharashtra,2013-07-15,,Active,P000788,SYNTH_TELECOM_DB
PH001558,9689480306,+91,Carrier_D,Maharashtra,2013-02-11,2013-11-10,Inactive,P003155,SYNTH_CDR_DB
PH001559,9244977258,+91,Carrier_C,Maharashtra,2024-03-14,,Active,P000473,SYNTH_CDR_DB
PH001560,9424196101,+91,Carrier_A,Maharashtra,2020-09-25,,Active,P006311,SYNTH_LEGACY_DB
PH001561,9805839633,+91,Carrier_C,Maharashtra,2012-04-08,2017-05-25,Inactive,P001416,SYNTH_IDENTITY_DB
PH001562,9514904275,+91,Carrier_C,Maharashtra,2011-03-24,,Active,P002539,SYNTH_TELECOM_DB
PH001563,9126412292,+91,Carrier_B,Maharashtra,2015-04-30,,Active,P004931,SYNTH_TELECOM_DB
PH001564,9421706258,+91,Carrier_B,Maharashtra,2010-01-21,,Active,P003073,SYNTH_TELECOM_DB
PH001565,9877775362,+91,Carrier_C,Maharashtra,2020-03-27,,Active,P003659,SYNTH_TELECOM_DB
PH001566,9108106055,+91,Carrier_C,Maharashtra,2023-03-01,,Active,P002462,SYNTH_TELECOM_DB
PH001567,9144724843,+91,Carrier_A,Maharashtra,2021-05-05,,Active,P002338,SYNTH_TELECOM_DB
PH001568,9603487603,+91,Carrier_A,Maharashtra,2025-12-04,,Active,P006822,SYNTH_CDR_DB
PH001569,9525944508,+91,Carrier_C,Maharashtra,2023-01-29,,Active,P001362,SYNTH_CDR_DB
PH001570,9581243568,+91,Carrier_A,Maharashtra,2024-12-09,,Active,P005208,SYNTH_TELECOM_DB
PH001571,9298129734,+91,Carrier_C,Maharashtra,2023-06-19,,Active,P003523,SYNTH_TELECOM_DB
PH001572,9245466169,+91,Carrier_B,Maharashtra,2021-12-25,,Active,P003288,SYNTH_CDR_DB
PH001573,9763542673,+91,Carrier_E,Maharashtra,2017-02-22,2017-10-13,Suspended,P001455,SYNTH_IDENTITY_DB
PH001574,9178808895,+91,Carrier_D,Maharashtra,2026-01-05,2026-08-29,Inactive,P002696,SYNTH_TELECOM_DB
PH001575,9294556736,+91,Carrier_A,Maharashtra,2019-10-28,2021-12-01,Suspended,P002863,SYNTH_TELECOM_DB
PH001576,9905275263,+91,Carrier_B,Maharashtra,2024-12-13,,Active,P000329,SYNTH_TELECOM_DB
PH001577,9490143505,+91,Carrier_E,Maharashtra,2014-01-23,,Active,P002634,SYNTH_TELECOM_DB
PH001578,9777150384,+91,Carrier_C,Maharashtra,2024-05-28,,Active,P004970,SYNTH_LEGACY_DB
PH001579,9312055037,+91,Carrier_A,Maharashtra,2020-02-16,2023-09-02,Inactive,P005682,SYNTH_CDR_DB
PH001580,9656836388,+91,Carrier_E,Maharashtra,2020-07-15,,Active,P005366,SYNTH_TELECOM_DB
PH001581,9943670792,+91,Carrier_D,Maharashtra,2026-05-26,2026-08-29,Suspended,P005073,SYNTH_LEGACY_DB
PH001582,9156300823,+91,Carrier_E,Maharashtra,2013-08-19,,Active,P001445,SYNTH_TELECOM_DB
PH001583,9538408752,+91,Carrier_B,Maharashtra,2016-10-09,,Active,P000156,SYNTH_CDR_DB
PH001584,9496653699,+91,Carrier_C,Maharashtra,2010-07-21,,Active,P003296,SYNTH_LEGACY_DB
PH001585,9134181160,+91,Carrier_B,Maharashtra,2021-08-21,2026-08-29,Inactive,P005347,SYNTH_TELECOM_DB
PH001586,9883319405,+91,Carrier_A,Maharashtra,2018-10-26,,Active,P001622,SYNTH_TELECOM_DB
PH001587,9563158903,+91,Carrier_B,Maharashtra,2026-03-30,,Active,P002200,SYNTH_CDR_DB
PH001588,9947180390,+91,Carrier_E,Maharashtra,2026-01-13,,Active,P000744,SYNTH_TELECOM_DB
PH001589,9786507120,+91,Carrier_B,Maharashtra,2016-11-03,2023-12-15,Reassigned,P003870,SYNTH_CDR_DB
PH001590,9839351322,+91,Carrier_B,Maharashtra,2017-09-16,2018-06-14,Inactive,P003232,SYNTH_LEGACY_DB
PH001591,9590020448,+91,Carrier_D,Maharashtra,2021-07-01,,Active,P004022,SYNTH_TELECOM_DB
PH001592,9101030916,+91,Carrier_B,Maharashtra,2025-06-01,,Active,P002089,SYNTH_TELECOM_DB
PH001593,9181798659,+91,Carrier_B,Maharashtra,2018-03-24,,Active,P004397,SYNTH_TELECOM_DB
PH001594,9125477984,+91,Carrier_D,Maharashtra,2017-02-13,,Active,P000150,SYNTH_LEGACY_DB
PH001595,9447263741,+91,Carrier_D,Maharashtra,2018-04-03,,Active,P006538,SYNTH_IDENTITY_DB
PH001596,9759467615,+91,Carrier_A,Maharashtra,2015-02-22,2022-11-29,Reassigned,P005029,SYNTH_TELECOM_DB
PH001597,9179167870,+91,Carrier_B,Maharashtra,2025-10-27,,Active,P003193,SYNTH_TELECOM_DB
PH001598,9767600802,+91,Carrier_B,Maharashtra,2026-08-08,,Active,P005305,SYNTH_TELECOM_DB
PH001599,9260026542,+91,Carrier_A,Maharashtra,2022-07-23,,Active,P004792,SYNTH_CDR_DB
PH001600,9931342310,+91,Carrier_B,Maharashtra,2014-06-20,,Active,P000928,SYNTH_TELECOM_DB
PH001601,9530476177,+91,Carrier_B,Maharashtra,2023-07-07,,Active,P003619,SYNTH_IDENTITY_DB
PH001602,9596416395,+91,Carrier_B,Maharashtra,2013-09-19,2016-02-16,Reassigned,P001713,SYNTH_TELECOM_DB
PH001603,9361251056,+91,Carrier_E,Maharashtra,2019-08-11,2024-01-31,Inactive,P004481,SYNTH_CDR_DB
PH001604,9762131469,+91,Carrier_B,Maharashtra,2016-06-04,,Active,P002330,SYNTH_CDR_DB
PH001605,9524507476,+91,Carrier_A,Maharashtra,2022-01-18,2026-08-29,Reassigned,P006083,SYNTH_TELECOM_DB
PH001606,9252868181,+91,Carrier_A,Maharashtra,2025-11-06,,Active,P001443,SYNTH_TELECOM_DB
PH001607,9555052000,+91,Carrier_B,Maharashtra,2021-09-06,,Active,P006515,SYNTH_TELECOM_DB
PH001608,9321182346,+91,Carrier_D,Maharashtra,2017-10-21,,Active,P003549,SYNTH_TELECOM_DB
PH001609,9486284187,+91,Carrier_A,Maharashtra,2021-12-26,,Active,P002134,SYNTH_TELECOM_DB
PH001610,9515311789,+91,Carrier_A,Maharashtra,2016-11-28,,Active,P002379,SYNTH_IDENTITY_DB
PH001611,9633846529,+91,Carrier_B,Maharashtra,2013-04-10,,Active,P000576,SYNTH_TELECOM_DB
PH001612,9129109488,+91,Carrier_A,Maharashtra,2017-03-13,,Active,P004395,SYNTH_TELECOM_DB
PH001613,9904074984,+91,Carrier_B,Maharashtra,2010-02-26,2011-09-21,Inactive,P001272,SYNTH_CDR_DB
PH001614,9138520358,+91,Carrier_B,Maharashtra,2016-11-13,2022-09-03,Inactive,P000935,SYNTH_LEGACY_DB
PH001615,9689262488,+91,Carrier_A,Maharashtra,2015-04-07,,Active,P003678,SYNTH_TELECOM_DB
PH001616,9354439051,+91,Carrier_D,Maharashtra,2022-03-13,,Active,P005433,SYNTH_IDENTITY_DB
PH001617,9702690300,+91,Carrier_C,Maharashtra,2014-08-02,,Active,P004862,SYNTH_TELECOM_DB
PH001618,9184580785,+91,Carrier_A,Maharashtra,2020-10-21,,Active,P000422,SYNTH_IDENTITY_DB
PH001619,9876146631,+91,Carrier_C,Maharashtra,2025-09-23,,Active,P004601,SYNTH_LEGACY_DB
PH001620,9284287921,+91,Carrier_B,Maharashtra,2019-01-22,2021-09-22,Inactive,P006535,SYNTH_LEGACY_DB
PH001621,9614573005,+91,Carrier_D,Maharashtra,2023-08-22,2023-10-17,Inactive,P005913,SYNTH_IDENTITY_DB
PH001622,9601242820,+91,Carrier_A,Maharashtra,2011-02-24,,Active,P001358,SYNTH_TELECOM_DB
PH001623,9765167407,+91,Carrier_A,Maharashtra,2019-04-30,,Active,P006308,SYNTH_TELECOM_DB
PH001624,9200732892,+91,Carrier_A,Maharashtra,2015-10-26,2017-09-12,Inactive,P005129,SYNTH_TELECOM_DB
PH001625,9328517685,+91,Carrier_D,Maharashtra,2014-03-10,,Active,P005523,SYNTH_TELECOM_DB
PH001626,9842803035,+91,Carrier_E,Maharashtra,2011-03-26,,Active,P003914,SYNTH_IDENTITY_DB
PH001627,9544274505,+91,Carrier_C,Maharashtra,2021-10-09,2026-08-29,Inactive,P002728,SYNTH_TELECOM_DB
PH001628,9400668555,+91,Carrier_A,Maharashtra,2011-08-13,,Active,P003137,SYNTH_TELECOM_DB
PH001629,9640363633,+91,Carrier_D,Maharashtra,2015-05-19,,Active,P003620,SYNTH_TELECOM_DB
PH001630,9589259001,+91,Carrier_B,Maharashtra,2011-12-08,,Active,P003079,SYNTH_TELECOM_DB
PH001631,9151247153,+91,Carrier_B,Maharashtra,2026-05-20,,Active,P003526,SYNTH_LEGACY_DB
PH001632,9225133634,+91,Carrier_A,Maharashtra,2021-08-16,,Active,P001629,SYNTH_TELECOM_DB
PH001633,9972804540,+91,Carrier_A,Maharashtra,2023-12-17,,Active,P005298,SYNTH_TELECOM_DB
PH001634,9402530498,+91,Carrier_B,Maharashtra,2016-09-14,,Active,P002626,SYNTH_TELECOM_DB
PH001635,9623274178,+91,Carrier_B,Maharashtra,2015-04-07,,Active,P006044,SYNTH_TELECOM_DB
PH001636,9559694649,+91,Carrier_C,Maharashtra,2012-03-12,,Active,P006031,SYNTH_CDR_DB
PH001637,9965122095,+91,Carrier_B,Maharashtra,2024-08-27,,Active,P005257,SYNTH_TELECOM_DB
PH001638,9809206501,+91,Carrier_B,Maharashtra,2024-12-29,2026-08-29,Inactive,P004202,SYNTH_TELECOM_DB
PH001639,9706946328,+91,Carrier_C,Maharashtra,2026-04-17,,Active,P004401,SYNTH_TELECOM_DB
PH001640,9696429129,+91,Carrier_A,Maharashtra,2022-11-24,2023-03-19,Suspended,P001752,SYNTH_CDR_DB
PH001641,9567584222,+91,Carrier_A,Maharashtra,2019-04-02,,Active,P005819,SYNTH_CDR_DB
PH001642,9671364929,+91,Carrier_D,Maharashtra,2013-03-22,,Active,P006890,SYNTH_TELECOM_DB
PH001643,9774168611,+91,Carrier_C,Maharashtra,2023-06-29,,Active,P001998,SYNTH_TELECOM_DB
PH001644,9512970674,+91,Carrier_C,Maharashtra,2019-04-11,2020-03-22,Suspended,P006445,SYNTH_TELECOM_DB
PH001645,9169757625,+91,Carrier_C,Maharashtra,2025-07-27,,Active,P001712,SYNTH_TELECOM_DB
PH001646,9595081463,+91,Carrier_A,Maharashtra,2011-05-08,,Active,P002470,SYNTH_TELECOM_DB
PH001647,9349563951,+91,Carrier_C,Maharashtra,2024-02-27,,Active,P004591,SYNTH_TELECOM_DB
PH001648,9738278741,+91,Carrier_B,Maharashtra,2020-01-13,2026-07-10,Reassigned,P005064,SYNTH_TELECOM_DB
PH001649,9170560245,+91,Carrier_A,Maharashtra,2021-12-12,,Active,P000340,SYNTH_IDENTITY_DB
PH001650,9485661870,+91,Carrier_C,Maharashtra,2015-08-20,,Active,P004863,SYNTH_TELECOM_DB
PH001651,9911594499,+91,Carrier_B,Maharashtra,2020-12-12,,Active,P001759,SYNTH_TELECOM_DB
PH001652,9559848335,+91,Carrier_E,Maharashtra,2021-07-25,,Active,P000106,SYNTH_CDR_DB
PH001653,9499840758,+91,Carrier_B,Maharashtra,2023-01-01,,Active,P002169,SYNTH_TELECOM_DB
PH001654,9384636081,+91,Carrier_C,Maharashtra,2024-02-01,,Active,P005922,SYNTH_TELECOM_DB
PH001655,9797127378,+91,Carrier_A,Maharashtra,2017-01-13,,Active,P000905,SYNTH_TELECOM_DB
PH001656,9154084830,+91,Carrier_B,Maharashtra,2023-07-04,2026-08-29,Inactive,P004998,SYNTH_TELECOM_DB
PH001657,9291352082,+91,Carrier_A,Maharashtra,2015-01-13,,Active,P006373,SYNTH_LEGACY_DB
PH001658,9332993907,+91,Carrier_C,Maharashtra,2010-10-31,,Active,P005009,SYNTH_TELECOM_DB
PH001659,9452173049,+91,Carrier_C,Maharashtra,2025-07-01,,Active,P006209,SYNTH_IDENTITY_DB
PH001660,9645787699,+91,Carrier_A,Maharashtra,2013-12-12,,Active,P003083,SYNTH_TELECOM_DB
PH001661,9883264956,+91,Carrier_A,Maharashtra,2024-04-14,2026-08-29,Inactive,P002241,SYNTH_CDR_DB
PH001662,9464837336,+91,Carrier_D,Maharashtra,2017-07-22,2018-07-24,Suspended,P004783,SYNTH_CDR_DB
PH001663,9488301480,+91,Carrier_C,Maharashtra,2023-01-20,,Active,P001177,SYNTH_IDENTITY_DB
PH001664,9913890036,+91,Carrier_A,Maharashtra,2016-04-06,2022-12-13,Reassigned,P005530,SYNTH_TELECOM_DB
PH001665,9749971478,+91,Carrier_C,Maharashtra,2021-06-03,,Active,P005227,SYNTH_TELECOM_DB
PH001666,9568872448,+91,Carrier_D,Maharashtra,2010-07-02,2014-09-07,Inactive,P002450,SYNTH_LEGACY_DB
PH001667,9415086072,+91,Carrier_A,Maharashtra,2021-07-29,,Active,P004703,SYNTH_IDENTITY_DB
PH001668,9672671989,+91,Carrier_C,Maharashtra,2015-09-24,,Active,P004752,SYNTH_TELECOM_DB
PH001669,9923193111,+91,Carrier_A,Maharashtra,2020-04-29,2025-10-06,Inactive,P003512,SYNTH_LEGACY_DB
PH001670,9930350363,+91,Carrier_C,Maharashtra,2020-05-10,2021-08-13,Inactive,P005687,SYNTH_TELECOM_DB
PH001671,9471304134,+91,Carrier_A,Maharashtra,2021-06-26,,Active,P006734,SYNTH_TELECOM_DB
PH001672,9327445675,+91,Carrier_A,Maharashtra,2018-05-12,,Active,P000180,SYNTH_TELECOM_DB
PH001673,9680684492,+91,Carrier_C,Maharashtra,2024-02-26,2026-05-18,Inactive,P000511,SYNTH_CDR_DB
PH001674,9567745681,+91,Carrier_A,Maharashtra,2015-02-09,2017-02-06,Suspended,P002209,SYNTH_IDENTITY_DB
PH001675,9971295380,+91,Carrier_B,Maharashtra,2024-02-11,2024-06-27,Inactive,P004536,SYNTH_IDENTITY_DB
PH001676,9972548651,+91,Carrier_D,Maharashtra,2021-10-14,,Active,P003231,SYNTH_TELECOM_DB
PH001677,9565617341,+91,Carrier_A,Maharashtra,2021-12-17,,Active,P002543,SYNTH_TELECOM_DB
PH001678,9730703838,+91,Carrier_C,Maharashtra,2017-06-03,2019-03-07,Suspended,P000600,SYNTH_IDENTITY_DB
PH001679,9903434885,+91,Carrier_C,Maharashtra,2021-08-29,,Active,P000009,SYNTH_LEGACY_DB
PH001680,9545638625,+91,Carrier_B,Maharashtra,2012-08-18,2018-09-18,Inactive,P006732,SYNTH_CDR_DB
PH001681,9372921025,+91,Carrier_B,Maharashtra,2020-11-25,2026-08-29,Inactive,P001571,SYNTH_CDR_DB
PH001682,9460668473,+91,Carrier_A,Maharashtra,2020-01-18,,Active,P002481,SYNTH_CDR_DB
PH001683,9633285555,+91,Carrier_A,Maharashtra,2020-06-11,,Active,P000328,SYNTH_TELECOM_DB
PH001684,9664766858,+91,Carrier_A,Maharashtra,2025-08-21,,Active,P005128,SYNTH_TELECOM_DB
PH001685,9431317645,+91,Carrier_B,Maharashtra,2026-07-16,,Active,P002803,SYNTH_CDR_DB
PH001686,9645461026,+91,Carrier_B,Maharashtra,2013-02-25,,Active,P003859,SYNTH_TELECOM_DB
PH001687,9762497201,+91,Carrier_D,Maharashtra,2011-04-20,2012-12-27,Suspended,P005227,SYNTH_TELECOM_DB
PH001688,9235833479,+91,Carrier_B,Maharashtra,2024-09-28,,Active,P002587,SYNTH_CDR_DB
PH001689,9415589135,+91,Carrier_D,Maharashtra,2022-05-15,2026-08-29,Reassigned,P005833,SYNTH_TELECOM_DB
PH001690,9710472384,+91,Carrier_C,Maharashtra,2021-05-02,,Active,P001300,SYNTH_CDR_DB
PH001691,9525769948,+91,Carrier_B,Maharashtra,2020-03-27,,Active,P005127,SYNTH_CDR_DB
PH001692,9363839641,+91,Carrier_C,Maharashtra,2019-01-03,,Active,P004823,SYNTH_TELECOM_DB
PH001693,9522670836,+91,Carrier_C,Maharashtra,2021-08-26,,Active,P004994,SYNTH_TELECOM_DB
PH001694,9761506081,+91,Carrier_A,Maharashtra,2014-06-08,,Active,P001620,SYNTH_IDENTITY_DB
PH001695,9229695601,+91,Carrier_B,Maharashtra,2010-10-06,,Active,P003524,SYNTH_TELECOM_DB
PH001696,9776239600,+91,Carrier_C,Maharashtra,2021-04-28,,Active,P002416,SYNTH_IDENTITY_DB
PH001697,9865485704,+91,Carrier_B,Maharashtra,2022-07-29,,Active,P004479,SYNTH_IDENTITY_DB
PH001698,9213317142,+91,Carrier_C,Maharashtra,2015-04-16,,Active,P002011,SYNTH_TELECOM_DB
PH001699,9621419396,+91,Carrier_E,Maharashtra,2015-11-16,,Active,P005219,SYNTH_CDR_DB
PH001700,9112727363,+91,Carrier_B,Maharashtra,2021-03-12,,Active,P005550,SYNTH_TELECOM_DB
PH001701,9285075169,+91,Carrier_D,Maharashtra,2010-11-09,,Active,P004220,SYNTH_CDR_DB
PH001702,9239227135,+91,Carrier_A,Maharashtra,2021-10-29,,Active,P004605,SYNTH_TELECOM_DB
PH001703,9672847747,+91,Carrier_A,Maharashtra,2025-12-11,2026-08-29,Reassigned,P002400,SYNTH_TELECOM_DB
PH001704,9456569144,+91,Carrier_C,Maharashtra,2026-04-02,2026-08-29,Suspended,P000153,SYNTH_IDENTITY_DB
PH001705,9215221268,+91,Carrier_B,Maharashtra,2025-12-20,,Active,P006078,SYNTH_IDENTITY_DB
PH001706,9271223100,+91,Carrier_D,Maharashtra,2025-11-18,,Active,P000679,SYNTH_TELECOM_DB
PH001707,9818530212,+91,Carrier_B,Maharashtra,2014-02-21,,Active,P006095,SYNTH_TELECOM_DB
PH001708,9476217942,+91,Carrier_C,Maharashtra,2022-09-22,,Active,P005605,SYNTH_TELECOM_DB
PH001709,9208981666,+91,Carrier_B,Maharashtra,2013-06-02,,Active,P004424,SYNTH_CDR_DB
PH001710,9203102315,+91,Carrier_B,Maharashtra,2026-02-22,,Active,P002771,SYNTH_LEGACY_DB
PH001711,9600293794,+91,Carrier_C,Maharashtra,2011-09-20,2011-11-03,Suspended,P001209,SYNTH_TELECOM_DB
PH001712,9343336695,+91,Carrier_B,Maharashtra,2020-03-08,,Active,P003059,SYNTH_TELECOM_DB
PH001713,9392176976,+91,Carrier_D,Maharashtra,2020-07-12,,Active,P006907,SYNTH_LEGACY_DB
PH001714,9300980710,+91,Carrier_C,Maharashtra,2024-03-24,2026-08-29,Reassigned,P002842,SYNTH_TELECOM_DB
PH001715,9852246582,+91,Carrier_B,Maharashtra,2025-04-08,,Active,P004848,SYNTH_TELECOM_DB
PH001716,9525432831,+91,Carrier_B,Maharashtra,2024-08-12,,Active,P000127,SYNTH_TELECOM_DB
PH001717,9181888330,+91,Carrier_D,Maharashtra,2012-06-18,,Active,P005386,SYNTH_TELECOM_DB
PH001718,9936691486,+91,Carrier_A,Maharashtra,2013-07-01,,Active,P005881,SYNTH_CDR_DB
PH001719,9437138221,+91,Carrier_B,Maharashtra,2016-10-21,,Active,P003818,SYNTH_TELECOM_DB
PH001720,9390873055,+91,Carrier_A,Maharashtra,2022-04-03,,Active,P001410,SYNTH_IDENTITY_DB
PH001721,9187401417,+91,Carrier_D,Maharashtra,2016-01-04,2017-11-23,Inactive,P003645,SYNTH_TELECOM_DB
PH001722,9634586452,+91,Carrier_A,Maharashtra,2017-12-12,,Active,P005601,SYNTH_TELECOM_DB
PH001723,9615515873,+91,Carrier_C,Maharashtra,2010-09-30,,Active,P002223,SYNTH_IDENTITY_DB
PH001724,9501660231,+91,Carrier_C,Maharashtra,2024-09-20,,Active,P004349,SYNTH_TELECOM_DB
PH001725,9429792878,+91,Carrier_A,Maharashtra,2013-07-04,,Active,P002434,SYNTH_IDENTITY_DB
PH001726,9987394610,+91,Carrier_B,Maharashtra,2020-01-13,,Active,P001058,SYNTH_LEGACY_DB
PH001727,9836129745,+91,Carrier_D,Maharashtra,2025-03-25,,Active,P002128,SYNTH_CDR_DB
PH001728,9157888937,+91,Carrier_B,Maharashtra,2023-04-27,,Active,P002479,SYNTH_LEGACY_DB
PH001729,9948012324,+91,Carrier_C,Maharashtra,2014-05-13,,Active,P001151,SYNTH_TELECOM_DB
PH001730,9154297881,+91,Carrier_B,Maharashtra,2023-08-13,2024-04-22,Inactive,P002448,SYNTH_TELECOM_DB
PH001731,9553207740,+91,Carrier_A,Maharashtra,2025-04-17,,Active,P000801,SYNTH_TELECOM_DB
PH001732,9401558069,+91,Carrier_C,Maharashtra,2024-08-05,,Active,P006756,SYNTH_IDENTITY_DB
PH001733,9657833276,+91,Carrier_C,Maharashtra,2010-10-22,,Active,P001804,SYNTH_TELECOM_DB
PH001734,9604406724,+91,Carrier_B,Maharashtra,2015-10-04,,Active,P006300,SYNTH_TELECOM_DB
PH001735,9718158479,+91,Carrier_A,Maharashtra,2016-11-14,,Active,P001377,SYNTH_TELECOM_DB
PH001736,9148102806,+91,Carrier_A,Maharashtra,2016-04-16,2016-10-15,Reassigned,P006438,SYNTH_LEGACY_DB
PH001737,9622202792,+91,Carrier_B,Maharashtra,2013-07-18,,Active,P001516,SYNTH_TELECOM_DB
PH001738,9546632752,+91,Carrier_C,Maharashtra,2012-03-18,,Active,P004879,SYNTH_LEGACY_DB
PH001739,9685482416,+91,Carrier_A,Maharashtra,2018-03-31,,Active,P006147,SYNTH_TELECOM_DB
PH001740,9999431399,+91,Carrier_B,Maharashtra,2016-03-23,,Active,P002315,SYNTH_TELECOM_DB
PH001741,9919625921,+91,Carrier_B,Maharashtra,2020-08-19,2021-05-23,Inactive,P006309,SYNTH_TELECOM_DB
PH001742,9977603612,+91,Carrier_B,Maharashtra,2013-08-07,,Active,P005812,SYNTH_TELECOM_DB
PH001743,9630192631,+91,Carrier_D,Maharashtra,2011-06-25,,Active,P005196,SYNTH_TELECOM_DB
PH001744,9611979286,+91,Carrier_B,Maharashtra,2014-04-07,,Active,P004923,SYNTH_TELECOM_DB
PH001745,9136526663,+91,Carrier_B,Maharashtra,2023-11-01,2024-06-08,Inactive,P001022,SYNTH_TELECOM_DB
PH001746,9892824075,+91,Carrier_B,Maharashtra,2022-10-24,,Active,P002983,SYNTH_TELECOM_DB
PH001747,9277264764,+91,Carrier_B,Maharashtra,2017-09-09,,Active,P000139,SYNTH_TELECOM_DB
PH001748,9556935080,+91,Carrier_B,Maharashtra,2011-11-19,2015-01-04,Reassigned,P000213,SYNTH_TELECOM_DB
PH001749,9875148358,+91,Carrier_A,Maharashtra,2025-04-30,2025-12-16,Inactive,P006008,SYNTH_TELECOM_DB
PH001750,9775385045,+91,Carrier_B,Maharashtra,2021-03-01,,Active,P006909,SYNTH_TELECOM_DB
PH001751,9377184443,+91,Carrier_B,Maharashtra,2025-07-24,2026-08-29,Inactive,P003553,SYNTH_TELECOM_DB
PH001752,9812925782,+91,Carrier_D,Maharashtra,2013-04-01,,Active,P002991,SYNTH_LEGACY_DB
PH001753,9351366213,+91,Carrier_D,Maharashtra,2011-08-23,,Active,P004488,SYNTH_CDR_DB
PH001754,9604282420,+91,Carrier_D,Maharashtra,2019-01-23,,Active,P004108,SYNTH_CDR_DB
PH001755,9764033485,+91,Carrier_C,Maharashtra,2018-12-30,2022-09-13,Inactive,P002221,SYNTH_TELECOM_DB
PH001756,9541374304,+91,Carrier_E,Maharashtra,2014-07-26,,Active,P000234,SYNTH_CDR_DB
PH001757,9338096698,+91,Carrier_D,Maharashtra,2022-02-15,,Active,P004104,SYNTH_TELECOM_DB
PH001758,9604090871,+91,Carrier_B,Maharashtra,2017-04-01,2018-03-24,Reassigned,P001023,SYNTH_CDR_DB
PH001759,9520258259,+91,Carrier_B,Maharashtra,2026-07-20,,Active,P001295,SYNTH_IDENTITY_DB
PH001760,9437358185,+91,Carrier_A,Maharashtra,2019-04-15,2020-01-14,Suspended,P004451,SYNTH_LEGACY_DB
PH001761,9484150804,+91,Carrier_D,Maharashtra,2014-08-29,2015-11-30,Suspended,P003678,SYNTH_CDR_DB
PH001762,9860929483,+91,Carrier_A,Maharashtra,2010-09-27,2012-08-20,Inactive,P000662,SYNTH_TELECOM_DB
PH001763,9668207005,+91,Carrier_A,Maharashtra,2012-04-18,,Active,P001207,SYNTH_CDR_DB
PH001764,9738038009,+91,Carrier_D,Maharashtra,2022-05-01,,Active,P000548,SYNTH_TELECOM_DB
PH001765,9756567708,+91,Carrier_A,Maharashtra,2017-06-26,,Active,P006200,SYNTH_LEGACY_DB
PH001766,9483177086,+91,Carrier_C,Maharashtra,2024-06-04,,Active,P001308,SYNTH_TELECOM_DB
PH001767,9719857720,+91,Carrier_C,Maharashtra,2022-10-14,,Active,P003350,SYNTH_TELECOM_DB
PH001768,9681940648,+91,Carrier_A,Maharashtra,2016-10-23,,Active,P000515,SYNTH_CDR_DB
PH001769,9214986896,+91,Carrier_A,Maharashtra,2020-01-04,,Active,P002120,SYNTH_TELECOM_DB
PH001770,9914733887,+91,Carrier_B,Maharashtra,2019-10-05,,Active,P000297,SYNTH_TELECOM_DB
PH001771,9960391874,+91,Carrier_A,Maharashtra,2020-11-01,,Active,P006322,SYNTH_CDR_DB
PH001772,9108933128,+91,Carrier_A,Maharashtra,2013-08-16,,Active,P006240,SYNTH_IDENTITY_DB
PH001773,9221505059,+91,Carrier_A,Maharashtra,2022-12-16,,Active,P002621,SYNTH_TELECOM_DB
PH001774,9822580907,+91,Carrier_B,Maharashtra,2021-02-03,,Active,P003996,SYNTH_TELECOM_DB
PH001775,9607225539,+91,Carrier_A,Maharashtra,2024-01-11,,Active,P006068,SYNTH_CDR_DB
PH001776,9560416043,+91,Carrier_B,Maharashtra,2023-07-25,,Active,P005813,SYNTH_TELECOM_DB
PH001777,9144416545,+91,Carrier_B,Maharashtra,2022-06-10,,Active,P004326,SYNTH_TELECOM_DB
PH001778,9592340611,+91,Carrier_B,Maharashtra,2019-10-04,,Active,P001969,SYNTH_CDR_DB
PH001779,9238026250,+91,Carrier_B,Maharashtra,2016-04-27,,Active,P002261,SYNTH_IDENTITY_DB
PH001780,9338058810,+91,Carrier_E,Maharashtra,2021-10-30,,Active,P003805,SYNTH_IDENTITY_DB
PH001781,9484125749,+91,Carrier_B,Maharashtra,2023-01-29,,Active,P004133,SYNTH_TELECOM_DB
PH001782,9805157274,+91,Carrier_B,Maharashtra,2010-06-30,,Active,P000720,SYNTH_LEGACY_DB
PH001783,9169123186,+91,Carrier_B,Maharashtra,2012-12-07,2014-08-05,Suspended,P000600,SYNTH_TELECOM_DB
PH001784,9236927667,+91,Carrier_A,Maharashtra,2010-06-23,,Active,P002093,SYNTH_TELECOM_DB
PH001785,9116995901,+91,Carrier_C,Maharashtra,2026-08-25,,Active,P005916,SYNTH_IDENTITY_DB
PH001786,9554555496,+91,Carrier_A,Maharashtra,2014-12-28,,Active,P003409,SYNTH_TELECOM_DB
PH001787,9564351989,+91,Carrier_A,Maharashtra,2026-03-14,,Active,P001573,SYNTH_TELECOM_DB
PH001788,9194413839,+91,Carrier_C,Maharashtra,2018-11-01,2024-02-08,Inactive,P001685,SYNTH_TELECOM_DB
PH001789,9373000308,+91,Carrier_B,Maharashtra,2023-01-17,,Active,P000805,SYNTH_TELECOM_DB
PH001790,9677862786,+91,Carrier_D,Maharashtra,2013-07-13,,Active,P000828,SYNTH_LEGACY_DB
PH001791,9381069355,+91,Carrier_A,Maharashtra,2017-07-23,,Active,P002500,SYNTH_TELECOM_DB
PH001792,9526537178,+91,Carrier_A,Maharashtra,2019-02-23,,Active,P004082,SYNTH_TELECOM_DB
PH001793,9563578683,+91,Carrier_A,Maharashtra,2011-07-27,,Active,P003961,SYNTH_IDENTITY_DB
PH001794,9956165114,+91,Carrier_B,Maharashtra,2025-09-23,,Active,P002441,SYNTH_CDR_DB
PH001795,9147638889,+91,Carrier_A,Maharashtra,2013-12-19,2021-07-07,Reassigned,P002047,SYNTH_TELECOM_DB
PH001796,9342384355,+91,Carrier_D,Maharashtra,2024-05-11,2024-09-03,Inactive,P005477,SYNTH_TELECOM_DB
PH001797,9191758254,+91,Carrier_A,Maharashtra,2015-02-04,,Active,P001530,SYNTH_TELECOM_DB
PH001798,9389052806,+91,Carrier_B,Maharashtra,2012-09-22,,Active,P003719,SYNTH_TELECOM_DB
PH001799,9754593119,+91,Carrier_C,Maharashtra,2021-02-07,,Active,P001119,SYNTH_IDENTITY_DB
PH001800,9316580765,+91,Carrier_B,Maharashtra,2017-07-02,,Active,P002326,SYNTH_CDR_DB
PH001801,9270627929,+91,Carrier_A,Maharashtra,2013-06-22,,Active,P006647,SYNTH_IDENTITY_DB
PH001802,9708633936,+91,Carrier_E,Maharashtra,2021-06-03,2026-06-25,Inactive,P001126,SYNTH_TELECOM_DB
PH001803,9465920485,+91,Carrier_A,Maharashtra,2013-03-09,,Active,P003101,SYNTH_TELECOM_DB
PH001804,9661854843,+91,Carrier_A,Maharashtra,2012-05-07,,Active,P006508,SYNTH_CDR_DB
PH001805,9844075390,+91,Carrier_B,Maharashtra,2016-07-26,,Active,P001047,SYNTH_CDR_DB
PH001806,9119326449,+91,Carrier_A,Maharashtra,2015-08-09,2017-09-27,Inactive,P005121,SYNTH_TELECOM_DB
PH001807,9391181155,+91,Carrier_B,Maharashtra,2021-06-16,,Active,P004060,SYNTH_TELECOM_DB
PH001808,9788125730,+91,Carrier_C,Maharashtra,2010-10-01,,Active,P001461,SYNTH_TELECOM_DB
PH001809,9295831173,+91,Carrier_C,Maharashtra,2014-07-01,,Active,P003676,SYNTH_IDENTITY_DB
PH001810,9269159623,+91,Carrier_A,Maharashtra,2024-09-30,,Active,P003365,SYNTH_TELECOM_DB
PH001811,9517649881,+91,Carrier_B,Maharashtra,2016-04-04,,Active,P003397,SYNTH_TELECOM_DB
PH001812,9613719243,+91,Carrier_C,Maharashtra,2012-05-28,,Active,P001202,SYNTH_TELECOM_DB
PH001813,9912285142,+91,Carrier_A,Maharashtra,2018-11-04,,Active,P000214,SYNTH_TELECOM_DB
PH001814,9897078570,+91,Carrier_A,Maharashtra,2019-12-12,,Active,P002066,SYNTH_CDR_DB
PH001815,9569138982,+91,Carrier_C,Maharashtra,2010-02-01,,Active,P000576,SYNTH_LEGACY_DB
PH001816,9437062568,+91,Carrier_A,Maharashtra,2010-03-02,2014-10-02,Inactive,P001514,SYNTH_TELECOM_DB
PH001817,9915810355,+91,Carrier_A,Maharashtra,2019-09-23,,Active,P004025,SYNTH_CDR_DB
PH001818,9980533530,+91,Carrier_C,Maharashtra,2024-03-07,,Active,P003166,SYNTH_IDENTITY_DB
PH001819,9517760247,+91,Carrier_D,Maharashtra,2024-11-05,,Active,P001486,SYNTH_TELECOM_DB
PH001820,9100731566,+91,Carrier_D,Maharashtra,2015-04-16,,Active,P002194,SYNTH_TELECOM_DB
PH001821,9545339293,+91,Carrier_B,Maharashtra,2013-12-14,,Active,P002735,SYNTH_LEGACY_DB
PH001822,9531636337,+91,Carrier_A,Maharashtra,2010-07-16,,Active,P006038,SYNTH_TELECOM_DB
PH001823,9480815388,+91,Carrier_D,Maharashtra,2024-11-09,,Active,P001573,SYNTH_TELECOM_DB
PH001824,9346951983,+91,Carrier_B,Maharashtra,2026-08-07,,Active,P001705,SYNTH_IDENTITY_DB
PH001825,9381212263,+91,Carrier_B,Maharashtra,2023-03-10,2026-08-29,Reassigned,P002008,SYNTH_LEGACY_DB
PH001826,9263472362,+91,Carrier_A,Maharashtra,2024-06-22,,Active,P004968,SYNTH_LEGACY_DB
PH001827,9268599960,+91,Carrier_A,Maharashtra,2012-11-25,,Active,P000460,SYNTH_TELECOM_DB
PH001828,9205251815,+91,Carrier_A,Maharashtra,2012-05-17,,Active,P002298,SYNTH_TELECOM_DB
PH001829,9292775991,+91,Carrier_C,Maharashtra,2014-02-26,,Active,P005305,SYNTH_TELECOM_DB
PH001830,9726014440,+91,Carrier_E,Maharashtra,2015-11-22,,Active,P004247,SYNTH_TELECOM_DB
PH001831,9531018967,+91,Carrier_E,Maharashtra,2013-08-12,,Active,P006666,SYNTH_CDR_DB
PH001832,9883366583,+91,Carrier_A,Maharashtra,2025-05-10,,Active,P002686,SYNTH_TELECOM_DB
PH001833,9814389963,+91,Carrier_A,Maharashtra,2021-04-29,,Active,P004796,SYNTH_TELECOM_DB
PH001834,9559025742,+91,Carrier_C,Maharashtra,2022-05-26,,Active,P004963,SYNTH_TELECOM_DB
PH001835,9596049672,+91,Carrier_A,Maharashtra,2021-03-14,2022-10-16,Suspended,P004780,SYNTH_CDR_DB
PH001836,9460799525,+91,Carrier_B,Maharashtra,2014-01-23,,Active,P005997,SYNTH_CDR_DB
PH001837,9420796314,+91,Carrier_D,Maharashtra,2020-10-08,2024-10-07,Inactive,P001226,SYNTH_IDENTITY_DB
PH001838,9425616165,+91,Carrier_E,Maharashtra,2021-09-11,2025-05-05,Inactive,P000765,SYNTH_CDR_DB
PH001839,9415554976,+91,Carrier_A,Maharashtra,2011-06-16,2013-12-01,Suspended,P004604,SYNTH_TELECOM_DB
PH001840,9704954976,+91,Carrier_B,Maharashtra,2021-02-10,2022-11-13,Inactive,P005452,SYNTH_CDR_DB
PH001841,9457083246,+91,Carrier_B,Maharashtra,2014-06-05,2016-09-27,Suspended,P001007,SYNTH_CDR_DB
PH001842,9416426435,+91,Carrier_A,Maharashtra,2013-12-29,,Active,P003046,SYNTH_TELECOM_DB
PH001843,9833790999,+91,Carrier_E,Maharashtra,2025-12-27,,Active,P003160,SYNTH_CDR_DB
PH001844,9377708234,+91,Carrier_B,Maharashtra,2022-12-22,,Active,P000286,SYNTH_TELECOM_DB
PH001845,9533304583,+91,Carrier_D,Maharashtra,2024-09-16,,Active,P003606,SYNTH_CDR_DB
PH001846,9203766320,+91,Carrier_D,Maharashtra,2022-06-13,,Active,P006515,SYNTH_TELECOM_DB
PH001847,9765879764,+91,Carrier_C,Maharashtra,2021-02-23,,Active,P004736,SYNTH_TELECOM_DB
PH001848,9187205081,+91,Carrier_A,Maharashtra,2023-10-20,,Active,P006685,SYNTH_TELECOM_DB
PH001849,9984997168,+91,Carrier_E,Maharashtra,2014-07-17,,Active,P000858,SYNTH_TELECOM_DB
PH001850,9820356706,+91,Carrier_B,Maharashtra,2012-07-27,,Active,P006611,SYNTH_TELECOM_DB
PH001851,9782963837,+91,Carrier_A,Maharashtra,2017-10-16,,Active,P000650,SYNTH_TELECOM_DB
PH001852,9201910807,+91,Carrier_E,Maharashtra,2023-11-04,2026-08-29,Inactive,P003391,SYNTH_TELECOM_DB
PH001853,9301823155,+91,Carrier_D,Maharashtra,2014-01-30,2014-03-26,Suspended,P001447,SYNTH_IDENTITY_DB
PH001854,9835132240,+91,Carrier_B,Maharashtra,2012-05-26,,Active,P001347,SYNTH_IDENTITY_DB
PH001855,9608337725,+91,Carrier_A,Maharashtra,2025-07-18,2026-08-29,Inactive,P000252,SYNTH_LEGACY_DB
PH001856,9242139840,+91,Carrier_B,Maharashtra,2015-01-13,,Active,P005542,SYNTH_TELECOM_DB
PH001857,9612335994,+91,Carrier_C,Maharashtra,2012-11-30,,Active,P002474,SYNTH_TELECOM_DB
PH001858,9426368741,+91,Carrier_B,Maharashtra,2011-02-09,,Active,P004847,SYNTH_CDR_DB
PH001859,9217458634,+91,Carrier_B,Maharashtra,2025-08-09,2026-08-29,Inactive,P005271,SYNTH_CDR_DB
PH001860,9258153134,+91,Carrier_C,Maharashtra,2023-01-27,,Active,P001062,SYNTH_CDR_DB
PH001861,9788582405,+91,Carrier_A,Maharashtra,2014-01-17,2016-02-01,Suspended,P005588,SYNTH_TELECOM_DB
PH001862,9451561864,+91,Carrier_E,Maharashtra,2016-09-16,,Active,P002497,SYNTH_TELECOM_DB
PH001863,9549822649,+91,Carrier_A,Maharashtra,2024-12-20,,Active,P006804,SYNTH_TELECOM_DB
PH001864,9488488486,+91,Carrier_B,Maharashtra,2021-03-14,2022-08-23,Inactive,P005670,SYNTH_CDR_DB
PH001865,9648823713,+91,Carrier_B,Maharashtra,2013-04-19,,Active,P005350,SYNTH_TELECOM_DB
PH001866,9712881382,+91,Carrier_A,Maharashtra,2019-11-10,2022-12-15,Inactive,P004055,SYNTH_LEGACY_DB
PH001867,9151764429,+91,Carrier_B,Maharashtra,2012-01-08,,Active,P005533,SYNTH_TELECOM_DB
PH001868,9921070462,+91,Carrier_B,Maharashtra,2024-09-12,,Active,P003487,SYNTH_LEGACY_DB
PH001869,9668156130,+91,Carrier_A,Maharashtra,2012-02-02,2012-06-25,Suspended,P000139,SYNTH_TELECOM_DB
PH001870,9292377869,+91,Carrier_A,Maharashtra,2024-12-25,,Active,P001538,SYNTH_IDENTITY_DB
PH001871,9176840790,+91,Carrier_B,Maharashtra,2024-07-17,,Active,P006606,SYNTH_TELECOM_DB
PH001872,9656194708,+91,Carrier_E,Maharashtra,2011-06-04,,Active,P001090,SYNTH_TELECOM_DB
PH001873,9216503732,+91,Carrier_D,Maharashtra,2021-02-25,,Active,P001650,SYNTH_CDR_DB
PH001874,9692014622,+91,Carrier_D,Maharashtra,2016-06-18,2018-08-29,Inactive,P002903,SYNTH_CDR_DB
PH001875,9534182625,+91,Carrier_C,Maharashtra,2016-12-17,,Active,P005826,SYNTH_TELECOM_DB
PH001876,9970002793,+91,Carrier_C,Maharashtra,2022-11-01,,Active,P003372,SYNTH_IDENTITY_DB
PH001877,9823250152,+91,Carrier_C,Maharashtra,2013-11-27,2014-06-07,Reassigned,P000742,SYNTH_CDR_DB
PH001878,9527875669,+91,Carrier_B,Maharashtra,2012-07-31,,Active,P005272,SYNTH_TELECOM_DB
PH001879,9388976573,+91,Carrier_C,Maharashtra,2010-02-05,,Active,P006739,SYNTH_TELECOM_DB
PH001880,9624048379,+91,Carrier_A,Maharashtra,2023-02-12,,Active,P003534,SYNTH_LEGACY_DB
PH001881,9727663184,+91,Carrier_A,Maharashtra,2023-11-02,,Active,P005798,SYNTH_CDR_DB
PH001882,9267708716,+91,Carrier_A,Maharashtra,2016-05-27,,Active,P005294,SYNTH_CDR_DB
PH001883,9558216026,+91,Carrier_B,Maharashtra,2013-08-05,,Active,P006688,SYNTH_TELECOM_DB
PH001884,9599225489,+91,Carrier_B,Maharashtra,2021-09-28,,Active,P002155,SYNTH_IDENTITY_DB
PH001885,9360574037,+91,Carrier_A,Maharashtra,2016-03-07,2018-04-06,Inactive,P003868,SYNTH_TELECOM_DB
PH001886,9596753296,+91,Carrier_B,Maharashtra,2011-03-21,,Active,P001315,SYNTH_LEGACY_DB
PH001887,9480285884,+91,Carrier_B,Maharashtra,2013-01-03,,Active,P005657,SYNTH_TELECOM_DB
PH001888,9858240807,+91,Carrier_A,Maharashtra,2014-05-30,2016-10-17,Reassigned,P005268,SYNTH_CDR_DB
PH001889,9147219043,+91,Carrier_A,Maharashtra,2025-05-20,,Active,P004616,SYNTH_IDENTITY_DB
PH001890,9274056325,+91,Carrier_D,Maharashtra,2021-04-10,,Active,P005111,SYNTH_TELECOM_DB
PH001891,9774387549,+91,Carrier_B,Maharashtra,2011-12-16,2015-05-07,Inactive,P000252,SYNTH_CDR_DB
PH001892,9853465153,+91,Carrier_C,Maharashtra,2016-02-06,,Active,P001326,SYNTH_TELECOM_DB
PH001893,9940152001,+91,Carrier_C,Maharashtra,2010-07-31,,Active,P006997,SYNTH_TELECOM_DB
PH001894,9471402905,+91,Carrier_B,Maharashtra,2014-10-19,2015-09-29,Reassigned,P000228,SYNTH_CDR_DB
PH001895,9538762068,+91,Carrier_E,Maharashtra,2011-10-13,,Active,P003165,SYNTH_CDR_DB
PH001896,9260429811,+91,Carrier_A,Maharashtra,2025-09-15,,Active,P003637,SYNTH_TELECOM_DB
PH001897,9242609509,+91,Carrier_B,Maharashtra,2018-07-06,2020-03-18,Suspended,P004868,SYNTH_IDENTITY_DB
PH001898,9140150364,+91,Carrier_B,Maharashtra,2022-02-23,2024-10-05,Suspended,P001052,SYNTH_CDR_DB
PH001899,9534815426,+91,Carrier_C,Maharashtra,2010-10-15,,Active,P006524,SYNTH_TELECOM_DB
PH001900,9168210766,+91,Carrier_A,Maharashtra,2020-10-17,2025-12-14,Inactive,P004733,SYNTH_TELECOM_DB
PH001901,9320231550,+91,Carrier_B,Maharashtra,2018-10-26,,Active,P001133,SYNTH_TELECOM_DB
PH001902,9858355658,+91,Carrier_A,Maharashtra,2016-03-02,,Active,P001176,SYNTH_TELECOM_DB
PH001903,9591205799,+91,Carrier_B,Maharashtra,2021-12-10,,Active,P005917,SYNTH_TELECOM_DB
PH001904,9792239229,+91,Carrier_A,Maharashtra,2015-03-13,2017-10-18,Reassigned,P002905,SYNTH_TELECOM_DB
PH001905,9548105766,+91,Carrier_A,Maharashtra,2013-01-14,2019-08-26,Inactive,P003067,SYNTH_IDENTITY_DB
PH001906,9339696830,+91,Carrier_A,Maharashtra,2017-06-23,,Active,P001932,SYNTH_IDENTITY_DB
PH001907,9383309768,+91,Carrier_A,Maharashtra,2012-01-28,,Active,P006475,SYNTH_TELECOM_DB
PH001908,9246069985,+91,Carrier_C,Maharashtra,2020-09-15,2026-08-29,Inactive,P000283,SYNTH_TELECOM_DB
PH001909,9330055555,+91,Carrier_C,Maharashtra,2024-08-23,,Active,P000391,SYNTH_LEGACY_DB
PH001910,9439979581,+91,Carrier_A,Maharashtra,2017-06-26,2019-05-14,Suspended,P005777,SYNTH_IDENTITY_DB
PH001911,9286686099,+91,Carrier_E,Maharashtra,2011-01-04,,Active,P005017,SYNTH_CDR_DB
PH001912,9517974238,+91,Carrier_A,Maharashtra,2010-12-13,,Active,P003778,SYNTH_IDENTITY_DB
PH001913,9825909469,+91,Carrier_C,Maharashtra,2025-07-28,,Active,P001795,SYNTH_TELECOM_DB
PH001914,9505723691,+91,Carrier_C,Maharashtra,2012-12-21,,Active,P001751,SYNTH_TELECOM_DB
PH001915,9775120995,+91,Carrier_C,Maharashtra,2024-12-04,,Active,P000188,SYNTH_TELECOM_DB
PH001916,9131359750,+91,Carrier_D,Maharashtra,2010-07-12,,Active,P001267,SYNTH_CDR_DB
PH001917,9727735442,+91,Carrier_C,Maharashtra,2014-05-13,,Active,P003083,SYNTH_TELECOM_DB
PH001918,9104378311,+91,Carrier_B,Maharashtra,2010-06-08,,Active,P001818,SYNTH_TELECOM_DB
PH001919,9447836865,+91,Carrier_C,Maharashtra,2011-06-28,2019-07-21,Reassigned,P004187,SYNTH_CDR_DB
PH001920,9973555308,+91,Carrier_A,Maharashtra,2014-10-04,,Active,P003079,SYNTH_CDR_DB
PH001921,9685973827,+91,Carrier_A,Maharashtra,2024-02-28,2025-07-30,Inactive,P005755,SYNTH_LEGACY_DB
PH001922,9347486048,+91,Carrier_C,Maharashtra,2013-03-15,,Active,P002438,SYNTH_IDENTITY_DB
PH001923,9265583862,+91,Carrier_C,Maharashtra,2019-11-06,,Active,P005024,SYNTH_CDR_DB
PH001924,9905561038,+91,Carrier_B,Maharashtra,2013-01-11,,Active,P002145,SYNTH_TELECOM_DB
PH001925,9253801807,+91,Carrier_A,Maharashtra,2019-06-29,,Active,P004360,SYNTH_TELECOM_DB
PH001926,9394438230,+91,Carrier_B,Maharashtra,2021-07-11,,Active,P000579,SYNTH_CDR_DB
PH001927,9658212413,+91,Carrier_A,Maharashtra,2016-09-28,,Active,P006637,SYNTH_TELECOM_DB
PH001928,9942086029,+91,Carrier_A,Maharashtra,2010-03-22,,Active,P005768,SYNTH_TELECOM_DB
PH001929,9961575884,+91,Carrier_B,Maharashtra,2020-07-03,,Active,P006127,SYNTH_TELECOM_DB
PH001930,9669426323,+91,Carrier_A,Maharashtra,2025-08-09,,Active,P001097,SYNTH_IDENTITY_DB
PH001931,9471955334,+91,Carrier_B,Maharashtra,2017-02-28,,Active,P002359,SYNTH_TELECOM_DB
PH001932,9636053689,+91,Carrier_C,Maharashtra,2016-01-16,,Active,P005523,SYNTH_CDR_DB
PH001933,9815081845,+91,Carrier_B,Maharashtra,2018-08-15,,Active,P000631,SYNTH_IDENTITY_DB
PH001934,9134643944,+91,Carrier_B,Maharashtra,2024-08-19,,Active,P003883,SYNTH_CDR_DB
PH001935,9366909778,+91,Carrier_A,Maharashtra,2010-03-25,2012-04-04,Reassigned,P002467,SYNTH_IDENTITY_DB
PH001936,9336051719,+91,Carrier_D,Maharashtra,2014-08-23,,Active,P002546,SYNTH_TELECOM_DB
PH001937,9586755948,+91,Carrier_B,Maharashtra,2014-05-21,,Active,P003985,SYNTH_IDENTITY_DB
PH001938,9654395308,+91,Carrier_C,Maharashtra,2023-09-07,2026-08-29,Inactive,P006328,SYNTH_LEGACY_DB
PH001939,9387633371,+91,Carrier_D,Maharashtra,2019-03-24,,Active,P005523,SYNTH_IDENTITY_DB
PH001940,9883075305,+91,Carrier_C,Maharashtra,2017-08-04,,Active,P002125,SYNTH_CDR_DB
PH001941,9272133758,+91,Carrier_D,Maharashtra,2018-02-08,,Active,P006488,SYNTH_CDR_DB
PH001942,9939495689,+91,Carrier_A,Maharashtra,2022-10-24,,Active,P002463,SYNTH_TELECOM_DB
PH001943,9542154349,+91,Carrier_A,Maharashtra,2018-07-15,,Active,P003642,SYNTH_IDENTITY_DB
PH001944,9262066867,+91,Carrier_D,Maharashtra,2020-10-27,,Active,P000547,SYNTH_LEGACY_DB
PH001945,9122372992,+91,Carrier_D,Maharashtra,2020-04-05,,Active,P001422,SYNTH_TELECOM_DB
PH001946,9523040180,+91,Carrier_A,Maharashtra,2011-11-21,2014-08-09,Suspended,P002690,SYNTH_TELECOM_DB
PH001947,9392260230,+91,Carrier_A,Maharashtra,2014-11-19,,Active,P001042,SYNTH_LEGACY_DB
PH001948,9783975108,+91,Carrier_B,Maharashtra,2015-06-10,,Active,P004655,SYNTH_LEGACY_DB
PH001949,9273076875,+91,Carrier_E,Maharashtra,2012-11-28,,Active,P002279,SYNTH_LEGACY_DB
PH001950,9615718677,+91,Carrier_C,Maharashtra,2024-10-30,2025-05-03,Inactive,P000148,SYNTH_TELECOM_DB
PH001951,9825913476,+91,Carrier_A,Maharashtra,2016-01-19,2019-06-01,Inactive,P000936,SYNTH_TELECOM_DB
PH001952,9183604633,+91,Carrier_A,Maharashtra,2021-10-23,,Active,P000576,SYNTH_CDR_DB
PH001953,9694700821,+91,Carrier_C,Maharashtra,2016-10-20,,Active,P001853,SYNTH_TELECOM_DB
PH001954,9246154911,+91,Carrier_A,Maharashtra,2020-11-20,2023-01-29,Suspended,P001594,SYNTH_IDENTITY_DB
PH001955,9410349518,+91,Carrier_C,Maharashtra,2017-06-09,2022-05-15,Reassigned,P006780,SYNTH_TELECOM_DB
PH001956,9939818611,+91,Carrier_C,Maharashtra,2022-08-07,,Active,P001664,SYNTH_TELECOM_DB
PH001957,9146680531,+91,Carrier_B,Maharashtra,2024-12-08,2026-08-29,Inactive,P006028,SYNTH_IDENTITY_DB
PH001958,9905740057,+91,Carrier_D,Maharashtra,2018-06-16,,Active,P005023,SYNTH_CDR_DB
PH001959,9428909765,+91,Carrier_B,Maharashtra,2020-08-18,,Active,P001850,SYNTH_IDENTITY_DB
PH001960,9868724553,+91,Carrier_A,Maharashtra,2016-04-19,2021-08-19,Reassigned,P002690,SYNTH_LEGACY_DB
PH001961,9211641299,+91,Carrier_D,Maharashtra,2026-03-06,,Active,P002774,SYNTH_IDENTITY_DB
PH001962,9373795210,+91,Carrier_A,Maharashtra,2026-04-06,,Active,P004366,SYNTH_CDR_DB
PH001963,9660089102,+91,Carrier_B,Maharashtra,2017-09-27,,Active,P006601,SYNTH_CDR_DB
PH001964,9778141247,+91,Carrier_A,Maharashtra,2013-07-19,,Active,P003668,SYNTH_TELECOM_DB
PH001965,9364659241,+91,Carrier_E,Maharashtra,2015-11-02,2017-08-22,Inactive,P005923,SYNTH_TELECOM_DB
PH001966,9501194336,+91,Carrier_E,Maharashtra,2013-10-15,2014-12-15,Inactive,P006019,SYNTH_CDR_DB
PH001967,9548065804,+91,Carrier_A,Maharashtra,2017-05-05,,Active,P004773,SYNTH_IDENTITY_DB
PH001968,9354242853,+91,Carrier_C,Maharashtra,2013-10-03,,Active,P003642,SYNTH_TELECOM_DB
PH001969,9562855965,+91,Carrier_C,Maharashtra,2016-10-25,,Active,P004886,SYNTH_LEGACY_DB
PH001970,9569563587,+91,Carrier_B,Maharashtra,2019-06-05,,Active,P000054,SYNTH_TELECOM_DB
PH001971,9432471909,+91,Carrier_B,Maharashtra,2017-04-15,2019-02-13,Suspended,P004860,SYNTH_LEGACY_DB
PH001972,9207206585,+91,Carrier_B,Maharashtra,2024-09-02,,Active,P005575,SYNTH_TELECOM_DB
PH001973,9328905423,+91,Carrier_D,Maharashtra,2026-08-20,2026-08-29,Reassigned,P005828,SYNTH_CDR_DB
PH001974,9475770963,+91,Carrier_A,Maharashtra,2013-09-08,,Active,P001832,SYNTH_TELECOM_DB
PH001975,9665574874,+91,Carrier_C,Maharashtra,2011-11-07,,Active,P002765,SYNTH_TELECOM_DB
PH001976,9597478946,+91,Carrier_B,Maharashtra,2020-05-23,2024-03-24,Inactive,P003680,SYNTH_TELECOM_DB
PH001977,9170410605,+91,Carrier_B,Maharashtra,2015-09-12,,Active,P003418,SYNTH_TELECOM_DB
PH001978,9164034725,+91,Carrier_C,Maharashtra,2010-03-16,,Active,P004783,SYNTH_TELECOM_DB
PH001979,9810893150,+91,Carrier_A,Maharashtra,2025-07-20,2026-08-29,Inactive,P002487,SYNTH_IDENTITY_DB
PH001980,9431532908,+91,Carrier_C,Maharashtra,2020-07-13,2022-08-21,Suspended,P005122,SYNTH_TELECOM_DB
PH001981,9710043399,+91,Carrier_A,Maharashtra,2020-10-27,,Active,P001947,SYNTH_CDR_DB
PH001982,9254456937,+91,Carrier_B,Maharashtra,2012-09-10,2014-12-15,Suspended,P001279,SYNTH_CDR_DB
PH001983,9439612521,+91,Carrier_A,Maharashtra,2022-06-14,,Active,P006392,SYNTH_TELECOM_DB
PH001984,9614267343,+91,Carrier_A,Maharashtra,2010-07-01,2012-02-24,Inactive,P004644,SYNTH_TELECOM_DB
PH001985,9245182084,+91,Carrier_B,Maharashtra,2023-04-12,,Active,P005604,SYNTH_IDENTITY_DB
PH001986,9911057825,+91,Carrier_A,Maharashtra,2022-03-05,2024-01-21,Suspended,P004460,SYNTH_TELECOM_DB
PH001987,9442030343,+91,Carrier_A,Maharashtra,2016-09-25,,Active,P004151,SYNTH_LEGACY_DB
PH001988,9361651817,+91,Carrier_D,Maharashtra,2017-01-07,,Active,P000121,SYNTH_TELECOM_DB
PH001989,9188479133,+91,Carrier_B,Maharashtra,2025-04-14,2026-08-29,Inactive,P000188,SYNTH_IDENTITY_DB
PH001990,9662606462,+91,Carrier_C,Maharashtra,2022-05-29,,Active,P000214,SYNTH_IDENTITY_DB
PH001991,9443711151,+91,Carrier_B,Maharashtra,2014-06-19,,Active,P001868,SYNTH_LEGACY_DB
PH001992,9412527194,+91,Carrier_C,Maharashtra,2011-06-02,,Active,P006597,SYNTH_CDR_DB
PH001993,9821914361,+91,Carrier_A,Maharashtra,2018-08-24,,Active,P002929,SYNTH_TELECOM_DB
PH001994,9413455633,+91,Carrier_E,Maharashtra,2011-06-11,2014-07-24,Inactive,P005869,SYNTH_TELECOM_DB
PH001995,9667834637,+91,Carrier_C,Maharashtra,2020-03-22,2022-10-01,Suspended,P002975,SYNTH_CDR_DB
PH001996,9896309495,+91,Carrier_A,Maharashtra,2013-01-03,,Active,P000813,SYNTH_TELECOM_DB
PH001997,9396922120,+91,Carrier_A,Maharashtra,2025-07-30,,Active,P001073,SYNTH_TELECOM_DB
PH001998,9325100258,+91,Carrier_A,Maharashtra,2011-03-23,,Active,P006132,SYNTH_TELECOM_DB
PH001999,9186175571,+91,Carrier_B,Maharashtra,2017-08-16,,Active,P006187,SYNTH_LEGACY_DB
PH002000,9734667015,+91,Carrier_B,Maharashtra,2022-07-04,2023-08-27,Suspended,P005224,SYNTH_TELECOM_DB
PH002001,9173632095,+91,Carrier_A,Maharashtra,2011-06-07,2011-10-22,Inactive,P004646,SYNTH_TELECOM_DB
PH002002,9745769060,+91,Carrier_D,Maharashtra,2025-02-26,,Active,P002416,SYNTH_CDR_DB
PH002003,9399784774,+91,Carrier_C,Maharashtra,2011-02-06,2018-09-17,Reassigned,P005040,SYNTH_LEGACY_DB
PH002004,9950769762,+91,Carrier_A,Maharashtra,2020-06-06,2024-01-17,Inactive,P003940,SYNTH_IDENTITY_DB
PH002005,9616446351,+91,Carrier_D,Maharashtra,2014-04-02,,Active,P006731,SYNTH_TELECOM_DB
PH002006,9258622801,+91,Carrier_A,Maharashtra,2017-04-18,,Active,P006496,SYNTH_TELECOM_DB
PH002007,9745972072,+91,Carrier_C,Maharashtra,2015-02-27,,Active,P003810,SYNTH_LEGACY_DB
PH002008,9843138655,+91,Carrier_A,Maharashtra,2010-04-22,2018-02-04,Reassigned,P005906,SYNTH_TELECOM_DB
PH002009,9364438244,+91,Carrier_A,Maharashtra,2021-05-03,,Active,P001275,SYNTH_TELECOM_DB
PH002010,9848349089,+91,Carrier_A,Maharashtra,2024-12-03,,Active,P005844,SYNTH_TELECOM_DB
PH002011,9824072097,+91,Carrier_E,Maharashtra,2020-10-01,,Active,P001967,SYNTH_TELECOM_DB
PH002012,9547969731,+91,Carrier_B,Maharashtra,2021-03-11,,Active,P001755,SYNTH_IDENTITY_DB
PH002013,9122487059,+91,Carrier_C,Maharashtra,2019-11-23,2022-03-31,Suspended,P001456,SYNTH_TELECOM_DB
PH002014,9427789204,+91,Carrier_B,Maharashtra,2015-06-19,,Active,P002450,SYNTH_TELECOM_DB
PH002015,9548315583,+91,Carrier_A,Maharashtra,2020-06-16,,Active,P006489,SYNTH_TELECOM_DB
PH002016,9443235400,+91,Carrier_B,Maharashtra,2019-09-10,,Active,P002135,SYNTH_IDENTITY_DB
PH002017,9717560863,+91,Carrier_C,Maharashtra,2023-05-19,,Active,P005538,SYNTH_TELECOM_DB
PH002018,9584078227,+91,Carrier_E,Maharashtra,2011-08-18,,Active,P006359,SYNTH_TELECOM_DB
PH002019,9203166481,+91,Carrier_B,Maharashtra,2018-06-12,,Active,P005416,SYNTH_CDR_DB
PH002020,9611280638,+91,Carrier_A,Maharashtra,2017-07-22,,Active,P000290,SYNTH_CDR_DB
PH002021,9948852791,+91,Carrier_A,Maharashtra,2024-01-02,,Active,P003497,SYNTH_IDENTITY_DB
PH002022,9772616300,+91,Carrier_B,Maharashtra,2015-01-18,,Active,P001236,SYNTH_TELECOM_DB
PH002023,9773177932,+91,Carrier_C,Maharashtra,2022-07-13,,Active,P002701,SYNTH_IDENTITY_DB
PH002024,9598684256,+91,Carrier_A,Maharashtra,2022-12-10,,Active,P004126,SYNTH_CDR_DB
PH002025,9323309948,+91,Carrier_E,Maharashtra,2016-10-22,2017-04-25,Reassigned,P000870,SYNTH_TELECOM_DB
PH002026,9690115457,+91,Carrier_A,Maharashtra,2014-07-07,2019-06-14,Inactive,P003813,SYNTH_TELECOM_DB
PH002027,9160221130,+91,Carrier_B,Maharashtra,2022-11-02,2026-08-29,Inactive,P004946,SYNTH_TELECOM_DB
PH002028,9112138556,+91,Carrier_E,Maharashtra,2017-07-17,,Active,P000919,SYNTH_CDR_DB
PH002029,9195852365,+91,Carrier_E,Maharashtra,2025-05-31,,Active,P006287,SYNTH_TELECOM_DB
PH002030,9298939698,+91,Carrier_B,Maharashtra,2014-03-06,,Active,P000148,SYNTH_CDR_DB
PH002031,9458138730,+91,Carrier_D,Maharashtra,2019-09-30,,Active,P005417,SYNTH_TELECOM_DB
PH002032,9145637878,+91,Carrier_D,Maharashtra,2024-06-19,,Active,P006254,SYNTH_CDR_DB
PH002033,9422610838,+91,Carrier_C,Maharashtra,2013-05-04,,Active,P006660,SYNTH_TELECOM_DB
PH002034,9723589213,+91,Carrier_E,Maharashtra,2018-05-24,,Active,P000372,SYNTH_CDR_DB
PH002035,9302738776,+91,Carrier_C,Maharashtra,2021-06-05,,Active,P005629,SYNTH_TELECOM_DB
PH002036,9307554461,+91,Carrier_A,Maharashtra,2020-06-17,,Active,P003061,SYNTH_TELECOM_DB
PH002037,9572567663,+91,Carrier_C,Maharashtra,2021-01-16,,Active,P003593,SYNTH_TELECOM_DB
PH002038,9522757492,+91,Carrier_B,Maharashtra,2019-11-05,,Active,P006266,SYNTH_TELECOM_DB
PH002039,9383031399,+91,Carrier_A,Maharashtra,2021-10-07,,Active,P003636,SYNTH_TELECOM_DB
PH002040,9474528621,+91,Carrier_C,Maharashtra,2015-07-23,,Active,P001329,SYNTH_TELECOM_DB
PH002041,9802458201,+91,Carrier_A,Maharashtra,2018-12-03,,Active,P003566,SYNTH_IDENTITY_DB
PH002042,9496187063,+91,Carrier_E,Maharashtra,2017-01-24,,Active,P000428,SYNTH_LEGACY_DB
PH002043,9112822012,+91,Carrier_D,Maharashtra,2014-04-12,,Active,P002776,SYNTH_CDR_DB
PH002044,9890639127,+91,Carrier_C,Maharashtra,2021-04-12,,Active,P000182,SYNTH_CDR_DB
PH002045,9783784556,+91,Carrier_A,Maharashtra,2014-01-05,2021-10-24,Reassigned,P000793,SYNTH_TELECOM_DB
PH002046,9935771351,+91,Carrier_B,Maharashtra,2012-08-31,2015-02-06,Inactive,P000636,SYNTH_TELECOM_DB
PH002047,9157172189,+91,Carrier_A,Maharashtra,2010-11-02,,Active,P001732,SYNTH_TELECOM_DB
PH002048,9794328120,+91,Carrier_B,Maharashtra,2017-03-13,2023-10-06,Reassigned,P005815,SYNTH_CDR_DB
PH002049,9374194772,+91,Carrier_B,Maharashtra,2023-11-04,,Active,P006613,SYNTH_TELECOM_DB
PH002050,9236021124,+91,Carrier_A,Maharashtra,2010-09-12,2010-10-17,Suspended,P004661,SYNTH_LEGACY_DB
PH002051,9887168282,+91,Carrier_A,Maharashtra,2024-06-03,,Active,P005195,SYNTH_IDENTITY_DB
PH002052,9740002574,+91,Carrier_A,Maharashtra,2019-01-12,,Active,P000978,SYNTH_LEGACY_DB
PH002053,9969621256,+91,Carrier_C,Maharashtra,2015-07-05,,Active,P003435,SYNTH_IDENTITY_DB
PH002054,9585709980,+91,Carrier_B,Maharashtra,2021-04-04,,Active,P002797,SYNTH_TELECOM_DB
PH002055,9635564999,+91,Carrier_B,Maharashtra,2018-09-16,,Active,P005383,SYNTH_TELECOM_DB
PH002056,9277136090,+91,Carrier_A,Maharashtra,2025-01-12,,Active,P000376,SYNTH_TELECOM_DB
PH002057,9364974112,+91,Carrier_D,Maharashtra,2011-09-10,,Active,P002705,SYNTH_TELECOM_DB
PH002058,9953073626,+91,Carrier_C,Maharashtra,2013-04-12,,Active,P006194,SYNTH_LEGACY_DB
PH002059,9582554406,+91,Carrier_C,Maharashtra,2011-07-05,,Active,P001626,SYNTH_TELECOM_DB
PH002060,9538743749,+91,Carrier_A,Maharashtra,2015-03-29,,Active,P000123,SYNTH_TELECOM_DB
PH002061,9929631723,+91,Carrier_C,Maharashtra,2019-05-15,,Active,P004856,SYNTH_TELECOM_DB
PH002062,9725120864,+91,Carrier_B,Maharashtra,2025-07-26,,Active,P000131,SYNTH_LEGACY_DB
PH002063,9155030226,+91,Carrier_B,Maharashtra,2014-09-14,,Active,P001341,SYNTH_TELECOM_DB
PH002064,9920483097,+91,Carrier_A,Maharashtra,2020-11-06,,Active,P004243,SYNTH_TELECOM_DB
PH002065,9725153963,+91,Carrier_A,Maharashtra,2010-10-10,2015-05-19,Inactive,P003278,SYNTH_TELECOM_DB
PH002066,9760260224,+91,Carrier_B,Maharashtra,2021-01-13,2026-08-29,Inactive,P006121,SYNTH_IDENTITY_DB
PH002067,9229724143,+91,Carrier_B,Maharashtra,2023-01-06,,Active,P000183,SYNTH_TELECOM_DB
PH002068,9814653150,+91,Carrier_E,Maharashtra,2021-07-04,,Active,P004304,SYNTH_TELECOM_DB
PH002069,9331797296,+91,Carrier_A,Maharashtra,2026-02-28,,Active,P005506,SYNTH_IDENTITY_DB
PH002070,9624570758,+91,Carrier_B,Maharashtra,2025-01-31,2026-08-29,Reassigned,P006140,SYNTH_CDR_DB
PH002071,9162752622,+91,Carrier_A,Maharashtra,2021-07-30,2023-04-14,Inactive,P000394,SYNTH_TELECOM_DB
PH002072,9970519950,+91,Carrier_D,Maharashtra,2017-02-16,2023-01-05,Inactive,P006246,SYNTH_TELECOM_DB
PH002073,9916975713,+91,Carrier_C,Maharashtra,2026-02-18,,Active,P006935,SYNTH_TELECOM_DB
PH002074,9775438272,+91,Carrier_D,Maharashtra,2020-07-29,2026-08-29,Inactive,P001522,SYNTH_TELECOM_DB
PH002075,9520552148,+91,Carrier_B,Maharashtra,2019-04-08,2022-08-14,Inactive,P000410,SYNTH_TELECOM_DB
PH002076,9242833260,+91,Carrier_A,Maharashtra,2011-03-22,,Active,P003362,SYNTH_TELECOM_DB
PH002077,9635796980,+91,Carrier_C,Maharashtra,2013-03-20,,Active,P000109,SYNTH_LEGACY_DB
PH002078,9209548503,+91,Carrier_C,Maharashtra,2020-08-26,,Active,P004734,SYNTH_TELECOM_DB
PH002079,9816569080,+91,Carrier_B,Maharashtra,2022-12-17,,Active,P002051,SYNTH_IDENTITY_DB
PH002080,9644562645,+91,Carrier_C,Maharashtra,2013-07-28,,Active,P005594,SYNTH_LEGACY_DB
PH002081,9655237620,+91,Carrier_B,Maharashtra,2024-11-11,,Active,P004083,SYNTH_IDENTITY_DB
PH002082,9929966408,+91,Carrier_C,Maharashtra,2024-06-13,2026-08-29,Inactive,P004911,SYNTH_TELECOM_DB
PH002083,9694182263,+91,Carrier_B,Maharashtra,2025-12-25,2026-06-16,Inactive,P005210,SYNTH_TELECOM_DB
PH002084,9551405603,+91,Carrier_C,Maharashtra,2024-09-12,,Active,P002911,SYNTH_TELECOM_DB
PH002085,9672361663,+91,Carrier_A,Maharashtra,2022-01-26,2024-08-19,Inactive,P003406,SYNTH_CDR_DB
PH002086,9441797484,+91,Carrier_A,Maharashtra,2013-01-23,2016-11-15,Inactive,P006121,SYNTH_IDENTITY_DB
PH002087,9770044894,+91,Carrier_D,Maharashtra,2026-06-12,2026-08-29,Reassigned,P004467,SYNTH_TELECOM_DB
PH002088,9594663570,+91,Carrier_A,Maharashtra,2018-04-20,,Active,P000581,SYNTH_CDR_DB
PH002089,9534761289,+91,Carrier_A,Maharashtra,2025-09-25,2026-08-29,Inactive,P003046,SYNTH_LEGACY_DB
PH002090,9980324285,+91,Carrier_D,Maharashtra,2019-08-12,,Active,P001149,SYNTH_CDR_DB
PH002091,9524952906,+91,Carrier_B,Maharashtra,2023-09-14,,Active,P002174,SYNTH_TELECOM_DB
PH002092,9797441225,+91,Carrier_D,Maharashtra,2011-03-27,,Active,P004896,SYNTH_TELECOM_DB
PH002093,9251624792,+91,Carrier_E,Maharashtra,2024-07-12,2025-03-12,Reassigned,P004493,SYNTH_TELECOM_DB
PH002094,9776427238,+91,Carrier_D,Maharashtra,2020-10-21,2026-08-29,Reassigned,P002288,SYNTH_CDR_DB
PH002095,9433310216,+91,Carrier_C,Maharashtra,2021-09-18,,Active,P006526,SYNTH_TELECOM_DB
PH002096,9265418575,+91,Carrier_A,Maharashtra,2022-07-01,,Active,P001126,SYNTH_CDR_DB
PH002097,9236764279,+91,Carrier_C,Maharashtra,2020-06-25,2024-09-17,Inactive,P004708,SYNTH_IDENTITY_DB
PH002098,9526048278,+91,Carrier_A,Maharashtra,2020-10-31,,Active,P006967,SYNTH_CDR_DB
PH002099,9715785965,+91,Carrier_A,Maharashtra,2017-05-12,,Active,P001282,SYNTH_TELECOM_DB
PH002100,9467476868,+91,Carrier_A,Maharashtra,2018-05-11,,Active,P003306,SYNTH_TELECOM_DB
PH002101,9671202142,+91,Carrier_D,Maharashtra,2016-03-24,2018-01-18,Inactive,P003039,SYNTH_TELECOM_DB
PH002102,9223718099,+91,Carrier_A,Maharashtra,2016-08-15,2017-03-06,Suspended,P003032,SYNTH_CDR_DB
PH002103,9460825263,+91,Carrier_A,Maharashtra,2023-07-23,,Active,P004496,SYNTH_TELECOM_DB
PH002104,9855519515,+91,Carrier_B,Maharashtra,2014-01-31,2014-04-12,Suspended,P000909,SYNTH_TELECOM_DB
PH002105,9100301412,+91,Carrier_B,Maharashtra,2013-10-23,,Active,P000270,SYNTH_CDR_DB
PH002106,9905473046,+91,Carrier_B,Maharashtra,2019-05-26,2022-01-08,Suspended,P006456,SYNTH_TELECOM_DB
PH002107,9320308182,+91,Carrier_A,Maharashtra,2012-05-14,,Active,P004613,SYNTH_IDENTITY_DB
PH002108,9687060843,+91,Carrier_C,Maharashtra,2018-06-01,,Active,P006282,SYNTH_TELECOM_DB
PH002109,9876298321,+91,Carrier_E,Maharashtra,2024-05-17,,Active,P004540,SYNTH_IDENTITY_DB
PH002110,9305918825,+91,Carrier_D,Maharashtra,2011-06-07,,Active,P004156,SYNTH_IDENTITY_DB
PH002111,9152133748,+91,Carrier_A,Maharashtra,2020-09-24,,Active,P006868,SYNTH_TELECOM_DB
PH002112,9761036071,+91,Carrier_A,Maharashtra,2022-01-14,,Active,P004393,SYNTH_TELECOM_DB
PH002113,9101697139,+91,Carrier_B,Maharashtra,2022-05-04,,Active,P003657,SYNTH_TELECOM_DB
PH002114,9663512705,+91,Carrier_C,Maharashtra,2021-05-16,,Active,P002414,SYNTH_TELECOM_DB
PH002115,9843464089,+91,Carrier_C,Maharashtra,2023-11-20,,Active,P000937,SYNTH_TELECOM_DB
PH002116,9262119245,+91,Carrier_D,Maharashtra,2018-07-21,,Active,P000726,SYNTH_IDENTITY_DB
PH002117,9955597465,+91,Carrier_A,Maharashtra,2013-12-15,2016-09-05,Suspended,P004119,SYNTH_TELECOM_DB
PH002118,9687004273,+91,Carrier_B,Maharashtra,2025-02-13,2025-11-27,Inactive,P001846,SYNTH_IDENTITY_DB
PH002119,9204021684,+91,Carrier_C,Maharashtra,2026-05-13,,Active,P005032,SYNTH_IDENTITY_DB
PH002120,9146585497,+91,Carrier_A,Maharashtra,2026-01-13,,Active,P002803,SYNTH_TELECOM_DB
PH002121,9543339155,+91,Carrier_A,Maharashtra,2012-01-20,,Active,P002215,SYNTH_TELECOM_DB
PH002122,9961105151,+91,Carrier_B,Maharashtra,2013-02-22,,Active,P000470,SYNTH_IDENTITY_DB
PH002123,9948580789,+91,Carrier_A,Maharashtra,2021-06-05,,Active,P006489,SYNTH_TELECOM_DB
PH002124,9919469993,+91,Carrier_A,Maharashtra,2024-05-15,,Active,P005484,SYNTH_CDR_DB
PH002125,9710385254,+91,Carrier_B,Maharashtra,2019-11-27,,Active,P001203,SYNTH_LEGACY_DB
PH002126,9290399712,+91,Carrier_B,Maharashtra,2026-02-23,,Active,P001137,SYNTH_LEGACY_DB
PH002127,9895804675,+91,Carrier_B,Maharashtra,2015-12-04,,Active,P000480,SYNTH_TELECOM_DB
PH002128,9628656116,+91,Carrier_E,Maharashtra,2016-06-22,,Active,P004686,SYNTH_TELECOM_DB
PH002129,9919761172,+91,Carrier_B,Maharashtra,2012-05-20,,Active,P006703,SYNTH_IDENTITY_DB
PH002130,9164730699,+91,Carrier_B,Maharashtra,2013-07-02,2015-05-07,Suspended,P000721,SYNTH_CDR_DB
PH002131,9811156901,+91,Carrier_A,Maharashtra,2024-02-04,,Active,P000396,SYNTH_TELECOM_DB
PH002132,9946207870,+91,Carrier_B,Maharashtra,2017-07-17,,Active,P003786,SYNTH_IDENTITY_DB
PH002133,9299768733,+91,Carrier_B,Maharashtra,2020-10-27,2025-12-09,Reassigned,P003360,SYNTH_TELECOM_DB
PH002134,9382721795,+91,Carrier_C,Maharashtra,2020-10-20,,Active,P005979,SYNTH_LEGACY_DB
PH002135,9537531540,+91,Carrier_A,Maharashtra,2018-08-16,,Active,P001794,SYNTH_IDENTITY_DB
PH002136,9595132934,+91,Carrier_B,Maharashtra,2025-06-02,,Active,P003432,SYNTH_TELECOM_DB
PH002137,9315686254,+91,Carrier_A,Maharashtra,2025-04-18,2026-01-02,Suspended,P000895,SYNTH_TELECOM_DB
PH002138,9624673575,+91,Carrier_C,Maharashtra,2022-09-17,2023-03-09,Inactive,P004078,SYNTH_TELECOM_DB
PH002139,9507922581,+91,Carrier_B,Maharashtra,2013-06-06,,Active,P000460,SYNTH_TELECOM_DB
PH002140,9724777805,+91,Carrier_B,Maharashtra,2026-03-12,2026-08-29,Reassigned,P005806,SYNTH_IDENTITY_DB
PH002141,9459957817,+91,Carrier_A,Maharashtra,2012-11-23,2016-10-24,Inactive,P003978,SYNTH_TELECOM_DB
PH002142,9519275276,+91,Carrier_B,Maharashtra,2019-07-30,,Active,P004252,SYNTH_IDENTITY_DB
PH002143,9383182219,+91,Carrier_C,Maharashtra,2021-06-27,,Active,P006436,SYNTH_TELECOM_DB
PH002144,9578125099,+91,Carrier_D,Maharashtra,2024-03-12,,Active,P001626,SYNTH_IDENTITY_DB
PH002145,9873019139,+91,Carrier_B,Maharashtra,2010-12-13,2013-04-06,Inactive,P005430,SYNTH_TELECOM_DB
PH002146,9711122591,+91,Carrier_B,Maharashtra,2019-02-19,,Active,P006406,SYNTH_TELECOM_DB
PH002147,9687657620,+91,Carrier_D,Maharashtra,2017-02-23,,Active,P000423,SYNTH_TELECOM_DB
PH002148,9300448072,+91,Carrier_A,Maharashtra,2013-08-15,,Active,P006680,SYNTH_TELECOM_DB
PH002149,9681442628,+91,Carrier_A,Maharashtra,2018-02-04,2021-09-14,Reassigned,P001220,SYNTH_TELECOM_DB
PH002150,9929151360,+91,Carrier_A,Maharashtra,2012-07-18,,Active,P001473,SYNTH_TELECOM_DB
PH002151,9822735175,+91,Carrier_A,Maharashtra,2014-08-09,2015-11-09,Suspended,P000116,SYNTH_TELECOM_DB
PH002152,9631471467,+91,Carrier_B,Maharashtra,2026-04-15,2026-08-29,Reassigned,P006665,SYNTH_TELECOM_DB
PH002153,9394320916,+91,Carrier_D,Maharashtra,2023-11-24,,Active,P004976,SYNTH_TELECOM_DB
PH002154,9960591904,+91,Carrier_B,Maharashtra,2018-01-24,,Active,P002464,SYNTH_TELECOM_DB
PH002155,9619173208,+91,Carrier_B,Maharashtra,2026-05-13,2026-08-29,Reassigned,P006446,SYNTH_TELECOM_DB
PH002156,9589753342,+91,Carrier_B,Maharashtra,2012-04-21,,Active,P004856,SYNTH_TELECOM_DB
PH002157,9769340746,+91,Carrier_C,Maharashtra,2020-04-26,,Active,P004271,SYNTH_IDENTITY_DB
PH002158,9111490876,+91,Carrier_A,Maharashtra,2024-05-21,2025-04-03,Reassigned,P001068,SYNTH_TELECOM_DB
PH002159,9166719217,+91,Carrier_E,Maharashtra,2021-08-10,,Active,P003068,SYNTH_TELECOM_DB
PH002160,9850947867,+91,Carrier_C,Maharashtra,2020-02-06,,Active,P004243,SYNTH_CDR_DB
PH002161,9517456902,+91,Carrier_D,Maharashtra,2018-07-07,,Active,P005374,SYNTH_IDENTITY_DB
PH002162,9762555687,+91,Carrier_B,Maharashtra,2017-02-10,,Active,P003490,SYNTH_TELECOM_DB
PH002163,9957995366,+91,Carrier_D,Maharashtra,2019-02-11,,Active,P006645,SYNTH_TELECOM_DB
PH002164,9897253653,+91,Carrier_D,Maharashtra,2013-06-02,,Active,P005892,SYNTH_TELECOM_DB
PH002165,9624275763,+91,Carrier_C,Maharashtra,2025-05-05,2026-08-29,Inactive,P003718,SYNTH_LEGACY_DB
PH002166,9532231940,+91,Carrier_B,Maharashtra,2023-01-06,,Active,P002123,SYNTH_TELECOM_DB
PH002167,9431544172,+91,Carrier_C,Maharashtra,2010-01-01,2016-01-09,Reassigned,P006766,SYNTH_TELECOM_DB
PH002168,9355583255,+91,Carrier_B,Maharashtra,2021-05-19,,Active,P002242,SYNTH_IDENTITY_DB
PH002169,9924250875,+91,Carrier_A,Maharashtra,2011-08-12,2018-02-07,Inactive,P006399,SYNTH_TELECOM_DB
PH002170,9424935764,+91,Carrier_C,Maharashtra,2015-12-04,,Active,P000772,SYNTH_IDENTITY_DB
PH002171,9102183777,+91,Carrier_C,Maharashtra,2019-12-18,2025-07-27,Inactive,P002225,SYNTH_CDR_DB
PH002172,9283695325,+91,Carrier_A,Maharashtra,2025-05-05,,Active,P004059,SYNTH_CDR_DB
PH002173,9550950723,+91,Carrier_C,Maharashtra,2011-08-05,,Active,P003715,SYNTH_TELECOM_DB
PH002174,9863001604,+91,Carrier_A,Maharashtra,2020-05-15,2024-05-02,Inactive,P003955,SYNTH_TELECOM_DB
PH002175,9916535215,+91,Carrier_A,Maharashtra,2010-12-31,,Active,P001038,SYNTH_TELECOM_DB
PH002176,9921784487,+91,Carrier_A,Maharashtra,2015-05-13,,Active,P001785,SYNTH_TELECOM_DB
PH002177,9964006776,+91,Carrier_C,Maharashtra,2021-10-08,2021-12-23,Suspended,P005820,SYNTH_TELECOM_DB
PH002178,9118056359,+91,Carrier_B,Maharashtra,2013-08-23,2019-12-31,Inactive,P006181,SYNTH_TELECOM_DB
PH002179,9808231113,+91,Carrier_B,Maharashtra,2020-12-29,,Active,P004923,SYNTH_LEGACY_DB
PH002180,9508521239,+91,Carrier_B,Maharashtra,2013-01-12,,Active,P003706,SYNTH_TELECOM_DB
PH002181,9438138904,+91,Carrier_A,Maharashtra,2011-04-26,,Active,P005283,SYNTH_TELECOM_DB
PH002182,9491383069,+91,Carrier_D,Maharashtra,2015-06-19,,Active,P000964,SYNTH_CDR_DB
PH002183,9643768565,+91,Carrier_A,Maharashtra,2024-12-23,2025-12-29,Suspended,P003026,SYNTH_CDR_DB
PH002184,9378287460,+91,Carrier_C,Maharashtra,2023-10-18,,Active,P002645,SYNTH_TELECOM_DB
PH002185,9412717656,+91,Carrier_B,Maharashtra,2021-09-19,,Active,P004153,SYNTH_TELECOM_DB
PH002186,9965346062,+91,Carrier_C,Maharashtra,2010-09-13,,Active,P005539,SYNTH_TELECOM_DB
PH002187,9156523122,+91,Carrier_A,Maharashtra,2017-12-14,2022-11-11,Inactive,P005319,SYNTH_TELECOM_DB
PH002188,9245080691,+91,Carrier_C,Maharashtra,2014-10-15,2016-04-17,Suspended,P006787,SYNTH_TELECOM_DB
PH002189,9940888701,+91,Carrier_D,Maharashtra,2011-01-08,,Active,P001311,SYNTH_IDENTITY_DB
PH002190,9808695306,+91,Carrier_C,Maharashtra,2022-03-17,,Active,P001430,SYNTH_TELECOM_DB
PH002191,9416645249,+91,Carrier_E,Maharashtra,2012-04-23,,Active,P003103,SYNTH_TELECOM_DB
PH002192,9728970728,+91,Carrier_B,Maharashtra,2025-07-21,2026-08-29,Inactive,P003370,SYNTH_IDENTITY_DB
PH002193,9230541555,+91,Carrier_B,Maharashtra,2022-04-11,,Active,P004291,SYNTH_TELECOM_DB
PH002194,9750686362,+91,Carrier_D,Maharashtra,2025-11-05,,Active,P004602,SYNTH_TELECOM_DB
PH002195,9791493506,+91,Carrier_A,Maharashtra,2021-02-07,,Active,P004056,SYNTH_CDR_DB
PH002196,9621704328,+91,Carrier_A,Maharashtra,2012-09-06,,Active,P005662,SYNTH_CDR_DB
PH002197,9622750801,+91,Carrier_C,Maharashtra,2013-11-19,2015-09-15,Suspended,P006912,SYNTH_CDR_DB
PH002198,9776846404,+91,Carrier_C,Maharashtra,2019-06-11,,Active,P002416,SYNTH_TELECOM_DB
PH002199,9177246066,+91,Carrier_C,Maharashtra,2018-07-23,,Active,P005031,SYNTH_TELECOM_DB
PH002200,9974355035,+91,Carrier_A,Maharashtra,2022-04-13,,Active,P005072,SYNTH_TELECOM_DB
PH002201,9148185036,+91,Carrier_A,Maharashtra,2018-04-13,,Active,P002909,SYNTH_TELECOM_DB
PH002202,9968537349,+91,Carrier_B,Maharashtra,2011-06-24,,Active,P004704,SYNTH_CDR_DB
PH002203,9192502102,+91,Carrier_A,Maharashtra,2022-12-07,2024-05-27,Suspended,P003230,SYNTH_IDENTITY_DB
PH002204,9176296745,+91,Carrier_B,Maharashtra,2012-08-25,,Active,P003881,SYNTH_CDR_DB
PH002205,9635586751,+91,Carrier_A,Maharashtra,2020-04-04,,Active,P001722,SYNTH_TELECOM_DB
PH002206,9904180470,+91,Carrier_A,Maharashtra,2015-10-21,,Active,P006778,SYNTH_CDR_DB
PH002207,9987570854,+91,Carrier_B,Maharashtra,2021-08-08,2026-08-29,Inactive,P000292,SYNTH_CDR_DB
PH002208,9426082456,+91,Carrier_B,Maharashtra,2025-08-31,2026-08-29,Reassigned,P000734,SYNTH_IDENTITY_DB
PH002209,9601415794,+91,Carrier_D,Maharashtra,2010-01-29,2016-03-05,Inactive,P000348,SYNTH_TELECOM_DB
PH002210,9859752599,+91,Carrier_D,Maharashtra,2012-08-08,2015-04-04,Reassigned,P006975,SYNTH_CDR_DB
PH002211,9995202647,+91,Carrier_B,Maharashtra,2015-02-13,,Active,P003827,SYNTH_TELECOM_DB
PH002212,9182460858,+91,Carrier_A,Maharashtra,2017-12-23,,Active,P003747,SYNTH_TELECOM_DB
PH002213,9123548976,+91,Carrier_B,Maharashtra,2022-05-30,2025-09-24,Inactive,P003098,SYNTH_TELECOM_DB
PH002214,9497464685,+91,Carrier_D,Maharashtra,2020-04-05,2026-06-26,Inactive,P004131,SYNTH_LEGACY_DB
PH002215,9809406172,+91,Carrier_C,Maharashtra,2013-09-14,2014-05-14,Suspended,P003368,SYNTH_TELECOM_DB
PH002216,9579594063,+91,Carrier_A,Maharashtra,2021-09-14,,Active,P001341,SYNTH_CDR_DB
PH002217,9394426810,+91,Carrier_A,Maharashtra,2021-11-09,,Active,P000858,SYNTH_TELECOM_DB
PH002218,9403139613,+91,Carrier_B,Maharashtra,2019-05-28,,Active,P001389,SYNTH_CDR_DB
PH002219,9582017563,+91,Carrier_B,Maharashtra,2017-03-12,,Active,P004362,SYNTH_TELECOM_DB
PH002220,9541023062,+91,Carrier_E,Maharashtra,2014-11-29,2015-06-07,Inactive,P002067,SYNTH_CDR_DB
PH002221,9943518437,+91,Carrier_B,Maharashtra,2016-08-16,2018-01-29,Inactive,P000651,SYNTH_TELECOM_DB
PH002222,9265198586,+91,Carrier_A,Maharashtra,2014-09-03,2022-07-18,Reassigned,P002044,SYNTH_IDENTITY_DB
PH002223,9578046666,+91,Carrier_B,Maharashtra,2025-09-29,,Active,P000078,SYNTH_CDR_DB
PH002224,9398369821,+91,Carrier_C,Maharashtra,2018-05-18,,Active,P004423,SYNTH_TELECOM_DB
PH002225,9139935145,+91,Carrier_B,Maharashtra,2018-12-27,,Active,P004311,SYNTH_TELECOM_DB
PH002226,9754314467,+91,Carrier_A,Maharashtra,2014-02-10,,Active,P003821,SYNTH_IDENTITY_DB
PH002227,9776342936,+91,Carrier_B,Maharashtra,2022-06-09,,Active,P005479,SYNTH_TELECOM_DB
PH002228,9670482173,+91,Carrier_A,Maharashtra,2022-06-15,,Active,P003033,SYNTH_IDENTITY_DB
PH002229,9179517556,+91,Carrier_E,Maharashtra,2015-04-18,2016-08-07,Inactive,P003049,SYNTH_TELECOM_DB
PH002230,9834999337,+91,Carrier_B,Maharashtra,2024-01-02,,Active,P006383,SYNTH_CDR_DB
PH002231,9832328869,+91,Carrier_A,Maharashtra,2011-05-24,2013-08-02,Reassigned,P003430,SYNTH_LEGACY_DB
PH002232,9457588300,+91,Carrier_B,Maharashtra,2020-12-15,,Active,P005987,SYNTH_LEGACY_DB
PH002233,9365806252,+91,Carrier_A,Maharashtra,2022-01-23,,Active,P000291,SYNTH_TELECOM_DB
PH002234,9509223691,+91,Carrier_B,Maharashtra,2011-11-04,,Active,P001461,SYNTH_TELECOM_DB
PH002235,9759492446,+91,Carrier_B,Maharashtra,2022-03-14,2026-08-29,Inactive,P006867,SYNTH_TELECOM_DB
PH002236,9824933688,+91,Carrier_B,Maharashtra,2024-01-13,2025-08-15,Inactive,P000818,SYNTH_CDR_DB
PH002237,9278717984,+91,Carrier_B,Maharashtra,2024-06-27,,Active,P003944,SYNTH_IDENTITY_DB
PH002238,9360736735,+91,Carrier_A,Maharashtra,2022-07-12,,Active,P004538,SYNTH_LEGACY_DB
PH002239,9192062822,+91,Carrier_B,Maharashtra,2019-01-22,,Active,P000213,SYNTH_CDR_DB
PH002240,9273359281,+91,Carrier_A,Maharashtra,2023-05-14,2024-01-18,Inactive,P004672,SYNTH_IDENTITY_DB
PH002241,9462484229,+91,Carrier_B,Maharashtra,2019-01-30,2023-03-17,Inactive,P002998,SYNTH_TELECOM_DB
PH002242,9972098089,+91,Carrier_A,Maharashtra,2019-01-07,,Active,P003897,SYNTH_CDR_DB
PH002243,9650396813,+91,Carrier_B,Maharashtra,2011-11-24,,Active,P001789,SYNTH_TELECOM_DB
PH002244,9642912767,+91,Carrier_A,Maharashtra,2012-12-03,,Active,P006525,SYNTH_TELECOM_DB
PH002245,9846739582,+91,Carrier_A,Maharashtra,2026-07-21,,Active,P004605,SYNTH_TELECOM_DB
PH002246,9258576665,+91,Carrier_A,Maharashtra,2013-09-25,,Active,P005790,SYNTH_TELECOM_DB
PH002247,9142124116,+91,Carrier_B,Maharashtra,2011-01-26,,Active,P000516,SYNTH_TELECOM_DB
PH002248,9500065795,+91,Carrier_A,Maharashtra,2017-11-25,2019-04-02,Reassigned,P001314,SYNTH_CDR_DB
PH002249,9396595953,+91,Carrier_B,Maharashtra,2022-10-14,2023-11-15,Inactive,P003484,SYNTH_TELECOM_DB
PH002250,9414910165,+91,Carrier_B,Maharashtra,2010-01-29,,Active,P001630,SYNTH_TELECOM_DB
PH002251,9346111985,+91,Carrier_C,Maharashtra,2016-09-16,,Active,P004448,SYNTH_CDR_DB
PH002252,9402078568,+91,Carrier_E,Maharashtra,2020-04-08,,Active,P006673,SYNTH_TELECOM_DB
PH002253,9377593188,+91,Carrier_B,Maharashtra,2024-10-09,,Active,P006899,SYNTH_IDENTITY_DB
PH002254,9935745435,+91,Carrier_C,Maharashtra,2025-02-03,2026-06-23,Inactive,P000462,SYNTH_IDENTITY_DB
PH002255,9603309572,+91,Carrier_B,Maharashtra,2014-06-24,,Active,P005252,SYNTH_TELECOM_DB
PH002256,9622593817,+91,Carrier_B,Maharashtra,2010-03-16,2017-01-16,Reassigned,P002348,SYNTH_CDR_DB
PH002257,9408906219,+91,Carrier_B,Maharashtra,2020-08-01,2022-03-29,Inactive,P000116,SYNTH_TELECOM_DB
PH002258,9526824050,+91,Carrier_A,Maharashtra,2016-08-10,2018-10-11,Suspended,P004055,SYNTH_TELECOM_DB
PH002259,9319286579,+91,Carrier_A,Maharashtra,2018-02-28,2019-01-31,Suspended,P002933,SYNTH_TELECOM_DB
PH002260,9893624715,+91,Carrier_B,Maharashtra,2011-03-19,,Active,P005049,SYNTH_TELECOM_DB
PH002261,9503147466,+91,Carrier_D,Maharashtra,2016-10-04,,Active,P004007,SYNTH_IDENTITY_DB
PH002262,9630845953,+91,Carrier_C,Maharashtra,2018-01-30,,Active,P002850,SYNTH_IDENTITY_DB
PH002263,9780438402,+91,Carrier_A,Maharashtra,2025-08-24,,Active,P005210,SYNTH_TELECOM_DB
PH002264,9674704173,+91,Carrier_B,Maharashtra,2019-11-24,,Active,P005225,SYNTH_TELECOM_DB
PH002265,9156954442,+91,Carrier_A,Maharashtra,2024-11-14,2026-08-29,Reassigned,P001734,SYNTH_TELECOM_DB
PH002266,9491523887,+91,Carrier_B,Maharashtra,2026-06-16,,Active,P004266,SYNTH_TELECOM_DB
PH002267,9547384779,+91,Carrier_A,Maharashtra,2015-11-17,,Active,P003483,SYNTH_IDENTITY_DB
PH002268,9697983304,+91,Carrier_E,Maharashtra,2023-08-31,2023-11-05,Suspended,P001258,SYNTH_LEGACY_DB
PH002269,9666945770,+91,Carrier_C,Maharashtra,2012-10-25,,Active,P002581,SYNTH_IDENTITY_DB
PH002270,9289948375,+91,Carrier_A,Maharashtra,2026-08-10,2026-08-29,Reassigned,P000995,SYNTH_TELECOM_DB
PH002271,9210394807,+91,Carrier_B,Maharashtra,2024-09-06,,Active,P002927,SYNTH_CDR_DB
PH002272,9503797478,+91,Carrier_B,Maharashtra,2020-05-10,2022-12-06,Suspended,P004187,SYNTH_TELECOM_DB
PH002273,9852228983,+91,Carrier_B,Maharashtra,2015-10-03,2019-09-25,Reassigned,P004239,SYNTH_LEGACY_DB
PH002274,9438684326,+91,Carrier_B,Maharashtra,2018-10-03,,Active,P001866,SYNTH_TELECOM_DB
PH002275,9895579749,+91,Carrier_C,Maharashtra,2014-05-15,,Active,P000225,SYNTH_TELECOM_DB
PH002276,9435475503,+91,Carrier_C,Maharashtra,2025-05-28,2026-02-28,Inactive,P006659,SYNTH_IDENTITY_DB
PH002277,9930016508,+91,Carrier_E,Maharashtra,2014-08-13,,Active,P006053,SYNTH_CDR_DB
PH002278,9661700006,+91,Carrier_A,Maharashtra,2014-06-22,,Active,P000601,SYNTH_TELECOM_DB
PH002279,9617012315,+91,Carrier_C,Maharashtra,2011-08-09,,Active,P006702,SYNTH_TELECOM_DB
PH002280,9682303869,+91,Carrier_A,Maharashtra,2013-10-16,,Active,P002953,SYNTH_TELECOM_DB
PH002281,9679422660,+91,Carrier_E,Maharashtra,2018-11-08,,Active,P000917,SYNTH_TELECOM_DB
PH002282,9960009925,+91,Carrier_C,Maharashtra,2013-09-06,2016-04-17,Inactive,P002152,SYNTH_TELECOM_DB
PH002283,9280380013,+91,Carrier_B,Maharashtra,2013-05-23,2018-08-10,Inactive,P004529,SYNTH_CDR_DB
PH002284,9529875611,+91,Carrier_E,Maharashtra,2013-05-11,,Active,P000890,SYNTH_IDENTITY_DB
PH002285,9299841727,+91,Carrier_D,Maharashtra,2018-10-20,,Active,P002647,SYNTH_TELECOM_DB
PH002286,9915011330,+91,Carrier_C,Maharashtra,2021-04-25,2023-04-25,Suspended,P002935,SYNTH_LEGACY_DB
PH002287,9124654655,+91,Carrier_B,Maharashtra,2017-06-24,,Active,P006417,SYNTH_TELECOM_DB
PH002288,9802340686,+91,Carrier_B,Maharashtra,2022-04-08,,Active,P004904,SYNTH_TELECOM_DB
PH002289,9940662286,+91,Carrier_B,Maharashtra,2024-08-31,,Active,P001717,SYNTH_LEGACY_DB
PH002290,9919707538,+91,Carrier_A,Maharashtra,2019-08-25,,Active,P006380,SYNTH_TELECOM_DB
PH002291,9699762187,+91,Carrier_A,Maharashtra,2012-05-30,2017-10-11,Inactive,P004634,SYNTH_LEGACY_DB
PH002292,9855067047,+91,Carrier_A,Maharashtra,2017-06-27,,Active,P006809,SYNTH_LEGACY_DB
PH002293,9280415506,+91,Carrier_A,Maharashtra,2010-05-26,,Active,P006965,SYNTH_LEGACY_DB
PH002294,9667703821,+91,Carrier_D,Maharashtra,2023-04-08,,Active,P006613,SYNTH_TELECOM_DB
PH002295,9550064907,+91,Carrier_E,Maharashtra,2026-01-04,2026-08-29,Inactive,P002062,SYNTH_LEGACY_DB
PH002296,9764486135,+91,Carrier_A,Maharashtra,2017-12-23,,Active,P005286,SYNTH_CDR_DB
PH002297,9813852601,+91,Carrier_E,Maharashtra,2016-02-12,,Active,P006580,SYNTH_TELECOM_DB
PH002298,9801770195,+91,Carrier_A,Maharashtra,2023-08-12,,Active,P000399,SYNTH_TELECOM_DB
PH002299,9847368524,+91,Carrier_A,Maharashtra,2020-07-06,,Active,P002200,SYNTH_CDR_DB
PH002300,9732779289,+91,Carrier_C,Maharashtra,2011-10-24,2013-09-19,Inactive,P001916,SYNTH_TELECOM_DB
PH002301,9647213932,+91,Carrier_C,Maharashtra,2011-07-20,,Active,P006553,SYNTH_TELECOM_DB
PH002302,9866609239,+91,Carrier_A,Maharashtra,2026-08-07,,Active,P001457,SYNTH_TELECOM_DB
PH002303,9323375391,+91,Carrier_B,Maharashtra,2017-03-05,,Active,P001375,SYNTH_CDR_DB
PH002304,9714768119,+91,Carrier_B,Maharashtra,2014-07-04,,Active,P004671,SYNTH_TELECOM_DB
PH002305,9439741780,+91,Carrier_E,Maharashtra,2013-05-12,2014-02-12,Inactive,P006933,SYNTH_TELECOM_DB
PH002306,9634027499,+91,Carrier_C,Maharashtra,2024-11-18,,Active,P001928,SYNTH_TELECOM_DB
PH002307,9296119698,+91,Carrier_A,Maharashtra,2023-06-11,2026-08-29,Inactive,P006194,SYNTH_CDR_DB
PH002308,9721810957,+91,Carrier_A,Maharashtra,2023-07-04,2024-05-21,Suspended,P001909,SYNTH_TELECOM_DB
PH002309,9715433942,+91,Carrier_B,Maharashtra,2022-09-01,,Active,P003106,SYNTH_IDENTITY_DB
PH002310,9897935867,+91,Carrier_C,Maharashtra,2024-11-27,,Active,P002681,SYNTH_TELECOM_DB
PH002311,9159891240,+91,Carrier_C,Maharashtra,2017-09-28,,Active,P005857,SYNTH_TELECOM_DB
PH002312,9154998303,+91,Carrier_C,Maharashtra,2020-08-18,2021-10-14,Inactive,P004270,SYNTH_IDENTITY_DB
PH002313,9449026114,+91,Carrier_D,Maharashtra,2012-06-25,,Active,P005626,SYNTH_TELECOM_DB
PH002314,9160372819,+91,Carrier_B,Maharashtra,2019-03-30,,Active,P006969,SYNTH_CDR_DB
PH002315,9144457886,+91,Carrier_D,Maharashtra,2022-01-17,,Active,P004897,SYNTH_CDR_DB
PH002316,9269533597,+91,Carrier_B,Maharashtra,2013-03-23,2017-12-09,Reassigned,P003606,SYNTH_TELECOM_DB
PH002317,9646906204,+91,Carrier_C,Maharashtra,2012-03-22,2017-05-05,Inactive,P004780,SYNTH_IDENTITY_DB
PH002318,9683832701,+91,Carrier_B,Maharashtra,2024-08-14,,Active,P003098,SYNTH_TELECOM_DB
PH002319,9363574737,+91,Carrier_A,Maharashtra,2012-12-25,,Active,P004192,SYNTH_IDENTITY_DB
PH002320,9749942049,+91,Carrier_D,Maharashtra,2013-12-01,,Active,P003153,SYNTH_LEGACY_DB
PH002321,9110329583,+91,Carrier_C,Maharashtra,2022-12-02,,Active,P006328,SYNTH_TELECOM_DB
PH002322,9310375860,+91,Carrier_C,Maharashtra,2011-04-08,,Active,P005557,SYNTH_TELECOM_DB
PH002323,9754785939,+91,Carrier_B,Maharashtra,2017-08-30,2018-11-03,Inactive,P000779,SYNTH_TELECOM_DB
PH002324,9257319274,+91,Carrier_A,Maharashtra,2019-05-20,,Active,P005329,SYNTH_TELECOM_DB
PH002325,9130741452,+91,Carrier_A,Maharashtra,2023-02-21,,Active,P003363,SYNTH_TELECOM_DB
PH002326,9430817756,+91,Carrier_A,Maharashtra,2013-09-10,,Active,P003914,SYNTH_TELECOM_DB
PH002327,9177511690,+91,Carrier_A,Maharashtra,2020-12-21,2021-12-29,Suspended,P001285,SYNTH_CDR_DB
PH002328,9477779919,+91,Carrier_D,Maharashtra,2015-11-08,,Active,P001788,SYNTH_TELECOM_DB
PH002329,9352634057,+91,Carrier_B,Maharashtra,2011-04-05,,Active,P006661,SYNTH_CDR_DB
PH002330,9549335262,+91,Carrier_B,Maharashtra,2021-10-08,,Active,P006298,SYNTH_TELECOM_DB
PH002331,9536753107,+91,Carrier_B,Maharashtra,2012-12-02,,Active,P005850,SYNTH_TELECOM_DB
PH002332,9446452612,+91,Carrier_B,Maharashtra,2023-02-05,,Active,P001710,SYNTH_IDENTITY_DB
PH002333,9467991085,+91,Carrier_A,Maharashtra,2010-12-30,2012-08-22,Inactive,P004226,SYNTH_TELECOM_DB
PH002334,9558697127,+91,Carrier_C,Maharashtra,2021-12-12,,Active,P006429,SYNTH_TELECOM_DB
PH002335,9120265505,+91,Carrier_C,Maharashtra,2023-12-02,,Active,P006853,SYNTH_CDR_DB
PH002336,9568741341,+91,Carrier_B,Maharashtra,2012-04-16,,Active,P005622,SYNTH_TELECOM_DB
PH002337,9747281777,+91,Carrier_A,Maharashtra,2012-06-17,,Active,P000449,SYNTH_CDR_DB
PH002338,9709765687,+91,Carrier_B,Maharashtra,2012-05-04,2017-01-22,Inactive,P000481,SYNTH_TELECOM_DB
PH002339,9467686445,+91,Carrier_B,Maharashtra,2010-03-09,2014-12-23,Inactive,P001892,SYNTH_CDR_DB
PH002340,9204662471,+91,Carrier_A,Maharashtra,2025-01-12,,Active,P004314,SYNTH_CDR_DB
PH002341,9992129855,+91,Carrier_A,Maharashtra,2013-02-24,,Active,P004091,SYNTH_IDENTITY_DB
PH002342,9926069186,+91,Carrier_E,Maharashtra,2018-04-08,,Active,P006071,SYNTH_CDR_DB
PH002343,9934401213,+91,Carrier_B,Maharashtra,2015-12-22,,Active,P004667,SYNTH_CDR_DB
PH002344,9535378296,+91,Carrier_B,Maharashtra,2025-08-29,2026-08-29,Inactive,P004336,SYNTH_CDR_DB
PH002345,9276692883,+91,Carrier_E,Maharashtra,2024-10-10,,Active,P006669,SYNTH_TELECOM_DB
PH002346,9784111892,+91,Carrier_C,Maharashtra,2010-06-23,2013-11-24,Inactive,P001984,SYNTH_CDR_DB
PH002347,9939889305,+91,Carrier_A,Maharashtra,2017-10-21,2019-05-12,Suspended,P004310,SYNTH_CDR_DB
PH002348,9564421389,+91,Carrier_A,Maharashtra,2020-01-07,,Active,P002984,SYNTH_CDR_DB
PH002349,9789344898,+91,Carrier_D,Maharashtra,2019-10-17,,Active,P004628,SYNTH_CDR_DB
PH002350,9888452383,+91,Carrier_C,Maharashtra,2021-08-14,2026-08-29,Reassigned,P001443,SYNTH_LEGACY_DB
PH002351,9107285266,+91,Carrier_A,Maharashtra,2019-05-13,2024-07-19,Inactive,P001259,SYNTH_LEGACY_DB
PH002352,9880149205,+91,Carrier_C,Maharashtra,2010-04-30,,Active,P005137,SYNTH_LEGACY_DB
PH002353,9259544717,+91,Carrier_B,Maharashtra,2026-04-06,,Active,P005028,SYNTH_TELECOM_DB
PH002354,9600752427,+91,Carrier_A,Maharashtra,2015-05-24,,Active,P004335,SYNTH_TELECOM_DB
PH002355,9230112005,+91,Carrier_D,Maharashtra,2022-09-14,,Active,P003082,SYNTH_CDR_DB
PH002356,9795541875,+91,Carrier_A,Maharashtra,2014-09-15,,Active,P002659,SYNTH_TELECOM_DB
PH002357,9262541642,+91,Carrier_B,Maharashtra,2015-05-19,2016-03-23,Suspended,P001366,SYNTH_IDENTITY_DB
PH002358,9305887492,+91,Carrier_A,Maharashtra,2010-09-20,,Active,P004743,SYNTH_TELECOM_DB
PH002359,9397705507,+91,Carrier_A,Maharashtra,2026-06-05,,Active,P000060,SYNTH_CDR_DB
PH002360,9127207467,+91,Carrier_D,Maharashtra,2018-09-26,,Active,P005936,SYNTH_TELECOM_DB
PH002361,9304588997,+91,Carrier_D,Maharashtra,2017-10-28,,Active,P005815,SYNTH_CDR_DB
PH002362,9927378093,+91,Carrier_C,Maharashtra,2021-04-13,,Active,P005318,SYNTH_TELECOM_DB
PH002363,9525740000,+91,Carrier_B,Maharashtra,2012-10-27,,Active,P001968,SYNTH_TELECOM_DB
PH002364,9500932018,+91,Carrier_A,Maharashtra,2018-05-24,,Active,P003745,SYNTH_TELECOM_DB
PH002365,9749398120,+91,Carrier_B,Maharashtra,2017-06-15,,Active,P003888,SYNTH_TELECOM_DB
PH002366,9911172718,+91,Carrier_B,Maharashtra,2024-01-08,,Active,P001736,SYNTH_CDR_DB
PH002367,9289476410,+91,Carrier_A,Maharashtra,2024-07-03,,Active,P003883,SYNTH_TELECOM_DB
PH002368,9257073029,+91,Carrier_D,Maharashtra,2014-01-05,,Active,P005108,SYNTH_TELECOM_DB
PH002369,9570070298,+91,Carrier_C,Maharashtra,2023-11-15,,Active,P002202,SYNTH_CDR_DB
PH002370,9183397486,+91,Carrier_B,Maharashtra,2015-03-10,2016-06-26,Suspended,P002681,SYNTH_CDR_DB
PH002371,9928320810,+91,Carrier_D,Maharashtra,2026-02-04,,Active,P006219,SYNTH_LEGACY_DB
PH002372,9177904811,+91,Carrier_A,Maharashtra,2016-08-09,,Active,P003637,SYNTH_TELECOM_DB
PH002373,9738129935,+91,Carrier_A,Maharashtra,2018-10-24,,Active,P005337,SYNTH_TELECOM_DB
PH002374,9110430143,+91,Carrier_A,Maharashtra,2010-07-19,2010-07-30,Suspended,P005908,SYNTH_TELECOM_DB
PH002375,9833932924,+91,Carrier_A,Maharashtra,2017-04-25,,Active,P002710,SYNTH_TELECOM_DB
PH002376,9792601259,+91,Carrier_B,Maharashtra,2022-08-04,,Active,P004223,SYNTH_TELECOM_DB
PH002377,9640146980,+91,Carrier_C,Maharashtra,2016-02-10,2019-10-14,Inactive,P006514,SYNTH_LEGACY_DB
PH002378,9657151495,+91,Carrier_C,Maharashtra,2014-04-02,2019-04-28,Reassigned,P004505,SYNTH_TELECOM_DB
PH002379,9524400535,+91,Carrier_B,Maharashtra,2013-06-15,,Active,P001748,SYNTH_CDR_DB
PH002380,9155268163,+91,Carrier_A,Maharashtra,2014-07-05,2015-03-22,Suspended,P002048,SYNTH_LEGACY_DB
PH002381,9429174371,+91,Carrier_A,Maharashtra,2025-10-26,2026-08-29,Inactive,P004048,SYNTH_CDR_DB
PH002382,9789085661,+91,Carrier_B,Maharashtra,2021-12-06,,Active,P002009,SYNTH_IDENTITY_DB
PH002383,9977030422,+91,Carrier_C,Maharashtra,2022-04-25,,Active,P000573,SYNTH_TELECOM_DB
PH002384,9582686451,+91,Carrier_A,Maharashtra,2017-08-03,,Active,P002973,SYNTH_TELECOM_DB
PH002385,9426514743,+91,Carrier_B,Maharashtra,2026-07-10,,Active,P004657,SYNTH_CDR_DB
PH002386,9370706094,+91,Carrier_A,Maharashtra,2014-12-25,2015-11-07,Reassigned,P004442,SYNTH_IDENTITY_DB
PH002387,9744600116,+91,Carrier_A,Maharashtra,2017-04-23,,Active,P002017,SYNTH_TELECOM_DB
PH002388,9354079870,+91,Carrier_C,Maharashtra,2017-07-02,,Active,P006105,SYNTH_TELECOM_DB
PH002389,9978742773,+91,Carrier_B,Maharashtra,2015-01-03,,Active,P004657,SYNTH_TELECOM_DB
PH002390,9956270587,+91,Carrier_A,Maharashtra,2010-07-20,,Active,P005381,SYNTH_CDR_DB
PH002391,9378689233,+91,Carrier_B,Maharashtra,2021-05-09,,Active,P002522,SYNTH_TELECOM_DB
PH002392,9274693481,+91,Carrier_C,Maharashtra,2011-01-18,,Active,P005055,SYNTH_CDR_DB
PH002393,9674777154,+91,Carrier_A,Maharashtra,2014-05-09,,Active,P004321,SYNTH_TELECOM_DB
PH002394,9308793558,+91,Carrier_A,Maharashtra,2025-01-27,,Active,P000811,SYNTH_TELECOM_DB
PH002395,9259968382,+91,Carrier_C,Maharashtra,2024-06-11,,Active,P001986,SYNTH_TELECOM_DB
PH002396,9212259486,+91,Carrier_A,Maharashtra,2020-01-03,,Active,P002023,SYNTH_TELECOM_DB
PH002397,9102078615,+91,Carrier_B,Maharashtra,2011-08-10,,Active,P006125,SYNTH_CDR_DB
PH002398,9656916394,+91,Carrier_A,Maharashtra,2022-06-24,2024-07-31,Suspended,P006526,SYNTH_TELECOM_DB
PH002399,9170628146,+91,Carrier_A,Maharashtra,2024-11-25,,Active,P000999,SYNTH_TELECOM_DB
PH002400,9537184863,+91,Carrier_A,Maharashtra,2016-10-19,2020-09-10,Inactive,P006235,SYNTH_LEGACY_DB
PH002401,9544742373,+91,Carrier_A,Maharashtra,2019-11-06,2021-11-28,Inactive,P002643,SYNTH_LEGACY_DB
PH002402,9573323213,+91,Carrier_A,Maharashtra,2024-04-26,2025-05-20,Suspended,P002220,SYNTH_TELECOM_DB
PH002403,9738533797,+91,Carrier_A,Maharashtra,2020-05-16,,Active,P000595,SYNTH_TELECOM_DB
PH002404,9564551886,+91,Carrier_A,Maharashtra,2013-02-10,,Active,P004195,SYNTH_IDENTITY_DB
PH002405,9965117742,+91,Carrier_C,Maharashtra,2022-05-31,2023-04-25,Inactive,P006558,SYNTH_IDENTITY_DB
PH002406,9798941105,+91,Carrier_B,Maharashtra,2021-06-09,,Active,P004140,SYNTH_IDENTITY_DB
PH002407,9439134304,+91,Carrier_A,Maharashtra,2019-11-03,,Active,P002215,SYNTH_TELECOM_DB
PH002408,9139848828,+91,Carrier_B,Maharashtra,2011-04-10,,Active,P003186,SYNTH_IDENTITY_DB
PH002409,9834372288,+91,Carrier_A,Maharashtra,2013-12-03,,Active,P006699,SYNTH_TELECOM_DB
PH002410,9671012951,+91,Carrier_C,Maharashtra,2018-06-15,,Active,P006941,SYNTH_CDR_DB
PH002411,9632712291,+91,Carrier_B,Maharashtra,2011-02-06,,Active,P001028,SYNTH_TELECOM_DB
PH002412,9563950617,+91,Carrier_B,Maharashtra,2011-07-16,,Active,P004879,SYNTH_IDENTITY_DB
PH002413,9122552611,+91,Carrier_C,Maharashtra,2010-11-01,,Active,P000539,SYNTH_TELECOM_DB
PH002414,9647652903,+91,Carrier_A,Maharashtra,2013-05-24,,Active,P002538,SYNTH_TELECOM_DB
PH002415,9220239445,+91,Carrier_A,Maharashtra,2018-04-14,,Active,P005306,SYNTH_IDENTITY_DB
PH002416,9762357006,+91,Carrier_A,Maharashtra,2015-06-09,2020-01-23,Inactive,P003468,SYNTH_CDR_DB
PH002417,9388403387,+91,Carrier_C,Maharashtra,2018-04-13,,Active,P001473,SYNTH_TELECOM_DB
PH002418,9435487711,+91,Carrier_A,Maharashtra,2018-01-13,,Active,P006256,SYNTH_LEGACY_DB
PH002419,9276748433,+91,Carrier_A,Maharashtra,2026-04-30,,Active,P006022,SYNTH_TELECOM_DB
PH002420,9249155692,+91,Carrier_A,Maharashtra,2010-01-05,,Active,P003435,SYNTH_TELECOM_DB
PH002421,9119860874,+91,Carrier_A,Maharashtra,2013-04-11,,Active,P006455,SYNTH_TELECOM_DB
PH002422,9674617939,+91,Carrier_E,Maharashtra,2015-06-10,,Active,P006059,SYNTH_TELECOM_DB
PH002423,9266086344,+91,Carrier_B,Maharashtra,2016-09-14,,Active,P001391,SYNTH_IDENTITY_DB
PH002424,9802597171,+91,Carrier_B,Maharashtra,2024-08-15,,Active,P002829,SYNTH_TELECOM_DB
PH002425,9163759143,+91,Carrier_D,Maharashtra,2022-05-17,,Active,P000485,SYNTH_CDR_DB
PH002426,9821938122,+91,Carrier_A,Maharashtra,2011-06-24,2013-11-15,Inactive,P004801,SYNTH_IDENTITY_DB
PH002427,9812276667,+91,Carrier_C,Maharashtra,2013-02-10,,Active,P003150,SYNTH_TELECOM_DB
PH002428,9479544331,+91,Carrier_B,Maharashtra,2019-03-02,2023-02-22,Inactive,P002748,SYNTH_TELECOM_DB
PH002429,9497374191,+91,Carrier_D,Maharashtra,2011-02-11,,Active,P001222,SYNTH_CDR_DB
PH002430,9539900791,+91,Carrier_B,Maharashtra,2025-03-09,,Active,P000491,SYNTH_LEGACY_DB
PH002431,9323847293,+91,Carrier_A,Maharashtra,2021-10-13,,Active,P003479,SYNTH_TELECOM_DB
PH002432,9934484609,+91,Carrier_B,Maharashtra,2026-07-15,,Active,P003978,SYNTH_IDENTITY_DB
PH002433,9115330013,+91,Carrier_B,Maharashtra,2019-10-29,2022-05-01,Inactive,P004760,SYNTH_IDENTITY_DB
PH002434,9376949124,+91,Carrier_A,Maharashtra,2025-04-21,,Active,P001954,SYNTH_LEGACY_DB
PH002435,9489394998,+91,Carrier_A,Maharashtra,2023-01-23,,Active,P002881,SYNTH_CDR_DB
PH002436,9984756552,+91,Carrier_B,Maharashtra,2024-12-14,,Active,P003216,SYNTH_TELECOM_DB
PH002437,9414513041,+91,Carrier_B,Maharashtra,2019-01-23,,Active,P004997,SYNTH_TELECOM_DB
PH002438,9738952382,+91,Carrier_A,Maharashtra,2024-02-22,,Active,P001356,SYNTH_TELECOM_DB
PH002439,9802274081,+91,Carrier_A,Maharashtra,2012-08-21,,Active,P001824,SYNTH_TELECOM_DB
PH002440,9280625464,+91,Carrier_A,Maharashtra,2026-05-06,2026-08-29,Inactive,P006096,SYNTH_LEGACY_DB
PH002441,9285797391,+91,Carrier_C,Maharashtra,2019-12-26,,Active,P003970,SYNTH_TELECOM_DB
PH002442,9435791326,+91,Carrier_D,Maharashtra,2025-05-31,2026-03-05,Suspended,P003564,SYNTH_IDENTITY_DB
PH002443,9955235251,+91,Carrier_B,Maharashtra,2010-02-13,,Active,P005427,SYNTH_TELECOM_DB
PH002444,9761822235,+91,Carrier_A,Maharashtra,2021-07-27,,Active,P002469,SYNTH_IDENTITY_DB
PH002445,9272777757,+91,Carrier_B,Maharashtra,2019-03-10,2022-06-17,Reassigned,P001687,SYNTH_TELECOM_DB
PH002446,9960449719,+91,Carrier_A,Maharashtra,2013-06-20,,Active,P001234,SYNTH_IDENTITY_DB
PH002447,9570278303,+91,Carrier_B,Maharashtra,2010-09-28,2014-03-26,Inactive,P000899,SYNTH_IDENTITY_DB
PH002448,9624376677,+91,Carrier_A,Maharashtra,2019-04-10,,Active,P000680,SYNTH_IDENTITY_DB
PH002449,9998703928,+91,Carrier_C,Maharashtra,2016-04-01,,Active,P004737,SYNTH_TELECOM_DB
PH002450,9638917504,+91,Carrier_B,Maharashtra,2019-05-09,,Active,P006388,SYNTH_CDR_DB
PH002451,9238828421,+91,Carrier_C,Maharashtra,2020-02-08,2026-08-25,Reassigned,P005251,SYNTH_TELECOM_DB
PH002452,9557973791,+91,Carrier_C,Maharashtra,2010-06-04,,Active,P000980,SYNTH_TELECOM_DB
PH002453,9929752478,+91,Carrier_B,Maharashtra,2017-07-27,2022-03-29,Inactive,P000989,SYNTH_LEGACY_DB
PH002454,9151079766,+91,Carrier_B,Maharashtra,2022-02-20,,Active,P006394,SYNTH_TELECOM_DB
PH002455,9640830638,+91,Carrier_A,Maharashtra,2025-03-27,,Active,P004238,SYNTH_CDR_DB
PH002456,9651007860,+91,Carrier_C,Maharashtra,2014-05-18,2015-10-25,Suspended,P000079,SYNTH_CDR_DB
PH002457,9980123716,+91,Carrier_B,Maharashtra,2021-10-06,2025-02-19,Inactive,P002669,SYNTH_TELECOM_DB
PH002458,9661006747,+91,Carrier_A,Maharashtra,2022-08-20,,Active,P003099,SYNTH_TELECOM_DB
PH002459,9549024549,+91,Carrier_A,Maharashtra,2018-03-29,2020-08-21,Inactive,P006515,SYNTH_TELECOM_DB
PH002460,9884092652,+91,Carrier_A,Maharashtra,2019-04-20,,Active,P002712,SYNTH_CDR_DB
PH002461,9848245154,+91,Carrier_B,Maharashtra,2016-02-15,,Active,P002884,SYNTH_CDR_DB
PH002462,9443664322,+91,Carrier_A,Maharashtra,2021-01-18,,Active,P003797,SYNTH_TELECOM_DB
PH002463,9178112974,+91,Carrier_A,Maharashtra,2018-10-15,,Active,P001831,SYNTH_TELECOM_DB
PH002464,9844162183,+91,Carrier_A,Maharashtra,2016-08-13,,Active,P002585,SYNTH_IDENTITY_DB
PH002465,9494223419,+91,Carrier_B,Maharashtra,2010-04-07,,Active,P003382,SYNTH_TELECOM_DB
PH002466,9122106834,+91,Carrier_A,Maharashtra,2024-08-23,,Active,P005272,SYNTH_TELECOM_DB
PH002467,9531440666,+91,Carrier_B,Maharashtra,2023-04-16,,Active,P003269,SYNTH_TELECOM_DB
PH002468,9337897910,+91,Carrier_A,Maharashtra,2012-11-10,,Active,P005892,SYNTH_CDR_DB
PH002469,9983544445,+91,Carrier_A,Maharashtra,2019-07-12,,Active,P002005,SYNTH_TELECOM_DB
PH002470,9345389268,+91,Carrier_B,Maharashtra,2014-12-30,2019-09-20,Reassigned,P000903,SYNTH_IDENTITY_DB
PH002471,9641321622,+91,Carrier_C,Maharashtra,2021-09-11,,Active,P002439,SYNTH_TELECOM_DB
PH002472,9441913121,+91,Carrier_A,Maharashtra,2010-01-29,,Active,P002078,SYNTH_TELECOM_DB
PH002473,9824792491,+91,Carrier_B,Maharashtra,2024-05-07,,Active,P002670,SYNTH_TELECOM_DB
PH002474,9350823737,+91,Carrier_C,Maharashtra,2011-02-15,,Active,P001085,SYNTH_TELECOM_DB
PH002475,9705881424,+91,Carrier_A,Maharashtra,2013-01-19,2019-02-13,Inactive,P006410,SYNTH_TELECOM_DB
PH002476,9123235453,+91,Carrier_B,Maharashtra,2024-03-21,,Active,P004981,SYNTH_TELECOM_DB
PH002477,9623847564,+91,Carrier_A,Maharashtra,2015-08-18,2019-01-28,Inactive,P005484,SYNTH_IDENTITY_DB
PH002478,9415767139,+91,Carrier_B,Maharashtra,2020-01-25,,Active,P001628,SYNTH_TELECOM_DB
PH002479,9930495098,+91,Carrier_A,Maharashtra,2015-02-15,,Active,P000749,SYNTH_TELECOM_DB
PH002480,9627535280,+91,Carrier_B,Maharashtra,2026-01-01,,Active,P001886,SYNTH_CDR_DB
PH002481,9863651639,+91,Carrier_D,Maharashtra,2017-07-12,2018-01-29,Inactive,P003341,SYNTH_TELECOM_DB
PH002482,9849915320,+91,Carrier_A,Maharashtra,2020-12-23,,Active,P001911,SYNTH_IDENTITY_DB
PH002483,9722962862,+91,Carrier_C,Maharashtra,2019-12-26,,Active,P001593,SYNTH_TELECOM_DB
PH002484,9315851656,+91,Carrier_B,Maharashtra,2013-06-01,,Active,P000137,SYNTH_TELECOM_DB
PH002485,9269420958,+91,Carrier_A,Maharashtra,2020-02-01,,Active,P001407,SYNTH_TELECOM_DB
PH002486,9616142566,+91,Carrier_C,Maharashtra,2018-01-09,2018-05-20,Suspended,P000246,SYNTH_IDENTITY_DB
PH002487,9381095422,+91,Carrier_D,Maharashtra,2026-02-23,,Active,P001978,SYNTH_LEGACY_DB
PH002488,9261821265,+91,Carrier_D,Maharashtra,2012-04-07,2014-06-29,Inactive,P005759,SYNTH_IDENTITY_DB
PH002489,9303409687,+91,Carrier_D,Maharashtra,2015-11-20,2018-11-16,Inactive,P001547,SYNTH_CDR_DB
PH002490,9981601970,+91,Carrier_C,Maharashtra,2022-10-20,2023-02-14,Inactive,P004633,SYNTH_TELECOM_DB
PH002491,9868875477,+91,Carrier_C,Maharashtra,2014-04-08,,Active,P002292,SYNTH_IDENTITY_DB
PH002492,9356139477,+91,Carrier_C,Maharashtra,2017-03-26,,Active,P001763,SYNTH_IDENTITY_DB
PH002493,9960219997,+91,Carrier_E,Maharashtra,2011-09-10,,Active,P002123,SYNTH_IDENTITY_DB
PH002494,9477551091,+91,Carrier_C,Maharashtra,2012-11-22,,Active,P001877,SYNTH_CDR_DB
PH002495,9934730700,+91,Carrier_A,Maharashtra,2022-09-23,2026-08-29,Inactive,P003947,SYNTH_IDENTITY_DB
PH002496,9882619308,+91,Carrier_B,Maharashtra,2023-02-21,,Active,P004932,SYNTH_LEGACY_DB
PH002497,9789681745,+91,Carrier_A,Maharashtra,2023-11-28,,Active,P000532,SYNTH_TELECOM_DB
PH002498,9812321655,+91,Carrier_D,Maharashtra,2015-02-27,,Active,P004039,SYNTH_CDR_DB
PH002499,9265140145,+91,Carrier_A,Maharashtra,2023-05-23,2026-08-29,Inactive,P000014,SYNTH_TELECOM_DB
PH002500,9689970961,+91,Carrier_A,Maharashtra,2010-12-01,,Active,P003296,SYNTH_TELECOM_DB
PH002501,9549813450,+91,Carrier_E,Maharashtra,2015-05-05,,Active,P000541,SYNTH_TELECOM_DB
PH002502,9898730321,+91,Carrier_C,Maharashtra,2020-04-29,,Active,P002239,SYNTH_LEGACY_DB
PH002503,9689248724,+91,Carrier_C,Maharashtra,2019-07-10,,Active,P005752,SYNTH_IDENTITY_DB
PH002504,9621119178,+91,Carrier_B,Maharashtra,2020-10-18,,Active,P006363,SYNTH_TELECOM_DB
PH002505,9182973402,+91,Carrier_C,Maharashtra,2012-07-19,,Active,P002095,SYNTH_IDENTITY_DB
PH002506,9721356207,+91,Carrier_B,Maharashtra,2013-04-06,,Active,P005911,SYNTH_TELECOM_DB
PH002507,9359484894,+91,Carrier_A,Maharashtra,2016-09-18,,Active,P002038,SYNTH_TELECOM_DB
PH002508,9395868066,+91,Carrier_A,Maharashtra,2020-11-12,,Active,P006002,SYNTH_TELECOM_DB
PH002509,9415134880,+91,Carrier_D,Maharashtra,2019-04-25,,Active,P001220,SYNTH_TELECOM_DB
PH002510,9510511563,+91,Carrier_A,Maharashtra,2015-12-16,,Active,P003296,SYNTH_TELECOM_DB
PH002511,9424394153,+91,Carrier_B,Maharashtra,2011-08-30,,Active,P006176,SYNTH_TELECOM_DB
PH002512,9173124474,+91,Carrier_B,Maharashtra,2023-09-11,,Active,P004097,SYNTH_TELECOM_DB
PH002513,9141231365,+91,Carrier_A,Maharashtra,2019-05-01,,Active,P004839,SYNTH_TELECOM_DB
PH002514,9169960838,+91,Carrier_B,Maharashtra,2014-08-08,,Active,P002667,SYNTH_TELECOM_DB
PH002515,9751812391,+91,Carrier_D,Maharashtra,2023-07-01,,Active,P002346,SYNTH_CDR_DB
PH002516,9405631123,+91,Carrier_B,Maharashtra,2017-08-16,,Active,P006562,SYNTH_IDENTITY_DB
PH002517,9311128117,+91,Carrier_A,Maharashtra,2012-12-07,,Active,P004951,SYNTH_CDR_DB
PH002518,9885572028,+91,Carrier_A,Maharashtra,2026-08-26,2026-08-29,Suspended,P001239,SYNTH_TELECOM_DB
PH002519,9346082566,+91,Carrier_A,Maharashtra,2017-02-23,,Active,P002685,SYNTH_CDR_DB
PH002520,9951922123,+91,Carrier_A,Maharashtra,2021-10-24,2026-08-29,Reassigned,P000189,SYNTH_TELECOM_DB
PH002521,9120906102,+91,Carrier_A,Maharashtra,2018-10-24,,Active,P000672,SYNTH_TELECOM_DB
PH002522,9220228941,+91,Carrier_A,Maharashtra,2018-07-31,2020-04-11,Suspended,P003903,SYNTH_CDR_DB
PH002523,9870968369,+91,Carrier_C,Maharashtra,2024-07-28,2026-08-29,Inactive,P006585,SYNTH_CDR_DB
PH002524,9879227686,+91,Carrier_A,Maharashtra,2022-09-29,,Active,P000656,SYNTH_TELECOM_DB
PH002525,9135409633,+91,Carrier_B,Maharashtra,2013-08-10,2015-12-28,Suspended,P005659,SYNTH_IDENTITY_DB
PH002526,9716541172,+91,Carrier_C,Maharashtra,2014-10-05,2016-08-22,Suspended,P006088,SYNTH_CDR_DB
PH002527,9139326196,+91,Carrier_A,Maharashtra,2021-07-17,,Active,P005658,SYNTH_LEGACY_DB
PH002528,9323986152,+91,Carrier_C,Maharashtra,2019-02-24,,Active,P005303,SYNTH_TELECOM_DB
PH002529,9857577746,+91,Carrier_A,Maharashtra,2025-10-02,,Active,P005076,SYNTH_TELECOM_DB
PH002530,9769520962,+91,Carrier_D,Maharashtra,2013-08-09,2020-03-20,Reassigned,P004020,SYNTH_TELECOM_DB
PH002531,9544221416,+91,Carrier_A,Maharashtra,2018-08-31,,Active,P006391,SYNTH_TELECOM_DB
PH002532,9333526882,+91,Carrier_C,Maharashtra,2025-06-19,2026-08-29,Inactive,P000380,SYNTH_CDR_DB
PH002533,9886258919,+91,Carrier_B,Maharashtra,2023-02-18,,Active,P005345,SYNTH_IDENTITY_DB
PH002534,9621740793,+91,Carrier_C,Maharashtra,2010-01-15,,Active,P001970,SYNTH_TELECOM_DB
PH002535,9928095366,+91,Carrier_B,Maharashtra,2026-06-19,2026-08-29,Reassigned,P001843,SYNTH_LEGACY_DB
PH002536,9786714722,+91,Carrier_A,Maharashtra,2025-04-10,,Active,P006894,SYNTH_TELECOM_DB
PH002537,9118051271,+91,Carrier_B,Maharashtra,2019-02-21,,Active,P000954,SYNTH_TELECOM_DB
PH002538,9190054047,+91,Carrier_A,Maharashtra,2010-04-13,,Active,P005456,SYNTH_IDENTITY_DB
PH002539,9687661236,+91,Carrier_E,Maharashtra,2020-11-02,2026-03-10,Inactive,P000403,SYNTH_TELECOM_DB
PH002540,9465019767,+91,Carrier_B,Maharashtra,2017-01-19,2021-11-16,Inactive,P000376,SYNTH_TELECOM_DB
PH002541,9436201196,+91,Carrier_D,Maharashtra,2021-06-13,,Active,P003301,SYNTH_IDENTITY_DB
PH002542,9180552875,+91,Carrier_A,Maharashtra,2021-07-09,,Active,P004655,SYNTH_LEGACY_DB
PH002543,9692468837,+91,Carrier_A,Maharashtra,2010-02-09,,Active,P001936,SYNTH_TELECOM_DB
PH002544,9660679638,+91,Carrier_C,Maharashtra,2018-07-24,,Active,P005767,SYNTH_TELECOM_DB
PH002545,9574291061,+91,Carrier_B,Maharashtra,2023-11-24,,Active,P001731,SYNTH_TELECOM_DB
PH002546,9724258394,+91,Carrier_A,Maharashtra,2019-08-30,,Active,P000494,SYNTH_TELECOM_DB
PH002547,9509796002,+91,Carrier_B,Maharashtra,2012-01-13,,Active,P005829,SYNTH_CDR_DB
PH002548,9695441997,+91,Carrier_A,Maharashtra,2020-09-24,,Active,P000865,SYNTH_CDR_DB
PH002549,9252244110,+91,Carrier_B,Maharashtra,2022-09-27,,Active,P004971,SYNTH_TELECOM_DB
PH002550,9164538045,+91,Carrier_A,Maharashtra,2014-03-02,,Active,P003355,SYNTH_IDENTITY_DB
PH002551,9450618739,+91,Carrier_D,Maharashtra,2017-10-10,,Active,P005350,SYNTH_CDR_DB
PH002552,9407727570,+91,Carrier_C,Maharashtra,2012-03-31,,Active,P002065,SYNTH_TELECOM_DB
PH002553,9233670114,+91,Carrier_B,Maharashtra,2012-05-21,,Active,P006387,SYNTH_TELECOM_DB
PH002554,9732754474,+91,Carrier_D,Maharashtra,2019-09-06,,Active,P003171,SYNTH_CDR_DB
PH002555,9516032888,+91,Carrier_A,Maharashtra,2015-06-20,,Active,P006853,SYNTH_TELECOM_DB
PH002556,9326637021,+91,Carrier_B,Maharashtra,2011-06-15,,Active,P005294,SYNTH_LEGACY_DB
PH002557,9639801107,+91,Carrier_A,Maharashtra,2020-01-06,2023-01-27,Inactive,P004845,SYNTH_IDENTITY_DB
PH002558,9784045660,+91,Carrier_C,Maharashtra,2023-12-01,2026-08-29,Reassigned,P004958,SYNTH_CDR_DB
PH002559,9315262393,+91,Carrier_A,Maharashtra,2020-05-25,2022-01-29,Suspended,P003900,SYNTH_TELECOM_DB
PH002560,9927778122,+91,Carrier_C,Maharashtra,2024-10-22,2026-08-29,Inactive,P001813,SYNTH_TELECOM_DB
PH002561,9920366608,+91,Carrier_B,Maharashtra,2012-09-23,,Active,P000208,SYNTH_IDENTITY_DB
PH002562,9233158136,+91,Carrier_B,Maharashtra,2019-09-22,,Active,P000845,SYNTH_TELECOM_DB
PH002563,9990849396,+91,Carrier_D,Maharashtra,2013-10-02,,Active,P003459,SYNTH_IDENTITY_DB
PH002564,9125861760,+91,Carrier_C,Maharashtra,2023-07-30,2026-06-18,Inactive,P000818,SYNTH_CDR_DB
PH002565,9351767953,+91,Carrier_D,Maharashtra,2021-09-27,2023-01-28,Inactive,P006879,SYNTH_TELECOM_DB
PH002566,9727120450,+91,Carrier_D,Maharashtra,2026-01-26,,Active,P001609,SYNTH_LEGACY_DB
PH002567,9108167887,+91,Carrier_C,Maharashtra,2024-12-12,2026-05-16,Suspended,P002671,SYNTH_TELECOM_DB
PH002568,9360141970,+91,Carrier_A,Maharashtra,2022-04-03,,Active,P003264,SYNTH_TELECOM_DB
PH002569,9246950353,+91,Carrier_D,Maharashtra,2011-03-13,2013-07-30,Suspended,P005852,SYNTH_TELECOM_DB
PH002570,9114987488,+91,Carrier_B,Maharashtra,2010-02-09,,Active,P002403,SYNTH_TELECOM_DB
PH002571,9164040989,+91,Carrier_C,Maharashtra,2013-10-19,,Active,P003640,SYNTH_TELECOM_DB
PH002572,9534223486,+91,Carrier_B,Maharashtra,2023-11-16,,Active,P002757,SYNTH_IDENTITY_DB
PH002573,9916921949,+91,Carrier_B,Maharashtra,2019-06-02,2022-07-12,Inactive,P005504,SYNTH_TELECOM_DB
PH002574,9187075803,+91,Carrier_A,Maharashtra,2010-04-13,,Active,P004838,SYNTH_CDR_DB
PH002575,9471662585,+91,Carrier_A,Maharashtra,2023-01-07,,Active,P002014,SYNTH_TELECOM_DB
PH002576,9835854770,+91,Carrier_C,Maharashtra,2021-03-18,2025-08-05,Inactive,P004092,SYNTH_TELECOM_DB
PH002577,9417250555,+91,Carrier_A,Maharashtra,2012-02-02,2015-10-15,Inactive,P006412,SYNTH_CDR_DB
PH002578,9681924015,+91,Carrier_D,Maharashtra,2020-09-01,2025-09-27,Inactive,P005879,SYNTH_TELECOM_DB
PH002579,9256798131,+91,Carrier_C,Maharashtra,2018-04-09,2022-10-18,Inactive,P005409,SYNTH_TELECOM_DB
PH002580,9551931532,+91,Carrier_A,Maharashtra,2021-05-03,2026-08-29,Reassigned,P004683,SYNTH_LEGACY_DB
PH002581,9656229883,+91,Carrier_A,Maharashtra,2018-03-03,,Active,P003429,SYNTH_CDR_DB
PH002582,9460084411,+91,Carrier_A,Maharashtra,2019-11-04,2025-04-11,Reassigned,P004613,SYNTH_TELECOM_DB
PH002583,9822342145,+91,Carrier_B,Maharashtra,2023-08-27,,Active,P005816,SYNTH_TELECOM_DB
PH002584,9132249804,+91,Carrier_A,Maharashtra,2023-10-06,,Active,P002285,SYNTH_CDR_DB
PH002585,9654817953,+91,Carrier_A,Maharashtra,2017-12-18,2022-04-22,Inactive,P001923,SYNTH_TELECOM_DB
PH002586,9663772255,+91,Carrier_A,Maharashtra,2012-04-12,,Active,P001095,SYNTH_CDR_DB
PH002587,9882637672,+91,Carrier_A,Maharashtra,2025-07-16,,Active,P000416,SYNTH_IDENTITY_DB
PH002588,9134331153,+91,Carrier_B,Maharashtra,2023-02-06,2026-08-29,Inactive,P005036,SYNTH_LEGACY_DB
PH002589,9322032597,+91,Carrier_E,Maharashtra,2020-12-31,,Active,P002460,SYNTH_CDR_DB
PH002590,9932562051,+91,Carrier_A,Maharashtra,2024-10-13,,Active,P000456,SYNTH_TELECOM_DB
PH002591,9426903742,+91,Carrier_B,Maharashtra,2014-09-01,,Active,P001170,SYNTH_IDENTITY_DB
PH002592,9387821535,+91,Carrier_A,Maharashtra,2019-08-18,2024-08-19,Inactive,P006635,SYNTH_IDENTITY_DB
PH002593,9448549383,+91,Carrier_B,Maharashtra,2013-12-24,,Active,P001358,SYNTH_TELECOM_DB
PH002594,9224256064,+91,Carrier_C,Maharashtra,2021-03-30,,Active,P004148,SYNTH_IDENTITY_DB
PH002595,9450183451,+91,Carrier_D,Maharashtra,2017-10-26,2023-05-25,Inactive,P006985,SYNTH_CDR_DB
PH002596,9226579540,+91,Carrier_B,Maharashtra,2019-01-20,,Active,P006800,SYNTH_TELECOM_DB
PH002597,9709358588,+91,Carrier_B,Maharashtra,2018-09-09,,Active,P000552,SYNTH_TELECOM_DB
PH002598,9958363934,+91,Carrier_D,Maharashtra,2014-07-23,,Active,P000313,SYNTH_TELECOM_DB
PH002599,9887803265,+91,Carrier_A,Maharashtra,2026-08-27,2026-08-29,Reassigned,P000080,SYNTH_LEGACY_DB
PH002600,9767259342,+91,Carrier_C,Maharashtra,2026-06-06,,Active,P001661,SYNTH_TELECOM_DB
PH002601,9622648969,+91,Carrier_B,Maharashtra,2026-05-26,,Active,P006307,SYNTH_LEGACY_DB
PH002602,9170517005,+91,Carrier_A,Maharashtra,2021-11-24,2024-07-16,Suspended,P003274,SYNTH_IDENTITY_DB
PH002603,9488127565,+91,Carrier_A,Maharashtra,2019-06-12,,Active,P006149,SYNTH_CDR_DB
PH002604,9919335800,+91,Carrier_A,Maharashtra,2025-07-13,,Active,P002573,SYNTH_TELECOM_DB
PH002605,9698780575,+91,Carrier_C,Maharashtra,2015-08-31,,Active,P002807,SYNTH_TELECOM_DB
PH002606,9557121934,+91,Carrier_B,Maharashtra,2019-03-14,,Active,P006718,SYNTH_TELECOM_DB
PH002607,9148819498,+91,Carrier_B,Maharashtra,2022-08-12,,Active,P004339,SYNTH_CDR_DB
PH002608,9906649378,+91,Carrier_E,Maharashtra,2015-03-29,,Active,P000685,SYNTH_TELECOM_DB
PH002609,9679070559,+91,Carrier_B,Maharashtra,2012-06-23,2015-03-17,Suspended,P004084,SYNTH_TELECOM_DB
PH002610,9106253374,+91,Carrier_D,Maharashtra,2010-10-21,,Active,P003905,SYNTH_TELECOM_DB
PH002611,9999251814,+91,Carrier_B,Maharashtra,2010-09-15,2013-03-31,Inactive,P004107,SYNTH_IDENTITY_DB
PH002612,9448583061,+91,Carrier_A,Maharashtra,2010-01-31,,Active,P000452,SYNTH_IDENTITY_DB
PH002613,9232576287,+91,Carrier_C,Maharashtra,2010-05-07,,Active,P004604,SYNTH_TELECOM_DB
PH002614,9274852347,+91,Carrier_A,Maharashtra,2010-04-23,2012-08-15,Reassigned,P004986,SYNTH_LEGACY_DB
PH002615,9666449479,+91,Carrier_B,Maharashtra,2017-07-21,,Active,P005403,SYNTH_IDENTITY_DB
PH002616,9260226439,+91,Carrier_A,Maharashtra,2010-11-01,,Active,P005752,SYNTH_TELECOM_DB
PH002617,9187784013,+91,Carrier_A,Maharashtra,2022-02-16,2024-09-04,Suspended,P003089,SYNTH_TELECOM_DB
PH002618,9515700552,+91,Carrier_B,Maharashtra,2011-05-23,2014-04-09,Inactive,P004989,SYNTH_TELECOM_DB
PH002619,9724035163,+91,Carrier_B,Maharashtra,2022-02-08,2024-04-14,Reassigned,P000846,SYNTH_TELECOM_DB
PH002620,9664345765,+91,Carrier_A,Maharashtra,2020-06-09,,Active,P002215,SYNTH_IDENTITY_DB
PH002621,9719691692,+91,Carrier_B,Maharashtra,2018-09-10,,Active,P004786,SYNTH_TELECOM_DB
PH002622,9985823600,+91,Carrier_B,Maharashtra,2023-04-16,,Active,P006820,SYNTH_CDR_DB
PH002623,9261227914,+91,Carrier_C,Maharashtra,2010-05-16,2012-07-29,Inactive,P001622,SYNTH_TELECOM_DB
PH002624,9420499631,+91,Carrier_C,Maharashtra,2011-01-09,,Active,P001061,SYNTH_CDR_DB
PH002625,9122748006,+91,Carrier_C,Maharashtra,2012-09-01,,Active,P001519,SYNTH_CDR_DB
PH002626,9920527844,+91,Carrier_D,Maharashtra,2018-06-28,2019-08-03,Suspended,P005508,SYNTH_TELECOM_DB
PH002627,9674325005,+91,Carrier_A,Maharashtra,2025-01-22,,Active,P005100,SYNTH_CDR_DB
PH002628,9947033268,+91,Carrier_A,Maharashtra,2024-10-06,2026-08-29,Inactive,P003039,SYNTH_TELECOM_DB
PH002629,9762977742,+91,Carrier_C,Maharashtra,2026-01-04,,Active,P000390,SYNTH_TELECOM_DB
PH002630,9474290143,+91,Carrier_A,Maharashtra,2010-07-09,,Active,P002755,SYNTH_TELECOM_DB
PH002631,9609419706,+91,Carrier_A,Maharashtra,2011-12-06,2018-02-28,Inactive,P003026,SYNTH_IDENTITY_DB
PH002632,9559788478,+91,Carrier_A,Maharashtra,2010-10-15,,Active,P000527,SYNTH_TELECOM_DB
PH002633,9331531335,+91,Carrier_B,Maharashtra,2023-06-09,,Active,P005226,SYNTH_TELECOM_DB
PH002634,9544623485,+91,Carrier_B,Maharashtra,2010-02-08,,Active,P004972,SYNTH_IDENTITY_DB
PH002635,9514133894,+91,Carrier_B,Maharashtra,2014-03-27,,Active,P002977,SYNTH_TELECOM_DB
PH002636,9803694279,+91,Carrier_A,Maharashtra,2016-05-25,,Active,P002942,SYNTH_CDR_DB
PH002637,9193638774,+91,Carrier_B,Maharashtra,2015-11-20,,Active,P001010,SYNTH_TELECOM_DB
PH002638,9768289853,+91,Carrier_B,Maharashtra,2017-01-18,,Active,P000972,SYNTH_IDENTITY_DB
PH002639,9292799754,+91,Carrier_B,Maharashtra,2020-08-06,,Active,P000284,SYNTH_IDENTITY_DB
PH002640,9477676400,+91,Carrier_C,Maharashtra,2011-05-21,,Active,P005214,SYNTH_CDR_DB
PH002641,9183410748,+91,Carrier_E,Maharashtra,2019-09-08,2021-03-14,Inactive,P000700,SYNTH_IDENTITY_DB
PH002642,9708956060,+91,Carrier_C,Maharashtra,2014-07-24,,Active,P004804,SYNTH_TELECOM_DB
PH002643,9449990353,+91,Carrier_C,Maharashtra,2022-12-07,2026-08-29,Inactive,P006927,SYNTH_TELECOM_DB
PH002644,9343757322,+91,Carrier_C,Maharashtra,2012-04-05,2016-03-28,Reassigned,P005559,SYNTH_TELECOM_DB
PH002645,9665476611,+91,Carrier_A,Maharashtra,2022-07-12,,Active,P003023,SYNTH_IDENTITY_DB
PH002646,9212204336,+91,Carrier_E,Maharashtra,2012-06-14,2014-10-03,Inactive,P001508,SYNTH_IDENTITY_DB
PH002647,9235339273,+91,Carrier_B,Maharashtra,2025-11-17,2026-07-21,Inactive,P001131,SYNTH_CDR_DB
PH002648,9362613333,+91,Carrier_A,Maharashtra,2012-07-09,2014-01-25,Suspended,P003192,SYNTH_TELECOM_DB
PH002649,9503458935,+91,Carrier_C,Maharashtra,2024-12-18,,Active,P001121,SYNTH_LEGACY_DB
PH002650,9645370206,+91,Carrier_C,Maharashtra,2020-06-26,,Active,P005046,SYNTH_TELECOM_DB
PH002651,9675874254,+91,Carrier_B,Maharashtra,2018-09-18,,Active,P000495,SYNTH_CDR_DB
PH002652,9133191342,+91,Carrier_C,Maharashtra,2022-07-13,2023-03-19,Inactive,P003543,SYNTH_CDR_DB
PH002653,9298994205,+91,Carrier_B,Maharashtra,2018-02-12,2023-01-26,Reassigned,P006921,SYNTH_CDR_DB
PH002654,9365537199,+91,Carrier_B,Maharashtra,2018-11-17,,Active,P005207,SYNTH_CDR_DB
PH002655,9244918656,+91,Carrier_E,Maharashtra,2020-06-04,,Active,P003499,SYNTH_CDR_DB
PH002656,9238854714,+91,Carrier_A,Maharashtra,2012-12-16,,Active,P000039,SYNTH_TELECOM_DB
PH002657,9782969331,+91,Carrier_D,Maharashtra,2022-04-11,2026-04-30,Inactive,P006928,SYNTH_IDENTITY_DB
PH002658,9637830797,+91,Carrier_C,Maharashtra,2017-04-25,,Active,P004111,SYNTH_CDR_DB
PH002659,9732151091,+91,Carrier_B,Maharashtra,2015-01-22,,Active,P003202,SYNTH_TELECOM_DB
PH002660,9170934005,+91,Carrier_A,Maharashtra,2022-02-27,,Active,P005902,SYNTH_TELECOM_DB
PH002661,9450699375,+91,Carrier_A,Maharashtra,2015-02-02,,Active,P005164,SYNTH_TELECOM_DB
PH002662,9609743829,+91,Carrier_B,Maharashtra,2014-11-09,,Active,P004470,SYNTH_TELECOM_DB
PH002663,9847897529,+91,Carrier_E,Maharashtra,2021-10-26,2025-04-21,Inactive,P006877,SYNTH_CDR_DB
PH002664,9969980203,+91,Carrier_A,Maharashtra,2012-03-06,2017-09-17,Reassigned,P003021,SYNTH_TELECOM_DB
PH002665,9480286143,+91,Carrier_E,Maharashtra,2017-01-10,,Active,P002113,SYNTH_TELECOM_DB
PH002666,9951768765,+91,Carrier_A,Maharashtra,2020-04-07,,Active,P006264,SYNTH_TELECOM_DB
PH002667,9848721632,+91,Carrier_B,Maharashtra,2022-07-30,,Active,P006838,SYNTH_CDR_DB
PH002668,9942331348,+91,Carrier_B,Maharashtra,2014-11-29,,Active,P001470,SYNTH_LEGACY_DB
PH002669,9991946770,+91,Carrier_C,Maharashtra,2018-06-20,,Active,P002417,SYNTH_IDENTITY_DB
PH002670,9171881864,+91,Carrier_B,Maharashtra,2017-11-15,2018-03-09,Suspended,P002710,SYNTH_TELECOM_DB
PH002671,9665741577,+91,Carrier_B,Maharashtra,2019-05-10,,Active,P000147,SYNTH_TELECOM_DB
PH002672,9972328614,+91,Carrier_D,Maharashtra,2022-05-26,,Active,P002735,SYNTH_TELECOM_DB
PH002673,9960859618,+91,Carrier_C,Maharashtra,2022-03-31,,Active,P000343,SYNTH_CDR_DB
PH002674,9925863754,+91,Carrier_D,Maharashtra,2018-06-09,,Active,P003746,SYNTH_CDR_DB
PH002675,9269499151,+91,Carrier_B,Maharashtra,2024-03-08,,Active,P003317,SYNTH_IDENTITY_DB
PH002676,9890241200,+91,Carrier_D,Maharashtra,2023-11-05,2026-08-29,Inactive,P002094,SYNTH_TELECOM_DB
PH002677,9795505136,+91,Carrier_E,Maharashtra,2012-05-04,,Active,P004630,SYNTH_IDENTITY_DB
PH002678,9240128721,+91,Carrier_C,Maharashtra,2011-05-06,,Active,P002821,SYNTH_CDR_DB
PH002679,9189811581,+91,Carrier_A,Maharashtra,2023-08-03,,Active,P005097,SYNTH_TELECOM_DB
PH002680,9678510403,+91,Carrier_A,Maharashtra,2021-05-03,2023-06-23,Suspended,P006345,SYNTH_CDR_DB
PH002681,9792432452,+91,Carrier_D,Maharashtra,2016-03-16,,Active,P004369,SYNTH_TELECOM_DB
PH002682,9957910532,+91,Carrier_B,Maharashtra,2012-07-05,,Active,P000392,SYNTH_TELECOM_DB
PH002683,9139155037,+91,Carrier_C,Maharashtra,2014-01-21,2014-08-11,Suspended,P006567,SYNTH_TELECOM_DB
PH002684,9485534290,+91,Carrier_B,Maharashtra,2025-12-20,2026-08-29,Reassigned,P004900,SYNTH_TELECOM_DB
PH002685,9722859642,+91,Carrier_A,Maharashtra,2022-05-18,2023-12-14,Reassigned,P003581,SYNTH_TELECOM_DB
PH002686,9946759049,+91,Carrier_B,Maharashtra,2016-04-03,2018-09-25,Inactive,P002569,SYNTH_TELECOM_DB
PH002687,9656630161,+91,Carrier_C,Maharashtra,2010-01-10,,Active,P004217,SYNTH_TELECOM_DB
PH002688,9444896357,+91,Carrier_A,Maharashtra,2010-01-21,,Active,P005559,SYNTH_TELECOM_DB
PH002689,9659609960,+91,Carrier_A,Maharashtra,2022-05-29,,Active,P002013,SYNTH_CDR_DB
PH002690,9712397486,+91,Carrier_C,Maharashtra,2016-06-22,,Active,P000902,SYNTH_TELECOM_DB
PH002691,9709673627,+91,Carrier_B,Maharashtra,2022-06-06,2026-08-29,Reassigned,P006011,SYNTH_TELECOM_DB
PH002692,9970018628,+91,Carrier_A,Maharashtra,2014-07-16,,Active,P001828,SYNTH_LEGACY_DB
PH002693,9746844452,+91,Carrier_C,Maharashtra,2022-11-29,,Active,P003645,SYNTH_LEGACY_DB
PH002694,9768699195,+91,Carrier_A,Maharashtra,2018-10-20,,Active,P005931,SYNTH_LEGACY_DB
PH002695,9166028278,+91,Carrier_D,Maharashtra,2024-07-18,,Active,P001231,SYNTH_TELECOM_DB
PH002696,9542595687,+91,Carrier_A,Maharashtra,2011-03-25,,Active,P002017,SYNTH_TELECOM_DB
PH002697,9230963799,+91,Carrier_A,Maharashtra,2016-08-31,,Active,P003925,SYNTH_CDR_DB
PH002698,9910508330,+91,Carrier_C,Maharashtra,2011-10-15,,Active,P000179,SYNTH_TELECOM_DB
PH002699,9254378347,+91,Carrier_B,Maharashtra,2024-10-01,2026-08-29,Reassigned,P005341,SYNTH_CDR_DB
PH002700,9181591097,+91,Carrier_B,Maharashtra,2022-05-04,,Active,P001580,SYNTH_LEGACY_DB
PH002701,9400662375,+91,Carrier_A,Maharashtra,2025-08-04,2026-08-29,Inactive,P005477,SYNTH_IDENTITY_DB
PH002702,9836276280,+91,Carrier_B,Maharashtra,2012-10-02,,Active,P002895,SYNTH_TELECOM_DB
PH002703,9918236994,+91,Carrier_B,Maharashtra,2012-05-13,2014-05-10,Inactive,P001250,SYNTH_CDR_DB
PH002704,9184608711,+91,Carrier_A,Maharashtra,2018-06-24,,Active,P006591,SYNTH_IDENTITY_DB
PH002705,9983355894,+91,Carrier_A,Maharashtra,2021-07-29,,Active,P001197,SYNTH_LEGACY_DB
PH002706,9810566067,+91,Carrier_D,Maharashtra,2012-01-28,,Active,P000990,SYNTH_TELECOM_DB
PH002707,9961104133,+91,Carrier_C,Maharashtra,2019-03-21,,Active,P003876,SYNTH_IDENTITY_DB
PH002708,9910378643,+91,Carrier_A,Maharashtra,2010-12-27,,Active,P000740,SYNTH_IDENTITY_DB
PH002709,9860518001,+91,Carrier_B,Maharashtra,2021-11-24,,Active,P006142,SYNTH_IDENTITY_DB
PH002710,9317441995,+91,Carrier_B,Maharashtra,2015-12-27,2017-02-07,Inactive,P000685,SYNTH_TELECOM_DB
PH002711,9368847022,+91,Carrier_C,Maharashtra,2010-04-28,,Active,P001158,SYNTH_IDENTITY_DB
PH002712,9719676027,+91,Carrier_C,Maharashtra,2024-03-07,,Active,P006399,SYNTH_IDENTITY_DB
PH002713,9670850913,+91,Carrier_C,Maharashtra,2015-09-18,,Active,P000553,SYNTH_TELECOM_DB
PH002714,9492208838,+91,Carrier_B,Maharashtra,2012-02-15,,Active,P001013,SYNTH_TELECOM_DB
PH002715,9669363161,+91,Carrier_D,Maharashtra,2017-08-28,,Active,P005262,SYNTH_TELECOM_DB
PH002716,9758860420,+91,Carrier_B,Maharashtra,2012-08-08,2015-03-31,Suspended,P001286,SYNTH_TELECOM_DB
PH002717,9709908572,+91,Carrier_A,Maharashtra,2016-11-24,,Active,P002808,SYNTH_CDR_DB
PH002718,9419784294,+91,Carrier_D,Maharashtra,2013-05-19,,Active,P005279,SYNTH_TELECOM_DB
PH002719,9379309129,+91,Carrier_C,Maharashtra,2017-05-20,,Active,P003679,SYNTH_TELECOM_DB
PH002720,9199343287,+91,Carrier_B,Maharashtra,2022-08-13,,Active,P005357,SYNTH_CDR_DB
PH002721,9952605559,+91,Carrier_B,Maharashtra,2025-02-04,,Active,P002204,SYNTH_IDENTITY_DB
PH002722,9899095204,+91,Carrier_D,Maharashtra,2022-08-09,,Active,P003235,SYNTH_TELECOM_DB
PH002723,9738894110,+91,Carrier_B,Maharashtra,2018-04-09,,Active,P001931,SYNTH_TELECOM_DB
PH002724,9400266145,+91,Carrier_A,Maharashtra,2020-12-10,,Active,P001191,SYNTH_CDR_DB
PH002725,9115660740,+91,Carrier_A,Maharashtra,2012-07-18,,Active,P003067,SYNTH_LEGACY_DB
PH002726,9907228264,+91,Carrier_B,Maharashtra,2013-12-18,,Active,P002921,SYNTH_TELECOM_DB
PH002727,9188702522,+91,Carrier_A,Maharashtra,2011-12-09,,Active,P004994,SYNTH_TELECOM_DB
PH002728,9435547982,+91,Carrier_B,Maharashtra,2021-06-21,2026-08-29,Inactive,P003840,SYNTH_TELECOM_DB
PH002729,9931714217,+91,Carrier_C,Maharashtra,2015-06-27,,Active,P001122,SYNTH_CDR_DB
PH002730,9974449002,+91,Carrier_B,Maharashtra,2017-04-13,,Active,P003248,SYNTH_CDR_DB
PH002731,9826123595,+91,Carrier_A,Maharashtra,2023-01-16,,Active,P006842,SYNTH_TELECOM_DB
PH002732,9182292004,+91,Carrier_B,Maharashtra,2023-07-28,2026-08-29,Inactive,P000426,SYNTH_TELECOM_DB
PH002733,9265702553,+91,Carrier_D,Maharashtra,2015-06-09,,Active,P006019,SYNTH_TELECOM_DB
PH002734,9432359847,+91,Carrier_C,Maharashtra,2019-12-01,,Active,P000033,SYNTH_TELECOM_DB
PH002735,9801921667,+91,Carrier_D,Maharashtra,2012-07-28,,Active,P002509,SYNTH_TELECOM_DB
PH002736,9904933951,+91,Carrier_C,Maharashtra,2012-06-04,,Active,P001341,SYNTH_TELECOM_DB
PH002737,9485073203,+91,Carrier_B,Maharashtra,2019-10-07,,Active,P002599,SYNTH_TELECOM_DB
PH002738,9696015256,+91,Carrier_C,Maharashtra,2025-06-28,,Active,P005373,SYNTH_TELECOM_DB
PH002739,9801190793,+91,Carrier_C,Maharashtra,2017-10-25,2021-07-08,Inactive,P006297,SYNTH_CDR_DB
PH002740,9343635910,+91,Carrier_A,Maharashtra,2021-04-24,,Active,P000469,SYNTH_CDR_DB
PH002741,9882493374,+91,Carrier_D,Maharashtra,2023-08-25,,Active,P003578,SYNTH_CDR_DB
PH002742,9871871344,+91,Carrier_C,Maharashtra,2010-06-05,,Active,P001742,SYNTH_CDR_DB
PH002743,9325497693,+91,Carrier_B,Maharashtra,2026-08-08,,Active,P005461,SYNTH_CDR_DB
PH002744,9332707330,+91,Carrier_E,Maharashtra,2018-09-28,,Active,P004573,SYNTH_IDENTITY_DB
PH002745,9624485162,+91,Carrier_D,Maharashtra,2011-06-04,,Active,P001066,SYNTH_TELECOM_DB
PH002746,9695106752,+91,Carrier_B,Maharashtra,2026-05-15,,Active,P000683,SYNTH_IDENTITY_DB
PH002747,9694917023,+91,Carrier_B,Maharashtra,2012-05-01,,Active,P004812,SYNTH_TELECOM_DB
PH002748,9968095114,+91,Carrier_B,Maharashtra,2010-08-22,,Active,P006373,SYNTH_IDENTITY_DB
PH002749,9877555776,+91,Carrier_D,Maharashtra,2010-04-19,2014-10-23,Reassigned,P006013,SYNTH_LEGACY_DB
PH002750,9986081098,+91,Carrier_B,Maharashtra,2010-07-14,,Active,P001265,SYNTH_TELECOM_DB
PH002751,9644569547,+91,Carrier_A,Maharashtra,2024-01-24,,Active,P006443,SYNTH_TELECOM_DB
PH002752,9376376350,+91,Carrier_A,Maharashtra,2018-01-03,,Active,P002799,SYNTH_TELECOM_DB
PH002753,9769708227,+91,Carrier_C,Maharashtra,2022-09-09,,Active,P006764,SYNTH_TELECOM_DB
PH002754,9915961161,+91,Carrier_A,Maharashtra,2019-08-25,,Active,P004005,SYNTH_TELECOM_DB
PH002755,9428274099,+91,Carrier_B,Maharashtra,2014-02-25,,Active,P006214,SYNTH_IDENTITY_DB
PH002756,9484028014,+91,Carrier_A,Maharashtra,2018-06-23,,Active,P006103,SYNTH_TELECOM_DB
PH002757,9839261763,+91,Carrier_B,Maharashtra,2024-09-13,,Active,P000979,SYNTH_TELECOM_DB
PH002758,9736738403,+91,Carrier_B,Maharashtra,2019-06-09,,Active,P002469,SYNTH_TELECOM_DB
PH002759,9639404574,+91,Carrier_C,Maharashtra,2016-07-29,,Active,P006999,SYNTH_IDENTITY_DB
PH002760,9816198974,+91,Carrier_A,Maharashtra,2019-04-10,,Active,P002165,SYNTH_TELECOM_DB
PH002761,9126536261,+91,Carrier_B,Maharashtra,2021-11-23,,Active,P004781,SYNTH_CDR_DB
PH002762,9593972573,+91,Carrier_B,Maharashtra,2024-12-01,,Active,P001602,SYNTH_TELECOM_DB
PH002763,9825135276,+91,Carrier_A,Maharashtra,2021-08-24,,Active,P003062,SYNTH_IDENTITY_DB
PH002764,9189377180,+91,Carrier_A,Maharashtra,2026-08-21,2026-08-29,Inactive,P006029,SYNTH_IDENTITY_DB
PH002765,9965877187,+91,Carrier_A,Maharashtra,2020-07-13,,Active,P003445,SYNTH_CDR_DB
PH002766,9793440727,+91,Carrier_E,Maharashtra,2024-07-19,2026-08-29,Reassigned,P002566,SYNTH_IDENTITY_DB
PH002767,9119778592,+91,Carrier_E,Maharashtra,2026-05-25,2026-08-29,Reassigned,P002480,SYNTH_TELECOM_DB
PH002768,9692831769,+91,Carrier_E,Maharashtra,2015-04-13,,Active,P001762,SYNTH_TELECOM_DB
PH002769,9139726760,+91,Carrier_B,Maharashtra,2014-02-02,,Active,P003023,SYNTH_TELECOM_DB
PH002770,9191775456,+91,Carrier_A,Maharashtra,2016-11-15,,Active,P005729,SYNTH_TELECOM_DB
PH002771,9846633861,+91,Carrier_A,Maharashtra,2015-09-02,,Active,P002470,SYNTH_CDR_DB
PH002772,9853671356,+91,Carrier_D,Maharashtra,2012-11-22,,Active,P001894,SYNTH_TELECOM_DB
PH002773,9636852376,+91,Carrier_E,Maharashtra,2022-06-05,,Active,P001835,SYNTH_LEGACY_DB
PH002774,9367235769,+91,Carrier_C,Maharashtra,2018-03-27,,Active,P000044,SYNTH_TELECOM_DB
PH002775,9398057644,+91,Carrier_A,Maharashtra,2024-11-16,,Active,P004433,SYNTH_TELECOM_DB
PH002776,9402457795,+91,Carrier_A,Maharashtra,2015-07-10,,Active,P003981,SYNTH_TELECOM_DB
PH002777,9920270257,+91,Carrier_C,Maharashtra,2020-07-09,,Active,P001673,SYNTH_TELECOM_DB
PH002778,9772480688,+91,Carrier_E,Maharashtra,2024-07-30,,Active,P001615,SYNTH_TELECOM_DB
PH002779,9748009053,+91,Carrier_B,Maharashtra,2013-09-05,,Active,P002426,SYNTH_TELECOM_DB
PH002780,9837367499,+91,Carrier_B,Maharashtra,2024-05-17,,Active,P003368,SYNTH_LEGACY_DB
PH002781,9942688318,+91,Carrier_D,Maharashtra,2025-05-31,,Active,P006598,SYNTH_TELECOM_DB
PH002782,9967508135,+91,Carrier_C,Maharashtra,2016-05-28,2018-03-23,Reassigned,P006787,SYNTH_CDR_DB
PH002783,9870752522,+91,Carrier_B,Maharashtra,2013-04-10,,Active,P005082,SYNTH_CDR_DB
PH002784,9330209433,+91,Carrier_B,Maharashtra,2011-06-30,2014-11-30,Inactive,P003457,SYNTH_CDR_DB
PH002785,9734857386,+91,Carrier_D,Maharashtra,2015-10-24,,Active,P004062,SYNTH_CDR_DB
PH002786,9389137773,+91,Carrier_C,Maharashtra,2012-02-12,,Active,P000610,SYNTH_TELECOM_DB
PH002787,9525850075,+91,Carrier_D,Maharashtra,2022-06-14,2024-11-07,Inactive,P000584,SYNTH_TELECOM_DB
PH002788,9393455900,+91,Carrier_D,Maharashtra,2019-03-16,2023-02-04,Inactive,P004477,SYNTH_IDENTITY_DB
PH002789,9202597400,+91,Carrier_A,Maharashtra,2020-07-14,,Active,P003544,SYNTH_TELECOM_DB
PH002790,9899313621,+91,Carrier_A,Maharashtra,2024-02-03,,Active,P000515,SYNTH_CDR_DB
PH002791,9105868373,+91,Carrier_A,Maharashtra,2016-08-02,,Active,P004986,SYNTH_CDR_DB
PH002792,9721736659,+91,Carrier_C,Maharashtra,2021-11-27,,Active,P000969,SYNTH_TELECOM_DB
PH002793,9160388146,+91,Carrier_D,Maharashtra,2022-06-05,,Active,P003868,SYNTH_IDENTITY_DB
PH002794,9615340071,+91,Carrier_D,Maharashtra,2011-09-28,2012-12-13,Inactive,P003022,SYNTH_TELECOM_DB
PH002795,9441955531,+91,Carrier_A,Maharashtra,2015-01-03,,Active,P003370,SYNTH_IDENTITY_DB
PH002796,9644395003,+91,Carrier_E,Maharashtra,2024-06-10,,Active,P005495,SYNTH_TELECOM_DB
PH002797,9661577489,+91,Carrier_A,Maharashtra,2013-03-05,,Active,P004343,SYNTH_TELECOM_DB
PH002798,9486900215,+91,Carrier_B,Maharashtra,2011-06-17,,Active,P001947,SYNTH_CDR_DB
PH002799,9575216320,+91,Carrier_A,Maharashtra,2012-01-10,,Active,P003940,SYNTH_IDENTITY_DB
PH002800,9853236825,+91,Carrier_A,Maharashtra,2023-05-15,,Active,P006982,SYNTH_IDENTITY_DB
PH002801,9606073365,+91,Carrier_C,Maharashtra,2020-01-28,2022-06-05,Suspended,P003758,SYNTH_TELECOM_DB
PH002802,9602675030,+91,Carrier_E,Maharashtra,2015-10-18,,Active,P005831,SYNTH_IDENTITY_DB
PH002803,9575206708,+91,Carrier_A,Maharashtra,2014-07-30,,Active,P001839,SYNTH_TELECOM_DB
PH002804,9854849077,+91,Carrier_C,Maharashtra,2025-06-07,2026-08-29,Reassigned,P005919,SYNTH_TELECOM_DB
PH002805,9186702389,+91,Carrier_A,Maharashtra,2010-07-21,,Active,P002183,SYNTH_LEGACY_DB
PH002806,9144047348,+91,Carrier_A,Maharashtra,2023-01-20,,Active,P005674,SYNTH_CDR_DB
PH002807,9958921108,+91,Carrier_A,Maharashtra,2015-11-22,,Active,P001062,SYNTH_CDR_DB
PH002808,9936757680,+91,Carrier_B,Maharashtra,2021-01-06,,Active,P004508,SYNTH_TELECOM_DB
PH002809,9545289414,+91,Carrier_A,Maharashtra,2015-07-21,,Active,P005329,SYNTH_LEGACY_DB
PH002810,9856604197,+91,Carrier_A,Maharashtra,2013-08-06,,Active,P006915,SYNTH_TELECOM_DB
PH002811,9987030986,+91,Carrier_C,Maharashtra,2026-06-17,,Active,P006772,SYNTH_TELECOM_DB
PH002812,9569497295,+91,Carrier_A,Maharashtra,2026-01-05,,Active,P003851,SYNTH_TELECOM_DB
PH002813,9835650587,+91,Carrier_D,Maharashtra,2013-03-03,,Active,P003599,SYNTH_IDENTITY_DB
PH002814,9955014980,+91,Carrier_B,Maharashtra,2013-05-07,,Active,P004784,SYNTH_TELECOM_DB
PH002815,9674175970,+91,Carrier_B,Maharashtra,2024-06-11,,Active,P000533,SYNTH_TELECOM_DB
PH002816,9234553372,+91,Carrier_A,Maharashtra,2015-07-18,,Active,P004838,SYNTH_TELECOM_DB
PH002817,9155591799,+91,Carrier_A,Maharashtra,2010-01-15,,Active,P004771,SYNTH_TELECOM_DB
PH002818,9856756415,+91,Carrier_D,Maharashtra,2023-08-06,,Active,P003477,SYNTH_CDR_DB
PH002819,9489745097,+91,Carrier_A,Maharashtra,2026-06-04,,Active,P006409,SYNTH_TELECOM_DB
PH002820,9670574527,+91,Carrier_D,Maharashtra,2026-02-13,2026-08-29,Inactive,P000759,SYNTH_TELECOM_DB
PH002821,9514101960,+91,Carrier_B,Maharashtra,2023-10-05,,Active,P006856,SYNTH_CDR_DB
PH002822,9919343186,+91,Carrier_C,Maharashtra,2011-02-18,,Active,P002216,SYNTH_TELECOM_DB
PH002823,9316195276,+91,Carrier_A,Maharashtra,2018-10-26,2022-11-28,Inactive,P002487,SYNTH_TELECOM_DB
PH002824,9481795673,+91,Carrier_A,Maharashtra,2025-02-10,,Active,P004634,SYNTH_IDENTITY_DB
PH002825,9907185675,+91,Carrier_C,Maharashtra,2012-05-17,,Active,P006952,SYNTH_TELECOM_DB
PH002826,9615674403,+91,Carrier_C,Maharashtra,2013-09-03,,Active,P005200,SYNTH_CDR_DB
PH002827,9173489886,+91,Carrier_C,Maharashtra,2013-05-24,2015-09-24,Inactive,P004677,SYNTH_IDENTITY_DB
PH002828,9505472885,+91,Carrier_A,Maharashtra,2014-10-01,2017-12-10,Inactive,P003064,SYNTH_CDR_DB
PH002829,9275446063,+91,Carrier_B,Maharashtra,2012-08-13,,Active,P001357,SYNTH_TELECOM_DB
PH002830,9470348337,+91,Carrier_B,Maharashtra,2013-03-01,,Active,P005595,SYNTH_TELECOM_DB
PH002831,9297709692,+91,Carrier_B,Maharashtra,2013-06-12,,Active,P002999,SYNTH_LEGACY_DB
PH002832,9535693653,+91,Carrier_C,Maharashtra,2020-06-30,,Active,P001818,SYNTH_TELECOM_DB
PH002833,9901391795,+91,Carrier_B,Maharashtra,2010-02-17,2013-12-23,Inactive,P002560,SYNTH_CDR_DB
PH002834,9814516674,+91,Carrier_C,Maharashtra,2011-09-01,,Active,P005752,SYNTH_CDR_DB
PH002835,9871322898,+91,Carrier_A,Maharashtra,2020-04-09,,Active,P006084,SYNTH_CDR_DB
PH002836,9323319501,+91,Carrier_C,Maharashtra,2014-04-23,2020-11-15,Inactive,P006765,SYNTH_CDR_DB
PH002837,9445845093,+91,Carrier_B,Maharashtra,2022-01-25,,Active,P005281,SYNTH_CDR_DB
PH002838,9843346936,+91,Carrier_B,Maharashtra,2024-06-17,,Active,P004013,SYNTH_CDR_DB
PH002839,9514106415,+91,Carrier_A,Maharashtra,2024-09-15,,Active,P000761,SYNTH_TELECOM_DB
PH002840,9392175620,+91,Carrier_B,Maharashtra,2016-02-05,,Active,P005677,SYNTH_TELECOM_DB
PH002841,9343021795,+91,Carrier_A,Maharashtra,2012-09-06,2013-05-02,Suspended,P003093,SYNTH_CDR_DB
PH002842,9422025137,+91,Carrier_C,Maharashtra,2011-03-30,,Active,P003927,SYNTH_CDR_DB
PH002843,9741494567,+91,Carrier_C,Maharashtra,2025-12-27,,Active,P003555,SYNTH_TELECOM_DB
PH002844,9170915785,+91,Carrier_B,Maharashtra,2017-03-14,,Active,P002980,SYNTH_TELECOM_DB
PH002845,9535647485,+91,Carrier_D,Maharashtra,2018-04-28,,Active,P000666,SYNTH_TELECOM_DB
PH002846,9649048625,+91,Carrier_B,Maharashtra,2010-10-08,2011-06-01,Reassigned,P004649,SYNTH_TELECOM_DB
PH002847,9603139619,+91,Carrier_A,Maharashtra,2015-11-22,2017-08-18,Suspended,P000943,SYNTH_CDR_DB
PH002848,9250958161,+91,Carrier_A,Maharashtra,2024-09-26,,Active,P003149,SYNTH_IDENTITY_DB
PH002849,9171695599,+91,Carrier_B,Maharashtra,2015-01-11,,Active,P003246,SYNTH_TELECOM_DB
PH002850,9877828131,+91,Carrier_A,Maharashtra,2023-08-03,,Active,P000007,SYNTH_TELECOM_DB
PH002851,9316683532,+91,Carrier_B,Maharashtra,2017-11-24,2019-03-31,Reassigned,P006359,SYNTH_IDENTITY_DB
PH002852,9783477411,+91,Carrier_B,Maharashtra,2025-05-28,,Active,P005381,SYNTH_LEGACY_DB
PH002853,9401206616,+91,Carrier_C,Maharashtra,2012-10-06,,Active,P000064,SYNTH_LEGACY_DB
PH002854,9692260866,+91,Carrier_A,Maharashtra,2018-08-24,,Active,P004092,SYNTH_CDR_DB
PH002855,9758772781,+91,Carrier_A,Maharashtra,2023-06-12,,Active,P004824,SYNTH_CDR_DB
PH002856,9387532826,+91,Carrier_D,Maharashtra,2018-03-21,,Active,P002848,SYNTH_LEGACY_DB
PH002857,9446026507,+91,Carrier_A,Maharashtra,2010-07-23,,Active,P000490,SYNTH_TELECOM_DB
PH002858,9413273265,+91,Carrier_B,Maharashtra,2026-08-19,2026-08-29,Inactive,P004464,SYNTH_CDR_DB
PH002859,9908869459,+91,Carrier_A,Maharashtra,2018-03-02,,Active,P002348,SYNTH_LEGACY_DB
PH002860,9411088455,+91,Carrier_C,Maharashtra,2018-10-06,2022-04-15,Inactive,P002559,SYNTH_CDR_DB
PH002861,9454132541,+91,Carrier_B,Maharashtra,2020-06-02,,Active,P006870,SYNTH_TELECOM_DB
PH002862,9578911275,+91,Carrier_A,Maharashtra,2015-02-14,,Active,P004994,SYNTH_IDENTITY_DB
PH002863,9321313937,+91,Carrier_B,Maharashtra,2016-10-29,,Active,P001750,SYNTH_CDR_DB
PH002864,9765350541,+91,Carrier_B,Maharashtra,2010-11-22,,Active,P003468,SYNTH_LEGACY_DB
PH002865,9455979188,+91,Carrier_B,Maharashtra,2013-01-23,,Active,P003898,SYNTH_TELECOM_DB
PH002866,9963701653,+91,Carrier_B,Maharashtra,2017-06-21,,Active,P006661,SYNTH_CDR_DB
PH002867,9642072203,+91,Carrier_A,Maharashtra,2012-10-19,2013-08-24,Inactive,P003025,SYNTH_TELECOM_DB
PH002868,9477735225,+91,Carrier_E,Maharashtra,2018-06-11,,Active,P000539,SYNTH_TELECOM_DB
PH002869,9392864536,+91,Carrier_B,Maharashtra,2024-11-27,,Active,P005792,SYNTH_CDR_DB
PH002870,9872315783,+91,Carrier_A,Maharashtra,2023-05-29,,Active,P006854,SYNTH_TELECOM_DB
PH002871,9414937925,+91,Carrier_A,Maharashtra,2018-04-06,,Active,P003440,SYNTH_CDR_DB
PH002872,9485385398,+91,Carrier_A,Maharashtra,2010-05-29,,Active,P003428,SYNTH_TELECOM_DB
PH002873,9488814271,+91,Carrier_B,Maharashtra,2012-03-07,2020-02-02,Reassigned,P000863,SYNTH_TELECOM_DB
PH002874,9592595341,+91,Carrier_A,Maharashtra,2025-02-14,,Active,P006758,SYNTH_TELECOM_DB
PH002875,9518156117,+91,Carrier_D,Maharashtra,2015-06-25,,Active,P003797,SYNTH_LEGACY_DB
PH002876,9725333433,+91,Carrier_A,Maharashtra,2011-12-24,2014-05-13,Inactive,P004835,SYNTH_LEGACY_DB
PH002877,9288634700,+91,Carrier_A,Maharashtra,2015-01-28,,Active,P006652,SYNTH_TELECOM_DB
PH002878,9180441448,+91,Carrier_A,Maharashtra,2011-04-13,,Active,P001885,SYNTH_TELECOM_DB
PH002879,9864739392,+91,Carrier_C,Maharashtra,2022-12-21,,Active,P002590,SYNTH_TELECOM_DB
PH002880,9683438293,+91,Carrier_A,Maharashtra,2013-10-27,,Active,P000526,SYNTH_TELECOM_DB
PH002881,9926094729,+91,Carrier_B,Maharashtra,2017-02-28,,Active,P001483,SYNTH_IDENTITY_DB
PH002882,9263450740,+91,Carrier_E,Maharashtra,2015-03-20,2020-09-17,Inactive,P002269,SYNTH_TELECOM_DB
PH002883,9469411914,+91,Carrier_A,Maharashtra,2010-09-01,,Active,P000235,SYNTH_CDR_DB
PH002884,9323548079,+91,Carrier_A,Maharashtra,2010-09-28,2016-05-08,Inactive,P006027,SYNTH_TELECOM_DB
PH002885,9267917014,+91,Carrier_B,Maharashtra,2016-09-05,,Active,P004103,SYNTH_TELECOM_DB
PH002886,9773002992,+91,Carrier_D,Maharashtra,2019-08-07,2021-11-23,Inactive,P001591,SYNTH_CDR_DB
PH002887,9438459258,+91,Carrier_D,Maharashtra,2019-02-16,2021-04-18,Inactive,P001155,SYNTH_TELECOM_DB
PH002888,9899383957,+91,Carrier_A,Maharashtra,2014-06-09,,Active,P006648,SYNTH_TELECOM_DB
PH002889,9290466683,+91,Carrier_A,Maharashtra,2021-12-13,2022-08-01,Reassigned,P003514,SYNTH_TELECOM_DB
PH002890,9748128080,+91,Carrier_A,Maharashtra,2024-05-03,2026-08-29,Reassigned,P000307,SYNTH_TELECOM_DB
PH002891,9141560401,+91,Carrier_A,Maharashtra,2015-04-15,,Active,P003857,SYNTH_TELECOM_DB
PH002892,9142762067,+91,Carrier_D,Maharashtra,2024-03-21,,Active,P004848,SYNTH_TELECOM_DB
PH002893,9366571218,+91,Carrier_B,Maharashtra,2023-05-23,2025-09-08,Suspended,P005167,SYNTH_TELECOM_DB
PH002894,9531674500,+91,Carrier_C,Maharashtra,2016-04-03,2017-11-17,Suspended,P000057,SYNTH_TELECOM_DB
PH002895,9180983726,+91,Carrier_C,Maharashtra,2017-11-17,2020-02-10,Suspended,P003713,SYNTH_TELECOM_DB
PH002896,9822189369,+91,Carrier_B,Maharashtra,2011-01-19,,Active,P004391,SYNTH_CDR_DB
PH002897,9688513921,+91,Carrier_D,Maharashtra,2025-12-21,,Active,P001431,SYNTH_IDENTITY_DB
PH002898,9203831547,+91,Carrier_B,Maharashtra,2012-07-21,,Active,P001014,SYNTH_TELECOM_DB
PH002899,9143448639,+91,Carrier_D,Maharashtra,2017-02-21,2018-07-06,Suspended,P005803,SYNTH_IDENTITY_DB
PH002900,9114060411,+91,Carrier_A,Maharashtra,2024-03-20,2024-10-12,Inactive,P001930,SYNTH_LEGACY_DB
PH002901,9819394076,+91,Carrier_A,Maharashtra,2017-01-01,,Active,P003501,SYNTH_CDR_DB
PH002902,9290363143,+91,Carrier_B,Maharashtra,2023-08-05,,Active,P003188,SYNTH_CDR_DB
PH002903,9922081364,+91,Carrier_B,Maharashtra,2010-09-11,2016-03-10,Inactive,P005584,SYNTH_TELECOM_DB
PH002904,9896730888,+91,Carrier_C,Maharashtra,2021-04-30,2024-03-23,Inactive,P002445,SYNTH_IDENTITY_DB
PH002905,9896124682,+91,Carrier_E,Maharashtra,2018-03-10,2024-03-25,Inactive,P003660,SYNTH_TELECOM_DB
PH002906,9689707877,+91,Carrier_A,Maharashtra,2023-12-15,,Active,P005651,SYNTH_TELECOM_DB
PH002907,9370705704,+91,Carrier_C,Maharashtra,2010-03-05,,Active,P002647,SYNTH_TELECOM_DB
PH002908,9443847756,+91,Carrier_B,Maharashtra,2017-08-13,,Active,P004072,SYNTH_TELECOM_DB
PH002909,9400760795,+91,Carrier_B,Maharashtra,2013-08-06,,Active,P000748,SYNTH_TELECOM_DB
PH002910,9479604288,+91,Carrier_A,Maharashtra,2010-02-02,,Active,P003246,SYNTH_IDENTITY_DB
PH002911,9396034566,+91,Carrier_A,Maharashtra,2021-04-29,,Active,P001620,SYNTH_IDENTITY_DB
PH002912,9951802783,+91,Carrier_C,Maharashtra,2019-11-05,2026-06-03,Inactive,P005249,SYNTH_LEGACY_DB
PH002913,9338859749,+91,Carrier_A,Maharashtra,2025-01-18,,Active,P000684,SYNTH_TELECOM_DB
PH002914,9928373047,+91,Carrier_B,Maharashtra,2016-06-03,2019-01-12,Inactive,P004616,SYNTH_TELECOM_DB
PH002915,9707644653,+91,Carrier_A,Maharashtra,2025-08-10,2026-08-29,Inactive,P003475,SYNTH_IDENTITY_DB
PH002916,9784766367,+91,Carrier_C,Maharashtra,2026-03-10,2026-08-29,Reassigned,P002063,SYNTH_CDR_DB
PH002917,9100232216,+91,Carrier_A,Maharashtra,2013-07-31,,Active,P000415,SYNTH_TELECOM_DB
PH002918,9266868223,+91,Carrier_B,Maharashtra,2016-06-06,,Active,P003700,SYNTH_CDR_DB
PH002919,9452586250,+91,Carrier_A,Maharashtra,2012-07-16,,Active,P003310,SYNTH_TELECOM_DB
PH002920,9287136397,+91,Carrier_D,Maharashtra,2016-12-03,2018-11-18,Suspended,P006081,SYNTH_TELECOM_DB
PH002921,9263963996,+91,Carrier_A,Maharashtra,2021-05-17,2023-08-31,Inactive,P004573,SYNTH_LEGACY_DB
PH002922,9713783087,+91,Carrier_A,Maharashtra,2025-03-28,,Active,P000187,SYNTH_IDENTITY_DB
PH002923,9763026745,+91,Carrier_D,Maharashtra,2024-08-13,2026-08-29,Inactive,P005741,SYNTH_LEGACY_DB
PH002924,9834082700,+91,Carrier_B,Maharashtra,2014-01-29,,Active,P006171,SYNTH_IDENTITY_DB
PH002925,9678086957,+91,Carrier_B,Maharashtra,2015-05-20,,Active,P000467,SYNTH_TELECOM_DB
PH002926,9292442480,+91,Carrier_B,Maharashtra,2023-11-19,2024-12-31,Suspended,P005306,SYNTH_CDR_DB
PH002927,9307094268,+91,Carrier_B,Maharashtra,2023-10-12,2023-12-24,Suspended,P000107,SYNTH_IDENTITY_DB
PH002928,9940514603,+91,Carrier_A,Maharashtra,2013-03-23,,Active,P005626,SYNTH_TELECOM_DB
PH002929,9481656957,+91,Carrier_A,Maharashtra,2015-03-21,,Active,P001527,SYNTH_TELECOM_DB
PH002930,9760446709,+91,Carrier_A,Maharashtra,2021-06-27,,Active,P006285,SYNTH_TELECOM_DB
PH002931,9748083114,+91,Carrier_C,Maharashtra,2020-03-02,,Active,P004106,SYNTH_IDENTITY_DB
PH002932,9812080460,+91,Carrier_A,Maharashtra,2011-05-01,2013-03-08,Inactive,P000378,SYNTH_LEGACY_DB
PH002933,9144225738,+91,Carrier_B,Maharashtra,2012-12-20,2013-06-27,Suspended,P001720,SYNTH_TELECOM_DB
PH002934,9340149934,+91,Carrier_A,Maharashtra,2013-02-03,2015-09-23,Suspended,P006585,SYNTH_CDR_DB
PH002935,9116743620,+91,Carrier_A,Maharashtra,2025-08-25,,Active,P004055,SYNTH_TELECOM_DB
PH002936,9916117366,+91,Carrier_C,Maharashtra,2016-03-11,,Active,P006086,SYNTH_TELECOM_DB
PH002937,9684390182,+91,Carrier_C,Maharashtra,2018-07-04,,Active,P002002,SYNTH_CDR_DB
PH002938,9632343791,+91,Carrier_A,Maharashtra,2025-02-23,,Active,P006451,SYNTH_CDR_DB
PH002939,9772581985,+91,Carrier_B,Maharashtra,2013-11-27,,Active,P001859,SYNTH_TELECOM_DB
PH002940,9704759645,+91,Carrier_D,Maharashtra,2016-09-18,,Active,P001799,SYNTH_CDR_DB
PH002941,9707025174,+91,Carrier_B,Maharashtra,2025-06-01,2026-02-14,Inactive,P003395,SYNTH_TELECOM_DB
PH002942,9919905311,+91,Carrier_D,Maharashtra,2018-04-18,2018-08-19,Suspended,P000358,SYNTH_TELECOM_DB
PH002943,9857486247,+91,Carrier_B,Maharashtra,2021-05-17,,Active,P003414,SYNTH_LEGACY_DB
PH002944,9513727781,+91,Carrier_C,Maharashtra,2012-12-05,,Active,P003896,SYNTH_CDR_DB
PH002945,9456887402,+91,Carrier_B,Maharashtra,2014-05-04,2014-07-06,Inactive,P001799,SYNTH_TELECOM_DB
PH002946,9585038926,+91,Carrier_B,Maharashtra,2012-07-17,,Active,P003220,SYNTH_TELECOM_DB
PH002947,9251021044,+91,Carrier_B,Maharashtra,2020-04-06,,Active,P001846,SYNTH_TELECOM_DB
PH002948,9507186789,+91,Carrier_D,Maharashtra,2019-08-18,2021-04-14,Suspended,P002043,SYNTH_TELECOM_DB
PH002949,9157714830,+91,Carrier_B,Maharashtra,2021-03-28,,Active,P005691,SYNTH_IDENTITY_DB
PH002950,9624357262,+91,Carrier_C,Maharashtra,2025-09-04,,Active,P001286,SYNTH_IDENTITY_DB
PH002951,9318290125,+91,Carrier_A,Maharashtra,2017-03-07,,Active,P005720,SYNTH_TELECOM_DB
PH002952,9117767646,+91,Carrier_B,Maharashtra,2012-06-14,2018-02-04,Inactive,P005806,SYNTH_IDENTITY_DB
PH002953,9428850819,+91,Carrier_B,Maharashtra,2017-11-01,,Active,P000130,SYNTH_CDR_DB
PH002954,9699675997,+91,Carrier_A,Maharashtra,2021-03-02,,Active,P001913,SYNTH_CDR_DB
PH002955,9223366380,+91,Carrier_A,Maharashtra,2017-09-08,,Active,P001425,SYNTH_IDENTITY_DB
PH002956,9679466777,+91,Carrier_A,Maharashtra,2016-12-26,,Active,P004818,SYNTH_CDR_DB
PH002957,9468941604,+91,Carrier_A,Maharashtra,2022-01-05,,Active,P000795,SYNTH_TELECOM_DB
PH002958,9382828383,+91,Carrier_C,Maharashtra,2014-12-31,,Active,P000532,SYNTH_CDR_DB
PH002959,9159424139,+91,Carrier_A,Maharashtra,2018-11-07,,Active,P002714,SYNTH_TELECOM_DB
PH002960,9193643770,+91,Carrier_B,Maharashtra,2024-11-27,2026-08-29,Inactive,P004573,SYNTH_CDR_DB
PH002961,9120093817,+91,Carrier_C,Maharashtra,2017-01-16,,Active,P001890,SYNTH_TELECOM_DB
PH002962,9423095386,+91,Carrier_B,Maharashtra,2025-11-02,,Active,P001740,SYNTH_TELECOM_DB
PH002963,9423343543,+91,Carrier_B,Maharashtra,2020-05-17,,Active,P001922,SYNTH_IDENTITY_DB
PH002964,9144530121,+91,Carrier_A,Maharashtra,2018-01-15,,Active,P003849,SYNTH_TELECOM_DB
PH002965,9524656217,+91,Carrier_B,Maharashtra,2021-10-03,,Active,P006092,SYNTH_IDENTITY_DB
PH002966,9767025573,+91,Carrier_B,Maharashtra,2021-04-22,,Active,P001551,SYNTH_CDR_DB
PH002967,9951590339,+91,Carrier_D,Maharashtra,2023-01-04,2024-05-25,Suspended,P004784,SYNTH_TELECOM_DB
PH002968,9662603640,+91,Carrier_A,Maharashtra,2015-03-25,,Active,P004286,SYNTH_TELECOM_DB
PH002969,9256112593,+91,Carrier_C,Maharashtra,2023-11-21,,Active,P001817,SYNTH_IDENTITY_DB
PH002970,9168625100,+91,Carrier_E,Maharashtra,2010-03-10,,Active,P002760,SYNTH_IDENTITY_DB
PH002971,9814660733,+91,Carrier_B,Maharashtra,2010-05-30,,Active,P005856,SYNTH_CDR_DB
PH002972,9979736413,+91,Carrier_A,Maharashtra,2024-08-14,2026-08-29,Inactive,P005551,SYNTH_CDR_DB
PH002973,9507944276,+91,Carrier_A,Maharashtra,2020-02-14,,Active,P000439,SYNTH_IDENTITY_DB
PH002974,9739070875,+91,Carrier_A,Maharashtra,2010-02-03,,Active,P002814,SYNTH_IDENTITY_DB
PH002975,9160890964,+91,Carrier_D,Maharashtra,2018-02-25,,Active,P005113,SYNTH_TELECOM_DB
PH002976,9298053694,+91,Carrier_B,Maharashtra,2025-08-23,2026-08-29,Inactive,P005760,SYNTH_CDR_DB
PH002977,9227671040,+91,Carrier_C,Maharashtra,2015-08-01,,Active,P003675,SYNTH_IDENTITY_DB
PH002978,9756523051,+91,Carrier_B,Maharashtra,2025-06-11,,Active,P004505,SYNTH_CDR_DB
PH002979,9922550147,+91,Carrier_B,Maharashtra,2025-08-22,,Active,P004013,SYNTH_TELECOM_DB
PH002980,9385626810,+91,Carrier_C,Maharashtra,2023-03-31,,Active,P005436,SYNTH_TELECOM_DB
PH002981,9207459381,+91,Carrier_A,Maharashtra,2025-07-30,,Active,P000640,SYNTH_TELECOM_DB
PH002982,9317348709,+91,Carrier_A,Maharashtra,2017-10-26,,Active,P000591,SYNTH_TELECOM_DB
PH002983,9850593684,+91,Carrier_E,Maharashtra,2024-01-07,,Active,P001970,SYNTH_LEGACY_DB
PH002984,9250231086,+91,Carrier_C,Maharashtra,2019-11-28,,Active,P003300,SYNTH_TELECOM_DB
PH002985,9930844442,+91,Carrier_C,Maharashtra,2013-04-05,2014-11-09,Suspended,P001310,SYNTH_CDR_DB
PH002986,9932541117,+91,Carrier_D,Maharashtra,2011-10-25,,Active,P003635,SYNTH_CDR_DB
PH002987,9874778249,+91,Carrier_B,Maharashtra,2011-11-30,,Active,P004842,SYNTH_LEGACY_DB
PH002988,9892587890,+91,Carrier_A,Maharashtra,2014-01-23,2016-06-02,Suspended,P001495,SYNTH_TELECOM_DB
PH002989,9482807057,+91,Carrier_C,Maharashtra,2017-12-22,,Active,P001623,SYNTH_TELECOM_DB
PH002990,9381379204,+91,Carrier_A,Maharashtra,2014-08-02,,Active,P000897,SYNTH_TELECOM_DB
PH002991,9489458607,+91,Carrier_B,Maharashtra,2012-02-16,,Active,P000546,SYNTH_TELECOM_DB
PH002992,9310510569,+91,Carrier_D,Maharashtra,2021-06-07,,Active,P006108,SYNTH_TELECOM_DB
PH002993,9997401351,+91,Carrier_B,Maharashtra,2020-03-04,,Active,P004390,SYNTH_LEGACY_DB
PH002994,9322458362,+91,Carrier_A,Maharashtra,2013-03-12,,Active,P002840,SYNTH_TELECOM_DB
PH002995,9556522886,+91,Carrier_B,Maharashtra,2022-10-04,,Active,P000490,SYNTH_CDR_DB
PH002996,9629869929,+91,Carrier_C,Maharashtra,2019-10-15,,Active,P006986,SYNTH_TELECOM_DB
PH002997,9618601967,+91,Carrier_D,Maharashtra,2021-10-06,,Active,P006814,SYNTH_IDENTITY_DB
PH002998,9791218847,+91,Carrier_B,Maharashtra,2014-01-27,,Active,P003241,SYNTH_TELECOM_DB
PH002999,9342498209,+91,Carrier_A,Maharashtra,2023-11-28,2026-08-29,Inactive,P006789,SYNTH_TELECOM_DB
PH003000,9450876308,+91,Carrier_D,Maharashtra,2016-12-25,,Active,P001105,SYNTH_IDENTITY_DB
PH003001,9377568338,+91,Carrier_A,Maharashtra,2014-03-05,2014-06-03,Inactive,P003477,SYNTH_TELECOM_DB
PH003002,9499033059,+91,Carrier_D,Maharashtra,2020-01-07,2024-11-03,Inactive,P003143,SYNTH_TELECOM_DB
PH003003,9859516886,+91,Carrier_B,Maharashtra,2018-06-08,2021-03-25,Inactive,P003744,SYNTH_CDR_DB
PH003004,9441667870,+91,Carrier_A,Maharashtra,2015-11-20,2020-07-22,Inactive,P004350,SYNTH_TELECOM_DB
PH003005,9383623704,+91,Carrier_B,Maharashtra,2025-06-10,2026-08-29,Inactive,P002745,SYNTH_CDR_DB
PH003006,9214975747,+91,Carrier_D,Maharashtra,2011-09-05,,Active,P000365,SYNTH_CDR_DB
PH003007,9760782512,+91,Carrier_E,Maharashtra,2021-12-05,,Active,P004042,SYNTH_TELECOM_DB
PH003008,9570235484,+91,Carrier_B,Maharashtra,2024-10-01,,Active,P004925,SYNTH_IDENTITY_DB
PH003009,9206923064,+91,Carrier_A,Maharashtra,2026-05-01,,Active,P005093,SYNTH_TELECOM_DB
PH003010,9125245914,+91,Carrier_A,Maharashtra,2020-10-22,,Active,P000470,SYNTH_CDR_DB
PH003011,9259361321,+91,Carrier_C,Maharashtra,2024-02-06,,Active,P005251,SYNTH_IDENTITY_DB
PH003012,9116759045,+91,Carrier_D,Maharashtra,2012-06-27,,Active,P002149,SYNTH_CDR_DB
PH003013,9829208027,+91,Carrier_B,Maharashtra,2017-07-21,,Active,P006592,SYNTH_TELECOM_DB
PH003014,9408140481,+91,Carrier_D,Maharashtra,2010-05-29,,Active,P004076,SYNTH_LEGACY_DB
PH003015,9724139165,+91,Carrier_C,Maharashtra,2013-09-30,2014-02-27,Inactive,P001598,SYNTH_LEGACY_DB
PH003016,9599454380,+91,Carrier_B,Maharashtra,2010-04-28,2015-08-17,Reassigned,P002297,SYNTH_IDENTITY_DB
PH003017,9916786931,+91,Carrier_D,Maharashtra,2023-11-12,,Active,P005004,SYNTH_IDENTITY_DB
PH003018,9984319837,+91,Carrier_A,Maharashtra,2012-09-27,,Active,P000745,SYNTH_TELECOM_DB
PH003019,9653067970,+91,Carrier_A,Maharashtra,2010-06-29,,Active,P000098,SYNTH_TELECOM_DB
PH003020,9268133163,+91,Carrier_C,Maharashtra,2015-06-06,2018-02-27,Reassigned,P004285,SYNTH_TELECOM_DB
PH003021,9642854419,+91,Carrier_B,Maharashtra,2021-11-03,,Active,P006774,SYNTH_CDR_DB
PH003022,9916230304,+91,Carrier_E,Maharashtra,2019-11-12,,Active,P005587,SYNTH_IDENTITY_DB
PH003023,9144411671,+91,Carrier_B,Maharashtra,2022-11-01,,Active,P002355,SYNTH_LEGACY_DB
PH003024,9251756032,+91,Carrier_B,Maharashtra,2019-12-10,,Active,P006078,SYNTH_TELECOM_DB
PH003025,9755175457,+91,Carrier_A,Maharashtra,2015-10-30,,Active,P002201,SYNTH_LEGACY_DB
PH003026,9512009129,+91,Carrier_A,Maharashtra,2013-09-07,,Active,P000351,SYNTH_IDENTITY_DB
PH003027,9812018856,+91,Carrier_D,Maharashtra,2020-03-22,,Active,P005772,SYNTH_TELECOM_DB
PH003028,9944793889,+91,Carrier_C,Maharashtra,2012-11-27,,Active,P005291,SYNTH_CDR_DB
PH003029,9258150997,+91,Carrier_A,Maharashtra,2013-02-10,,Active,P006832,SYNTH_TELECOM_DB
PH003030,9181850181,+91,Carrier_C,Maharashtra,2020-03-03,,Active,P005042,SYNTH_TELECOM_DB
PH003031,9874480694,+91,Carrier_C,Maharashtra,2021-05-21,,Active,P001230,SYNTH_TELECOM_DB
PH003032,9908269059,+91,Carrier_C,Maharashtra,2019-04-29,,Active,P000424,SYNTH_TELECOM_DB
PH003033,9598386403,+91,Carrier_B,Maharashtra,2016-12-10,2019-12-23,Inactive,P005494,SYNTH_TELECOM_DB
PH003034,9708448667,+91,Carrier_A,Maharashtra,2018-01-13,,Active,P003827,SYNTH_TELECOM_DB
PH003035,9933949440,+91,Carrier_C,Maharashtra,2018-05-20,,Active,P004210,SYNTH_TELECOM_DB
PH003036,9576741958,+91,Carrier_D,Maharashtra,2014-05-17,,Active,P000723,SYNTH_TELECOM_DB
PH003037,9879121230,+91,Carrier_B,Maharashtra,2015-12-07,,Active,P000625,SYNTH_IDENTITY_DB
PH003038,9584412550,+91,Carrier_E,Maharashtra,2019-08-20,,Active,P005011,SYNTH_TELECOM_DB
PH003039,9385781959,+91,Carrier_B,Maharashtra,2025-07-11,,Active,P006754,SYNTH_TELECOM_DB
PH003040,9976651307,+91,Carrier_A,Maharashtra,2011-12-01,,Active,P002080,SYNTH_TELECOM_DB
PH003041,9582417347,+91,Carrier_C,Maharashtra,2010-07-31,,Active,P004973,SYNTH_TELECOM_DB
PH003042,9812160224,+91,Carrier_A,Maharashtra,2018-08-28,,Active,P003521,SYNTH_IDENTITY_DB
PH003043,9641677827,+91,Carrier_A,Maharashtra,2013-07-08,,Active,P003724,SYNTH_IDENTITY_DB
PH003044,9373371866,+91,Carrier_A,Maharashtra,2021-09-21,,Active,P005338,SYNTH_IDENTITY_DB
PH003045,9826381595,+91,Carrier_A,Maharashtra,2010-04-03,,Active,P001073,SYNTH_CDR_DB
PH003046,9587892469,+91,Carrier_B,Maharashtra,2015-11-04,2019-09-20,Inactive,P000163,SYNTH_LEGACY_DB
PH003047,9662865337,+91,Carrier_A,Maharashtra,2016-07-30,2016-09-18,Suspended,P001728,SYNTH_TELECOM_DB
PH003048,9461569473,+91,Carrier_A,Maharashtra,2021-05-06,,Active,P000557,SYNTH_TELECOM_DB
PH003049,9391939307,+91,Carrier_A,Maharashtra,2016-03-16,,Active,P001127,SYNTH_IDENTITY_DB
PH003050,9309047524,+91,Carrier_C,Maharashtra,2015-09-26,,Active,P004597,SYNTH_CDR_DB
PH003051,9631444506,+91,Carrier_A,Maharashtra,2023-11-01,,Active,P002661,SYNTH_TELECOM_DB
PH003052,9731905403,+91,Carrier_B,Maharashtra,2020-12-23,,Active,P001292,SYNTH_IDENTITY_DB
PH003053,9787285205,+91,Carrier_C,Maharashtra,2013-08-06,,Active,P004949,SYNTH_TELECOM_DB
PH003054,9174416196,+91,Carrier_D,Maharashtra,2017-12-24,,Active,P002639,SYNTH_LEGACY_DB
PH003055,9137568498,+91,Carrier_A,Maharashtra,2026-04-14,,Active,P004919,SYNTH_LEGACY_DB
PH003056,9791153768,+91,Carrier_E,Maharashtra,2012-03-11,,Active,P001108,SYNTH_IDENTITY_DB
PH003057,9235735192,+91,Carrier_B,Maharashtra,2015-08-04,,Active,P001547,SYNTH_TELECOM_DB
PH003058,9622796760,+91,Carrier_A,Maharashtra,2019-08-01,,Active,P004994,SYNTH_TELECOM_DB
PH003059,9363921151,+91,Carrier_C,Maharashtra,2022-12-03,,Active,P003307,SYNTH_IDENTITY_DB
PH003060,9564841058,+91,Carrier_B,Maharashtra,2014-06-05,,Active,P000882,SYNTH_CDR_DB
PH003061,9841386770,+91,Carrier_A,Maharashtra,2016-11-26,2017-07-31,Suspended,P003988,SYNTH_TELECOM_DB
PH003062,9900630286,+91,Carrier_C,Maharashtra,2019-04-10,,Active,P006548,SYNTH_TELECOM_DB
PH003063,9583904975,+91,Carrier_C,Maharashtra,2011-08-30,,Active,P001187,SYNTH_TELECOM_DB
PH003064,9454756717,+91,Carrier_A,Maharashtra,2026-01-27,,Active,P006408,SYNTH_TELECOM_DB
PH003065,9334031778,+91,Carrier_B,Maharashtra,2015-01-03,2016-12-16,Inactive,P006424,SYNTH_LEGACY_DB
PH003066,9957983346,+91,Carrier_A,Maharashtra,2012-03-17,,Active,P005336,SYNTH_CDR_DB
PH003067,9331093505,+91,Carrier_B,Maharashtra,2024-03-02,,Active,P006821,SYNTH_TELECOM_DB
PH003068,9748007175,+91,Carrier_B,Maharashtra,2011-09-07,,Active,P000962,SYNTH_TELECOM_DB
PH003069,9140262818,+91,Carrier_D,Maharashtra,2018-10-12,,Active,P001282,SYNTH_TELECOM_DB
PH003070,9413917461,+91,Carrier_B,Maharashtra,2021-12-13,,Active,P005011,SYNTH_TELECOM_DB
PH003071,9799235449,+91,Carrier_A,Maharashtra,2019-05-08,,Active,P001614,SYNTH_TELECOM_DB
PH003072,9148827131,+91,Carrier_B,Maharashtra,2016-10-04,2020-03-26,Inactive,P004098,SYNTH_TELECOM_DB
PH003073,9485599385,+91,Carrier_A,Maharashtra,2019-07-06,,Active,P000752,SYNTH_IDENTITY_DB
PH003074,9421235733,+91,Carrier_C,Maharashtra,2018-06-23,,Active,P003295,SYNTH_LEGACY_DB
PH003075,9484899355,+91,Carrier_A,Maharashtra,2019-05-16,,Active,P000643,SYNTH_TELECOM_DB
PH003076,9641958093,+91,Carrier_B,Maharashtra,2026-01-21,,Active,P002040,SYNTH_CDR_DB
PH003077,9513757722,+91,Carrier_A,Maharashtra,2013-03-26,,Active,P001777,SYNTH_TELECOM_DB
PH003078,9833133427,+91,Carrier_A,Maharashtra,2012-03-16,,Active,P006403,SYNTH_CDR_DB
PH003079,9212074722,+91,Carrier_B,Maharashtra,2015-10-14,,Active,P000505,SYNTH_IDENTITY_DB
PH003080,9547743283,+91,Carrier_B,Maharashtra,2026-02-12,,Active,P003558,SYNTH_TELECOM_DB
PH003081,9425937131,+91,Carrier_B,Maharashtra,2025-02-22,,Active,P000923,SYNTH_TELECOM_DB
PH003082,9274781740,+91,Carrier_C,Maharashtra,2022-03-14,,Active,P003280,SYNTH_IDENTITY_DB
PH003083,9898005803,+91,Carrier_A,Maharashtra,2024-05-10,,Active,P005323,SYNTH_TELECOM_DB
PH003084,9182962804,+91,Carrier_E,Maharashtra,2020-10-27,,Active,P005417,SYNTH_TELECOM_DB
PH003085,9445959580,+91,Carrier_C,Maharashtra,2023-06-02,,Active,P004982,SYNTH_TELECOM_DB
PH003086,9382654815,+91,Carrier_C,Maharashtra,2022-02-10,,Active,P000977,SYNTH_TELECOM_DB
PH003087,9888633897,+91,Carrier_A,Maharashtra,2025-11-20,,Active,P006579,SYNTH_TELECOM_DB
PH003088,9620476627,+91,Carrier_C,Maharashtra,2017-11-08,,Active,P000312,SYNTH_CDR_DB
PH003089,9669647503,+91,Carrier_A,Maharashtra,2011-12-23,2018-01-04,Inactive,P002112,SYNTH_TELECOM_DB
PH003090,9595185770,+91,Carrier_B,Maharashtra,2020-07-22,,Active,P000568,SYNTH_IDENTITY_DB
PH003091,9751542818,+91,Carrier_A,Maharashtra,2015-10-04,,Active,P002353,SYNTH_TELECOM_DB
PH003092,9463103583,+91,Carrier_A,Maharashtra,2012-09-17,,Active,P005186,SYNTH_IDENTITY_DB
PH003093,9316335597,+91,Carrier_A,Maharashtra,2012-10-27,,Active,P000190,SYNTH_TELECOM_DB
PH003094,9569820848,+91,Carrier_A,Maharashtra,2015-07-15,,Active,P006929,SYNTH_CDR_DB
PH003095,9686039837,+91,Carrier_E,Maharashtra,2018-02-10,,Active,P000338,SYNTH_TELECOM_DB
PH003096,9707673547,+91,Carrier_A,Maharashtra,2018-03-11,,Active,P006707,SYNTH_TELECOM_DB
PH003097,9593169940,+91,Carrier_A,Maharashtra,2014-11-21,2016-10-17,Inactive,P004343,SYNTH_TELECOM_DB
PH003098,9982163710,+91,Carrier_C,Maharashtra,2023-05-30,,Active,P003027,SYNTH_IDENTITY_DB
PH003099,9660101743,+91,Carrier_C,Maharashtra,2017-01-01,,Active,P002664,SYNTH_CDR_DB
PH003100,9548391596,+91,Carrier_B,Maharashtra,2010-05-16,,Active,P004805,SYNTH_TELECOM_DB
PH003101,9956301364,+91,Carrier_B,Maharashtra,2024-11-12,,Active,P003375,SYNTH_TELECOM_DB
PH003102,9162479386,+91,Carrier_B,Maharashtra,2021-09-10,,Active,P003338,SYNTH_CDR_DB
PH003103,9636794588,+91,Carrier_D,Maharashtra,2017-01-22,2017-05-25,Inactive,P000985,SYNTH_TELECOM_DB
PH003104,9901758803,+91,Carrier_A,Maharashtra,2025-12-13,,Active,P004606,SYNTH_CDR_DB
PH003105,9745868259,+91,Carrier_C,Maharashtra,2010-01-26,2011-11-13,Inactive,P000405,SYNTH_TELECOM_DB
PH003106,9749937948,+91,Carrier_A,Maharashtra,2024-05-04,,Active,P000914,SYNTH_TELECOM_DB
PH003107,9947226230,+91,Carrier_C,Maharashtra,2011-05-01,,Active,P006116,SYNTH_TELECOM_DB
PH003108,9687238230,+91,Carrier_A,Maharashtra,2012-02-18,,Active,P004410,SYNTH_CDR_DB
PH003109,9882017114,+91,Carrier_E,Maharashtra,2013-12-12,,Active,P004755,SYNTH_TELECOM_DB
PH003110,9840420193,+91,Carrier_A,Maharashtra,2019-03-31,,Active,P002648,SYNTH_IDENTITY_DB
PH003111,9925361457,+91,Carrier_C,Maharashtra,2023-05-27,,Active,P001844,SYNTH_TELECOM_DB
PH003112,9413124141,+91,Carrier_A,Maharashtra,2012-06-04,,Active,P005475,SYNTH_CDR_DB
PH003113,9276766823,+91,Carrier_D,Maharashtra,2018-10-31,2022-11-22,Reassigned,P003695,SYNTH_TELECOM_DB
PH003114,9433219263,+91,Carrier_B,Maharashtra,2021-04-08,,Active,P003106,SYNTH_TELECOM_DB
PH003115,9337937550,+91,Carrier_B,Maharashtra,2022-01-20,,Active,P003842,SYNTH_LEGACY_DB
PH003116,9672169292,+91,Carrier_A,Maharashtra,2011-11-26,2012-12-07,Suspended,P006929,SYNTH_TELECOM_DB
PH003117,9523713784,+91,Carrier_B,Maharashtra,2022-03-09,,Active,P003569,SYNTH_TELECOM_DB
PH003118,9849995852,+91,Carrier_B,Maharashtra,2010-03-12,,Active,P000744,SYNTH_TELECOM_DB
PH003119,9617019534,+91,Carrier_B,Maharashtra,2021-05-31,,Active,P004249,SYNTH_TELECOM_DB
PH003120,9176798443,+91,Carrier_C,Maharashtra,2017-02-01,,Active,P004970,SYNTH_LEGACY_DB
PH003121,9136245606,+91,Carrier_B,Maharashtra,2011-06-23,2017-05-04,Inactive,P006924,SYNTH_IDENTITY_DB
PH003122,9690415306,+91,Carrier_B,Maharashtra,2026-03-24,,Active,P001617,SYNTH_TELECOM_DB
PH003123,9728046874,+91,Carrier_C,Maharashtra,2011-11-29,,Active,P002600,SYNTH_IDENTITY_DB
PH003124,9893406657,+91,Carrier_A,Maharashtra,2024-03-04,,Active,P001429,SYNTH_TELECOM_DB
PH003125,9335948339,+91,Carrier_B,Maharashtra,2018-03-10,,Active,P003444,SYNTH_CDR_DB
PH003126,9145382612,+91,Carrier_A,Maharashtra,2021-10-28,,Active,P001162,SYNTH_CDR_DB
PH003127,9105186634,+91,Carrier_C,Maharashtra,2011-11-12,2012-09-10,Inactive,P000063,SYNTH_IDENTITY_DB
PH003128,9732134758,+91,Carrier_A,Maharashtra,2018-08-26,,Active,P006763,SYNTH_TELECOM_DB
PH003129,9981181905,+91,Carrier_A,Maharashtra,2014-04-16,2014-08-23,Suspended,P001801,SYNTH_IDENTITY_DB
PH003130,9225699448,+91,Carrier_A,Maharashtra,2026-07-06,2026-08-29,Inactive,P000081,SYNTH_TELECOM_DB
PH003131,9289965476,+91,Carrier_B,Maharashtra,2015-07-28,,Active,P000883,SYNTH_CDR_DB
PH003132,9670562379,+91,Carrier_B,Maharashtra,2012-01-04,,Active,P005196,SYNTH_TELECOM_DB
PH003133,9990786818,+91,Carrier_A,Maharashtra,2022-09-21,,Active,P005350,SYNTH_TELECOM_DB
PH003134,9647474816,+91,Carrier_B,Maharashtra,2016-10-18,,Active,P006268,SYNTH_IDENTITY_DB
PH003135,9644981749,+91,Carrier_C,Maharashtra,2014-11-24,,Active,P002669,SYNTH_TELECOM_DB
PH003136,9927078839,+91,Carrier_C,Maharashtra,2018-10-20,2020-05-24,Suspended,P003872,SYNTH_TELECOM_DB
PH003137,9246453126,+91,Carrier_B,Maharashtra,2015-06-11,,Active,P005936,SYNTH_TELECOM_DB
PH003138,9712020048,+91,Carrier_B,Maharashtra,2013-06-07,,Active,P000566,SYNTH_TELECOM_DB
PH003139,9212748764,+91,Carrier_A,Maharashtra,2016-07-01,2020-10-21,Inactive,P005508,SYNTH_CDR_DB
PH003140,9285919358,+91,Carrier_B,Maharashtra,2016-08-07,,Active,P006304,SYNTH_CDR_DB
PH003141,9480327873,+91,Carrier_E,Maharashtra,2012-07-01,,Active,P000999,SYNTH_IDENTITY_DB
PH003142,9159120835,+91,Carrier_B,Maharashtra,2013-11-13,,Active,P002466,SYNTH_TELECOM_DB
PH003143,9755011336,+91,Carrier_A,Maharashtra,2024-09-20,2026-08-29,Inactive,P003423,SYNTH_TELECOM_DB
PH003144,9170628118,+91,Carrier_C,Maharashtra,2014-11-16,,Active,P004847,SYNTH_TELECOM_DB
PH003145,9685450707,+91,Carrier_D,Maharashtra,2025-07-30,,Active,P003349,SYNTH_TELECOM_DB
PH003146,9144847165,+91,Carrier_A,Maharashtra,2017-08-21,,Active,P000432,SYNTH_TELECOM_DB
PH003147,9220017292,+91,Carrier_B,Maharashtra,2017-05-29,,Active,P002863,SYNTH_TELECOM_DB
PH003148,9765235734,+91,Carrier_B,Maharashtra,2015-01-22,,Active,P000581,SYNTH_IDENTITY_DB
PH003149,9441651803,+91,Carrier_C,Maharashtra,2018-09-07,,Active,P004886,SYNTH_TELECOM_DB
PH003150,9526724812,+91,Carrier_A,Maharashtra,2023-04-18,,Active,P005743,SYNTH_LEGACY_DB
PH003151,9152377268,+91,Carrier_A,Maharashtra,2010-05-23,,Active,P001899,SYNTH_CDR_DB
PH003152,9547027497,+91,Carrier_A,Maharashtra,2026-05-15,2026-08-29,Inactive,P000904,SYNTH_IDENTITY_DB
PH003153,9159991327,+91,Carrier_C,Maharashtra,2016-10-28,,Active,P005020,SYNTH_IDENTITY_DB
PH003154,9829391007,+91,Carrier_A,Maharashtra,2022-09-29,2023-05-24,Inactive,P001201,SYNTH_TELECOM_DB
PH003155,9847239613,+91,Carrier_C,Maharashtra,2011-08-28,,Active,P004112,SYNTH_TELECOM_DB
PH003156,9816328594,+91,Carrier_B,Maharashtra,2018-03-21,,Active,P002744,SYNTH_TELECOM_DB
PH003157,9431679557,+91,Carrier_B,Maharashtra,2026-08-25,,Active,P001075,SYNTH_LEGACY_DB
PH003158,9286661562,+91,Carrier_B,Maharashtra,2019-07-21,2021-11-20,Suspended,P006736,SYNTH_CDR_DB
PH003159,9478880164,+91,Carrier_B,Maharashtra,2014-05-24,,Active,P003188,SYNTH_IDENTITY_DB
PH003160,9406895528,+91,Carrier_A,Maharashtra,2018-03-28,,Active,P003472,SYNTH_IDENTITY_DB
PH003161,9563824667,+91,Carrier_B,Maharashtra,2014-03-25,,Active,P001436,SYNTH_CDR_DB
PH003162,9278751583,+91,Carrier_B,Maharashtra,2015-04-13,,Active,P006309,SYNTH_CDR_DB
PH003163,9444791376,+91,Carrier_B,Maharashtra,2024-10-03,,Active,P006023,SYNTH_TELECOM_DB
PH003164,9987906867,+91,Carrier_B,Maharashtra,2012-10-31,,Active,P005330,SYNTH_LEGACY_DB
PH003165,9751893357,+91,Carrier_B,Maharashtra,2012-06-28,,Active,P002230,SYNTH_TELECOM_DB
PH003166,9501294310,+91,Carrier_C,Maharashtra,2010-02-28,,Active,P006614,SYNTH_TELECOM_DB
PH003167,9360324249,+91,Carrier_C,Maharashtra,2017-05-01,,Active,P001164,SYNTH_TELECOM_DB
PH003168,9456610382,+91,Carrier_B,Maharashtra,2021-08-01,,Active,P004714,SYNTH_LEGACY_DB
PH003169,9232554171,+91,Carrier_A,Maharashtra,2011-06-08,,Active,P001334,SYNTH_TELECOM_DB
PH003170,9164526156,+91,Carrier_E,Maharashtra,2016-07-15,,Active,P006470,SYNTH_TELECOM_DB
PH003171,9851586751,+91,Carrier_C,Maharashtra,2010-11-07,,Active,P004141,SYNTH_TELECOM_DB
PH003172,9198545860,+91,Carrier_A,Maharashtra,2016-06-01,,Active,P000403,SYNTH_TELECOM_DB
PH003173,9291092526,+91,Carrier_B,Maharashtra,2021-05-01,2022-06-26,Suspended,P005849,SYNTH_TELECOM_DB
PH003174,9773399205,+91,Carrier_B,Maharashtra,2025-04-02,2026-08-29,Inactive,P005579,SYNTH_TELECOM_DB
PH003175,9583491611,+91,Carrier_C,Maharashtra,2012-05-15,,Active,P001587,SYNTH_TELECOM_DB
PH003176,9791544316,+91,Carrier_B,Maharashtra,2013-11-22,,Active,P006698,SYNTH_CDR_DB
PH003177,9160163380,+91,Carrier_E,Maharashtra,2023-09-22,,Active,P001367,SYNTH_TELECOM_DB
PH003178,9439007763,+91,Carrier_B,Maharashtra,2010-11-18,,Active,P005423,SYNTH_TELECOM_DB
PH003179,9995069031,+91,Carrier_C,Maharashtra,2023-07-31,,Active,P006292,SYNTH_TELECOM_DB
PH003180,9391927963,+91,Carrier_A,Maharashtra,2017-03-09,,Active,P005809,SYNTH_TELECOM_DB
PH003181,9713834907,+91,Carrier_B,Maharashtra,2016-10-01,,Active,P001014,SYNTH_TELECOM_DB
PH003182,9228108220,+91,Carrier_A,Maharashtra,2023-09-23,,Active,P000283,SYNTH_CDR_DB
PH003183,9765364762,+91,Carrier_D,Maharashtra,2014-07-25,,Active,P005900,SYNTH_IDENTITY_DB
PH003184,9369943692,+91,Carrier_B,Maharashtra,2012-07-03,,Active,P005979,SYNTH_TELECOM_DB
PH003185,9732495725,+91,Carrier_A,Maharashtra,2024-07-10,,Active,P004390,SYNTH_TELECOM_DB
PH003186,9508233508,+91,Carrier_B,Maharashtra,2011-03-29,,Active,P001070,SYNTH_TELECOM_DB
PH003187,9946273428,+91,Carrier_A,Maharashtra,2019-10-17,,Active,P005704,SYNTH_TELECOM_DB
PH003188,9145384377,+91,Carrier_C,Maharashtra,2017-04-27,,Active,P006017,SYNTH_CDR_DB
PH003189,9117750041,+91,Carrier_C,Maharashtra,2010-05-01,,Active,P004252,SYNTH_TELECOM_DB
PH003190,9878049756,+91,Carrier_A,Maharashtra,2014-06-19,2018-11-30,Inactive,P006683,SYNTH_CDR_DB
PH003191,9163914963,+91,Carrier_C,Maharashtra,2023-05-19,,Active,P006795,SYNTH_TELECOM_DB
PH003192,9517996914,+91,Carrier_C,Maharashtra,2025-03-03,,Active,P000163,SYNTH_IDENTITY_DB
PH003193,9141682000,+91,Carrier_A,Maharashtra,2026-06-08,,Active,P005908,SYNTH_CDR_DB
PH003194,9782178134,+91,Carrier_A,Maharashtra,2017-06-23,,Active,P000375,SYNTH_TELECOM_DB
PH003195,9430854763,+91,Carrier_C,Maharashtra,2015-03-20,2015-08-23,Inactive,P002541,SYNTH_TELECOM_DB
PH003196,9589330443,+91,Carrier_C,Maharashtra,2020-10-30,,Active,P000942,SYNTH_CDR_DB
PH003197,9777362282,+91,Carrier_A,Maharashtra,2026-03-28,,Active,P005104,SYNTH_TELECOM_DB
PH003198,9112836747,+91,Carrier_A,Maharashtra,2015-11-12,,Active,P001372,SYNTH_TELECOM_DB
PH003199,9174968968,+91,Carrier_A,Maharashtra,2024-07-07,,Active,P005260,SYNTH_TELECOM_DB
PH003200,9502895124,+91,Carrier_C,Maharashtra,2016-03-02,,Active,P004842,SYNTH_TELECOM_DB
PH003201,9981209999,+91,Carrier_B,Maharashtra,2022-06-24,,Active,P005357,SYNTH_TELECOM_DB
PH003202,9412163826,+91,Carrier_D,Maharashtra,2010-03-28,,Active,P001782,SYNTH_TELECOM_DB
PH003203,9225253978,+91,Carrier_A,Maharashtra,2022-06-21,,Active,P003569,SYNTH_TELECOM_DB
PH003204,9822346093,+91,Carrier_D,Maharashtra,2020-10-07,,Active,P002830,SYNTH_CDR_DB
PH003205,9601339588,+91,Carrier_A,Maharashtra,2018-11-20,,Active,P005066,SYNTH_CDR_DB
PH003206,9124639717,+91,Carrier_A,Maharashtra,2010-03-01,,Active,P003704,SYNTH_LEGACY_DB
PH003207,9295276319,+91,Carrier_A,Maharashtra,2021-06-07,,Active,P004938,SYNTH_IDENTITY_DB
PH003208,9517366240,+91,Carrier_A,Maharashtra,2024-08-05,2025-02-21,Inactive,P002065,SYNTH_TELECOM_DB
PH003209,9999785975,+91,Carrier_B,Maharashtra,2013-08-09,2014-04-04,Reassigned,P001060,SYNTH_TELECOM_DB
PH003210,9374278685,+91,Carrier_A,Maharashtra,2012-09-04,,Active,P006299,SYNTH_TELECOM_DB
PH003211,9698705373,+91,Carrier_B,Maharashtra,2025-09-22,,Active,P001688,SYNTH_CDR_DB
PH003212,9670174578,+91,Carrier_A,Maharashtra,2022-11-21,,Active,P006126,SYNTH_CDR_DB
PH003213,9623671418,+91,Carrier_A,Maharashtra,2018-08-21,,Active,P006183,SYNTH_TELECOM_DB
PH003214,9727894172,+91,Carrier_B,Maharashtra,2017-02-10,,Active,P000587,SYNTH_TELECOM_DB
PH003215,9150996703,+91,Carrier_C,Maharashtra,2013-01-25,,Active,P000194,SYNTH_TELECOM_DB
PH003216,9606230357,+91,Carrier_A,Maharashtra,2014-03-10,,Active,P006908,SYNTH_CDR_DB
PH003217,9158445052,+91,Carrier_B,Maharashtra,2015-03-11,2019-11-19,Inactive,P002983,SYNTH_TELECOM_DB
PH003218,9729780790,+91,Carrier_A,Maharashtra,2021-09-14,2022-07-01,Inactive,P002100,SYNTH_TELECOM_DB
PH003219,9230947396,+91,Carrier_B,Maharashtra,2024-01-30,,Active,P002669,SYNTH_TELECOM_DB
PH003220,9559007319,+91,Carrier_B,Maharashtra,2013-07-08,,Active,P001252,SYNTH_CDR_DB
PH003221,9762411417,+91,Carrier_A,Maharashtra,2013-10-11,,Active,P005461,SYNTH_TELECOM_DB
PH003222,9305519150,+91,Carrier_B,Maharashtra,2021-12-18,2024-06-28,Suspended,P002423,SYNTH_IDENTITY_DB
PH003223,9356911268,+91,Carrier_B,Maharashtra,2013-05-15,,Active,P000889,SYNTH_IDENTITY_DB
PH003224,9716239196,+91,Carrier_B,Maharashtra,2011-02-02,,Active,P005465,SYNTH_TELECOM_DB
PH003225,9727251356,+91,Carrier_A,Maharashtra,2013-10-17,2017-10-02,Inactive,P006649,SYNTH_TELECOM_DB
PH003226,9911974155,+91,Carrier_D,Maharashtra,2012-03-28,2012-11-08,Suspended,P003737,SYNTH_CDR_DB
PH003227,9195890689,+91,Carrier_A,Maharashtra,2018-12-27,,Active,P005414,SYNTH_IDENTITY_DB
PH003228,9479440315,+91,Carrier_B,Maharashtra,2023-06-10,,Active,P003097,SYNTH_IDENTITY_DB
PH003229,9318917783,+91,Carrier_C,Maharashtra,2026-07-18,2026-08-29,Suspended,P004378,SYNTH_IDENTITY_DB
PH003230,9490911136,+91,Carrier_A,Maharashtra,2015-11-01,2016-12-20,Suspended,P000840,SYNTH_CDR_DB
PH003231,9463128785,+91,Carrier_A,Maharashtra,2014-04-14,,Active,P002681,SYNTH_TELECOM_DB
PH003232,9600671511,+91,Carrier_C,Maharashtra,2026-03-10,2026-08-29,Inactive,P003977,SYNTH_TELECOM_DB
PH003233,9995352446,+91,Carrier_B,Maharashtra,2010-10-25,,Active,P000589,SYNTH_TELECOM_DB
PH003234,9658132886,+91,Carrier_B,Maharashtra,2014-11-23,,Active,P002455,SYNTH_TELECOM_DB
PH003235,9853079403,+91,Carrier_C,Maharashtra,2010-09-16,2014-06-29,Reassigned,P006776,SYNTH_CDR_DB
PH003236,9155928877,+91,Carrier_A,Maharashtra,2019-06-18,,Active,P005662,SYNTH_TELECOM_DB
PH003237,9625021178,+91,Carrier_A,Maharashtra,2010-11-24,,Active,P002710,SYNTH_TELECOM_DB
PH003238,9111841619,+91,Carrier_D,Maharashtra,2022-09-26,2024-11-06,Inactive,P001588,SYNTH_TELECOM_DB
PH003239,9957252918,+91,Carrier_E,Maharashtra,2020-01-16,,Active,P004387,SYNTH_IDENTITY_DB
PH003240,9631709846,+91,Carrier_E,Maharashtra,2023-07-12,,Active,P001583,SYNTH_TELECOM_DB
PH003241,9762784745,+91,Carrier_B,Maharashtra,2012-04-19,,Active,P000902,SYNTH_CDR_DB
PH003242,9989335287,+91,Carrier_A,Maharashtra,2010-07-14,2013-04-23,Inactive,P006769,SYNTH_IDENTITY_DB
PH003243,9966633914,+91,Carrier_C,Maharashtra,2017-01-10,,Active,P003351,SYNTH_IDENTITY_DB
PH003244,9958667246,+91,Carrier_B,Maharashtra,2011-04-16,,Active,P005001,SYNTH_TELECOM_DB
PH003245,9850494754,+91,Carrier_A,Maharashtra,2013-06-08,,Active,P002848,SYNTH_TELECOM_DB
PH003246,9125137564,+91,Carrier_C,Maharashtra,2026-05-19,2026-08-29,Inactive,P005494,SYNTH_CDR_DB
PH003247,9619117193,+91,Carrier_C,Maharashtra,2022-06-27,,Active,P002148,SYNTH_TELECOM_DB
PH003248,9291636761,+91,Carrier_C,Maharashtra,2019-12-30,,Active,P000844,SYNTH_IDENTITY_DB
PH003249,9192343624,+91,Carrier_B,Maharashtra,2021-01-25,,Active,P004601,SYNTH_TELECOM_DB
PH003250,9227393300,+91,Carrier_A,Maharashtra,2024-07-08,,Active,P000631,SYNTH_CDR_DB
PH003251,9479389474,+91,Carrier_D,Maharashtra,2013-01-18,,Active,P003028,SYNTH_LEGACY_DB
PH003252,9488570047,+91,Carrier_C,Maharashtra,2014-01-19,,Active,P005663,SYNTH_IDENTITY_DB
PH003253,9834553777,+91,Carrier_C,Maharashtra,2025-03-13,,Active,P004045,SYNTH_LEGACY_DB
PH003254,9940022091,+91,Carrier_A,Maharashtra,2020-04-01,,Active,P000738,SYNTH_CDR_DB
PH003255,9495911300,+91,Carrier_A,Maharashtra,2020-05-25,2026-01-01,Inactive,P002170,SYNTH_CDR_DB
PH003256,9310273129,+91,Carrier_B,Maharashtra,2012-11-06,,Active,P006456,SYNTH_TELECOM_DB
PH003257,9548261452,+91,Carrier_B,Maharashtra,2010-09-02,,Active,P002325,SYNTH_TELECOM_DB
PH003258,9271430984,+91,Carrier_C,Maharashtra,2022-02-26,,Active,P000416,SYNTH_CDR_DB
PH003259,9914868729,+91,Carrier_C,Maharashtra,2010-08-22,,Active,P002255,SYNTH_TELECOM_DB
PH003260,9878532713,+91,Carrier_D,Maharashtra,2010-12-21,2014-04-16,Reassigned,P001686,SYNTH_IDENTITY_DB
PH003261,9631080069,+91,Carrier_C,Maharashtra,2014-12-20,,Active,P005740,SYNTH_IDENTITY_DB
PH003262,9828531860,+91,Carrier_D,Maharashtra,2016-11-07,,Active,P006478,SYNTH_IDENTITY_DB
PH003263,9256016763,+91,Carrier_B,Maharashtra,2015-02-17,2019-12-01,Reassigned,P003036,SYNTH_CDR_DB
PH003264,9873376531,+91,Carrier_B,Maharashtra,2010-06-09,,Active,P004740,SYNTH_TELECOM_DB
PH003265,9632471547,+91,Carrier_B,Maharashtra,2013-08-02,,Active,P002266,SYNTH_IDENTITY_DB
PH003266,9127110419,+91,Carrier_C,Maharashtra,2017-10-26,,Active,P002592,SYNTH_CDR_DB
PH003267,9310797036,+91,Carrier_B,Maharashtra,2011-05-25,,Active,P006426,SYNTH_TELECOM_DB
PH003268,9221176754,+91,Carrier_C,Maharashtra,2021-09-08,,Active,P002457,SYNTH_TELECOM_DB
PH003269,9948498343,+91,Carrier_B,Maharashtra,2011-05-06,,Active,P006219,SYNTH_IDENTITY_DB
PH003270,9833513563,+91,Carrier_B,Maharashtra,2017-10-07,,Active,P006047,SYNTH_TELECOM_DB
PH003271,9177420363,+91,Carrier_C,Maharashtra,2025-12-17,,Active,P005468,SYNTH_TELECOM_DB
PH003272,9496544899,+91,Carrier_A,Maharashtra,2025-03-23,,Active,P004133,SYNTH_TELECOM_DB
PH003273,9228251758,+91,Carrier_B,Maharashtra,2021-05-23,,Active,P002315,SYNTH_TELECOM_DB
PH003274,9745696947,+91,Carrier_B,Maharashtra,2010-02-12,,Active,P002969,SYNTH_IDENTITY_DB
PH003275,9428974044,+91,Carrier_C,Maharashtra,2010-11-14,,Active,P006041,SYNTH_CDR_DB
PH003276,9750354386,+91,Carrier_A,Maharashtra,2012-11-05,,Active,P002000,SYNTH_IDENTITY_DB
PH003277,9323711191,+91,Carrier_B,Maharashtra,2025-08-16,,Active,P000462,SYNTH_TELECOM_DB
PH003278,9353136378,+91,Carrier_A,Maharashtra,2017-05-28,,Active,P001262,SYNTH_TELECOM_DB
PH003279,9805546620,+91,Carrier_A,Maharashtra,2024-03-07,2025-01-11,Suspended,P004172,SYNTH_TELECOM_DB
PH003280,9609162324,+91,Carrier_A,Maharashtra,2024-09-22,,Active,P006405,SYNTH_TELECOM_DB
PH003281,9274275526,+91,Carrier_A,Maharashtra,2020-05-08,,Active,P000553,SYNTH_IDENTITY_DB
PH003282,9695918974,+91,Carrier_B,Maharashtra,2011-02-11,2016-01-25,Inactive,P002156,SYNTH_TELECOM_DB
PH003283,9232337367,+91,Carrier_B,Maharashtra,2019-12-08,,Active,P005087,SYNTH_CDR_DB
PH003284,9848913714,+91,Carrier_A,Maharashtra,2010-08-24,,Active,P003581,SYNTH_TELECOM_DB
PH003285,9437733325,+91,Carrier_A,Maharashtra,2021-05-02,,Active,P005749,SYNTH_IDENTITY_DB
PH003286,9862818839,+91,Carrier_A,Maharashtra,2021-10-19,,Active,P005212,SYNTH_TELECOM_DB
PH003287,9897775604,+91,Carrier_B,Maharashtra,2010-06-26,,Active,P006783,SYNTH_TELECOM_DB
PH003288,9375226904,+91,Carrier_A,Maharashtra,2015-12-11,,Active,P005619,SYNTH_TELECOM_DB
PH003289,9814788511,+91,Carrier_C,Maharashtra,2023-08-18,,Active,P003735,SYNTH_TELECOM_DB
PH003290,9603834531,+91,Carrier_C,Maharashtra,2023-09-20,,Active,P005945,SYNTH_CDR_DB
PH003291,9266341910,+91,Carrier_C,Maharashtra,2023-09-20,2025-02-19,Inactive,P001220,SYNTH_TELECOM_DB
PH003292,9903463928,+91,Carrier_C,Maharashtra,2024-11-12,2026-08-29,Inactive,P006255,SYNTH_TELECOM_DB
PH003293,9202879204,+91,Carrier_C,Maharashtra,2023-12-14,2026-08-29,Reassigned,P001451,SYNTH_TELECOM_DB
PH003294,9870029748,+91,Carrier_B,Maharashtra,2022-08-03,,Active,P003526,SYNTH_TELECOM_DB
PH003295,9174162799,+91,Carrier_B,Maharashtra,2016-12-06,2019-07-13,Inactive,P001408,SYNTH_TELECOM_DB
PH003296,9538284038,+91,Carrier_B,Maharashtra,2023-12-07,2024-09-28,Inactive,P004316,SYNTH_TELECOM_DB
PH003297,9730723800,+91,Carrier_C,Maharashtra,2021-11-05,,Active,P000687,SYNTH_IDENTITY_DB
PH003298,9757109822,+91,Carrier_A,Maharashtra,2015-10-28,,Active,P004005,SYNTH_TELECOM_DB
PH003299,9495192731,+91,Carrier_A,Maharashtra,2011-06-21,,Active,P002757,SYNTH_TELECOM_DB
PH003300,9902618768,+91,Carrier_B,Maharashtra,2013-02-27,,Active,P006600,SYNTH_TELECOM_DB
PH003301,9765268302,+91,Carrier_E,Maharashtra,2024-07-17,,Active,P002413,SYNTH_TELECOM_DB
PH003302,9656292721,+91,Carrier_B,Maharashtra,2016-11-26,,Active,P005871,SYNTH_TELECOM_DB
PH003303,9786164173,+91,Carrier_C,Maharashtra,2013-11-28,2016-09-06,Inactive,P004950,SYNTH_TELECOM_DB
PH003304,9490716776,+91,Carrier_A,Maharashtra,2014-04-25,2017-09-13,Inactive,P001115,SYNTH_CDR_DB
PH003305,9293764739,+91,Carrier_B,Maharashtra,2015-10-01,,Active,P004061,SYNTH_TELECOM_DB
PH003306,9207526690,+91,Carrier_A,Maharashtra,2023-07-27,,Active,P000843,SYNTH_TELECOM_DB
PH003307,9303219051,+91,Carrier_D,Maharashtra,2017-12-20,,Active,P004948,SYNTH_TELECOM_DB
PH003308,9943304786,+91,Carrier_C,Maharashtra,2010-09-30,,Active,P003468,SYNTH_LEGACY_DB
PH003309,9564475462,+91,Carrier_B,Maharashtra,2025-02-20,2026-08-29,Suspended,P003544,SYNTH_TELECOM_DB
PH003310,9678428367,+91,Carrier_B,Maharashtra,2019-08-08,,Active,P005977,SYNTH_TELECOM_DB
PH003311,9349483662,+91,Carrier_B,Maharashtra,2010-01-31,2013-02-25,Inactive,P003948,SYNTH_CDR_DB
PH003312,9196817047,+91,Carrier_C,Maharashtra,2010-03-15,,Active,P002161,SYNTH_TELECOM_DB
PH003313,9320046829,+91,Carrier_A,Maharashtra,2025-08-20,,Active,P003615,SYNTH_TELECOM_DB
PH003314,9958469970,+91,Carrier_A,Maharashtra,2015-11-20,2019-03-05,Inactive,P004289,SYNTH_TELECOM_DB
PH003315,9592117249,+91,Carrier_A,Maharashtra,2025-08-08,,Active,P006229,SYNTH_TELECOM_DB
PH003316,9278112818,+91,Carrier_B,Maharashtra,2013-08-21,,Active,P005874,SYNTH_TELECOM_DB
PH003317,9140977792,+91,Carrier_C,Maharashtra,2023-03-07,,Active,P000423,SYNTH_CDR_DB
PH003318,9995274101,+91,Carrier_A,Maharashtra,2025-02-24,2026-08-29,Inactive,P001343,SYNTH_IDENTITY_DB
PH003319,9908375732,+91,Carrier_C,Maharashtra,2018-11-17,,Active,P002322,SYNTH_TELECOM_DB
PH003320,9122300956,+91,Carrier_C,Maharashtra,2024-06-11,2026-02-17,Inactive,P006582,SYNTH_TELECOM_DB
PH003321,9209866372,+91,Carrier_B,Maharashtra,2011-08-01,,Active,P002274,SYNTH_TELECOM_DB
PH003322,9668170873,+91,Carrier_A,Maharashtra,2016-11-29,,Active,P003660,SYNTH_TELECOM_DB
PH003323,9207126264,+91,Carrier_A,Maharashtra,2015-05-04,,Active,P000999,SYNTH_TELECOM_DB
PH003324,9529537157,+91,Carrier_E,Maharashtra,2010-03-09,,Active,P002976,SYNTH_IDENTITY_DB
PH003325,9559062203,+91,Carrier_C,Maharashtra,2026-08-13,,Active,P003736,SYNTH_TELECOM_DB
PH003326,9743786701,+91,Carrier_D,Maharashtra,2016-03-13,2020-10-26,Reassigned,P005637,SYNTH_TELECOM_DB
PH003327,9656698516,+91,Carrier_D,Maharashtra,2022-08-25,,Active,P003106,SYNTH_CDR_DB
PH003328,9339827143,+91,Carrier_C,Maharashtra,2024-02-10,,Active,P004898,SYNTH_IDENTITY_DB
PH003329,9818257542,+91,Carrier_C,Maharashtra,2012-11-13,,Active,P005442,SYNTH_TELECOM_DB
PH003330,9311109255,+91,Carrier_E,Maharashtra,2021-06-26,,Active,P002553,SYNTH_TELECOM_DB
PH003331,9120959157,+91,Carrier_A,Maharashtra,2014-08-06,,Active,P001206,SYNTH_TELECOM_DB
PH003332,9452477598,+91,Carrier_B,Maharashtra,2024-08-31,,Active,P000049,SYNTH_TELECOM_DB
PH003333,9955645110,+91,Carrier_C,Maharashtra,2023-01-01,2026-08-14,Inactive,P005054,SYNTH_CDR_DB
PH003334,9348097384,+91,Carrier_D,Maharashtra,2014-03-30,,Active,P004147,SYNTH_TELECOM_DB
PH003335,9799573726,+91,Carrier_A,Maharashtra,2024-08-21,,Active,P001439,SYNTH_TELECOM_DB
PH003336,9982055541,+91,Carrier_A,Maharashtra,2019-04-01,,Active,P004471,SYNTH_TELECOM_DB
PH003337,9580488069,+91,Carrier_C,Maharashtra,2022-05-25,,Active,P006126,SYNTH_IDENTITY_DB
PH003338,9441761650,+91,Carrier_B,Maharashtra,2013-01-04,,Active,P006087,SYNTH_CDR_DB
PH003339,9777691467,+91,Carrier_C,Maharashtra,2024-04-09,,Active,P004013,SYNTH_TELECOM_DB
PH003340,9417353517,+91,Carrier_A,Maharashtra,2025-01-24,,Active,P005698,SYNTH_TELECOM_DB
PH003341,9500035640,+91,Carrier_C,Maharashtra,2018-10-09,,Active,P002382,SYNTH_CDR_DB
PH003342,9482654108,+91,Carrier_A,Maharashtra,2017-05-06,,Active,P004543,SYNTH_TELECOM_DB
PH003343,9394810968,+91,Carrier_D,Maharashtra,2020-06-30,,Active,P004475,SYNTH_IDENTITY_DB
PH003344,9182570779,+91,Carrier_B,Maharashtra,2015-11-06,,Active,P000176,SYNTH_IDENTITY_DB
PH003345,9905753057,+91,Carrier_A,Maharashtra,2024-06-16,,Active,P005915,SYNTH_IDENTITY_DB
PH003346,9859292698,+91,Carrier_C,Maharashtra,2020-12-28,2023-07-04,Inactive,P005371,SYNTH_IDENTITY_DB
PH003347,9312020416,+91,Carrier_A,Maharashtra,2020-07-18,,Active,P002076,SYNTH_TELECOM_DB
PH003348,9103823786,+91,Carrier_A,Maharashtra,2022-02-05,,Active,P006260,SYNTH_IDENTITY_DB
PH003349,9954081591,+91,Carrier_B,Maharashtra,2025-12-22,,Active,P002041,SYNTH_TELECOM_DB
PH003350,9163177938,+91,Carrier_C,Maharashtra,2015-03-15,,Active,P003035,SYNTH_LEGACY_DB
PH003351,9743424066,+91,Carrier_B,Maharashtra,2022-11-29,,Active,P005845,SYNTH_TELECOM_DB
PH003352,9269698590,+91,Carrier_A,Maharashtra,2023-05-17,2026-08-29,Reassigned,P002690,SYNTH_CDR_DB
PH003353,9149899786,+91,Carrier_C,Maharashtra,2020-06-21,,Active,P003066,SYNTH_TELECOM_DB
PH003354,9643855376,+91,Carrier_C,Maharashtra,2023-10-17,,Active,P005383,SYNTH_TELECOM_DB
PH003355,9450040546,+91,Carrier_B,Maharashtra,2010-01-19,2017-08-01,Reassigned,P001451,SYNTH_TELECOM_DB
PH003356,9844034057,+91,Carrier_B,Maharashtra,2022-02-20,,Active,P006341,SYNTH_TELECOM_DB
PH003357,9693631960,+91,Carrier_B,Maharashtra,2023-02-19,,Active,P000105,SYNTH_IDENTITY_DB
PH003358,9626034542,+91,Carrier_C,Maharashtra,2025-10-25,2026-08-29,Reassigned,P001204,SYNTH_TELECOM_DB
PH003359,9796845013,+91,Carrier_C,Maharashtra,2024-05-17,,Active,P002407,SYNTH_TELECOM_DB
PH003360,9861954045,+91,Carrier_B,Maharashtra,2020-05-01,,Active,P004180,SYNTH_CDR_DB
PH003361,9913966700,+91,Carrier_B,Maharashtra,2017-10-24,2023-11-23,Inactive,P001779,SYNTH_LEGACY_DB
PH003362,9403494945,+91,Carrier_C,Maharashtra,2017-01-20,,Active,P006830,SYNTH_TELECOM_DB
PH003363,9636480000,+91,Carrier_D,Maharashtra,2021-01-30,,Active,P001817,SYNTH_TELECOM_DB
PH003364,9922019070,+91,Carrier_A,Maharashtra,2024-07-15,,Active,P002286,SYNTH_LEGACY_DB
PH003365,9187779197,+91,Carrier_A,Maharashtra,2016-11-25,,Active,P006239,SYNTH_TELECOM_DB
PH003366,9586513271,+91,Carrier_A,Maharashtra,2015-11-12,,Active,P006127,SYNTH_TELECOM_DB
PH003367,9821822819,+91,Carrier_B,Maharashtra,2016-11-22,2022-02-12,Inactive,P006404,SYNTH_TELECOM_DB
PH003368,9759556887,+91,Carrier_B,Maharashtra,2025-05-17,,Active,P000316,SYNTH_IDENTITY_DB
PH003369,9873981461,+91,Carrier_B,Maharashtra,2013-12-05,2014-06-09,Inactive,P004241,SYNTH_IDENTITY_DB
PH003370,9252656238,+91,Carrier_D,Maharashtra,2019-01-24,2023-02-09,Inactive,P001917,SYNTH_IDENTITY_DB
PH003371,9855770328,+91,Carrier_B,Maharashtra,2017-02-27,,Active,P005658,SYNTH_TELECOM_DB
PH003372,9873752639,+91,Carrier_A,Maharashtra,2021-01-08,,Active,P005675,SYNTH_TELECOM_DB
PH003373,9614399078,+91,Carrier_A,Maharashtra,2024-03-08,,Active,P000747,SYNTH_LEGACY_DB
PH003374,9428565084,+91,Carrier_B,Maharashtra,2014-09-25,,Active,P002733,SYNTH_TELECOM_DB
PH003375,9136144168,+91,Carrier_D,Maharashtra,2013-07-21,,Active,P000296,SYNTH_TELECOM_DB
PH003376,9517626203,+91,Carrier_D,Maharashtra,2018-03-11,2025-10-25,Reassigned,P000457,SYNTH_CDR_DB
PH003377,9459805620,+91,Carrier_C,Maharashtra,2022-09-13,,Active,P002644,SYNTH_IDENTITY_DB
PH003378,9715300429,+91,Carrier_D,Maharashtra,2014-01-30,2016-03-16,Inactive,P001265,SYNTH_TELECOM_DB
PH003379,9517359977,+91,Carrier_C,Maharashtra,2017-05-06,,Active,P005597,SYNTH_TELECOM_DB
PH003380,9665376785,+91,Carrier_A,Maharashtra,2017-05-09,,Active,P001189,SYNTH_CDR_DB
PH003381,9286427706,+91,Carrier_A,Maharashtra,2013-10-10,,Active,P003147,SYNTH_TELECOM_DB
PH003382,9874735942,+91,Carrier_B,Maharashtra,2025-12-11,,Active,P006492,SYNTH_CDR_DB
PH003383,9205375915,+91,Carrier_B,Maharashtra,2014-07-13,,Active,P003297,SYNTH_CDR_DB
PH003384,9907275756,+91,Carrier_A,Maharashtra,2020-02-04,2021-02-06,Inactive,P005878,SYNTH_IDENTITY_DB
PH003385,9693081226,+91,Carrier_E,Maharashtra,2020-03-23,,Active,P002857,SYNTH_TELECOM_DB
PH003386,9953690095,+91,Carrier_D,Maharashtra,2017-04-17,2018-06-08,Inactive,P006742,SYNTH_TELECOM_DB
PH003387,9171164131,+91,Carrier_A,Maharashtra,2021-07-01,,Active,P002295,SYNTH_CDR_DB
PH003388,9422065664,+91,Carrier_B,Maharashtra,2018-01-26,,Active,P003089,SYNTH_TELECOM_DB
PH003389,9161198891,+91,Carrier_A,Maharashtra,2020-12-29,,Active,P005771,SYNTH_CDR_DB
PH003390,9962833003,+91,Carrier_C,Maharashtra,2020-06-10,,Active,P002786,SYNTH_CDR_DB
PH003391,9228813108,+91,Carrier_B,Maharashtra,2011-01-02,,Active,P005677,SYNTH_IDENTITY_DB
PH003392,9963510669,+91,Carrier_B,Maharashtra,2010-07-04,,Active,P002760,SYNTH_LEGACY_DB
PH003393,9905860020,+91,Carrier_C,Maharashtra,2010-04-06,,Active,P002042,SYNTH_LEGACY_DB
PH003394,9610627372,+91,Carrier_C,Maharashtra,2016-12-03,,Active,P000866,SYNTH_CDR_DB
PH003395,9958267127,+91,Carrier_E,Maharashtra,2024-03-18,,Active,P003510,SYNTH_TELECOM_DB
PH003396,9743287605,+91,Carrier_B,Maharashtra,2010-06-04,,Active,P003476,SYNTH_TELECOM_DB
PH003397,9571752088,+91,Carrier_E,Maharashtra,2017-06-25,,Active,P006829,SYNTH_TELECOM_DB
PH003398,9381465642,+91,Carrier_C,Maharashtra,2026-03-02,,Active,P002791,SYNTH_IDENTITY_DB
PH003399,9618401934,+91,Carrier_D,Maharashtra,2020-10-10,,Active,P001998,SYNTH_TELECOM_DB
PH003400,9952398238,+91,Carrier_B,Maharashtra,2018-12-03,,Active,P004868,SYNTH_TELECOM_DB
PH003401,9211721092,+91,Carrier_B,Maharashtra,2016-03-26,,Active,P003799,SYNTH_CDR_DB
PH003402,9205784664,+91,Carrier_B,Maharashtra,2023-09-28,,Active,P001545,SYNTH_TELECOM_DB
PH003403,9654017654,+91,Carrier_D,Maharashtra,2023-09-30,,Active,P006241,SYNTH_TELECOM_DB
PH003404,9681080961,+91,Carrier_A,Maharashtra,2016-06-23,2018-01-17,Inactive,P005919,SYNTH_TELECOM_DB
PH003405,9911679936,+91,Carrier_D,Maharashtra,2014-09-13,,Active,P006474,SYNTH_TELECOM_DB
PH003406,9126015349,+91,Carrier_A,Maharashtra,2022-12-12,,Active,P002182,SYNTH_CDR_DB
PH003407,9801745592,+91,Carrier_D,Maharashtra,2019-02-12,,Active,P005490,SYNTH_LEGACY_DB
PH003408,9618199310,+91,Carrier_C,Maharashtra,2021-02-26,,Active,P004852,SYNTH_TELECOM_DB
PH003409,9121521524,+91,Carrier_B,Maharashtra,2016-01-19,2019-02-11,Inactive,P005383,SYNTH_TELECOM_DB
PH003410,9848996442,+91,Carrier_B,Maharashtra,2017-12-17,,Active,P006785,SYNTH_TELECOM_DB
PH003411,9766490253,+91,Carrier_A,Maharashtra,2020-08-05,,Active,P005311,SYNTH_LEGACY_DB
PH003412,9198589464,+91,Carrier_A,Maharashtra,2024-12-12,,Active,P001282,SYNTH_LEGACY_DB
PH003413,9875005554,+91,Carrier_B,Maharashtra,2015-12-13,,Active,P004512,SYNTH_CDR_DB
PH003414,9488882720,+91,Carrier_A,Maharashtra,2022-03-29,,Active,P001607,SYNTH_LEGACY_DB
PH003415,9846763881,+91,Carrier_C,Maharashtra,2019-09-20,,Active,P006647,SYNTH_CDR_DB
PH003416,9913895923,+91,Carrier_E,Maharashtra,2014-12-14,,Active,P006352,SYNTH_TELECOM_DB
PH003417,9821905520,+91,Carrier_D,Maharashtra,2014-05-30,,Active,P003688,SYNTH_CDR_DB
PH003418,9509205142,+91,Carrier_B,Maharashtra,2020-04-28,2024-05-01,Inactive,P004722,SYNTH_LEGACY_DB
PH003419,9799778768,+91,Carrier_A,Maharashtra,2010-05-08,2011-10-29,Inactive,P004057,SYNTH_TELECOM_DB
PH003420,9820813844,+91,Carrier_A,Maharashtra,2010-04-25,,Active,P001623,SYNTH_LEGACY_DB
PH003421,9670136364,+91,Carrier_B,Maharashtra,2024-12-27,2026-08-29,Suspended,P001450,SYNTH_TELECOM_DB
PH003422,9467272966,+91,Carrier_C,Maharashtra,2015-09-08,,Active,P004055,SYNTH_TELECOM_DB
PH003423,9397227069,+91,Carrier_A,Maharashtra,2012-09-26,,Active,P006994,SYNTH_IDENTITY_DB
PH003424,9332258875,+91,Carrier_A,Maharashtra,2018-10-29,,Active,P005279,SYNTH_CDR_DB
PH003425,9832385807,+91,Carrier_A,Maharashtra,2012-05-28,,Active,P004814,SYNTH_CDR_DB
PH003426,9624701563,+91,Carrier_C,Maharashtra,2016-03-25,2022-05-06,Reassigned,P002421,SYNTH_TELECOM_DB
PH003427,9839507437,+91,Carrier_B,Maharashtra,2023-05-05,,Active,P003150,SYNTH_TELECOM_DB
PH003428,9478270216,+91,Carrier_A,Maharashtra,2013-11-09,,Active,P000837,SYNTH_LEGACY_DB
PH003429,9266216005,+91,Carrier_C,Maharashtra,2017-03-30,,Active,P003218,SYNTH_IDENTITY_DB
PH003430,9355588172,+91,Carrier_A,Maharashtra,2019-11-12,2021-07-12,Inactive,P003449,SYNTH_TELECOM_DB
PH003431,9839614655,+91,Carrier_C,Maharashtra,2025-05-20,,Active,P000847,SYNTH_CDR_DB
PH003432,9520253325,+91,Carrier_C,Maharashtra,2013-01-23,,Active,P005815,SYNTH_TELECOM_DB
PH003433,9649161557,+91,Carrier_B,Maharashtra,2012-02-22,,Active,P006150,SYNTH_CDR_DB
PH003434,9774218515,+91,Carrier_A,Maharashtra,2015-10-01,,Active,P005198,SYNTH_TELECOM_DB
PH003435,9983970908,+91,Carrier_C,Maharashtra,2022-05-10,,Active,P004603,SYNTH_TELECOM_DB
PH003436,9633931624,+91,Carrier_C,Maharashtra,2019-11-16,,Active,P003999,SYNTH_LEGACY_DB
PH003437,9489912097,+91,Carrier_D,Maharashtra,2016-11-05,,Active,P005388,SYNTH_TELECOM_DB
PH003438,9271514741,+91,Carrier_C,Maharashtra,2026-01-04,,Active,P002428,SYNTH_TELECOM_DB
PH003439,9515733487,+91,Carrier_D,Maharashtra,2024-05-27,,Active,P005086,SYNTH_TELECOM_DB
PH003440,9716051289,+91,Carrier_A,Maharashtra,2016-09-29,,Active,P005516,SYNTH_TELECOM_DB
PH003441,9587519338,+91,Carrier_A,Maharashtra,2021-07-08,2023-07-16,Inactive,P002199,SYNTH_IDENTITY_DB
PH003442,9249900052,+91,Carrier_C,Maharashtra,2016-06-18,,Active,P005718,SYNTH_TELECOM_DB
PH003443,9313814330,+91,Carrier_B,Maharashtra,2019-01-28,,Active,P004337,SYNTH_CDR_DB
PH003444,9751946341,+91,Carrier_C,Maharashtra,2015-02-24,,Active,P002614,SYNTH_CDR_DB
PH003445,9659986099,+91,Carrier_C,Maharashtra,2018-08-26,2020-06-18,Suspended,P004322,SYNTH_TELECOM_DB
PH003446,9114212642,+91,Carrier_C,Maharashtra,2018-01-16,,Active,P005931,SYNTH_IDENTITY_DB
PH003447,9167350245,+91,Carrier_B,Maharashtra,2012-05-14,,Active,P005707,SYNTH_TELECOM_DB
PH003448,9221442564,+91,Carrier_B,Maharashtra,2011-11-19,,Active,P003719,SYNTH_LEGACY_DB
PH003449,9751648704,+91,Carrier_A,Maharashtra,2016-03-11,2020-11-11,Inactive,P004638,SYNTH_TELECOM_DB
PH003450,9642525088,+91,Carrier_D,Maharashtra,2020-01-22,,Active,P003723,SYNTH_TELECOM_DB
PH003451,9542338084,+91,Carrier_A,Maharashtra,2020-12-19,2022-11-20,Suspended,P000144,SYNTH_TELECOM_DB
PH003452,9538223378,+91,Carrier_B,Maharashtra,2020-09-07,,Active,P002054,SYNTH_CDR_DB
PH003453,9915352522,+91,Carrier_D,Maharashtra,2015-03-31,2015-05-07,Inactive,P000974,SYNTH_TELECOM_DB
PH003454,9235584844,+91,Carrier_C,Maharashtra,2012-05-30,,Active,P000594,SYNTH_CDR_DB
PH003455,9564248645,+91,Carrier_A,Maharashtra,2014-11-10,,Active,P004160,SYNTH_CDR_DB
PH003456,9527470271,+91,Carrier_C,Maharashtra,2013-01-03,,Active,P006494,SYNTH_TELECOM_DB
PH003457,9961690763,+91,Carrier_D,Maharashtra,2011-05-10,,Active,P004336,SYNTH_TELECOM_DB
PH003458,9812378650,+91,Carrier_B,Maharashtra,2019-11-06,,Active,P005191,SYNTH_TELECOM_DB
PH003459,9778300894,+91,Carrier_C,Maharashtra,2012-12-11,,Active,P000052,SYNTH_LEGACY_DB
PH003460,9434872508,+91,Carrier_A,Maharashtra,2011-07-11,,Active,P001923,SYNTH_IDENTITY_DB
PH003461,9179483994,+91,Carrier_B,Maharashtra,2011-07-31,,Active,P005355,SYNTH_CDR_DB
PH003462,9297828026,+91,Carrier_A,Maharashtra,2024-03-18,,Active,P003256,SYNTH_TELECOM_DB
PH003463,9517941342,+91,Carrier_A,Maharashtra,2018-12-06,,Active,P002353,SYNTH_TELECOM_DB
PH003464,9434472315,+91,Carrier_E,Maharashtra,2023-11-14,,Active,P001301,SYNTH_TELECOM_DB
PH003465,9238308828,+91,Carrier_A,Maharashtra,2019-09-14,,Active,P006691,SYNTH_IDENTITY_DB
PH003466,9442762995,+91,Carrier_C,Maharashtra,2025-06-20,,Active,P001563,SYNTH_TELECOM_DB
PH003467,9630164713,+91,Carrier_D,Maharashtra,2025-06-07,,Active,P002755,SYNTH_LEGACY_DB
PH003468,9193629045,+91,Carrier_B,Maharashtra,2023-12-28,,Active,P005492,SYNTH_TELECOM_DB
PH003469,9139789779,+91,Carrier_B,Maharashtra,2019-06-20,,Active,P006244,SYNTH_LEGACY_DB
PH003470,9783084994,+91,Carrier_A,Maharashtra,2012-10-22,,Active,P003656,SYNTH_TELECOM_DB
PH003471,9478199033,+91,Carrier_B,Maharashtra,2016-07-05,,Active,P003349,SYNTH_LEGACY_DB
PH003472,9405135796,+91,Carrier_C,Maharashtra,2013-03-13,2015-02-27,Suspended,P002380,SYNTH_TELECOM_DB
PH003473,9401478121,+91,Carrier_B,Maharashtra,2012-03-10,,Active,P000362,SYNTH_IDENTITY_DB
PH003474,9364802721,+91,Carrier_A,Maharashtra,2019-01-27,,Active,P004784,SYNTH_IDENTITY_DB
PH003475,9419905910,+91,Carrier_A,Maharashtra,2025-10-12,2026-08-29,Reassigned,P005276,SYNTH_TELECOM_DB
PH003476,9826959869,+91,Carrier_A,Maharashtra,2019-08-31,,Active,P006489,SYNTH_CDR_DB
PH003477,9837986547,+91,Carrier_A,Maharashtra,2012-10-27,,Active,P005864,SYNTH_CDR_DB
PH003478,9143578050,+91,Carrier_A,Maharashtra,2021-01-29,,Active,P003307,SYNTH_LEGACY_DB
PH003479,9484708989,+91,Carrier_A,Maharashtra,2012-10-10,2013-01-07,Suspended,P004112,SYNTH_CDR_DB
PH003480,9388737145,+91,Carrier_A,Maharashtra,2025-08-28,,Active,P005837,SYNTH_CDR_DB
PH003481,9982059314,+91,Carrier_B,Maharashtra,2016-08-23,,Active,P001439,SYNTH_TELECOM_DB
PH003482,9555753171,+91,Carrier_C,Maharashtra,2018-08-30,2018-12-20,Inactive,P006831,SYNTH_TELECOM_DB
PH003483,9949845268,+91,Carrier_A,Maharashtra,2024-05-13,,Active,P000491,SYNTH_TELECOM_DB
PH003484,9687359222,+91,Carrier_C,Maharashtra,2013-02-21,,Active,P002383,SYNTH_CDR_DB
PH003485,9967702291,+91,Carrier_D,Maharashtra,2026-02-17,,Active,P002430,SYNTH_TELECOM_DB
PH003486,9904211395,+91,Carrier_A,Maharashtra,2017-03-18,,Active,P006738,SYNTH_CDR_DB
PH003487,9701962312,+91,Carrier_B,Maharashtra,2025-09-12,,Active,P000679,SYNTH_LEGACY_DB
PH003488,9835276887,+91,Carrier_A,Maharashtra,2015-10-05,,Active,P001715,SYNTH_CDR_DB
PH003489,9106003973,+91,Carrier_C,Maharashtra,2015-02-07,2017-04-11,Suspended,P002047,SYNTH_TELECOM_DB
PH003490,9926132192,+91,Carrier_A,Maharashtra,2026-06-20,,Active,P001973,SYNTH_TELECOM_DB
PH003491,9290473578,+91,Carrier_C,Maharashtra,2026-05-12,,Active,P002179,SYNTH_TELECOM_DB
PH003492,9779637660,+91,Carrier_D,Maharashtra,2025-07-23,,Active,P003311,SYNTH_IDENTITY_DB
PH003493,9268952047,+91,Carrier_C,Maharashtra,2014-01-23,,Active,P002543,SYNTH_TELECOM_DB
PH003494,9196080666,+91,Carrier_A,Maharashtra,2024-10-26,,Active,P006054,SYNTH_TELECOM_DB
PH003495,9710863195,+91,Carrier_C,Maharashtra,2016-02-04,,Active,P004274,SYNTH_LEGACY_DB
PH003496,9206754165,+91,Carrier_B,Maharashtra,2014-09-01,,Active,P002555,SYNTH_IDENTITY_DB
PH003497,9252028910,+91,Carrier_D,Maharashtra,2020-01-03,,Active,P006899,SYNTH_TELECOM_DB
PH003498,9589683061,+91,Carrier_A,Maharashtra,2016-10-07,,Active,P006309,SYNTH_CDR_DB
PH003499,9949298321,+91,Carrier_D,Maharashtra,2014-09-08,,Active,P001250,SYNTH_CDR_DB
PH003500,9155654752,+91,Carrier_C,Maharashtra,2012-08-22,,Active,P002345,SYNTH_CDR_DB
PH003501,9798837328,+91,Carrier_D,Maharashtra,2010-01-03,,Active,P003441,SYNTH_CDR_DB
PH003502,9204788357,+91,Carrier_E,Maharashtra,2016-04-04,,Active,P000982,SYNTH_IDENTITY_DB
PH003503,9406525971,+91,Carrier_C,Maharashtra,2015-11-13,2017-11-18,Inactive,P003479,SYNTH_TELECOM_DB
PH003504,9729713218,+91,Carrier_A,Maharashtra,2012-02-26,,Active,P002579,SYNTH_LEGACY_DB
PH003505,9478142333,+91,Carrier_C,Maharashtra,2015-09-18,,Active,P002221,SYNTH_TELECOM_DB
PH003506,9800753605,+91,Carrier_A,Maharashtra,2018-04-04,,Active,P001328,SYNTH_TELECOM_DB
PH003507,9611884670,+91,Carrier_A,Maharashtra,2016-05-10,,Active,P003963,SYNTH_IDENTITY_DB
PH003508,9430428426,+91,Carrier_C,Maharashtra,2020-10-16,2022-06-04,Inactive,P000487,SYNTH_CDR_DB
PH003509,9558185753,+91,Carrier_B,Maharashtra,2025-04-19,2026-08-29,Inactive,P005471,SYNTH_IDENTITY_DB
PH003510,9636056065,+91,Carrier_C,Maharashtra,2023-09-06,2026-08-29,Inactive,P002819,SYNTH_TELECOM_DB
PH003511,9682845996,+91,Carrier_A,Maharashtra,2025-06-27,,Active,P001928,SYNTH_TELECOM_DB
PH003512,9492925692,+91,Carrier_B,Maharashtra,2013-01-21,,Active,P000191,SYNTH_TELECOM_DB
PH003513,9314223341,+91,Carrier_B,Maharashtra,2014-10-11,2019-11-22,Inactive,P000805,SYNTH_CDR_DB
PH003514,9359954888,+91,Carrier_C,Maharashtra,2025-07-26,,Active,P004127,SYNTH_CDR_DB
PH003515,9294610485,+91,Carrier_C,Maharashtra,2013-12-13,,Active,P004504,SYNTH_LEGACY_DB
PH003516,9383674908,+91,Carrier_B,Maharashtra,2020-05-17,2024-02-01,Inactive,P006450,SYNTH_CDR_DB
PH003517,9908840577,+91,Carrier_A,Maharashtra,2011-08-03,,Active,P005639,SYNTH_TELECOM_DB
PH003518,9872683862,+91,Carrier_A,Maharashtra,2015-07-25,2017-04-24,Inactive,P005776,SYNTH_IDENTITY_DB
PH003519,9184337994,+91,Carrier_A,Maharashtra,2016-04-23,,Active,P005941,SYNTH_IDENTITY_DB
PH003520,9863884904,+91,Carrier_B,Maharashtra,2011-03-18,,Active,P005425,SYNTH_CDR_DB
PH003521,9135046364,+91,Carrier_C,Maharashtra,2023-04-07,,Active,P003262,SYNTH_IDENTITY_DB
PH003522,9291310166,+91,Carrier_A,Maharashtra,2023-08-13,,Active,P000641,SYNTH_TELECOM_DB
PH003523,9311438717,+91,Carrier_D,Maharashtra,2026-01-08,,Active,P004477,SYNTH_TELECOM_DB
PH003524,9516597931,+91,Carrier_B,Maharashtra,2020-12-02,,Active,P004107,SYNTH_TELECOM_DB
PH003525,9850398116,+91,Carrier_B,Maharashtra,2011-07-18,2012-05-17,Inactive,P000961,SYNTH_LEGACY_DB
PH003526,9359767084,+91,Carrier_D,Maharashtra,2019-12-26,,Active,P000947,SYNTH_TELECOM_DB
PH003527,9287484463,+91,Carrier_B,Maharashtra,2023-10-14,,Active,P003873,SYNTH_LEGACY_DB
PH003528,9861101104,+91,Carrier_B,Maharashtra,2026-03-03,,Active,P004454,SYNTH_IDENTITY_DB
PH003529,9877124622,+91,Carrier_B,Maharashtra,2015-05-18,2018-06-04,Inactive,P000294,SYNTH_TELECOM_DB
PH003530,9695073988,+91,Carrier_A,Maharashtra,2020-04-06,,Active,P006289,SYNTH_IDENTITY_DB
PH003531,9598516903,+91,Carrier_A,Maharashtra,2010-10-16,,Active,P005284,SYNTH_CDR_DB
PH003532,9643456854,+91,Carrier_D,Maharashtra,2020-02-21,,Active,P004355,SYNTH_TELECOM_DB
PH003533,9777541071,+91,Carrier_D,Maharashtra,2022-03-11,2022-06-08,Suspended,P005983,SYNTH_TELECOM_DB
PH003534,9281245735,+91,Carrier_A,Maharashtra,2026-02-23,,Active,P003302,SYNTH_TELECOM_DB
PH003535,9297179220,+91,Carrier_B,Maharashtra,2011-09-19,2013-02-20,Inactive,P003211,SYNTH_TELECOM_DB
PH003536,9829962989,+91,Carrier_A,Maharashtra,2014-11-26,,Active,P001122,SYNTH_CDR_DB
PH003537,9567420254,+91,Carrier_D,Maharashtra,2019-08-07,,Active,P000340,SYNTH_TELECOM_DB
PH003538,9695124510,+91,Carrier_B,Maharashtra,2024-08-03,,Active,P000283,SYNTH_CDR_DB
PH003539,9231310583,+91,Carrier_C,Maharashtra,2013-11-12,,Active,P005995,SYNTH_TELECOM_DB
PH003540,9233893570,+91,Carrier_A,Maharashtra,2016-09-02,,Active,P002514,SYNTH_TELECOM_DB
PH003541,9724022673,+91,Carrier_C,Maharashtra,2011-02-06,,Active,P005311,SYNTH_LEGACY_DB
PH003542,9314626889,+91,Carrier_A,Maharashtra,2016-08-10,,Active,P002140,SYNTH_TELECOM_DB
PH003543,9789503756,+91,Carrier_B,Maharashtra,2015-01-24,,Active,P002060,SYNTH_TELECOM_DB
PH003544,9599433078,+91,Carrier_D,Maharashtra,2018-08-24,,Active,P006377,SYNTH_TELECOM_DB
PH003545,9964756646,+91,Carrier_D,Maharashtra,2012-09-23,,Active,P004560,SYNTH_TELECOM_DB
PH003546,9336853805,+91,Carrier_C,Maharashtra,2016-03-05,,Active,P004734,SYNTH_CDR_DB
PH003547,9524429563,+91,Carrier_C,Maharashtra,2020-03-16,2022-12-09,Suspended,P006301,SYNTH_IDENTITY_DB
PH003548,9948739534,+91,Carrier_A,Maharashtra,2015-05-31,,Active,P003803,SYNTH_TELECOM_DB
PH003549,9879168876,+91,Carrier_E,Maharashtra,2021-06-19,2023-05-26,Suspended,P006302,SYNTH_CDR_DB
PH003550,9750780243,+91,Carrier_D,Maharashtra,2012-04-19,,Active,P000789,SYNTH_TELECOM_DB
PH003551,9204105127,+91,Carrier_A,Maharashtra,2024-10-26,,Active,P001161,SYNTH_LEGACY_DB
PH003552,9665016688,+91,Carrier_D,Maharashtra,2020-06-14,,Active,P002390,SYNTH_TELECOM_DB
PH003553,9491512064,+91,Carrier_C,Maharashtra,2017-10-05,2021-06-27,Inactive,P005917,SYNTH_LEGACY_DB
PH003554,9129319845,+91,Carrier_B,Maharashtra,2021-07-08,,Active,P003888,SYNTH_TELECOM_DB
PH003555,9581575740,+91,Carrier_B,Maharashtra,2015-09-06,,Active,P001136,SYNTH_CDR_DB
PH003556,9122155427,+91,Carrier_C,Maharashtra,2014-03-18,,Active,P003197,SYNTH_TELECOM_DB
PH003557,9694151950,+91,Carrier_A,Maharashtra,2017-08-29,,Active,P005306,SYNTH_CDR_DB
PH003558,9877040640,+91,Carrier_B,Maharashtra,2012-02-06,,Active,P001542,SYNTH_CDR_DB
PH003559,9325536532,+91,Carrier_C,Maharashtra,2013-12-16,2018-01-17,Reassigned,P006310,SYNTH_CDR_DB
PH003560,9193636868,+91,Carrier_D,Maharashtra,2016-02-18,2022-06-01,Inactive,P000303,SYNTH_CDR_DB
PH003561,9360096221,+91,Carrier_A,Maharashtra,2014-04-19,,Active,P005445,SYNTH_TELECOM_DB
PH003562,9312718545,+91,Carrier_B,Maharashtra,2022-02-14,,Active,P002238,SYNTH_TELECOM_DB
PH003563,9194931961,+91,Carrier_B,Maharashtra,2022-04-01,,Active,P006197,SYNTH_CDR_DB
PH003564,9891929621,+91,Carrier_B,Maharashtra,2024-07-23,2025-06-03,Inactive,P003824,SYNTH_TELECOM_DB
PH003565,9487574338,+91,Carrier_B,Maharashtra,2017-07-30,,Active,P006839,SYNTH_TELECOM_DB
PH003566,9341433772,+91,Carrier_B,Maharashtra,2016-12-13,,Active,P001258,SYNTH_CDR_DB
PH003567,9363335652,+91,Carrier_B,Maharashtra,2024-07-30,,Active,P004187,SYNTH_LEGACY_DB
PH003568,9773208381,+91,Carrier_A,Maharashtra,2025-07-18,,Active,P002880,SYNTH_TELECOM_DB
PH003569,9876643522,+91,Carrier_A,Maharashtra,2025-03-16,,Active,P006384,SYNTH_LEGACY_DB
PH003570,9622139683,+91,Carrier_B,Maharashtra,2020-01-05,2020-03-11,Inactive,P000805,SYNTH_IDENTITY_DB
PH003571,9665962520,+91,Carrier_B,Maharashtra,2020-01-23,2022-03-16,Suspended,P002358,SYNTH_IDENTITY_DB
PH003572,9336843780,+91,Carrier_C,Maharashtra,2013-11-08,,Active,P006676,SYNTH_LEGACY_DB
PH003573,9747419690,+91,Carrier_B,Maharashtra,2017-04-18,,Active,P003163,SYNTH_IDENTITY_DB
PH003574,9868863655,+91,Carrier_B,Maharashtra,2010-11-26,,Active,P000217,SYNTH_TELECOM_DB
PH003575,9547327502,+91,Carrier_B,Maharashtra,2023-11-07,,Active,P005207,SYNTH_CDR_DB
PH003576,9432987744,+91,Carrier_C,Maharashtra,2024-02-18,,Active,P002524,SYNTH_CDR_DB
PH003577,9990584514,+91,Carrier_A,Maharashtra,2011-06-04,,Active,P003079,SYNTH_TELECOM_DB
PH003578,9291807089,+91,Carrier_D,Maharashtra,2021-03-10,,Active,P000484,SYNTH_TELECOM_DB
PH003579,9266948220,+91,Carrier_B,Maharashtra,2020-09-05,,Active,P000450,SYNTH_CDR_DB
PH003580,9143869639,+91,Carrier_A,Maharashtra,2023-09-07,2025-08-25,Suspended,P002728,SYNTH_TELECOM_DB
PH003581,9140191048,+91,Carrier_C,Maharashtra,2014-02-10,,Active,P006552,SYNTH_TELECOM_DB
PH003582,9264714006,+91,Carrier_B,Maharashtra,2024-08-14,,Active,P001629,SYNTH_CDR_DB
PH003583,9633671511,+91,Carrier_D,Maharashtra,2025-04-18,,Active,P004634,SYNTH_CDR_DB
PH003584,9889364488,+91,Carrier_A,Maharashtra,2014-10-04,2015-04-04,Inactive,P002954,SYNTH_LEGACY_DB
PH003585,9589569309,+91,Carrier_A,Maharashtra,2024-07-29,,Active,P001349,SYNTH_TELECOM_DB
PH003586,9157360956,+91,Carrier_B,Maharashtra,2021-08-25,,Active,P000001,SYNTH_TELECOM_DB
PH003587,9104019343,+91,Carrier_C,Maharashtra,2025-04-18,,Active,P004724,SYNTH_TELECOM_DB
PH003588,9482544026,+91,Carrier_A,Maharashtra,2018-07-27,,Active,P002558,SYNTH_CDR_DB
PH003589,9816445662,+91,Carrier_A,Maharashtra,2018-06-28,,Active,P000260,SYNTH_CDR_DB
PH003590,9719825439,+91,Carrier_C,Maharashtra,2022-04-09,,Active,P005000,SYNTH_TELECOM_DB
PH003591,9425434295,+91,Carrier_B,Maharashtra,2015-06-07,,Active,P005180,SYNTH_CDR_DB
PH003592,9556221675,+91,Carrier_A,Maharashtra,2016-03-15,,Active,P006958,SYNTH_TELECOM_DB
PH003593,9523710438,+91,Carrier_B,Maharashtra,2023-09-04,,Active,P005094,SYNTH_LEGACY_DB
PH003594,9967034305,+91,Carrier_A,Maharashtra,2020-10-25,,Active,P004716,SYNTH_TELECOM_DB
PH003595,9452235925,+91,Carrier_A,Maharashtra,2011-08-29,2013-03-08,Suspended,P003547,SYNTH_TELECOM_DB
PH003596,9140885448,+91,Carrier_C,Maharashtra,2013-02-09,,Active,P005284,SYNTH_IDENTITY_DB
PH003597,9699656497,+91,Carrier_B,Maharashtra,2016-11-21,2018-02-23,Inactive,P003125,SYNTH_LEGACY_DB
PH003598,9763673130,+91,Carrier_A,Maharashtra,2020-10-20,,Active,P003456,SYNTH_TELECOM_DB
PH003599,9878440968,+91,Carrier_B,Maharashtra,2024-08-02,2024-11-27,Inactive,P006847,SYNTH_IDENTITY_DB
PH003600,9240679252,+91,Carrier_B,Maharashtra,2013-05-18,,Active,P002358,SYNTH_TELECOM_DB
PH003601,9755028167,+91,Carrier_A,Maharashtra,2010-10-11,2011-06-05,Suspended,P004848,SYNTH_TELECOM_DB
PH003602,9764884501,+91,Carrier_E,Maharashtra,2017-08-23,,Active,P000515,SYNTH_IDENTITY_DB
PH003603,9169515020,+91,Carrier_C,Maharashtra,2011-07-26,,Active,P001632,SYNTH_TELECOM_DB
PH003604,9773079972,+91,Carrier_A,Maharashtra,2014-07-25,,Active,P000504,SYNTH_LEGACY_DB
PH003605,9718174769,+91,Carrier_A,Maharashtra,2013-03-09,,Active,P005467,SYNTH_TELECOM_DB
PH003606,9612857364,+91,Carrier_C,Maharashtra,2014-09-18,,Active,P005653,SYNTH_TELECOM_DB
PH003607,9229418668,+91,Carrier_B,Maharashtra,2013-04-01,2018-01-07,Inactive,P003204,SYNTH_IDENTITY_DB
PH003608,9696184797,+91,Carrier_B,Maharashtra,2012-11-22,2015-01-14,Inactive,P001267,SYNTH_TELECOM_DB
PH003609,9523038836,+91,Carrier_A,Maharashtra,2012-12-19,,Active,P002767,SYNTH_CDR_DB
PH003610,9972167370,+91,Carrier_C,Maharashtra,2023-11-18,,Active,P001275,SYNTH_LEGACY_DB
PH003611,9886304628,+91,Carrier_B,Maharashtra,2017-07-17,,Active,P003521,SYNTH_LEGACY_DB
PH003612,9670578412,+91,Carrier_C,Maharashtra,2023-08-25,2025-08-17,Inactive,P001301,SYNTH_CDR_DB
PH003613,9128924934,+91,Carrier_B,Maharashtra,2012-07-30,,Active,P006193,SYNTH_TELECOM_DB
PH003614,9650755704,+91,Carrier_A,Maharashtra,2022-05-31,,Active,P003325,SYNTH_CDR_DB
PH003615,9799302598,+91,Carrier_C,Maharashtra,2016-10-18,,Active,P002347,SYNTH_CDR_DB
PH003616,9733331323,+91,Carrier_A,Maharashtra,2012-08-16,,Active,P002648,SYNTH_IDENTITY_DB
PH003617,9539037248,+91,Carrier_B,Maharashtra,2010-09-05,,Active,P000453,SYNTH_CDR_DB
PH003618,9182291777,+91,Carrier_C,Maharashtra,2012-12-13,,Active,P000846,SYNTH_CDR_DB
PH003619,9512413508,+91,Carrier_A,Maharashtra,2017-02-09,,Active,P006680,SYNTH_TELECOM_DB
PH003620,9514881138,+91,Carrier_B,Maharashtra,2016-05-18,,Active,P001136,SYNTH_TELECOM_DB
PH003621,9611987032,+91,Carrier_A,Maharashtra,2023-12-19,2026-06-10,Inactive,P001815,SYNTH_CDR_DB
PH003622,9467658993,+91,Carrier_A,Maharashtra,2018-11-07,,Active,P003648,SYNTH_TELECOM_DB
PH003623,9109381607,+91,Carrier_A,Maharashtra,2025-02-26,2026-08-29,Inactive,P005640,SYNTH_TELECOM_DB
PH003624,9981839136,+91,Carrier_C,Maharashtra,2011-02-14,,Active,P003483,SYNTH_TELECOM_DB
PH003625,9903070106,+91,Carrier_C,Maharashtra,2010-02-14,,Active,P004679,SYNTH_TELECOM_DB
PH003626,9786274622,+91,Carrier_B,Maharashtra,2011-01-28,,Active,P004678,SYNTH_IDENTITY_DB
PH003627,9276075719,+91,Carrier_A,Maharashtra,2016-06-18,,Active,P003244,SYNTH_TELECOM_DB
PH003628,9550378981,+91,Carrier_A,Maharashtra,2021-02-28,,Active,P000186,SYNTH_TELECOM_DB
PH003629,9146313283,+91,Carrier_B,Maharashtra,2020-03-28,,Active,P000671,SYNTH_CDR_DB
PH003630,9435737477,+91,Carrier_A,Maharashtra,2011-08-02,2011-10-08,Inactive,P003886,SYNTH_LEGACY_DB
PH003631,9840768241,+91,Carrier_B,Maharashtra,2013-04-15,,Active,P004508,SYNTH_IDENTITY_DB
PH003632,9792321795,+91,Carrier_A,Maharashtra,2022-09-05,2023-05-28,Inactive,P000092,SYNTH_TELECOM_DB
PH003633,9609056991,+91,Carrier_C,Maharashtra,2011-10-15,,Active,P005000,SYNTH_IDENTITY_DB
PH003634,9284191205,+91,Carrier_A,Maharashtra,2018-07-13,,Active,P000416,SYNTH_TELECOM_DB
PH003635,9731500087,+91,Carrier_B,Maharashtra,2014-11-29,,Active,P002665,SYNTH_TELECOM_DB
PH003636,9199925895,+91,Carrier_A,Maharashtra,2013-06-26,2019-09-17,Inactive,P003223,SYNTH_CDR_DB
PH003637,9306946985,+91,Carrier_A,Maharashtra,2024-09-04,,Active,P003512,SYNTH_IDENTITY_DB
PH003638,9807614936,+91,Carrier_E,Maharashtra,2026-08-07,,Active,P000768,SYNTH_TELECOM_DB
PH003639,9906125986,+91,Carrier_C,Maharashtra,2024-03-25,,Active,P003395,SYNTH_CDR_DB
PH003640,9940852462,+91,Carrier_A,Maharashtra,2012-10-24,2014-12-26,Reassigned,P002987,SYNTH_TELECOM_DB
PH003641,9202036296,+91,Carrier_E,Maharashtra,2013-09-02,,Active,P003348,SYNTH_TELECOM_DB
PH003642,9166494736,+91,Carrier_B,Maharashtra,2013-12-11,,Active,P001871,SYNTH_TELECOM_DB
PH003643,9977361522,+91,Carrier_A,Maharashtra,2015-09-30,,Active,P002430,SYNTH_TELECOM_DB
PH003644,9873090516,+91,Carrier_D,Maharashtra,2020-02-13,,Active,P001446,SYNTH_TELECOM_DB
PH003645,9188325922,+91,Carrier_A,Maharashtra,2012-05-21,,Active,P001906,SYNTH_TELECOM_DB
PH003646,9942347029,+91,Carrier_B,Maharashtra,2010-07-13,,Active,P002950,SYNTH_TELECOM_DB
PH003647,9156213024,+91,Carrier_A,Maharashtra,2025-07-26,,Active,P004485,SYNTH_LEGACY_DB
PH003648,9921746154,+91,Carrier_C,Maharashtra,2023-05-30,2026-02-03,Inactive,P000365,SYNTH_CDR_DB
PH003649,9595951161,+91,Carrier_D,Maharashtra,2010-11-11,2014-09-11,Inactive,P001417,SYNTH_LEGACY_DB
PH003650,9114338543,+91,Carrier_D,Maharashtra,2019-10-19,,Active,P005318,SYNTH_TELECOM_DB
PH003651,9946233585,+91,Carrier_A,Maharashtra,2022-03-08,2026-08-29,Inactive,P003330,SYNTH_TELECOM_DB
PH003652,9468589200,+91,Carrier_B,Maharashtra,2013-11-19,,Active,P002403,SYNTH_IDENTITY_DB
PH003653,9854878014,+91,Carrier_C,Maharashtra,2022-04-16,,Active,P001271,SYNTH_LEGACY_DB
PH003654,9526328242,+91,Carrier_B,Maharashtra,2022-11-16,,Active,P002658,SYNTH_LEGACY_DB
PH003655,9987956707,+91,Carrier_C,Maharashtra,2022-07-12,,Active,P003486,SYNTH_TELECOM_DB
PH003656,9588678565,+91,Carrier_B,Maharashtra,2025-07-08,,Active,P006334,SYNTH_TELECOM_DB
PH003657,9279488823,+91,Carrier_B,Maharashtra,2019-01-01,2020-03-20,Suspended,P000135,SYNTH_IDENTITY_DB
PH003658,9111684049,+91,Carrier_B,Maharashtra,2023-05-25,,Active,P005136,SYNTH_CDR_DB
PH003659,9303632394,+91,Carrier_B,Maharashtra,2025-04-08,2026-08-29,Inactive,P002441,SYNTH_TELECOM_DB
PH003660,9175717301,+91,Carrier_A,Maharashtra,2012-11-25,,Active,P006540,SYNTH_CDR_DB
PH003661,9761967085,+91,Carrier_D,Maharashtra,2017-09-20,,Active,P004066,SYNTH_TELECOM_DB
PH003662,9507112067,+91,Carrier_A,Maharashtra,2022-09-22,2024-02-18,Suspended,P004212,SYNTH_TELECOM_DB
PH003663,9605845193,+91,Carrier_A,Maharashtra,2011-08-04,,Active,P002602,SYNTH_TELECOM_DB
PH003664,9975442432,+91,Carrier_B,Maharashtra,2021-12-13,,Active,P001935,SYNTH_TELECOM_DB
PH003665,9396822140,+91,Carrier_C,Maharashtra,2010-10-25,,Active,P005620,SYNTH_TELECOM_DB
PH003666,9217230824,+91,Carrier_B,Maharashtra,2016-02-19,,Active,P000286,SYNTH_TELECOM_DB
PH003667,9399378114,+91,Carrier_A,Maharashtra,2011-02-01,2014-12-27,Inactive,P003677,SYNTH_TELECOM_DB
PH003668,9108265666,+91,Carrier_A,Maharashtra,2013-12-07,,Active,P002387,SYNTH_IDENTITY_DB
PH003669,9523706541,+91,Carrier_C,Maharashtra,2024-07-06,,Active,P004655,SYNTH_LEGACY_DB
PH003670,9133994376,+91,Carrier_B,Maharashtra,2020-10-06,2022-12-07,Inactive,P003337,SYNTH_TELECOM_DB
PH003671,9412497480,+91,Carrier_C,Maharashtra,2014-07-26,,Active,P006458,SYNTH_TELECOM_DB
PH003672,9657331685,+91,Carrier_D,Maharashtra,2011-06-22,,Active,P002319,SYNTH_CDR_DB
PH003673,9986210556,+91,Carrier_A,Maharashtra,2019-05-12,2023-03-01,Inactive,P002531,SYNTH_CDR_DB
PH003674,9550375954,+91,Carrier_D,Maharashtra,2012-11-02,2016-11-23,Inactive,P000353,SYNTH_CDR_DB
PH003675,9938390661,+91,Carrier_C,Maharashtra,2015-10-23,,Active,P003189,SYNTH_TELECOM_DB
PH003676,9689202970,+91,Carrier_D,Maharashtra,2016-12-10,,Active,P002944,SYNTH_TELECOM_DB
PH003677,9419727304,+91,Carrier_D,Maharashtra,2019-01-19,2023-09-15,Inactive,P006679,SYNTH_TELECOM_DB
PH003678,9892416923,+91,Carrier_B,Maharashtra,2025-07-14,,Active,P005454,SYNTH_TELECOM_DB
PH003679,9495138248,+91,Carrier_A,Maharashtra,2018-08-26,2025-04-04,Reassigned,P000463,SYNTH_TELECOM_DB
PH003680,9737990284,+91,Carrier_C,Maharashtra,2021-10-03,2026-08-29,Inactive,P005744,SYNTH_LEGACY_DB
PH003681,9967473729,+91,Carrier_C,Maharashtra,2018-08-09,,Active,P001902,SYNTH_TELECOM_DB
PH003682,9299646788,+91,Carrier_A,Maharashtra,2020-07-07,,Active,P004756,SYNTH_IDENTITY_DB
PH003683,9566278700,+91,Carrier_A,Maharashtra,2022-06-24,,Active,P002505,SYNTH_IDENTITY_DB
PH003684,9649197098,+91,Carrier_B,Maharashtra,2015-08-09,2017-10-04,Inactive,P000312,SYNTH_LEGACY_DB
PH003685,9743198164,+91,Carrier_B,Maharashtra,2017-08-07,,Active,P006465,SYNTH_TELECOM_DB
PH003686,9772427979,+91,Carrier_A,Maharashtra,2013-12-29,,Active,P002451,SYNTH_TELECOM_DB
PH003687,9593881414,+91,Carrier_A,Maharashtra,2021-11-17,2023-09-28,Suspended,P006184,SYNTH_TELECOM_DB
PH003688,9918207389,+91,Carrier_E,Maharashtra,2023-01-18,,Active,P000642,SYNTH_LEGACY_DB
PH003689,9375287566,+91,Carrier_B,Maharashtra,2014-09-22,,Active,P003641,SYNTH_IDENTITY_DB
PH003690,9622353249,+91,Carrier_B,Maharashtra,2024-10-31,,Active,P005977,SYNTH_CDR_DB
PH003691,9410194787,+91,Carrier_E,Maharashtra,2020-06-14,,Active,P001661,SYNTH_CDR_DB
PH003692,9846429375,+91,Carrier_B,Maharashtra,2014-06-15,,Active,P003079,SYNTH_TELECOM_DB
PH003693,9467697760,+91,Carrier_B,Maharashtra,2021-10-14,2023-02-13,Suspended,P001198,SYNTH_TELECOM_DB
PH003694,9532712957,+91,Carrier_C,Maharashtra,2026-02-21,,Active,P005450,SYNTH_TELECOM_DB
PH003695,9423454745,+91,Carrier_A,Maharashtra,2020-01-29,2021-10-19,Suspended,P000593,SYNTH_CDR_DB
PH003696,9416693774,+91,Carrier_C,Maharashtra,2024-07-11,,Active,P001460,SYNTH_TELECOM_DB
PH003697,9900587234,+91,Carrier_E,Maharashtra,2021-06-11,,Active,P005345,SYNTH_TELECOM_DB
PH003698,9939800601,+91,Carrier_C,Maharashtra,2021-04-14,,Active,P003810,SYNTH_IDENTITY_DB
PH003699,9510675442,+91,Carrier_D,Maharashtra,2010-01-24,2013-12-06,Inactive,P006006,SYNTH_CDR_DB
PH003700,9106232566,+91,Carrier_A,Maharashtra,2021-07-26,,Active,P006675,SYNTH_CDR_DB
PH003701,9509252178,+91,Carrier_B,Maharashtra,2012-05-20,,Active,P005728,SYNTH_TELECOM_DB
PH003702,9586376536,+91,Carrier_A,Maharashtra,2023-08-31,,Active,P004078,SYNTH_LEGACY_DB
PH003703,9594584741,+91,Carrier_B,Maharashtra,2023-08-04,2025-06-02,Reassigned,P005111,SYNTH_TELECOM_DB
PH003704,9426535773,+91,Carrier_C,Maharashtra,2011-04-26,,Active,P005477,SYNTH_CDR_DB
PH003705,9352230569,+91,Carrier_A,Maharashtra,2018-03-30,,Active,P000568,SYNTH_CDR_DB
PH003706,9194414529,+91,Carrier_B,Maharashtra,2025-07-17,,Active,P000519,SYNTH_TELECOM_DB
PH003707,9738913499,+91,Carrier_E,Maharashtra,2018-04-04,2020-06-16,Suspended,P002988,SYNTH_TELECOM_DB
PH003708,9324147578,+91,Carrier_C,Maharashtra,2022-08-25,,Active,P001167,SYNTH_CDR_DB
PH003709,9115173676,+91,Carrier_B,Maharashtra,2023-04-09,,Active,P004738,SYNTH_CDR_DB
PH003710,9644834902,+91,Carrier_B,Maharashtra,2010-11-05,,Active,P006055,SYNTH_TELECOM_DB
PH003711,9875120600,+91,Carrier_A,Maharashtra,2012-11-07,,Active,P000288,SYNTH_CDR_DB
PH003712,9181830790,+91,Carrier_B,Maharashtra,2010-02-22,,Active,P004524,SYNTH_CDR_DB
PH003713,9584023784,+91,Carrier_B,Maharashtra,2017-08-22,,Active,P004204,SYNTH_IDENTITY_DB
PH003714,9343691907,+91,Carrier_C,Maharashtra,2018-01-20,,Active,P002669,SYNTH_LEGACY_DB
PH003715,9480631730,+91,Carrier_A,Maharashtra,2018-04-13,,Active,P004549,SYNTH_LEGACY_DB
PH003716,9176308582,+91,Carrier_A,Maharashtra,2018-04-03,,Active,P000923,SYNTH_CDR_DB
PH003717,9754974352,+91,Carrier_E,Maharashtra,2022-02-19,,Active,P001227,SYNTH_IDENTITY_DB
PH003718,9121938774,+91,Carrier_D,Maharashtra,2010-11-02,2017-01-17,Inactive,P003422,SYNTH_CDR_DB
PH003719,9564473363,+91,Carrier_A,Maharashtra,2010-08-27,,Active,P004172,SYNTH_TELECOM_DB
PH003720,9818912662,+91,Carrier_A,Maharashtra,2026-08-03,,Active,P003084,SYNTH_TELECOM_DB
PH003721,9817953046,+91,Carrier_B,Maharashtra,2025-07-13,,Active,P003885,SYNTH_TELECOM_DB
PH003722,9133058595,+91,Carrier_B,Maharashtra,2017-05-18,2017-06-27,Suspended,P003808,SYNTH_TELECOM_DB
PH003723,9396239064,+91,Carrier_D,Maharashtra,2014-03-24,,Active,P004389,SYNTH_CDR_DB
PH003724,9806833084,+91,Carrier_B,Maharashtra,2011-12-19,,Active,P003052,SYNTH_TELECOM_DB
PH003725,9982259328,+91,Carrier_C,Maharashtra,2019-11-20,,Active,P005563,SYNTH_CDR_DB
PH003726,9617783807,+91,Carrier_A,Maharashtra,2024-04-24,,Active,P005779,SYNTH_TELECOM_DB
PH003727,9205106067,+91,Carrier_A,Maharashtra,2021-09-28,,Active,P003782,SYNTH_LEGACY_DB
PH003728,9999898075,+91,Carrier_A,Maharashtra,2019-08-26,,Active,P004705,SYNTH_IDENTITY_DB
PH003729,9724225848,+91,Carrier_B,Maharashtra,2019-10-13,,Active,P006836,SYNTH_CDR_DB
PH003730,9317738443,+91,Carrier_A,Maharashtra,2017-11-10,2020-07-03,Suspended,P002547,SYNTH_TELECOM_DB
PH003731,9743844495,+91,Carrier_B,Maharashtra,2022-05-09,,Active,P004911,SYNTH_TELECOM_DB
PH003732,9522339926,+91,Carrier_E,Maharashtra,2023-02-21,,Active,P003854,SYNTH_TELECOM_DB
PH003733,9324755964,+91,Carrier_A,Maharashtra,2017-04-09,,Active,P002558,SYNTH_TELECOM_DB
PH003734,9882701568,+91,Carrier_E,Maharashtra,2016-02-22,,Active,P003849,SYNTH_CDR_DB
PH003735,9411847034,+91,Carrier_A,Maharashtra,2022-10-28,,Active,P004852,SYNTH_LEGACY_DB
PH003736,9868012947,+91,Carrier_B,Maharashtra,2024-01-11,,Active,P006142,SYNTH_CDR_DB
PH003737,9158484143,+91,Carrier_C,Maharashtra,2023-12-19,2026-08-29,Inactive,P004070,SYNTH_TELECOM_DB
PH003738,9463360620,+91,Carrier_B,Maharashtra,2015-08-08,,Active,P002594,SYNTH_TELECOM_DB
PH003739,9140324500,+91,Carrier_B,Maharashtra,2017-05-13,,Active,P002989,SYNTH_TELECOM_DB
PH003740,9730184745,+91,Carrier_A,Maharashtra,2012-11-12,,Active,P002787,SYNTH_TELECOM_DB
PH003741,9775011104,+91,Carrier_C,Maharashtra,2011-03-18,,Active,P000462,SYNTH_TELECOM_DB
PH003742,9382788097,+91,Carrier_B,Maharashtra,2020-03-09,,Active,P004575,SYNTH_CDR_DB
PH003743,9623074699,+91,Carrier_B,Maharashtra,2013-07-23,,Active,P003239,SYNTH_LEGACY_DB
PH003744,9210593092,+91,Carrier_B,Maharashtra,2015-11-26,2021-05-15,Inactive,P000009,SYNTH_TELECOM_DB
PH003745,9933645880,+91,Carrier_A,Maharashtra,2013-03-06,,Active,P002667,SYNTH_CDR_DB
PH003746,9795644129,+91,Carrier_B,Maharashtra,2025-08-29,,Active,P006108,SYNTH_CDR_DB
PH003747,9140352048,+91,Carrier_B,Maharashtra,2014-09-18,,Active,P006510,SYNTH_TELECOM_DB
PH003748,9469403028,+91,Carrier_A,Maharashtra,2013-09-02,2016-12-30,Inactive,P006454,SYNTH_TELECOM_DB
PH003749,9547211262,+91,Carrier_B,Maharashtra,2024-07-20,,Active,P000722,SYNTH_TELECOM_DB
PH003750,9900340611,+91,Carrier_D,Maharashtra,2025-09-25,2026-08-29,Reassigned,P005441,SYNTH_IDENTITY_DB
PH003751,9762831844,+91,Carrier_A,Maharashtra,2020-07-03,,Active,P004784,SYNTH_TELECOM_DB
PH003752,9594847936,+91,Carrier_C,Maharashtra,2020-12-27,,Active,P004281,SYNTH_TELECOM_DB
PH003753,9886700843,+91,Carrier_A,Maharashtra,2022-06-12,,Active,P001217,SYNTH_CDR_DB
PH003754,9189495854,+91,Carrier_A,Maharashtra,2018-01-10,,Active,P005560,SYNTH_TELECOM_DB
PH003755,9497560884,+91,Carrier_A,Maharashtra,2020-10-27,,Active,P000965,SYNTH_TELECOM_DB
PH003756,9757134527,+91,Carrier_D,Maharashtra,2010-07-20,,Active,P006606,SYNTH_TELECOM_DB
PH003757,9415073803,+91,Carrier_E,Maharashtra,2013-09-16,,Active,P006145,SYNTH_CDR_DB
PH003758,9345945174,+91,Carrier_A,Maharashtra,2012-08-27,,Active,P006595,SYNTH_TELECOM_DB
PH003759,9476218322,+91,Carrier_D,Maharashtra,2017-04-21,,Active,P005895,SYNTH_TELECOM_DB
PH003760,9730477099,+91,Carrier_A,Maharashtra,2016-12-20,2021-08-30,Inactive,P002352,SYNTH_CDR_DB
PH003761,9906799899,+91,Carrier_E,Maharashtra,2013-09-05,,Active,P006872,SYNTH_IDENTITY_DB
PH003762,9204757442,+91,Carrier_A,Maharashtra,2021-06-10,2025-03-01,Inactive,P004267,SYNTH_CDR_DB
PH003763,9225992055,+91,Carrier_B,Maharashtra,2011-09-13,,Active,P005887,SYNTH_LEGACY_DB
PH003764,9917248333,+91,Carrier_A,Maharashtra,2018-02-09,,Active,P002872,SYNTH_TELECOM_DB
PH003765,9466957727,+91,Carrier_A,Maharashtra,2021-03-13,,Active,P002428,SYNTH_TELECOM_DB
PH003766,9873275178,+91,Carrier_C,Maharashtra,2025-01-03,2025-04-15,Suspended,P004764,SYNTH_IDENTITY_DB
PH003767,9696861811,+91,Carrier_C,Maharashtra,2012-02-01,,Active,P004062,SYNTH_CDR_DB
PH003768,9861449011,+91,Carrier_B,Maharashtra,2025-06-02,,Active,P003449,SYNTH_IDENTITY_DB
PH003769,9162901099,+91,Carrier_D,Maharashtra,2013-05-18,,Active,P003671,SYNTH_TELECOM_DB
PH003770,9725691408,+91,Carrier_B,Maharashtra,2025-05-29,,Active,P003371,SYNTH_TELECOM_DB
PH003771,9204203755,+91,Carrier_C,Maharashtra,2022-08-19,2022-12-30,Suspended,P001367,SYNTH_TELECOM_DB
PH003772,9736151000,+91,Carrier_A,Maharashtra,2014-08-16,,Active,P003651,SYNTH_CDR_DB
PH003773,9721202872,+91,Carrier_B,Maharashtra,2014-08-06,2019-10-19,Reassigned,P001038,SYNTH_TELECOM_DB
PH003774,9464641980,+91,Carrier_A,Maharashtra,2021-05-22,,Active,P001455,SYNTH_LEGACY_DB
PH003775,9299624153,+91,Carrier_A,Maharashtra,2017-02-05,,Active,P001265,SYNTH_TELECOM_DB
PH003776,9367601664,+91,Carrier_A,Maharashtra,2012-02-03,,Active,P002038,SYNTH_TELECOM_DB
PH003777,9231734770,+91,Carrier_E,Maharashtra,2019-04-05,,Active,P003209,SYNTH_TELECOM_DB
PH003778,9468768036,+91,Carrier_B,Maharashtra,2016-04-20,2020-02-25,Inactive,P003898,SYNTH_TELECOM_DB
PH003779,9804125422,+91,Carrier_A,Maharashtra,2014-12-30,2015-01-12,Suspended,P003403,SYNTH_CDR_DB
PH003780,9105381564,+91,Carrier_B,Maharashtra,2013-04-23,,Active,P003995,SYNTH_IDENTITY_DB
PH003781,9526548105,+91,Carrier_C,Maharashtra,2026-04-03,,Active,P002573,SYNTH_CDR_DB
PH003782,9311874753,+91,Carrier_C,Maharashtra,2011-01-21,,Active,P006553,SYNTH_IDENTITY_DB
PH003783,9887177451,+91,Carrier_E,Maharashtra,2020-01-25,,Active,P005182,SYNTH_CDR_DB
PH003784,9279706129,+91,Carrier_A,Maharashtra,2018-08-09,,Active,P005638,SYNTH_TELECOM_DB
PH003785,9814112018,+91,Carrier_C,Maharashtra,2013-07-10,,Active,P004625,SYNTH_TELECOM_DB
PH003786,9237253018,+91,Carrier_B,Maharashtra,2014-09-21,,Active,P002808,SYNTH_CDR_DB
PH003787,9558895484,+91,Carrier_C,Maharashtra,2016-11-19,,Active,P002698,SYNTH_TELECOM_DB
PH003788,9352040213,+91,Carrier_B,Maharashtra,2018-11-14,,Active,P003088,SYNTH_IDENTITY_DB
PH003789,9805494015,+91,Carrier_A,Maharashtra,2013-02-22,,Active,P005303,SYNTH_IDENTITY_DB
PH003790,9950269656,+91,Carrier_C,Maharashtra,2018-01-18,,Active,P002027,SYNTH_IDENTITY_DB
PH003791,9123234442,+91,Carrier_A,Maharashtra,2011-11-30,,Active,P003357,SYNTH_TELECOM_DB
PH003792,9634037306,+91,Carrier_C,Maharashtra,2015-06-10,2021-10-07,Inactive,P001079,SYNTH_TELECOM_DB
PH003793,9322415725,+91,Carrier_D,Maharashtra,2023-05-30,2026-08-29,Inactive,P000215,SYNTH_CDR_DB
PH003794,9833929674,+91,Carrier_A,Maharashtra,2015-09-23,,Active,P002326,SYNTH_TELECOM_DB
PH003795,9672397842,+91,Carrier_B,Maharashtra,2018-09-16,,Active,P000954,SYNTH_CDR_DB
PH003796,9128239384,+91,Carrier_A,Maharashtra,2013-02-21,2015-01-27,Inactive,P002437,SYNTH_TELECOM_DB
PH003797,9431588797,+91,Carrier_B,Maharashtra,2023-12-23,,Active,P000462,SYNTH_CDR_DB
PH003798,9790305808,+91,Carrier_B,Maharashtra,2024-12-07,,Active,P001467,SYNTH_TELECOM_DB
PH003799,9318444040,+91,Carrier_A,Maharashtra,2019-09-27,,Active,P005258,SYNTH_LEGACY_DB
PH003800,9976260125,+91,Carrier_A,Maharashtra,2023-05-12,2026-08-29,Inactive,P002317,SYNTH_TELECOM_DB
PH003801,9288379284,+91,Carrier_D,Maharashtra,2012-12-30,2019-07-28,Inactive,P001238,SYNTH_TELECOM_DB
PH003802,9634901447,+91,Carrier_A,Maharashtra,2017-03-01,,Active,P000519,SYNTH_LEGACY_DB
PH003803,9941699225,+91,Carrier_A,Maharashtra,2021-04-23,,Active,P001092,SYNTH_CDR_DB
PH003804,9431244719,+91,Carrier_D,Maharashtra,2010-10-30,2012-06-18,Inactive,P001696,SYNTH_TELECOM_DB
PH003805,9831940385,+91,Carrier_D,Maharashtra,2022-12-20,2026-08-29,Reassigned,P001121,SYNTH_CDR_DB
PH003806,9704592335,+91,Carrier_A,Maharashtra,2012-07-12,,Active,P003049,SYNTH_CDR_DB
PH003807,9630672438,+91,Carrier_A,Maharashtra,2016-02-11,,Active,P001812,SYNTH_IDENTITY_DB
PH003808,9636151528,+91,Carrier_A,Maharashtra,2020-07-17,2022-02-24,Inactive,P004389,SYNTH_TELECOM_DB
PH003809,9869525501,+91,Carrier_B,Maharashtra,2026-07-05,2026-08-29,Reassigned,P004075,SYNTH_TELECOM_DB
PH003810,9277772305,+91,Carrier_A,Maharashtra,2024-06-23,,Active,P002740,SYNTH_TELECOM_DB
PH003811,9936572444,+91,Carrier_D,Maharashtra,2013-05-02,2016-08-26,Inactive,P006765,SYNTH_CDR_DB
PH003812,9985553983,+91,Carrier_A,Maharashtra,2018-12-03,,Active,P002868,SYNTH_CDR_DB
PH003813,9702053374,+91,Carrier_B,Maharashtra,2016-04-15,,Active,P004345,SYNTH_TELECOM_DB
PH003814,9735278215,+91,Carrier_A,Maharashtra,2010-01-01,2011-06-07,Inactive,P004256,SYNTH_IDENTITY_DB
PH003815,9843592457,+91,Carrier_C,Maharashtra,2016-04-02,,Active,P004345,SYNTH_TELECOM_DB
PH003816,9143493180,+91,Carrier_C,Maharashtra,2010-12-22,2016-06-23,Inactive,P002408,SYNTH_TELECOM_DB
PH003817,9735477831,+91,Carrier_A,Maharashtra,2013-09-17,,Active,P002660,SYNTH_TELECOM_DB
PH003818,9554778988,+91,Carrier_A,Maharashtra,2015-12-07,2019-05-08,Inactive,P001053,SYNTH_IDENTITY_DB
PH003819,9725778527,+91,Carrier_A,Maharashtra,2025-03-31,,Active,P000531,SYNTH_TELECOM_DB
PH003820,9631705840,+91,Carrier_C,Maharashtra,2022-10-25,,Active,P005078,SYNTH_TELECOM_DB
PH003821,9334396759,+91,Carrier_A,Maharashtra,2013-02-25,2019-01-11,Inactive,P000021,SYNTH_TELECOM_DB
PH003822,9799991883,+91,Carrier_B,Maharashtra,2022-07-22,2026-08-29,Reassigned,P006378,SYNTH_TELECOM_DB
PH003823,9463981055,+91,Carrier_A,Maharashtra,2018-07-20,,Active,P006256,SYNTH_TELECOM_DB
PH003824,9584779495,+91,Carrier_D,Maharashtra,2010-02-06,,Active,P002729,SYNTH_CDR_DB
PH003825,9372329658,+91,Carrier_C,Maharashtra,2010-07-29,,Active,P005105,SYNTH_TELECOM_DB
PH003826,9719563907,+91,Carrier_D,Maharashtra,2021-11-13,,Active,P003138,SYNTH_IDENTITY_DB
PH003827,9614514865,+91,Carrier_C,Maharashtra,2018-12-30,,Active,P003057,SYNTH_LEGACY_DB
PH003828,9503341687,+91,Carrier_D,Maharashtra,2019-11-06,,Active,P002945,SYNTH_TELECOM_DB
PH003829,9538218317,+91,Carrier_D,Maharashtra,2023-05-08,,Active,P004205,SYNTH_CDR_DB
PH003830,9572058392,+91,Carrier_A,Maharashtra,2015-12-03,,Active,P001771,SYNTH_LEGACY_DB
PH003831,9227190093,+91,Carrier_D,Maharashtra,2019-07-17,,Active,P005567,SYNTH_CDR_DB
PH003832,9123997922,+91,Carrier_B,Maharashtra,2024-11-10,,Active,P000093,SYNTH_IDENTITY_DB
PH003833,9196133999,+91,Carrier_C,Maharashtra,2015-12-12,,Active,P006252,SYNTH_TELECOM_DB
PH003834,9140659939,+91,Carrier_A,Maharashtra,2022-03-22,,Active,P002897,SYNTH_TELECOM_DB
PH003835,9772075248,+91,Carrier_C,Maharashtra,2013-09-16,,Active,P000240,SYNTH_TELECOM_DB
PH003836,9718777174,+91,Carrier_C,Maharashtra,2024-03-15,2026-03-26,Reassigned,P002608,SYNTH_CDR_DB
PH003837,9960646618,+91,Carrier_B,Maharashtra,2014-04-02,,Active,P003084,SYNTH_CDR_DB
PH003838,9589619334,+91,Carrier_C,Maharashtra,2018-08-01,2021-10-29,Inactive,P004140,SYNTH_TELECOM_DB
PH003839,9416537517,+91,Carrier_A,Maharashtra,2021-06-18,2024-06-29,Inactive,P002371,SYNTH_CDR_DB
PH003840,9824379415,+91,Carrier_A,Maharashtra,2017-09-01,,Active,P001290,SYNTH_CDR_DB
PH003841,9503011424,+91,Carrier_B,Maharashtra,2021-08-10,2026-08-29,Inactive,P001536,SYNTH_TELECOM_DB
PH003842,9150211361,+91,Carrier_A,Maharashtra,2020-12-19,,Active,P002962,SYNTH_TELECOM_DB
PH003843,9385606821,+91,Carrier_A,Maharashtra,2016-08-21,2016-12-04,Suspended,P002358,SYNTH_CDR_DB
PH003844,9927341251,+91,Carrier_B,Maharashtra,2010-07-22,,Active,P005981,SYNTH_CDR_DB
PH003845,9421223975,+91,Carrier_A,Maharashtra,2018-10-10,,Active,P004499,SYNTH_TELECOM_DB
PH003846,9866516599,+91,Carrier_C,Maharashtra,2013-07-21,,Active,P006726,SYNTH_IDENTITY_DB
PH003847,9702350034,+91,Carrier_A,Maharashtra,2014-04-10,2016-11-16,Suspended,P005238,SYNTH_IDENTITY_DB
PH003848,9168233152,+91,Carrier_D,Maharashtra,2025-04-01,,Active,P004200,SYNTH_CDR_DB
PH003849,9968890494,+91,Carrier_A,Maharashtra,2015-11-20,,Active,P000860,SYNTH_TELECOM_DB
PH003850,9713700314,+91,Carrier_B,Maharashtra,2015-10-10,,Active,P000250,SYNTH_TELECOM_DB
PH003851,9608579553,+91,Carrier_D,Maharashtra,2017-10-30,,Active,P002930,SYNTH_LEGACY_DB
PH003852,9472854655,+91,Carrier_C,Maharashtra,2021-01-28,,Active,P005966,SYNTH_CDR_DB
PH003853,9492505353,+91,Carrier_A,Maharashtra,2023-10-30,,Active,P005905,SYNTH_CDR_DB
PH003854,9419777741,+91,Carrier_C,Maharashtra,2024-12-23,,Active,P004592,SYNTH_TELECOM_DB
PH003855,9537314765,+91,Carrier_A,Maharashtra,2010-11-19,,Active,P006545,SYNTH_CDR_DB
PH003856,9735528371,+91,Carrier_B,Maharashtra,2016-12-20,,Active,P001514,SYNTH_IDENTITY_DB
PH003857,9354175279,+91,Carrier_B,Maharashtra,2011-07-04,2013-03-10,Inactive,P005249,SYNTH_TELECOM_DB
PH003858,9242632799,+91,Carrier_A,Maharashtra,2020-04-22,,Active,P002074,SYNTH_IDENTITY_DB
PH003859,9977828845,+91,Carrier_B,Maharashtra,2014-11-01,2021-06-20,Inactive,P000661,SYNTH_TELECOM_DB
PH003860,9413275303,+91,Carrier_B,Maharashtra,2022-04-28,,Active,P003179,SYNTH_IDENTITY_DB
PH003861,9890821988,+91,Carrier_B,Maharashtra,2017-12-08,,Active,P003505,SYNTH_LEGACY_DB
PH003862,9789853114,+91,Carrier_A,Maharashtra,2017-06-08,,Active,P000677,SYNTH_TELECOM_DB
PH003863,9824607697,+91,Carrier_C,Maharashtra,2013-01-15,,Active,P004901,SYNTH_IDENTITY_DB
PH003864,9647809328,+91,Carrier_B,Maharashtra,2020-09-23,,Active,P002944,SYNTH_IDENTITY_DB
PH003865,9455098151,+91,Carrier_C,Maharashtra,2016-11-19,,Active,P005408,SYNTH_LEGACY_DB
PH003866,9955925651,+91,Carrier_C,Maharashtra,2013-05-03,2013-06-03,Inactive,P000468,SYNTH_LEGACY_DB
PH003867,9457677148,+91,Carrier_B,Maharashtra,2021-07-08,2023-10-03,Suspended,P002829,SYNTH_CDR_DB
PH003868,9157949018,+91,Carrier_B,Maharashtra,2011-08-02,,Active,P004859,SYNTH_IDENTITY_DB
PH003869,9778739394,+91,Carrier_C,Maharashtra,2023-05-31,,Active,P003102,SYNTH_IDENTITY_DB
PH003870,9259927672,+91,Carrier_C,Maharashtra,2011-10-20,,Active,P004280,SYNTH_IDENTITY_DB
PH003871,9333478424,+91,Carrier_C,Maharashtra,2015-01-08,,Active,P005001,SYNTH_LEGACY_DB
PH003872,9995541653,+91,Carrier_B,Maharashtra,2018-02-02,,Active,P005244,SYNTH_IDENTITY_DB
PH003873,9687826510,+91,Carrier_B,Maharashtra,2012-07-03,,Active,P003741,SYNTH_TELECOM_DB
PH003874,9255280875,+91,Carrier_B,Maharashtra,2013-05-27,,Active,P001334,SYNTH_TELECOM_DB
PH003875,9944171533,+91,Carrier_A,Maharashtra,2018-11-06,,Active,P004269,SYNTH_CDR_DB
PH003876,9774182459,+91,Carrier_A,Maharashtra,2014-11-25,,Active,P003925,SYNTH_CDR_DB
PH003877,9524154817,+91,Carrier_E,Maharashtra,2012-05-10,,Active,P004900,SYNTH_TELECOM_DB
PH003878,9771247604,+91,Carrier_A,Maharashtra,2015-08-15,,Active,P006769,SYNTH_TELECOM_DB
PH003879,9949064046,+91,Carrier_A,Maharashtra,2021-11-07,,Active,P005995,SYNTH_IDENTITY_DB
PH003880,9714197485,+91,Carrier_C,Maharashtra,2022-01-12,,Active,P001699,SYNTH_TELECOM_DB
PH003881,9702967580,+91,Carrier_D,Maharashtra,2020-11-19,,Active,P003376,SYNTH_IDENTITY_DB
PH003882,9954305353,+91,Carrier_A,Maharashtra,2023-07-27,,Active,P006537,SYNTH_CDR_DB
PH003883,9427048468,+91,Carrier_A,Maharashtra,2019-10-10,,Active,P006493,SYNTH_IDENTITY_DB
PH003884,9532069420,+91,Carrier_A,Maharashtra,2021-03-06,,Active,P000952,SYNTH_TELECOM_DB
PH003885,9989184205,+91,Carrier_A,Maharashtra,2016-01-02,,Active,P000231,SYNTH_TELECOM_DB
PH003886,9695420237,+91,Carrier_A,Maharashtra,2026-05-17,,Active,P006652,SYNTH_CDR_DB
PH003887,9756188033,+91,Carrier_C,Maharashtra,2015-12-24,,Active,P005776,SYNTH_TELECOM_DB
PH003888,9202549567,+91,Carrier_A,Maharashtra,2022-09-03,2025-06-30,Reassigned,P004159,SYNTH_TELECOM_DB
PH003889,9785297822,+91,Carrier_B,Maharashtra,2010-07-15,2015-08-03,Reassigned,P005531,SYNTH_TELECOM_DB
PH003890,9299242380,+91,Carrier_B,Maharashtra,2023-04-04,,Active,P001452,SYNTH_CDR_DB
PH003891,9331279742,+91,Carrier_A,Maharashtra,2015-06-22,,Active,P000176,SYNTH_TELECOM_DB
PH003892,9378028631,+91,Carrier_B,Maharashtra,2014-05-07,,Active,P003645,SYNTH_TELECOM_DB
PH003893,9261783883,+91,Carrier_B,Maharashtra,2012-09-01,,Active,P004784,SYNTH_TELECOM_DB
PH003894,9666736626,+91,Carrier_A,Maharashtra,2011-12-10,,Active,P003077,SYNTH_TELECOM_DB
PH003895,9789573332,+91,Carrier_B,Maharashtra,2014-08-05,,Active,P005911,SYNTH_TELECOM_DB
PH003896,9817107636,+91,Carrier_C,Maharashtra,2017-01-14,2017-03-12,Inactive,P001252,SYNTH_IDENTITY_DB
PH003897,9246897631,+91,Carrier_E,Maharashtra,2021-12-29,2025-01-17,Inactive,P005316,SYNTH_CDR_DB
PH003898,9801337803,+91,Carrier_A,Maharashtra,2017-06-29,,Active,P002186,SYNTH_TELECOM_DB
PH003899,9193852040,+91,Carrier_B,Maharashtra,2019-03-21,,Active,P004443,SYNTH_CDR_DB
PH003900,9296643695,+91,Carrier_B,Maharashtra,2011-02-22,,Active,P001362,SYNTH_LEGACY_DB
PH003901,9267829591,+91,Carrier_A,Maharashtra,2019-08-02,,Active,P001580,SYNTH_TELECOM_DB
PH003902,9507950748,+91,Carrier_D,Maharashtra,2016-07-04,,Active,P001936,SYNTH_CDR_DB
PH003903,9434124861,+91,Carrier_B,Maharashtra,2012-05-08,2018-07-03,Inactive,P001929,SYNTH_CDR_DB
PH003904,9462185972,+91,Carrier_E,Maharashtra,2025-11-22,,Active,P003616,SYNTH_TELECOM_DB
PH003905,9432495282,+91,Carrier_C,Maharashtra,2011-12-31,,Active,P000610,SYNTH_LEGACY_DB
PH003906,9341729808,+91,Carrier_D,Maharashtra,2012-03-18,,Active,P006595,SYNTH_TELECOM_DB
PH003907,9420137261,+91,Carrier_A,Maharashtra,2023-03-01,2024-11-24,Inactive,P000961,SYNTH_CDR_DB
PH003908,9923048249,+91,Carrier_A,Maharashtra,2025-04-14,2026-08-29,Inactive,P001580,SYNTH_CDR_DB
PH003909,9263377144,+91,Carrier_C,Maharashtra,2025-06-08,2026-08-29,Inactive,P006269,SYNTH_TELECOM_DB
PH003910,9243619795,+91,Carrier_C,Maharashtra,2016-10-03,,Active,P002240,SYNTH_CDR_DB
PH003911,9214191821,+91,Carrier_A,Maharashtra,2013-01-30,,Active,P002750,SYNTH_TELECOM_DB
PH003912,9757828227,+91,Carrier_A,Maharashtra,2022-05-19,,Active,P001500,SYNTH_TELECOM_DB
PH003913,9660640628,+91,Carrier_B,Maharashtra,2023-08-27,2024-07-06,Suspended,P003219,SYNTH_TELECOM_DB
PH003914,9580513277,+91,Carrier_C,Maharashtra,2026-01-20,,Active,P004963,SYNTH_CDR_DB
PH003915,9327787645,+91,Carrier_A,Maharashtra,2016-05-28,2021-07-17,Inactive,P001100,SYNTH_TELECOM_DB
PH003916,9279290321,+91,Carrier_B,Maharashtra,2019-07-29,,Active,P000908,SYNTH_LEGACY_DB
PH003917,9279771704,+91,Carrier_A,Maharashtra,2010-09-30,,Active,P005098,SYNTH_TELECOM_DB
PH003918,9753281105,+91,Carrier_D,Maharashtra,2011-11-16,,Active,P005816,SYNTH_IDENTITY_DB
PH003919,9534299308,+91,Carrier_C,Maharashtra,2020-05-06,,Active,P006108,SYNTH_CDR_DB
PH003920,9527921794,+91,Carrier_C,Maharashtra,2022-12-24,,Active,P003221,SYNTH_IDENTITY_DB
PH003921,9127893656,+91,Carrier_A,Maharashtra,2015-09-22,2016-09-15,Suspended,P004546,SYNTH_CDR_DB
PH003922,9934345057,+91,Carrier_C,Maharashtra,2026-05-14,,Active,P003195,SYNTH_IDENTITY_DB
PH003923,9362804779,+91,Carrier_E,Maharashtra,2015-03-15,,Active,P003895,SYNTH_CDR_DB
PH003924,9621709263,+91,Carrier_A,Maharashtra,2012-08-21,2015-04-30,Inactive,P004654,SYNTH_CDR_DB
PH003925,9370861008,+91,Carrier_C,Maharashtra,2020-11-20,,Active,P000880,SYNTH_CDR_DB
PH003926,9952222638,+91,Carrier_D,Maharashtra,2010-06-30,,Active,P006174,SYNTH_TELECOM_DB
PH003927,9485115088,+91,Carrier_D,Maharashtra,2014-09-15,,Active,P002220,SYNTH_TELECOM_DB
PH003928,9712110333,+91,Carrier_A,Maharashtra,2019-02-12,,Active,P005853,SYNTH_IDENTITY_DB
PH003929,9215586054,+91,Carrier_E,Maharashtra,2020-04-16,,Active,P005740,SYNTH_LEGACY_DB
PH003930,9782853692,+91,Carrier_D,Maharashtra,2023-11-23,,Active,P006301,SYNTH_TELECOM_DB
PH003931,9158966727,+91,Carrier_A,Maharashtra,2024-07-16,2025-12-06,Inactive,P006717,SYNTH_LEGACY_DB
PH003932,9379658675,+91,Carrier_A,Maharashtra,2023-12-27,2026-08-29,Inactive,P002225,SYNTH_CDR_DB
PH003933,9745178244,+91,Carrier_C,Maharashtra,2019-12-14,2020-02-26,Inactive,P000358,SYNTH_TELECOM_DB
PH003934,9558281446,+91,Carrier_A,Maharashtra,2019-08-01,,Active,P001022,SYNTH_LEGACY_DB
PH003935,9996875334,+91,Carrier_D,Maharashtra,2019-02-17,,Active,P004567,SYNTH_TELECOM_DB
PH003936,9818167655,+91,Carrier_B,Maharashtra,2022-06-17,,Active,P003935,SYNTH_TELECOM_DB
PH003937,9511429188,+91,Carrier_A,Maharashtra,2010-12-27,,Active,P002353,SYNTH_CDR_DB
PH003938,9334903995,+91,Carrier_A,Maharashtra,2012-09-27,,Active,P003530,SYNTH_TELECOM_DB
PH003939,9161818404,+91,Carrier_D,Maharashtra,2025-04-16,2026-08-29,Suspended,P005035,SYNTH_IDENTITY_DB
PH003940,9916896811,+91,Carrier_B,Maharashtra,2012-04-27,,Active,P000546,SYNTH_TELECOM_DB
PH003941,9936527669,+91,Carrier_B,Maharashtra,2020-10-26,2026-07-10,Inactive,P001025,SYNTH_LEGACY_DB
PH003942,9877215664,+91,Carrier_A,Maharashtra,2016-12-10,,Active,P003030,SYNTH_CDR_DB
PH003943,9912265774,+91,Carrier_A,Maharashtra,2018-01-20,,Active,P000234,SYNTH_TELECOM_DB
PH003944,9208493766,+91,Carrier_B,Maharashtra,2013-02-19,,Active,P001003,SYNTH_CDR_DB
PH003945,9735070281,+91,Carrier_A,Maharashtra,2013-11-30,,Active,P005855,SYNTH_TELECOM_DB
PH003946,9231663375,+91,Carrier_B,Maharashtra,2026-04-11,,Active,P003253,SYNTH_TELECOM_DB
PH003947,9981602599,+91,Carrier_D,Maharashtra,2026-03-31,,Active,P000970,SYNTH_TELECOM_DB
PH003948,9485175159,+91,Carrier_B,Maharashtra,2013-05-16,,Active,P000313,SYNTH_TELECOM_DB
PH003949,9687854399,+91,Carrier_A,Maharashtra,2013-12-26,,Active,P004857,SYNTH_TELECOM_DB
PH003950,9542881962,+91,Carrier_B,Maharashtra,2010-05-22,,Active,P002829,SYNTH_TELECOM_DB
PH003951,9774433363,+91,Carrier_B,Maharashtra,2010-12-14,,Active,P001500,SYNTH_LEGACY_DB
PH003952,9548718662,+91,Carrier_B,Maharashtra,2026-01-19,,Active,P002974,SYNTH_CDR_DB
PH003953,9154358838,+91,Carrier_A,Maharashtra,2019-12-11,,Active,P006914,SYNTH_TELECOM_DB
PH003954,9483505486,+91,Carrier_A,Maharashtra,2020-07-09,2022-09-16,Inactive,P006277,SYNTH_TELECOM_DB
PH003955,9628767176,+91,Carrier_A,Maharashtra,2012-04-20,,Active,P002879,SYNTH_TELECOM_DB
PH003956,9791006030,+91,Carrier_B,Maharashtra,2020-08-31,,Active,P002852,SYNTH_TELECOM_DB
PH003957,9885532265,+91,Carrier_B,Maharashtra,2014-10-24,,Active,P005945,SYNTH_TELECOM_DB
PH003958,9189191347,+91,Carrier_B,Maharashtra,2013-07-04,,Active,P004604,SYNTH_TELECOM_DB
PH003959,9186212542,+91,Carrier_C,Maharashtra,2019-01-19,,Active,P005467,SYNTH_TELECOM_DB
PH003960,9481095261,+91,Carrier_A,Maharashtra,2012-07-06,,Active,P006413,SYNTH_TELECOM_DB
PH003961,9330972427,+91,Carrier_B,Maharashtra,2025-10-24,2026-08-29,Inactive,P005931,SYNTH_LEGACY_DB
PH003962,9276871799,+91,Carrier_B,Maharashtra,2017-11-19,,Active,P005163,SYNTH_TELECOM_DB
PH003963,9509429240,+91,Carrier_C,Maharashtra,2010-09-28,,Active,P004558,SYNTH_TELECOM_DB
PH003964,9124991261,+91,Carrier_D,Maharashtra,2024-10-16,,Active,P000669,SYNTH_TELECOM_DB
PH003965,9555287321,+91,Carrier_E,Maharashtra,2015-03-19,,Active,P004872,SYNTH_CDR_DB
PH003966,9582436613,+91,Carrier_A,Maharashtra,2024-02-17,2025-01-09,Suspended,P001609,SYNTH_CDR_DB
PH003967,9462552371,+91,Carrier_C,Maharashtra,2017-08-27,,Active,P001774,SYNTH_TELECOM_DB
PH003968,9185554121,+91,Carrier_B,Maharashtra,2024-12-15,2026-08-29,Inactive,P000195,SYNTH_IDENTITY_DB
PH003969,9157459095,+91,Carrier_B,Maharashtra,2026-02-02,2026-08-29,Reassigned,P004948,SYNTH_TELECOM_DB
PH003970,9722265680,+91,Carrier_C,Maharashtra,2023-10-12,,Active,P006865,SYNTH_IDENTITY_DB
PH003971,9603949269,+91,Carrier_B,Maharashtra,2010-02-24,,Active,P000399,SYNTH_TELECOM_DB
PH003972,9129081840,+91,Carrier_A,Maharashtra,2012-08-29,2013-02-21,Inactive,P002763,SYNTH_CDR_DB
PH003973,9870832860,+91,Carrier_B,Maharashtra,2012-03-20,,Active,P003787,SYNTH_LEGACY_DB
PH003974,9162102440,+91,Carrier_A,Maharashtra,2012-03-20,2012-12-20,Inactive,P001049,SYNTH_CDR_DB
PH003975,9898302311,+91,Carrier_B,Maharashtra,2022-03-21,,Active,P005999,SYNTH_TELECOM_DB
PH003976,9174520683,+91,Carrier_B,Maharashtra,2019-01-08,,Active,P000260,SYNTH_LEGACY_DB
PH003977,9585693605,+91,Carrier_B,Maharashtra,2015-11-30,,Active,P004166,SYNTH_LEGACY_DB
PH003978,9724102229,+91,Carrier_C,Maharashtra,2024-12-14,2025-09-22,Inactive,P004176,SYNTH_LEGACY_DB
PH003979,9148570205,+91,Carrier_B,Maharashtra,2018-11-02,,Active,P002471,SYNTH_TELECOM_DB
PH003980,9820180936,+91,Carrier_A,Maharashtra,2013-03-12,,Active,P002495,SYNTH_TELECOM_DB
PH003981,9370254613,+91,Carrier_C,Maharashtra,2025-07-09,,Active,P006494,SYNTH_TELECOM_DB
PH003982,9767040865,+91,Carrier_D,Maharashtra,2010-06-26,2015-02-05,Reassigned,P004942,SYNTH_CDR_DB
PH003983,9387723771,+91,Carrier_B,Maharashtra,2024-02-12,,Active,P001402,SYNTH_IDENTITY_DB
PH003984,9573421001,+91,Carrier_C,Maharashtra,2024-08-03,2026-08-29,Inactive,P006195,SYNTH_IDENTITY_DB
PH003985,9234046279,+91,Carrier_D,Maharashtra,2024-07-10,,Active,P005303,SYNTH_TELECOM_DB
PH003986,9866440090,+91,Carrier_B,Maharashtra,2018-02-03,2020-04-06,Reassigned,P005115,SYNTH_TELECOM_DB
PH003987,9259007612,+91,Carrier_A,Maharashtra,2024-12-05,,Active,P004456,SYNTH_TELECOM_DB
PH003988,9505668298,+91,Carrier_B,Maharashtra,2016-08-28,,Active,P005457,SYNTH_TELECOM_DB
PH003989,9620991247,+91,Carrier_B,Maharashtra,2018-01-01,,Active,P004709,SYNTH_IDENTITY_DB
PH003990,9216817128,+91,Carrier_B,Maharashtra,2022-08-24,,Active,P006164,SYNTH_CDR_DB
PH003991,9483614940,+91,Carrier_E,Maharashtra,2014-12-15,,Active,P001910,SYNTH_CDR_DB
PH003992,9210952121,+91,Carrier_C,Maharashtra,2015-10-18,,Active,P004604,SYNTH_TELECOM_DB
PH003993,9368456711,+91,Carrier_C,Maharashtra,2011-06-22,,Active,P003491,SYNTH_TELECOM_DB
PH003994,9283533607,+91,Carrier_B,Maharashtra,2026-02-10,,Active,P006243,SYNTH_CDR_DB
PH003995,9416937967,+91,Carrier_D,Maharashtra,2014-11-19,2015-12-24,Inactive,P003430,SYNTH_TELECOM_DB
PH003996,9548058112,+91,Carrier_C,Maharashtra,2014-02-21,,Active,P005494,SYNTH_IDENTITY_DB
PH003997,9119756783,+91,Carrier_A,Maharashtra,2026-04-04,,Active,P006524,SYNTH_TELECOM_DB
PH003998,9556163157,+91,Carrier_A,Maharashtra,2013-01-02,2017-07-04,Inactive,P006375,SYNTH_TELECOM_DB
PH003999,9712130493,+91,Carrier_C,Maharashtra,2018-12-01,,Active,P004423,SYNTH_IDENTITY_DB
PH004000,9285214075,+91,Carrier_C,Maharashtra,2025-05-01,,Active,P003201,SYNTH_TELECOM_DB
PH004001,9932400860,+91,Carrier_A,Maharashtra,2020-01-17,,Active,P001720,SYNTH_LEGACY_DB
PH004002,9677761787,+91,Carrier_C,Maharashtra,2013-04-10,2019-08-16,Inactive,P004374,SYNTH_TELECOM_DB
PH004003,9208693595,+91,Carrier_E,Maharashtra,2022-11-04,,Active,P003240,SYNTH_IDENTITY_DB
PH004004,9604524791,+91,Carrier_D,Maharashtra,2018-01-14,,Active,P003780,SYNTH_CDR_DB
PH004005,9746467062,+91,Carrier_A,Maharashtra,2020-02-05,,Active,P001667,SYNTH_IDENTITY_DB
PH004006,9476033062,+91,Carrier_A,Maharashtra,2025-03-12,,Active,P006318,SYNTH_TELECOM_DB
PH004007,9783961225,+91,Carrier_A,Maharashtra,2025-01-19,,Active,P001077,SYNTH_TELECOM_DB
PH004008,9970725247,+91,Carrier_A,Maharashtra,2012-09-03,2015-06-01,Inactive,P000202,SYNTH_TELECOM_DB
PH004009,9468496417,+91,Carrier_D,Maharashtra,2018-08-01,,Active,P003932,SYNTH_TELECOM_DB
PH004010,9287782792,+91,Carrier_B,Maharashtra,2018-06-07,,Active,P001795,SYNTH_TELECOM_DB
PH004011,9541745351,+91,Carrier_D,Maharashtra,2022-12-15,2024-10-18,Suspended,P004592,SYNTH_IDENTITY_DB
PH004012,9278031885,+91,Carrier_C,Maharashtra,2020-04-25,2022-03-26,Reassigned,P004994,SYNTH_IDENTITY_DB
PH004013,9802092679,+91,Carrier_B,Maharashtra,2020-12-06,,Active,P005981,SYNTH_IDENTITY_DB
PH004014,9154500740,+91,Carrier_A,Maharashtra,2020-11-26,2026-08-29,Inactive,P006489,SYNTH_TELECOM_DB
PH004015,9525396789,+91,Carrier_E,Maharashtra,2024-08-30,2025-11-27,Inactive,P000681,SYNTH_IDENTITY_DB
PH004016,9295054142,+91,Carrier_A,Maharashtra,2016-07-19,,Active,P000028,SYNTH_TELECOM_DB
PH004017,9109928082,+91,Carrier_E,Maharashtra,2014-04-30,,Active,P001121,SYNTH_TELECOM_DB
PH004018,9187456418,+91,Carrier_A,Maharashtra,2023-01-24,,Active,P000772,SYNTH_CDR_DB
PH004019,9618255264,+91,Carrier_C,Maharashtra,2020-07-04,,Active,P000973,SYNTH_CDR_DB
PH004020,9647447589,+91,Carrier_A,Maharashtra,2011-06-03,,Active,P005731,SYNTH_CDR_DB
PH004021,9337794771,+91,Carrier_A,Maharashtra,2023-12-19,2025-03-21,Inactive,P004375,SYNTH_TELECOM_DB
PH004022,9739352771,+91,Carrier_C,Maharashtra,2010-03-01,2012-03-27,Suspended,P002753,SYNTH_LEGACY_DB
PH004023,9519447073,+91,Carrier_A,Maharashtra,2017-04-18,,Active,P000249,SYNTH_LEGACY_DB
PH004024,9954362128,+91,Carrier_A,Maharashtra,2015-03-22,,Active,P000920,SYNTH_CDR_DB
PH004025,9871700055,+91,Carrier_B,Maharashtra,2017-05-19,,Active,P006087,SYNTH_TELECOM_DB
PH004026,9461482594,+91,Carrier_A,Maharashtra,2026-08-12,,Active,P000124,SYNTH_TELECOM_DB
PH004027,9277883173,+91,Carrier_D,Maharashtra,2017-07-29,,Active,P003284,SYNTH_TELECOM_DB
PH004028,9977117834,+91,Carrier_C,Maharashtra,2023-04-30,2026-08-29,Inactive,P003179,SYNTH_TELECOM_DB
PH004029,9284966296,+91,Carrier_A,Maharashtra,2024-09-18,2026-08-29,Reassigned,P001697,SYNTH_TELECOM_DB
PH004030,9442814847,+91,Carrier_C,Maharashtra,2022-10-10,,Active,P003534,SYNTH_IDENTITY_DB
PH004031,9710641899,+91,Carrier_B,Maharashtra,2014-01-19,,Active,P002425,SYNTH_TELECOM_DB
PH004032,9785851510,+91,Carrier_B,Maharashtra,2019-08-29,,Active,P004659,SYNTH_LEGACY_DB
PH004033,9109433840,+91,Carrier_B,Maharashtra,2019-03-01,2022-09-28,Reassigned,P004337,SYNTH_TELECOM_DB
PH004034,9152484232,+91,Carrier_D,Maharashtra,2020-12-12,,Active,P005996,SYNTH_TELECOM_DB
PH004035,9188872506,+91,Carrier_C,Maharashtra,2020-11-13,2026-08-29,Inactive,P001956,SYNTH_IDENTITY_DB
PH004036,9784772128,+91,Carrier_A,Maharashtra,2020-06-29,2025-04-01,Reassigned,P005529,SYNTH_TELECOM_DB
PH004037,9771474528,+91,Carrier_C,Maharashtra,2021-12-17,2026-07-21,Inactive,P000234,SYNTH_TELECOM_DB
PH004038,9128012082,+91,Carrier_A,Maharashtra,2013-04-29,,Active,P004797,SYNTH_TELECOM_DB
PH004039,9219850645,+91,Carrier_A,Maharashtra,2021-08-04,,Active,P005533,SYNTH_LEGACY_DB
PH004040,9140324132,+91,Carrier_C,Maharashtra,2015-01-24,,Active,P005792,SYNTH_CDR_DB
PH004041,9412623677,+91,Carrier_B,Maharashtra,2012-04-04,,Active,P001312,SYNTH_TELECOM_DB
PH004042,9184372594,+91,Carrier_B,Maharashtra,2023-12-08,,Active,P002065,SYNTH_LEGACY_DB
PH004043,9393495201,+91,Carrier_A,Maharashtra,2010-07-22,,Active,P003857,SYNTH_IDENTITY_DB
PH004044,9969155845,+91,Carrier_B,Maharashtra,2022-01-11,,Active,P001721,SYNTH_CDR_DB
PH004045,9832281732,+91,Carrier_B,Maharashtra,2021-01-28,2021-07-11,Inactive,P005506,SYNTH_TELECOM_DB
PH004046,9654722163,+91,Carrier_A,Maharashtra,2020-12-31,,Active,P003599,SYNTH_TELECOM_DB
PH004047,9232640915,+91,Carrier_C,Maharashtra,2018-11-28,,Active,P006299,SYNTH_CDR_DB
PH004048,9105216975,+91,Carrier_C,Maharashtra,2020-06-01,2021-04-07,Reassigned,P006342,SYNTH_IDENTITY_DB
PH004049,9930733517,+91,Carrier_B,Maharashtra,2014-10-27,2015-09-29,Suspended,P001221,SYNTH_TELECOM_DB
PH004050,9520677733,+91,Carrier_C,Maharashtra,2022-08-12,,Active,P004800,SYNTH_TELECOM_DB
PH004051,9657901127,+91,Carrier_A,Maharashtra,2015-01-15,,Active,P001219,SYNTH_LEGACY_DB
PH004052,9876859801,+91,Carrier_B,Maharashtra,2014-04-13,,Active,P001691,SYNTH_TELECOM_DB
PH004053,9487465806,+91,Carrier_B,Maharashtra,2018-11-29,2020-02-04,Suspended,P004153,SYNTH_TELECOM_DB
PH004054,9246977868,+91,Carrier_A,Maharashtra,2018-10-06,,Active,P006944,SYNTH_LEGACY_DB
PH004055,9286621319,+91,Carrier_A,Maharashtra,2024-01-21,,Active,P005175,SYNTH_TELECOM_DB
PH004056,9820279068,+91,Carrier_D,Maharashtra,2022-06-27,,Active,P003268,SYNTH_TELECOM_DB
PH004057,9506349454,+91,Carrier_D,Maharashtra,2022-10-28,2026-08-29,Inactive,P006442,SYNTH_IDENTITY_DB
PH004058,9426948472,+91,Carrier_C,Maharashtra,2023-04-01,,Active,P003962,SYNTH_CDR_DB
PH004059,9858109456,+91,Carrier_A,Maharashtra,2023-06-28,,Active,P001136,SYNTH_TELECOM_DB
PH004060,9889278912,+91,Carrier_B,Maharashtra,2010-04-18,,Active,P005220,SYNTH_LEGACY_DB
PH004061,9153769861,+91,Carrier_D,Maharashtra,2021-04-20,2026-08-29,Reassigned,P006981,SYNTH_TELECOM_DB
PH004062,9280444996,+91,Carrier_A,Maharashtra,2017-01-04,,Active,P001004,SYNTH_CDR_DB
PH004063,9514799065,+91,Carrier_B,Maharashtra,2010-03-13,,Active,P006433,SYNTH_IDENTITY_DB
PH004064,9481164533,+91,Carrier_B,Maharashtra,2010-11-18,,Active,P005018,SYNTH_CDR_DB
PH004065,9315154500,+91,Carrier_B,Maharashtra,2015-08-30,,Active,P006875,SYNTH_IDENTITY_DB
PH004066,9778685569,+91,Carrier_B,Maharashtra,2018-08-07,,Active,P003355,SYNTH_TELECOM_DB
PH004067,9780993214,+91,Carrier_A,Maharashtra,2014-01-05,,Active,P002392,SYNTH_CDR_DB
PH004068,9608832393,+91,Carrier_B,Maharashtra,2025-12-06,,Active,P003475,SYNTH_TELECOM_DB
PH004069,9518767200,+91,Carrier_D,Maharashtra,2015-02-07,,Active,P000168,SYNTH_TELECOM_DB
PH004070,9625960258,+91,Carrier_B,Maharashtra,2015-05-02,,Active,P005933,SYNTH_CDR_DB
PH004071,9347961252,+91,Carrier_A,Maharashtra,2026-07-26,,Active,P004642,SYNTH_IDENTITY_DB
PH004072,9936616134,+91,Carrier_A,Maharashtra,2011-08-05,,Active,P001346,SYNTH_CDR_DB
PH004073,9823867238,+91,Carrier_C,Maharashtra,2014-01-17,,Active,P003827,SYNTH_TELECOM_DB
PH004074,9988698715,+91,Carrier_B,Maharashtra,2014-09-10,,Active,P006121,SYNTH_LEGACY_DB
PH004075,9871893587,+91,Carrier_C,Maharashtra,2011-10-07,,Active,P004517,SYNTH_CDR_DB
PH004076,9872912369,+91,Carrier_E,Maharashtra,2015-07-24,,Active,P004770,SYNTH_TELECOM_DB
PH004077,9233903723,+91,Carrier_B,Maharashtra,2017-06-11,,Active,P002296,SYNTH_TELECOM_DB
PH004078,9300985605,+91,Carrier_A,Maharashtra,2017-09-25,,Active,P001712,SYNTH_TELECOM_DB
PH004079,9225932119,+91,Carrier_B,Maharashtra,2018-04-19,,Active,P004615,SYNTH_LEGACY_DB
PH004080,9720853606,+91,Carrier_A,Maharashtra,2010-07-17,,Active,P005442,SYNTH_IDENTITY_DB
PH004081,9119964401,+91,Carrier_B,Maharashtra,2017-03-18,2018-01-05,Inactive,P005790,SYNTH_TELECOM_DB
PH004082,9708069936,+91,Carrier_B,Maharashtra,2023-03-21,,Active,P005183,SYNTH_TELECOM_DB
PH004083,9396247137,+91,Carrier_A,Maharashtra,2022-01-11,,Active,P005406,SYNTH_TELECOM_DB
PH004084,9500593636,+91,Carrier_A,Maharashtra,2021-10-08,,Active,P005034,SYNTH_TELECOM_DB
PH004085,9962631669,+91,Carrier_A,Maharashtra,2018-02-11,2024-10-10,Inactive,P002341,SYNTH_IDENTITY_DB
PH004086,9492971967,+91,Carrier_B,Maharashtra,2022-05-26,,Active,P000634,SYNTH_TELECOM_DB
PH004087,9989050036,+91,Carrier_C,Maharashtra,2023-10-14,,Active,P000923,SYNTH_IDENTITY_DB
PH004088,9981928429,+91,Carrier_C,Maharashtra,2015-12-01,2016-04-28,Suspended,P001792,SYNTH_CDR_DB
PH004089,9598969874,+91,Carrier_B,Maharashtra,2024-07-24,2026-08-29,Inactive,P004506,SYNTH_IDENTITY_DB
PH004090,9871000078,+91,Carrier_B,Maharashtra,2012-02-11,2018-11-10,Inactive,P004789,SYNTH_IDENTITY_DB
PH004091,9703562998,+91,Carrier_A,Maharashtra,2015-01-17,2019-07-25,Inactive,P002163,SYNTH_CDR_DB
PH004092,9727063774,+91,Carrier_B,Maharashtra,2016-03-10,2017-03-10,Inactive,P003758,SYNTH_CDR_DB
PH004093,9978027975,+91,Carrier_D,Maharashtra,2019-03-09,,Active,P003244,SYNTH_TELECOM_DB
PH004094,9684937841,+91,Carrier_A,Maharashtra,2018-04-04,,Active,P001204,SYNTH_IDENTITY_DB
PH004095,9975311796,+91,Carrier_B,Maharashtra,2022-09-11,,Active,P003961,SYNTH_IDENTITY_DB
PH004096,9182210595,+91,Carrier_C,Maharashtra,2015-08-30,2017-01-01,Inactive,P003584,SYNTH_TELECOM_DB
PH004097,9555260980,+91,Carrier_A,Maharashtra,2025-05-16,,Active,P006064,SYNTH_CDR_DB
PH004098,9882243329,+91,Carrier_A,Maharashtra,2025-05-08,2026-08-29,Inactive,P000002,SYNTH_IDENTITY_DB
PH004099,9720204836,+91,Carrier_A,Maharashtra,2018-01-14,2020-04-10,Inactive,P004005,SYNTH_TELECOM_DB
PH004100,9170996836,+91,Carrier_C,Maharashtra,2011-02-13,,Active,P005999,SYNTH_IDENTITY_DB
PH004101,9595897587,+91,Carrier_A,Maharashtra,2019-06-25,,Active,P002378,SYNTH_TELECOM_DB
PH004102,9790701776,+91,Carrier_A,Maharashtra,2014-01-13,,Active,P001207,SYNTH_IDENTITY_DB
PH004103,9359199105,+91,Carrier_B,Maharashtra,2025-03-21,,Active,P005439,SYNTH_CDR_DB
PH004104,9204573859,+91,Carrier_A,Maharashtra,2020-11-26,,Active,P002020,SYNTH_TELECOM_DB
PH004105,9842771652,+91,Carrier_B,Maharashtra,2011-02-21,2015-10-06,Inactive,P004586,SYNTH_CDR_DB
PH004106,9454927295,+91,Carrier_A,Maharashtra,2013-01-25,2015-03-12,Inactive,P001101,SYNTH_IDENTITY_DB
PH004107,9280483397,+91,Carrier_B,Maharashtra,2017-06-28,,Active,P002461,SYNTH_TELECOM_DB
PH004108,9340089760,+91,Carrier_B,Maharashtra,2014-01-06,,Active,P001016,SYNTH_TELECOM_DB
PH004109,9564625544,+91,Carrier_A,Maharashtra,2021-07-29,,Active,P000714,SYNTH_CDR_DB
PH004110,9766215065,+91,Carrier_A,Maharashtra,2020-07-05,,Active,P001580,SYNTH_CDR_DB
PH004111,9250912758,+91,Carrier_C,Maharashtra,2020-11-28,2023-09-24,Inactive,P001680,SYNTH_LEGACY_DB
PH004112,9670568749,+91,Carrier_C,Maharashtra,2021-12-13,,Active,P005684,SYNTH_CDR_DB
PH004113,9197522269,+91,Carrier_A,Maharashtra,2015-01-16,,Active,P000060,SYNTH_IDENTITY_DB
PH004114,9359370345,+91,Carrier_B,Maharashtra,2017-01-06,,Active,P004436,SYNTH_CDR_DB
PH004115,9624023266,+91,Carrier_B,Maharashtra,2014-03-04,,Active,P006333,SYNTH_TELECOM_DB
PH004116,9407324270,+91,Carrier_A,Maharashtra,2024-01-05,,Active,P002227,SYNTH_TELECOM_DB
PH004117,9685702111,+91,Carrier_A,Maharashtra,2013-07-20,,Active,P005806,SYNTH_CDR_DB
PH004118,9959148906,+91,Carrier_B,Maharashtra,2016-06-25,,Active,P004783,SYNTH_TELECOM_DB
PH004119,9868323643,+91,Carrier_A,Maharashtra,2017-05-04,,Active,P005342,SYNTH_TELECOM_DB
PH004120,9631767584,+91,Carrier_D,Maharashtra,2023-03-12,,Active,P004064,SYNTH_LEGACY_DB
PH004121,9137930409,+91,Carrier_C,Maharashtra,2013-02-18,,Active,P005762,SYNTH_CDR_DB
PH004122,9934448297,+91,Carrier_A,Maharashtra,2018-07-01,,Active,P000656,SYNTH_TELECOM_DB
PH004123,9853614679,+91,Carrier_B,Maharashtra,2024-01-03,,Active,P006305,SYNTH_TELECOM_DB
PH004124,9201340256,+91,Carrier_D,Maharashtra,2015-07-02,,Active,P003987,SYNTH_IDENTITY_DB
PH004125,9969288156,+91,Carrier_A,Maharashtra,2017-09-07,,Active,P005203,SYNTH_TELECOM_DB
PH004126,9892809737,+91,Carrier_A,Maharashtra,2013-11-01,,Active,P003928,SYNTH_TELECOM_DB
PH004127,9280011804,+91,Carrier_B,Maharashtra,2018-11-19,,Active,P002411,SYNTH_TELECOM_DB
PH004128,9159220977,+91,Carrier_A,Maharashtra,2022-07-27,,Active,P001351,SYNTH_TELECOM_DB
PH004129,9723022117,+91,Carrier_D,Maharashtra,2020-10-02,2022-06-03,Suspended,P001863,SYNTH_TELECOM_DB
PH004130,9474527514,+91,Carrier_D,Maharashtra,2011-12-29,2014-02-09,Suspended,P001070,SYNTH_IDENTITY_DB
PH004131,9471011992,+91,Carrier_B,Maharashtra,2024-12-03,,Active,P000324,SYNTH_TELECOM_DB
PH004132,9872763142,+91,Carrier_B,Maharashtra,2018-01-08,2021-12-18,Inactive,P004880,SYNTH_IDENTITY_DB
PH004133,9989726016,+91,Carrier_A,Maharashtra,2023-02-17,,Active,P000990,SYNTH_CDR_DB
PH004134,9850254712,+91,Carrier_B,Maharashtra,2014-10-23,2016-05-16,Inactive,P004594,SYNTH_LEGACY_DB
PH004135,9624885247,+91,Carrier_C,Maharashtra,2017-10-03,,Active,P004721,SYNTH_IDENTITY_DB
PH004136,9581746546,+91,Carrier_D,Maharashtra,2019-08-02,,Active,P004025,SYNTH_IDENTITY_DB
PH004137,9734135361,+91,Carrier_D,Maharashtra,2014-09-22,2016-10-25,Inactive,P004648,SYNTH_IDENTITY_DB
PH004138,9579067097,+91,Carrier_B,Maharashtra,2013-12-06,,Active,P006505,SYNTH_TELECOM_DB
PH004139,9550531380,+91,Carrier_A,Maharashtra,2015-06-18,,Active,P005285,SYNTH_TELECOM_DB
PH004140,9521739890,+91,Carrier_C,Maharashtra,2024-06-13,,Active,P005357,SYNTH_LEGACY_DB
PH004141,9649220465,+91,Carrier_C,Maharashtra,2011-02-03,2014-09-11,Inactive,P004922,SYNTH_IDENTITY_DB
PH004142,9715752621,+91,Carrier_A,Maharashtra,2026-06-03,,Active,P001842,SYNTH_CDR_DB
PH004143,9601868164,+91,Carrier_B,Maharashtra,2017-09-27,,Active,P001894,SYNTH_CDR_DB
PH004144,9502819471,+91,Carrier_B,Maharashtra,2014-07-27,,Active,P005473,SYNTH_TELECOM_DB
PH004145,9208144852,+91,Carrier_A,Maharashtra,2012-08-05,,Active,P001017,SYNTH_CDR_DB
PH004146,9465097989,+91,Carrier_E,Maharashtra,2026-08-01,2026-08-29,Inactive,P002536,SYNTH_TELECOM_DB
PH004147,9413094603,+91,Carrier_B,Maharashtra,2024-05-09,2026-08-27,Inactive,P005528,SYNTH_IDENTITY_DB
PH004148,9694227973,+91,Carrier_A,Maharashtra,2020-11-26,2026-08-29,Inactive,P005957,SYNTH_IDENTITY_DB
PH004149,9197574229,+91,Carrier_B,Maharashtra,2020-03-24,2020-06-05,Suspended,P005738,SYNTH_IDENTITY_DB
PH004150,9389817102,+91,Carrier_B,Maharashtra,2023-04-16,,Active,P002467,SYNTH_TELECOM_DB
PH004151,9468657264,+91,Carrier_A,Maharashtra,2019-06-26,,Active,P003957,SYNTH_TELECOM_DB
PH004152,9944313352,+91,Carrier_C,Maharashtra,2017-11-05,,Active,P001499,SYNTH_TELECOM_DB
PH004153,9870725318,+91,Carrier_D,Maharashtra,2015-11-16,2021-04-10,Inactive,P002590,SYNTH_TELECOM_DB
PH004154,9582884168,+91,Carrier_A,Maharashtra,2019-02-17,,Active,P003687,SYNTH_TELECOM_DB
PH004155,9445724748,+91,Carrier_B,Maharashtra,2014-09-10,,Active,P005155,SYNTH_TELECOM_DB
PH004156,9763336593,+91,Carrier_C,Maharashtra,2022-03-10,2026-08-29,Reassigned,P002487,SYNTH_TELECOM_DB
PH004157,9755976659,+91,Carrier_B,Maharashtra,2015-04-22,2015-12-25,Suspended,P004098,SYNTH_TELECOM_DB
PH004158,9513627059,+91,Carrier_A,Maharashtra,2014-10-25,,Active,P003320,SYNTH_TELECOM_DB
PH004159,9434372035,+91,Carrier_B,Maharashtra,2012-05-26,2016-01-25,Inactive,P004555,SYNTH_TELECOM_DB
PH004160,9765713671,+91,Carrier_C,Maharashtra,2016-11-19,,Active,P000218,SYNTH_IDENTITY_DB
PH004161,9862961587,+91,Carrier_A,Maharashtra,2013-03-19,,Active,P005129,SYNTH_CDR_DB
PH004162,9217456236,+91,Carrier_B,Maharashtra,2018-03-19,,Active,P003404,SYNTH_CDR_DB
PH004163,9908542743,+91,Carrier_E,Maharashtra,2013-09-25,,Active,P002398,SYNTH_CDR_DB
PH004164,9830559063,+91,Carrier_B,Maharashtra,2011-08-31,2016-08-18,Inactive,P000113,SYNTH_IDENTITY_DB
PH004165,9802940039,+91,Carrier_C,Maharashtra,2024-05-31,,Active,P005941,SYNTH_TELECOM_DB
PH004166,9216900922,+91,Carrier_A,Maharashtra,2012-01-14,,Active,P000526,SYNTH_LEGACY_DB
PH004167,9623500490,+91,Carrier_B,Maharashtra,2015-01-13,,Active,P002863,SYNTH_TELECOM_DB
PH004168,9870104050,+91,Carrier_A,Maharashtra,2017-12-15,,Active,P002915,SYNTH_LEGACY_DB
PH004169,9413497705,+91,Carrier_C,Maharashtra,2010-01-10,,Active,P000828,SYNTH_IDENTITY_DB
PH004170,9440856900,+91,Carrier_A,Maharashtra,2021-12-15,,Active,P003630,SYNTH_TELECOM_DB
PH004171,9687843805,+91,Carrier_A,Maharashtra,2011-11-10,,Active,P006141,SYNTH_TELECOM_DB
PH004172,9127113934,+91,Carrier_A,Maharashtra,2023-12-19,,Active,P000186,SYNTH_LEGACY_DB
PH004173,9226703744,+91,Carrier_C,Maharashtra,2011-04-07,,Active,P004613,SYNTH_CDR_DB
PH004174,9272184893,+91,Carrier_B,Maharashtra,2021-10-31,,Active,P002657,SYNTH_IDENTITY_DB
PH004175,9959226101,+91,Carrier_A,Maharashtra,2014-05-23,,Active,P000022,SYNTH_CDR_DB
PH004176,9330160087,+91,Carrier_A,Maharashtra,2025-12-12,2026-08-11,Inactive,P006834,SYNTH_TELECOM_DB
PH004177,9769453786,+91,Carrier_A,Maharashtra,2017-06-20,2019-10-29,Inactive,P002972,SYNTH_IDENTITY_DB
PH004178,9246364241,+91,Carrier_A,Maharashtra,2023-09-21,,Active,P001659,SYNTH_TELECOM_DB
PH004179,9778872582,+91,Carrier_A,Maharashtra,2016-07-17,,Active,P005586,SYNTH_LEGACY_DB
PH004180,9962621473,+91,Carrier_C,Maharashtra,2021-01-07,,Active,P001609,SYNTH_CDR_DB
PH004181,9781292477,+91,Carrier_C,Maharashtra,2010-07-07,,Active,P006488,SYNTH_TELECOM_DB
PH004182,9303791247,+91,Carrier_B,Maharashtra,2016-05-20,2020-10-23,Inactive,P006344,SYNTH_TELECOM_DB
PH004183,9142368802,+91,Carrier_A,Maharashtra,2019-05-20,2023-08-16,Inactive,P003520,SYNTH_LEGACY_DB
PH004184,9552114874,+91,Carrier_A,Maharashtra,2013-05-03,2018-10-23,Reassigned,P000211,SYNTH_TELECOM_DB
PH004185,9272691404,+91,Carrier_B,Maharashtra,2019-10-21,,Active,P006269,SYNTH_TELECOM_DB
PH004186,9932159985,+91,Carrier_C,Maharashtra,2016-12-21,,Active,P000123,SYNTH_LEGACY_DB
PH004187,9306012546,+91,Carrier_A,Maharashtra,2013-08-03,2016-08-27,Inactive,P001013,SYNTH_LEGACY_DB
PH004188,9316769655,+91,Carrier_B,Maharashtra,2014-11-18,2018-06-04,Reassigned,P002032,SYNTH_TELECOM_DB
PH004189,9920276348,+91,Carrier_C,Maharashtra,2011-06-22,,Active,P003152,SYNTH_TELECOM_DB
PH004190,9954337800,+91,Carrier_C,Maharashtra,2021-12-02,,Active,P004783,SYNTH_TELECOM_DB
PH004191,9456833268,+91,Carrier_A,Maharashtra,2013-11-02,,Active,P001139,SYNTH_IDENTITY_DB
PH004192,9696848842,+91,Carrier_B,Maharashtra,2013-07-24,,Active,P006442,SYNTH_TELECOM_DB
PH004193,9766661459,+91,Carrier_A,Maharashtra,2021-08-30,2022-08-30,Suspended,P000692,SYNTH_TELECOM_DB
PH004194,9475555622,+91,Carrier_A,Maharashtra,2013-08-03,,Active,P006577,SYNTH_LEGACY_DB
PH004195,9533837005,+91,Carrier_C,Maharashtra,2024-09-23,,Active,P005738,SYNTH_CDR_DB
PH004196,9812419808,+91,Carrier_B,Maharashtra,2014-11-12,2015-02-07,Suspended,P002048,SYNTH_LEGACY_DB
PH004197,9141080776,+91,Carrier_D,Maharashtra,2025-12-04,2026-08-19,Reassigned,P006342,SYNTH_TELECOM_DB
PH004198,9984535508,+91,Carrier_E,Maharashtra,2026-05-20,,Active,P003851,SYNTH_TELECOM_DB
PH004199,9783308690,+91,Carrier_B,Maharashtra,2013-10-17,,Active,P006649,SYNTH_TELECOM_DB
PH004200,9715891094,+91,Carrier_B,Maharashtra,2019-02-05,2025-05-12,Inactive,P003821,SYNTH_CDR_DB
PH004201,9424846070,+91,Carrier_A,Maharashtra,2012-08-27,,Active,P002051,SYNTH_TELECOM_DB
PH004202,9330131118,+91,Carrier_B,Maharashtra,2010-04-15,,Active,P005989,SYNTH_CDR_DB
PH004203,9971157787,+91,Carrier_B,Maharashtra,2025-03-10,,Active,P001877,SYNTH_LEGACY_DB
PH004204,9610291016,+91,Carrier_B,Maharashtra,2024-05-30,,Active,P000005,SYNTH_TELECOM_DB
PH004205,9427471582,+91,Carrier_A,Maharashtra,2023-06-18,,Active,P001227,SYNTH_TELECOM_DB
PH004206,9555199525,+91,Carrier_A,Maharashtra,2018-06-07,,Active,P004416,SYNTH_TELECOM_DB
PH004207,9137697500,+91,Carrier_D,Maharashtra,2017-08-28,,Active,P006782,SYNTH_TELECOM_DB
PH004208,9529929474,+91,Carrier_A,Maharashtra,2012-04-20,2014-07-03,Inactive,P002918,SYNTH_CDR_DB
PH004209,9285823265,+91,Carrier_B,Maharashtra,2011-05-20,,Active,P005060,SYNTH_TELECOM_DB
PH004210,9928843412,+91,Carrier_B,Maharashtra,2020-07-18,,Active,P004245,SYNTH_TELECOM_DB
PH004211,9523914693,+91,Carrier_A,Maharashtra,2011-01-22,2011-09-08,Inactive,P004488,SYNTH_TELECOM_DB
PH004212,9872395465,+91,Carrier_B,Maharashtra,2010-01-25,,Active,P005495,SYNTH_TELECOM_DB
PH004213,9726855295,+91,Carrier_B,Maharashtra,2014-02-28,2020-08-24,Inactive,P004799,SYNTH_IDENTITY_DB
PH004214,9683103434,+91,Carrier_A,Maharashtra,2014-11-18,,Active,P004372,SYNTH_CDR_DB
PH004215,9953892066,+91,Carrier_B,Maharashtra,2018-05-01,,Active,P004026,SYNTH_CDR_DB
PH004216,9284212220,+91,Carrier_B,Maharashtra,2021-10-20,2022-11-05,Inactive,P006396,SYNTH_TELECOM_DB
PH004217,9843001901,+91,Carrier_A,Maharashtra,2022-04-22,,Active,P005983,SYNTH_IDENTITY_DB
PH004218,9352972411,+91,Carrier_A,Maharashtra,2017-09-08,2018-10-06,Reassigned,P003116,SYNTH_IDENTITY_DB
PH004219,9579063482,+91,Carrier_A,Maharashtra,2015-05-05,2020-02-11,Inactive,P000872,SYNTH_TELECOM_DB
PH004220,9648671417,+91,Carrier_D,Maharashtra,2019-12-29,2020-08-08,Suspended,P004664,SYNTH_LEGACY_DB
PH004221,9635564308,+91,Carrier_A,Maharashtra,2025-10-23,,Active,P006617,SYNTH_TELECOM_DB
PH004222,9600863244,+91,Carrier_C,Maharashtra,2018-03-06,,Active,P005087,SYNTH_CDR_DB
PH004223,9391540279,+91,Carrier_C,Maharashtra,2026-05-17,2026-08-29,Inactive,P002879,SYNTH_TELECOM_DB
PH004224,9772026030,+91,Carrier_D,Maharashtra,2018-11-15,,Active,P001368,SYNTH_LEGACY_DB
PH004225,9254793417,+91,Carrier_A,Maharashtra,2015-12-31,,Active,P006155,SYNTH_IDENTITY_DB
PH004226,9977340066,+91,Carrier_D,Maharashtra,2013-09-17,,Active,P000549,SYNTH_IDENTITY_DB
PH004227,9390415956,+91,Carrier_C,Maharashtra,2019-02-25,,Active,P001225,SYNTH_TELECOM_DB
PH004228,9385839026,+91,Carrier_B,Maharashtra,2016-01-01,2018-06-01,Suspended,P001559,SYNTH_CDR_DB
PH004229,9619593102,+91,Carrier_B,Maharashtra,2014-12-02,,Active,P006890,SYNTH_LEGACY_DB
PH004230,9117634933,+91,Carrier_B,Maharashtra,2012-01-21,,Active,P003451,SYNTH_CDR_DB
PH004231,9449790223,+91,Carrier_A,Maharashtra,2012-10-08,,Active,P003326,SYNTH_TELECOM_DB
PH004232,9917302000,+91,Carrier_B,Maharashtra,2026-07-10,2026-08-29,Inactive,P001244,SYNTH_TELECOM_DB
PH004233,9247111522,+91,Carrier_A,Maharashtra,2020-04-26,,Active,P004115,SYNTH_TELECOM_DB
PH004234,9980835530,+91,Carrier_C,Maharashtra,2022-09-03,,Active,P002093,SYNTH_TELECOM_DB
PH004235,9813825547,+91,Carrier_D,Maharashtra,2022-04-16,2026-08-29,Inactive,P005340,SYNTH_TELECOM_DB
PH004236,9862886968,+91,Carrier_C,Maharashtra,2023-04-19,,Active,P004212,SYNTH_IDENTITY_DB
PH004237,9739905044,+91,Carrier_C,Maharashtra,2022-12-02,,Active,P001775,SYNTH_IDENTITY_DB
PH004238,9923880770,+91,Carrier_A,Maharashtra,2022-01-30,,Active,P000213,SYNTH_CDR_DB
PH004239,9828974218,+91,Carrier_D,Maharashtra,2023-05-06,,Active,P003409,SYNTH_IDENTITY_DB
PH004240,9835812422,+91,Carrier_B,Maharashtra,2015-08-16,,Active,P005602,SYNTH_TELECOM_DB
PH004241,9360733050,+91,Carrier_C,Maharashtra,2013-11-11,,Active,P001550,SYNTH_IDENTITY_DB
PH004242,9598664139,+91,Carrier_A,Maharashtra,2011-04-05,,Active,P005184,SYNTH_LEGACY_DB
PH004243,9228968682,+91,Carrier_B,Maharashtra,2023-04-23,2023-05-20,Suspended,P004525,SYNTH_IDENTITY_DB
PH004244,9741131792,+91,Carrier_D,Maharashtra,2023-05-30,2024-04-05,Suspended,P000364,SYNTH_IDENTITY_DB
PH004245,9932934493,+91,Carrier_A,Maharashtra,2025-05-13,2026-08-29,Inactive,P000575,SYNTH_TELECOM_DB
PH004246,9934292945,+91,Carrier_B,Maharashtra,2024-06-18,,Active,P000387,SYNTH_TELECOM_DB
PH004247,9797528491,+91,Carrier_A,Maharashtra,2019-08-01,,Active,P002938,SYNTH_TELECOM_DB
PH004248,9868166897,+91,Carrier_C,Maharashtra,2010-04-19,2015-10-12,Inactive,P005329,SYNTH_TELECOM_DB
PH004249,9754598019,+91,Carrier_A,Maharashtra,2014-05-24,2016-08-06,Suspended,P000723,SYNTH_TELECOM_DB
PH004250,9725128238,+91,Carrier_E,Maharashtra,2014-05-11,2020-07-27,Reassigned,P001309,SYNTH_IDENTITY_DB
PH004251,9102846332,+91,Carrier_E,Maharashtra,2024-02-12,,Active,P000492,SYNTH_TELECOM_DB
PH004252,9777046480,+91,Carrier_D,Maharashtra,2020-03-17,,Active,P006639,SYNTH_LEGACY_DB
PH004253,9831543433,+91,Carrier_A,Maharashtra,2024-11-17,2025-12-19,Suspended,P003914,SYNTH_TELECOM_DB
PH004254,9771256969,+91,Carrier_D,Maharashtra,2026-03-05,2026-04-03,Suspended,P002179,SYNTH_LEGACY_DB
PH004255,9746215931,+91,Carrier_D,Maharashtra,2016-08-14,,Active,P006962,SYNTH_CDR_DB
PH004256,9547707451,+91,Carrier_A,Maharashtra,2010-07-11,,Active,P004886,SYNTH_CDR_DB
PH004257,9639918921,+91,Carrier_C,Maharashtra,2020-05-09,,Active,P004433,SYNTH_TELECOM_DB
PH004258,9587397344,+91,Carrier_C,Maharashtra,2022-01-02,,Active,P003954,SYNTH_IDENTITY_DB
PH004259,9524719788,+91,Carrier_A,Maharashtra,2022-09-01,,Active,P001803,SYNTH_TELECOM_DB
PH004260,9947713243,+91,Carrier_D,Maharashtra,2010-11-26,,Active,P000582,SYNTH_TELECOM_DB
PH004261,9621221644,+91,Carrier_B,Maharashtra,2015-05-25,,Active,P001557,SYNTH_LEGACY_DB
PH004262,9218160726,+91,Carrier_A,Maharashtra,2018-06-29,,Active,P005339,SYNTH_LEGACY_DB
PH004263,9252672723,+91,Carrier_B,Maharashtra,2025-03-11,,Active,P006254,SYNTH_IDENTITY_DB
PH004264,9972974924,+91,Carrier_A,Maharashtra,2020-06-11,,Active,P003974,SYNTH_CDR_DB
PH004265,9155072266,+91,Carrier_E,Maharashtra,2014-03-27,,Active,P005994,SYNTH_TELECOM_DB
PH004266,9144171456,+91,Carrier_E,Maharashtra,2012-06-25,,Active,P005568,SYNTH_IDENTITY_DB
PH004267,9239869468,+91,Carrier_C,Maharashtra,2020-05-05,,Active,P000928,SYNTH_TELECOM_DB
PH004268,9663174561,+91,Carrier_B,Maharashtra,2024-01-28,,Active,P005015,SYNTH_CDR_DB
PH004269,9368087385,+91,Carrier_C,Maharashtra,2013-12-22,,Active,P000159,SYNTH_TELECOM_DB
PH004270,9184928129,+91,Carrier_A,Maharashtra,2013-03-29,,Active,P005435,SYNTH_TELECOM_DB
PH004271,9936708703,+91,Carrier_A,Maharashtra,2017-10-06,,Active,P005973,SYNTH_LEGACY_DB
PH004272,9160264938,+91,Carrier_B,Maharashtra,2021-10-30,,Active,P004293,SYNTH_IDENTITY_DB
PH004273,9954652812,+91,Carrier_B,Maharashtra,2022-06-25,,Active,P005709,SYNTH_CDR_DB
PH004274,9553793622,+91,Carrier_B,Maharashtra,2023-06-08,2023-09-24,Inactive,P006764,SYNTH_TELECOM_DB
PH004275,9762446074,+91,Carrier_C,Maharashtra,2025-12-11,2026-08-29,Suspended,P006424,SYNTH_TELECOM_DB
PH004276,9585418665,+91,Carrier_B,Maharashtra,2015-10-17,,Active,P004313,SYNTH_TELECOM_DB
PH004277,9366287279,+91,Carrier_C,Maharashtra,2016-02-12,2017-01-25,Reassigned,P003427,SYNTH_TELECOM_DB
PH004278,9630881423,+91,Carrier_A,Maharashtra,2015-10-27,,Active,P004042,SYNTH_TELECOM_DB
PH004279,9738650508,+91,Carrier_B,Maharashtra,2023-03-25,,Active,P000782,SYNTH_TELECOM_DB
PH004280,9543141772,+91,Carrier_C,Maharashtra,2011-10-30,,Active,P001080,SYNTH_LEGACY_DB
PH004281,9391120043,+91,Carrier_B,Maharashtra,2025-11-23,,Active,P002579,SYNTH_TELECOM_DB
PH004282,9680443489,+91,Carrier_B,Maharashtra,2023-04-30,,Active,P001038,SYNTH_TELECOM_DB
PH004283,9497461158,+91,Carrier_B,Maharashtra,2015-05-12,,Active,P001259,SYNTH_CDR_DB
PH004284,9754205309,+91,Carrier_A,Maharashtra,2024-12-15,2026-08-05,Suspended,P005106,SYNTH_IDENTITY_DB
PH004285,9989246744,+91,Carrier_A,Maharashtra,2020-07-13,,Active,P001478,SYNTH_TELECOM_DB
PH004286,9171349727,+91,Carrier_B,Maharashtra,2018-09-02,,Active,P006162,SYNTH_TELECOM_DB
PH004287,9196864513,+91,Carrier_C,Maharashtra,2019-09-08,,Active,P005821,SYNTH_IDENTITY_DB
PH004288,9884575269,+91,Carrier_B,Maharashtra,2019-12-04,,Active,P005803,SYNTH_TELECOM_DB
PH004289,9211266881,+91,Carrier_C,Maharashtra,2017-10-29,2022-08-01,Inactive,P005298,SYNTH_IDENTITY_DB
PH004290,9338713674,+91,Carrier_C,Maharashtra,2015-09-14,2019-12-30,Inactive,P000400,SYNTH_CDR_DB
PH004291,9789838925,+91,Carrier_B,Maharashtra,2014-03-08,2015-02-14,Inactive,P002662,SYNTH_IDENTITY_DB
PH004292,9437202425,+91,Carrier_B,Maharashtra,2013-04-30,,Active,P004119,SYNTH_TELECOM_DB
PH004293,9716251126,+91,Carrier_D,Maharashtra,2016-04-30,,Active,P006891,SYNTH_TELECOM_DB
PH004294,9223625698,+91,Carrier_C,Maharashtra,2012-06-03,,Active,P004003,SYNTH_IDENTITY_DB
PH004295,9227524758,+91,Carrier_A,Maharashtra,2013-07-19,2016-04-05,Inactive,P004409,SYNTH_TELECOM_DB
PH004296,9311090957,+91,Carrier_B,Maharashtra,2014-04-29,,Active,P001987,SYNTH_LEGACY_DB
PH004297,9140633782,+91,Carrier_B,Maharashtra,2015-06-04,,Active,P005871,SYNTH_TELECOM_DB
PH004298,9661216948,+91,Carrier_A,Maharashtra,2011-11-23,,Active,P000192,SYNTH_TELECOM_DB
PH004299,9434166101,+91,Carrier_A,Maharashtra,2018-11-03,2025-03-19,Inactive,P006430,SYNTH_TELECOM_DB
PH004300,9904197660,+91,Carrier_B,Maharashtra,2016-03-03,,Active,P006603,SYNTH_TELECOM_DB
PH004301,9446947946,+91,Carrier_A,Maharashtra,2025-10-12,,Active,P002726,SYNTH_IDENTITY_DB
PH004302,9214885447,+91,Carrier_D,Maharashtra,2018-03-23,,Active,P001744,SYNTH_CDR_DB
PH004303,9844680405,+91,Carrier_C,Maharashtra,2022-12-27,2023-12-16,Inactive,P000984,SYNTH_LEGACY_DB
PH004304,9656470055,+91,Carrier_A,Maharashtra,2021-10-07,,Active,P004092,SYNTH_CDR_DB
PH004305,9172262821,+91,Carrier_A,Maharashtra,2024-01-07,2026-08-29,Inactive,P006265,SYNTH_IDENTITY_DB
PH004306,9741123447,+91,Carrier_B,Maharashtra,2013-05-29,2013-09-30,Suspended,P002919,SYNTH_TELECOM_DB
PH004307,9232326922,+91,Carrier_C,Maharashtra,2015-05-15,,Active,P000176,SYNTH_TELECOM_DB
PH004308,9670174978,+91,Carrier_A,Maharashtra,2022-11-07,2025-11-15,Inactive,P006308,SYNTH_TELECOM_DB
PH004309,9442578033,+91,Carrier_C,Maharashtra,2022-05-29,,Active,P001605,SYNTH_LEGACY_DB
PH004310,9712224072,+91,Carrier_D,Maharashtra,2019-07-08,,Active,P001798,SYNTH_TELECOM_DB
PH004311,9657774505,+91,Carrier_A,Maharashtra,2023-08-23,2026-08-29,Inactive,P000672,SYNTH_IDENTITY_DB
PH004312,9511741778,+91,Carrier_A,Maharashtra,2016-05-30,,Active,P003478,SYNTH_IDENTITY_DB
PH004313,9590033389,+91,Carrier_C,Maharashtra,2019-12-18,,Active,P004542,SYNTH_TELECOM_DB
PH004314,9814207781,+91,Carrier_A,Maharashtra,2024-01-26,,Active,P004058,SYNTH_IDENTITY_DB
PH004315,9595161124,+91,Carrier_C,Maharashtra,2020-05-12,,Active,P002591,SYNTH_CDR_DB
PH004316,9250551972,+91,Carrier_C,Maharashtra,2022-07-28,,Active,P002889,SYNTH_TELECOM_DB
PH004317,9425306386,+91,Carrier_A,Maharashtra,2018-07-01,2023-05-09,Inactive,P004629,SYNTH_IDENTITY_DB
PH004318,9241919325,+91,Carrier_C,Maharashtra,2023-11-12,,Active,P006290,SYNTH_TELECOM_DB
PH004319,9777476347,+91,Carrier_A,Maharashtra,2024-05-04,,Active,P001878,SYNTH_TELECOM_DB
PH004320,9962533619,+91,Carrier_A,Maharashtra,2011-10-18,2018-03-07,Reassigned,P000554,SYNTH_CDR_DB
PH004321,9431793029,+91,Carrier_A,Maharashtra,2017-09-01,,Active,P003872,SYNTH_TELECOM_DB
PH004322,9738661832,+91,Carrier_C,Maharashtra,2010-05-16,,Active,P005040,SYNTH_CDR_DB
PH004323,9303652890,+91,Carrier_B,Maharashtra,2022-12-23,,Active,P006908,SYNTH_TELECOM_DB
PH004324,9790320760,+91,Carrier_A,Maharashtra,2018-12-22,,Active,P002312,SYNTH_CDR_DB
PH004325,9854561331,+91,Carrier_A,Maharashtra,2010-07-14,2016-05-02,Inactive,P001184,SYNTH_CDR_DB
PH004326,9583845679,+91,Carrier_C,Maharashtra,2010-02-18,2011-10-25,Suspended,P002907,SYNTH_TELECOM_DB
PH004327,9108362787,+91,Carrier_B,Maharashtra,2010-09-08,,Active,P003327,SYNTH_CDR_DB
PH004328,9951276081,+91,Carrier_B,Maharashtra,2018-06-10,2020-03-27,Reassigned,P000017,SYNTH_TELECOM_DB
PH004329,9892233613,+91,Carrier_A,Maharashtra,2023-04-01,,Active,P006672,SYNTH_CDR_DB
PH004330,9597467532,+91,Carrier_C,Maharashtra,2026-06-22,,Active,P005447,SYNTH_CDR_DB
PH004331,9473160119,+91,Carrier_A,Maharashtra,2022-02-01,,Active,P001231,SYNTH_CDR_DB
PH004332,9395911469,+91,Carrier_A,Maharashtra,2017-06-02,,Active,P004935,SYNTH_TELECOM_DB
PH004333,9721918956,+91,Carrier_D,Maharashtra,2015-12-13,,Active,P002903,SYNTH_LEGACY_DB
PH004334,9379197713,+91,Carrier_B,Maharashtra,2013-09-02,,Active,P003478,SYNTH_TELECOM_DB
PH004335,9552518547,+91,Carrier_C,Maharashtra,2021-10-11,,Active,P004462,SYNTH_IDENTITY_DB
PH004336,9793324427,+91,Carrier_D,Maharashtra,2017-10-31,,Active,P003254,SYNTH_TELECOM_DB
PH004337,9455538662,+91,Carrier_A,Maharashtra,2014-05-12,,Active,P006509,SYNTH_CDR_DB
PH004338,9520852549,+91,Carrier_A,Maharashtra,2024-08-20,,Active,P003405,SYNTH_TELECOM_DB
PH004339,9706031077,+91,Carrier_C,Maharashtra,2017-08-25,2020-03-21,Inactive,P005907,SYNTH_IDENTITY_DB
PH004340,9779631903,+91,Carrier_E,Maharashtra,2023-08-14,,Active,P002932,SYNTH_TELECOM_DB
PH004341,9449206533,+91,Carrier_A,Maharashtra,2020-07-09,,Active,P000739,SYNTH_TELECOM_DB
PH004342,9261098199,+91,Carrier_B,Maharashtra,2015-05-24,,Active,P002169,SYNTH_TELECOM_DB
PH004343,9227889621,+91,Carrier_C,Maharashtra,2020-02-19,,Active,P002607,SYNTH_TELECOM_DB
PH004344,9260421185,+91,Carrier_B,Maharashtra,2021-10-08,2026-08-29,Inactive,P004700,SYNTH_LEGACY_DB
PH004345,9957559086,+91,Carrier_D,Maharashtra,2023-10-24,2026-08-29,Inactive,P000687,SYNTH_CDR_DB
PH004346,9900796241,+91,Carrier_C,Maharashtra,2015-01-17,,Active,P003213,SYNTH_CDR_DB
PH004347,9882370727,+91,Carrier_B,Maharashtra,2010-02-18,,Active,P005112,SYNTH_CDR_DB
PH004348,9314857571,+91,Carrier_A,Maharashtra,2012-12-12,,Active,P002730,SYNTH_CDR_DB
PH004349,9481062008,+91,Carrier_C,Maharashtra,2019-11-04,2022-02-25,Reassigned,P004387,SYNTH_LEGACY_DB
PH004350,9638622645,+91,Carrier_B,Maharashtra,2018-04-29,2022-02-21,Inactive,P004094,SYNTH_TELECOM_DB
PH004351,9723636477,+91,Carrier_C,Maharashtra,2012-06-07,2014-11-26,Inactive,P003941,SYNTH_TELECOM_DB
PH004352,9496171513,+91,Carrier_A,Maharashtra,2024-08-31,,Active,P000997,SYNTH_IDENTITY_DB
PH004353,9993293282,+91,Carrier_A,Maharashtra,2021-09-25,2022-11-06,Suspended,P004838,SYNTH_TELECOM_DB
PH004354,9791949213,+91,Carrier_C,Maharashtra,2022-12-09,,Active,P004446,SYNTH_IDENTITY_DB
PH004355,9387943920,+91,Carrier_B,Maharashtra,2021-09-28,,Active,P002480,SYNTH_TELECOM_DB
PH004356,9453473855,+91,Carrier_E,Maharashtra,2020-01-21,,Active,P006197,SYNTH_CDR_DB
PH004357,9494990457,+91,Carrier_A,Maharashtra,2011-07-02,,Active,P006705,SYNTH_CDR_DB
PH004358,9525945848,+91,Carrier_C,Maharashtra,2021-04-20,,Active,P002318,SYNTH_CDR_DB
PH004359,9429127479,+91,Carrier_E,Maharashtra,2011-10-06,,Active,P003203,SYNTH_LEGACY_DB
PH004360,9655095880,+91,Carrier_B,Maharashtra,2014-01-15,,Active,P000481,SYNTH_TELECOM_DB
PH004361,9375142697,+91,Carrier_A,Maharashtra,2021-01-18,2023-02-05,Suspended,P001362,SYNTH_CDR_DB
PH004362,9807396765,+91,Carrier_B,Maharashtra,2025-01-08,,Active,P005661,SYNTH_TELECOM_DB
PH004363,9406995918,+91,Carrier_B,Maharashtra,2017-07-04,,Active,P006314,SYNTH_TELECOM_DB
PH004364,9804585359,+91,Carrier_B,Maharashtra,2012-01-23,,Active,P005908,SYNTH_TELECOM_DB
PH004365,9959215814,+91,Carrier_C,Maharashtra,2013-04-18,,Active,P005922,SYNTH_TELECOM_DB
PH004366,9954189381,+91,Carrier_B,Maharashtra,2025-07-01,,Active,P003385,SYNTH_CDR_DB
PH004367,9962947616,+91,Carrier_A,Maharashtra,2022-06-20,,Active,P001548,SYNTH_CDR_DB
PH004368,9145565480,+91,Carrier_A,Maharashtra,2023-10-22,,Active,P004580,SYNTH_IDENTITY_DB
PH004369,9445958713,+91,Carrier_A,Maharashtra,2010-06-15,,Active,P000586,SYNTH_TELECOM_DB
PH004370,9695608615,+91,Carrier_C,Maharashtra,2018-11-13,2021-09-05,Inactive,P003824,SYNTH_TELECOM_DB
PH004371,9308780484,+91,Carrier_B,Maharashtra,2012-09-12,,Active,P006904,SYNTH_LEGACY_DB
PH004372,9324912819,+91,Carrier_D,Maharashtra,2025-02-21,2026-08-29,Inactive,P001494,SYNTH_CDR_DB
PH004373,9397446591,+91,Carrier_D,Maharashtra,2022-07-09,,Active,P006646,SYNTH_TELECOM_DB
PH004374,9106355078,+91,Carrier_A,Maharashtra,2016-11-28,2020-06-06,Inactive,P004101,SYNTH_CDR_DB
PH004375,9405863887,+91,Carrier_D,Maharashtra,2025-06-11,,Active,P001292,SYNTH_TELECOM_DB
PH004376,9124903459,+91,Carrier_B,Maharashtra,2016-10-21,,Active,P006215,SYNTH_TELECOM_DB
PH004377,9144975956,+91,Carrier_D,Maharashtra,2013-10-25,2019-03-03,Inactive,P001416,SYNTH_LEGACY_DB
PH004378,9369342495,+91,Carrier_C,Maharashtra,2010-02-27,,Active,P001357,SYNTH_TELECOM_DB
PH004379,9541425281,+91,Carrier_B,Maharashtra,2013-10-24,,Active,P002154,SYNTH_CDR_DB
PH004380,9230248645,+91,Carrier_D,Maharashtra,2015-06-16,,Active,P005619,SYNTH_TELECOM_DB
PH004381,9122414320,+91,Carrier_B,Maharashtra,2018-02-02,,Active,P000338,SYNTH_TELECOM_DB
PH004382,9953748781,+91,Carrier_A,Maharashtra,2016-12-09,,Active,P003994,SYNTH_TELECOM_DB
PH004383,9618771178,+91,Carrier_A,Maharashtra,2022-05-01,,Active,P003248,SYNTH_CDR_DB
PH004384,9695161411,+91,Carrier_A,Maharashtra,2019-12-18,,Active,P004451,SYNTH_TELECOM_DB
PH004385,9494374751,+91,Carrier_B,Maharashtra,2016-09-18,,Active,P002455,SYNTH_TELECOM_DB
PH004386,9735824570,+91,Carrier_C,Maharashtra,2010-07-31,,Active,P002560,SYNTH_LEGACY_DB
PH004387,9815177642,+91,Carrier_D,Maharashtra,2013-07-03,,Active,P004349,SYNTH_CDR_DB
PH004388,9381736125,+91,Carrier_A,Maharashtra,2021-08-22,,Active,P003506,SYNTH_TELECOM_DB
PH004389,9459681037,+91,Carrier_A,Maharashtra,2018-04-30,,Active,P004568,SYNTH_TELECOM_DB
PH004390,9541638304,+91,Carrier_A,Maharashtra,2014-08-15,,Active,P003396,SYNTH_LEGACY_DB
PH004391,9532045887,+91,Carrier_B,Maharashtra,2014-11-29,,Active,P005027,SYNTH_LEGACY_DB
PH004392,9960715776,+91,Carrier_A,Maharashtra,2021-03-18,,Active,P003591,SYNTH_LEGACY_DB
PH004393,9181849320,+91,Carrier_A,Maharashtra,2020-01-24,,Active,P005442,SYNTH_IDENTITY_DB
PH004394,9705649241,+91,Carrier_D,Maharashtra,2016-05-04,,Active,P001678,SYNTH_TELECOM_DB
PH004395,9200814577,+91,Carrier_B,Maharashtra,2016-04-18,,Active,P005332,SYNTH_CDR_DB
PH004396,9336275924,+91,Carrier_A,Maharashtra,2017-06-12,,Active,P002584,SYNTH_IDENTITY_DB
PH004397,9686942422,+91,Carrier_A,Maharashtra,2017-01-11,,Active,P004165,SYNTH_TELECOM_DB
PH004398,9497164217,+91,Carrier_D,Maharashtra,2023-02-07,,Active,P004930,SYNTH_LEGACY_DB
PH004399,9333426423,+91,Carrier_B,Maharashtra,2018-02-27,2022-07-02,Inactive,P006023,SYNTH_TELECOM_DB
PH004400,9519421569,+91,Carrier_B,Maharashtra,2024-04-19,,Active,P006279,SYNTH_TELECOM_DB
PH004401,9330145102,+91,Carrier_A,Maharashtra,2023-03-10,2024-10-23,Suspended,P004809,SYNTH_TELECOM_DB
PH004402,9597296587,+91,Carrier_A,Maharashtra,2024-06-24,2026-08-29,Inactive,P003348,SYNTH_TELECOM_DB
PH004403,9663589734,+91,Carrier_E,Maharashtra,2016-08-07,2020-04-28,Inactive,P000670,SYNTH_TELECOM_DB
PH004404,9877537035,+91,Carrier_C,Maharashtra,2015-11-11,,Active,P001805,SYNTH_IDENTITY_DB
PH004405,9330923755,+91,Carrier_E,Maharashtra,2011-08-19,,Active,P003379,SYNTH_CDR_DB
PH004406,9947706949,+91,Carrier_C,Maharashtra,2017-01-02,,Active,P000841,SYNTH_TELECOM_DB
PH004407,9345933562,+91,Carrier_B,Maharashtra,2023-02-06,,Active,P003958,SYNTH_LEGACY_DB
PH004408,9512521642,+91,Carrier_B,Maharashtra,2019-12-11,2021-08-06,Inactive,P002911,SYNTH_IDENTITY_DB
PH004409,9232451787,+91,Carrier_B,Maharashtra,2011-11-29,,Active,P006022,SYNTH_CDR_DB
PH004410,9363077018,+91,Carrier_C,Maharashtra,2020-02-14,,Active,P001615,SYNTH_LEGACY_DB
PH004411,9387005549,+91,Carrier_B,Maharashtra,2012-01-23,,Active,P001881,SYNTH_TELECOM_DB
PH004412,9416642657,+91,Carrier_B,Maharashtra,2016-09-09,,Active,P000856,SYNTH_TELECOM_DB
PH004413,9636356099,+91,Carrier_B,Maharashtra,2014-10-05,,Active,P003419,SYNTH_TELECOM_DB
PH004414,9248308936,+91,Carrier_C,Maharashtra,2015-02-21,,Active,P003154,SYNTH_IDENTITY_DB
PH004415,9303270546,+91,Carrier_C,Maharashtra,2016-10-25,,Active,P004950,SYNTH_CDR_DB
PH004416,9184145202,+91,Carrier_E,Maharashtra,2023-07-06,,Active,P001075,SYNTH_CDR_DB
PH004417,9967800410,+91,Carrier_A,Maharashtra,2020-05-06,,Active,P005662,SYNTH_LEGACY_DB
PH004418,9445422454,+91,Carrier_A,Maharashtra,2016-11-29,2021-05-30,Inactive,P005599,SYNTH_TELECOM_DB
PH004419,9319701296,+91,Carrier_B,Maharashtra,2010-12-11,,Active,P003804,SYNTH_CDR_DB
PH004420,9694293732,+91,Carrier_A,Maharashtra,2011-08-20,,Active,P000366,SYNTH_TELECOM_DB
PH004421,9270602996,+91,Carrier_E,Maharashtra,2014-02-01,,Active,P002423,SYNTH_TELECOM_DB
PH004422,9426908123,+91,Carrier_A,Maharashtra,2014-02-23,,Active,P005076,SYNTH_TELECOM_DB
PH004423,9751771438,+91,Carrier_A,Maharashtra,2025-05-20,,Active,P001388,SYNTH_TELECOM_DB
PH004424,9514463985,+91,Carrier_C,Maharashtra,2013-05-27,,Active,P005369,SYNTH_TELECOM_DB
PH004425,9310851336,+91,Carrier_B,Maharashtra,2021-09-13,2022-08-17,Reassigned,P001979,SYNTH_TELECOM_DB
PH004426,9544810231,+91,Carrier_B,Maharashtra,2025-09-30,2026-02-17,Inactive,P003601,SYNTH_IDENTITY_DB
PH004427,9520329507,+91,Carrier_E,Maharashtra,2023-05-23,2026-08-29,Inactive,P006540,SYNTH_IDENTITY_DB
PH004428,9422493112,+91,Carrier_A,Maharashtra,2023-08-23,,Active,P002685,SYNTH_LEGACY_DB
PH004429,9937712189,+91,Carrier_C,Maharashtra,2017-06-10,,Active,P002527,SYNTH_TELECOM_DB
PH004430,9982462502,+91,Carrier_A,Maharashtra,2021-05-24,,Active,P001022,SYNTH_TELECOM_DB
PH004431,9407923091,+91,Carrier_A,Maharashtra,2019-04-22,,Active,P006562,SYNTH_TELECOM_DB
PH004432,9120397810,+91,Carrier_A,Maharashtra,2024-07-13,,Active,P003834,SYNTH_TELECOM_DB
PH004433,9192627094,+91,Carrier_C,Maharashtra,2015-06-16,2019-07-09,Inactive,P001684,SYNTH_TELECOM_DB
PH004434,9595853024,+91,Carrier_D,Maharashtra,2012-10-30,,Active,P002396,SYNTH_IDENTITY_DB
PH004435,9500354870,+91,Carrier_A,Maharashtra,2024-08-12,,Active,P003605,SYNTH_IDENTITY_DB
PH004436,9720779146,+91,Carrier_A,Maharashtra,2014-07-12,,Active,P000162,SYNTH_CDR_DB
PH004437,9686919368,+91,Carrier_B,Maharashtra,2014-11-08,,Active,P005406,SYNTH_LEGACY_DB
PH004438,9419972428,+91,Carrier_B,Maharashtra,2023-12-16,,Active,P000376,SYNTH_TELECOM_DB
PH004439,9928631357,+91,Carrier_A,Maharashtra,2015-03-22,,Active,P002745,SYNTH_TELECOM_DB
PH004440,9328847728,+91,Carrier_D,Maharashtra,2018-01-09,,Active,P000877,SYNTH_TELECOM_DB
PH004441,9422516755,+91,Carrier_A,Maharashtra,2020-05-22,,Active,P002908,SYNTH_TELECOM_DB
PH004442,9369240675,+91,Carrier_B,Maharashtra,2025-12-08,,Active,P001628,SYNTH_TELECOM_DB
PH004443,9460569532,+91,Carrier_A,Maharashtra,2011-11-12,,Active,P003104,SYNTH_TELECOM_DB
PH004444,9265517403,+91,Carrier_E,Maharashtra,2022-07-29,,Active,P006103,SYNTH_TELECOM_DB
PH004445,9133236015,+91,Carrier_B,Maharashtra,2016-12-27,2017-07-11,Inactive,P005437,SYNTH_TELECOM_DB
PH004446,9712571210,+91,Carrier_D,Maharashtra,2018-10-28,2022-11-08,Inactive,P005624,SYNTH_IDENTITY_DB
PH004447,9601354852,+91,Carrier_B,Maharashtra,2010-11-17,,Active,P003189,SYNTH_CDR_DB
PH004448,9543578672,+91,Carrier_A,Maharashtra,2017-08-23,2024-02-13,Inactive,P001162,SYNTH_CDR_DB
PH004449,9528854370,+91,Carrier_B,Maharashtra,2024-10-04,,Active,P004524,SYNTH_TELECOM_DB
PH004450,9702541612,+91,Carrier_D,Maharashtra,2021-02-09,,Active,P006753,SYNTH_IDENTITY_DB
PH004451,9198749321,+91,Carrier_A,Maharashtra,2026-05-02,,Active,P001630,SYNTH_TELECOM_DB
PH004452,9942167524,+91,Carrier_A,Maharashtra,2018-10-23,,Active,P000324,SYNTH_TELECOM_DB
PH004453,9991642452,+91,Carrier_A,Maharashtra,2026-02-10,,Active,P002690,SYNTH_CDR_DB
PH004454,9261045603,+91,Carrier_B,Maharashtra,2010-02-17,2012-08-09,Suspended,P004043,SYNTH_CDR_DB
PH004455,9971985352,+91,Carrier_A,Maharashtra,2018-06-06,,Active,P006404,SYNTH_TELECOM_DB
PH004456,9365318651,+91,Carrier_B,Maharashtra,2014-02-25,2014-04-14,Suspended,P004797,SYNTH_TELECOM_DB
PH004457,9432793180,+91,Carrier_B,Maharashtra,2024-11-22,2025-10-22,Suspended,P006212,SYNTH_IDENTITY_DB
PH004458,9509705212,+91,Carrier_B,Maharashtra,2024-09-16,2026-06-01,Inactive,P000980,SYNTH_CDR_DB
PH004459,9590242557,+91,Carrier_C,Maharashtra,2019-04-23,2022-08-02,Reassigned,P000801,SYNTH_LEGACY_DB
PH004460,9737404323,+91,Carrier_A,Maharashtra,2016-12-18,,Active,P006633,SYNTH_TELECOM_DB
PH004461,9254674721,+91,Carrier_D,Maharashtra,2020-02-29,2021-04-11,Suspended,P001059,SYNTH_IDENTITY_DB
PH004462,9680232412,+91,Carrier_A,Maharashtra,2010-06-01,,Active,P006942,SYNTH_TELECOM_DB
PH004463,9303301543,+91,Carrier_C,Maharashtra,2017-11-27,2017-12-09,Suspended,P001751,SYNTH_LEGACY_DB
PH004464,9850496105,+91,Carrier_A,Maharashtra,2018-04-13,,Active,P001643,SYNTH_TELECOM_DB
PH004465,9214498374,+91,Carrier_B,Maharashtra,2012-11-23,2013-11-24,Suspended,P005644,SYNTH_CDR_DB
PH004466,9807140144,+91,Carrier_D,Maharashtra,2010-11-23,2014-07-24,Inactive,P004704,SYNTH_TELECOM_DB
PH004467,9696025573,+91,Carrier_A,Maharashtra,2020-02-22,2024-04-14,Inactive,P003647,SYNTH_CDR_DB
PH004468,9537959300,+91,Carrier_A,Maharashtra,2015-08-16,,Active,P004868,SYNTH_TELECOM_DB
PH004469,9634425627,+91,Carrier_B,Maharashtra,2024-10-30,,Active,P004827,SYNTH_TELECOM_DB
PH004470,9919003960,+91,Carrier_C,Maharashtra,2017-06-17,,Active,P003352,SYNTH_TELECOM_DB
PH004471,9795067103,+91,Carrier_D,Maharashtra,2017-08-30,,Active,P003509,SYNTH_CDR_DB
PH004472,9266904358,+91,Carrier_B,Maharashtra,2025-11-07,,Active,P006608,SYNTH_CDR_DB
PH004473,9951969235,+91,Carrier_A,Maharashtra,2018-10-04,,Active,P005487,SYNTH_TELECOM_DB
PH004474,9767007905,+91,Carrier_A,Maharashtra,2023-03-01,,Active,P003999,SYNTH_TELECOM_DB
PH004475,9862221446,+91,Carrier_B,Maharashtra,2016-06-14,,Active,P004970,SYNTH_TELECOM_DB
PH004476,9598877165,+91,Carrier_B,Maharashtra,2011-01-31,,Active,P004250,SYNTH_TELECOM_DB
PH004477,9522262979,+91,Carrier_A,Maharashtra,2024-10-26,2026-08-29,Inactive,P006188,SYNTH_TELECOM_DB
PH004478,9296905453,+91,Carrier_E,Maharashtra,2020-05-31,,Active,P002433,SYNTH_TELECOM_DB
PH004479,9418360322,+91,Carrier_B,Maharashtra,2024-11-23,2026-08-29,Reassigned,P005051,SYNTH_TELECOM_DB
PH004480,9792087806,+91,Carrier_D,Maharashtra,2019-02-15,,Active,P006580,SYNTH_LEGACY_DB
PH004481,9946299479,+91,Carrier_C,Maharashtra,2025-10-07,,Active,P003279,SYNTH_TELECOM_DB
PH004482,9539286425,+91,Carrier_B,Maharashtra,2017-03-21,,Active,P006572,SYNTH_IDENTITY_DB
PH004483,9965483294,+91,Carrier_A,Maharashtra,2013-02-21,,Active,P001573,SYNTH_TELECOM_DB
PH004484,9322580614,+91,Carrier_B,Maharashtra,2020-11-21,,Active,P005560,SYNTH_TELECOM_DB
PH004485,9973639227,+91,Carrier_B,Maharashtra,2020-12-01,2021-02-28,Inactive,P000490,SYNTH_IDENTITY_DB
PH004486,9282769299,+91,Carrier_A,Maharashtra,2017-06-01,2022-11-06,Reassigned,P000471,SYNTH_CDR_DB
PH004487,9683510672,+91,Carrier_D,Maharashtra,2011-12-16,2015-12-12,Inactive,P002763,SYNTH_TELECOM_DB
PH004488,9394277601,+91,Carrier_B,Maharashtra,2024-07-29,,Active,P001629,SYNTH_TELECOM_DB
PH004489,9652223604,+91,Carrier_D,Maharashtra,2016-05-08,,Active,P000525,SYNTH_TELECOM_DB
PH004490,9410271480,+91,Carrier_B,Maharashtra,2018-05-09,,Active,P006416,SYNTH_CDR_DB
PH004491,9726006541,+91,Carrier_A,Maharashtra,2023-05-12,,Active,P004297,SYNTH_TELECOM_DB
PH004492,9626156792,+91,Carrier_C,Maharashtra,2016-08-02,2016-12-06,Suspended,P006265,SYNTH_IDENTITY_DB
PH004493,9793362448,+91,Carrier_C,Maharashtra,2014-02-09,,Active,P001134,SYNTH_CDR_DB
PH004494,9109721416,+91,Carrier_A,Maharashtra,2023-09-16,,Active,P001690,SYNTH_LEGACY_DB
PH004495,9423594979,+91,Carrier_B,Maharashtra,2024-02-20,2025-03-14,Suspended,P003915,SYNTH_TELECOM_DB
PH004496,9946918893,+91,Carrier_D,Maharashtra,2025-09-28,,Active,P002885,SYNTH_TELECOM_DB
PH004497,9863119474,+91,Carrier_D,Maharashtra,2010-12-23,,Active,P004537,SYNTH_LEGACY_DB
PH004498,9228120041,+91,Carrier_D,Maharashtra,2024-09-25,2024-10-15,Suspended,P004972,SYNTH_CDR_DB
PH004499,9334991072,+91,Carrier_C,Maharashtra,2018-02-26,2023-11-28,Inactive,P003707,SYNTH_CDR_DB
PH004500,9339767370,+91,Carrier_A,Maharashtra,2024-04-02,,Active,P003232,SYNTH_TELECOM_DB
PH004501,9464894034,+91,Carrier_D,Maharashtra,2023-05-07,2026-08-29,Inactive,P000059,SYNTH_CDR_DB
PH004502,9841256070,+91,Carrier_A,Maharashtra,2011-06-19,,Active,P002743,SYNTH_CDR_DB
PH004503,9608645555,+91,Carrier_C,Maharashtra,2013-11-16,,Active,P005828,SYNTH_IDENTITY_DB
PH004504,9707023638,+91,Carrier_D,Maharashtra,2025-10-23,2026-08-29,Suspended,P004695,SYNTH_IDENTITY_DB
PH004505,9753364503,+91,Carrier_E,Maharashtra,2016-07-11,,Active,P005742,SYNTH_TELECOM_DB
PH004506,9666702497,+91,Carrier_B,Maharashtra,2010-08-05,,Active,P003643,SYNTH_TELECOM_DB
PH004507,9797799840,+91,Carrier_B,Maharashtra,2014-04-10,,Active,P003591,SYNTH_IDENTITY_DB
PH004508,9122647882,+91,Carrier_B,Maharashtra,2017-10-30,,Active,P001407,SYNTH_CDR_DB
PH004509,9808391885,+91,Carrier_A,Maharashtra,2019-09-14,,Active,P005703,SYNTH_TELECOM_DB
PH004510,9654955300,+91,Carrier_A,Maharashtra,2026-04-13,,Active,P000139,SYNTH_LEGACY_DB
PH004511,9182914678,+91,Carrier_B,Maharashtra,2020-04-12,,Active,P002574,SYNTH_CDR_DB
PH004512,9470664865,+91,Carrier_C,Maharashtra,2014-03-28,,Active,P006577,SYNTH_TELECOM_DB
PH004513,9529907427,+91,Carrier_A,Maharashtra,2019-04-09,,Active,P004879,SYNTH_TELECOM_DB
PH004514,9100802445,+91,Carrier_A,Maharashtra,2021-09-02,,Active,P003609,SYNTH_TELECOM_DB
PH004515,9682221326,+91,Carrier_E,Maharashtra,2013-01-12,,Active,P002790,SYNTH_LEGACY_DB
PH004516,9533517734,+91,Carrier_B,Maharashtra,2016-09-06,,Active,P002984,SYNTH_IDENTITY_DB
PH004517,9646422157,+91,Carrier_A,Maharashtra,2025-06-11,,Active,P000960,SYNTH_TELECOM_DB
PH004518,9460854152,+91,Carrier_B,Maharashtra,2013-04-04,,Active,P002855,SYNTH_TELECOM_DB
PH004519,9589431573,+91,Carrier_A,Maharashtra,2018-08-09,2020-05-20,Suspended,P005229,SYNTH_TELECOM_DB
PH004520,9832420515,+91,Carrier_A,Maharashtra,2019-10-09,2022-03-31,Suspended,P004550,SYNTH_TELECOM_DB
PH004521,9496934730,+91,Carrier_A,Maharashtra,2021-08-29,2024-04-26,Inactive,P005255,SYNTH_IDENTITY_DB
PH004522,9407706652,+91,Carrier_A,Maharashtra,2021-09-11,,Active,P006564,SYNTH_LEGACY_DB
PH004523,9110213498,+91,Carrier_E,Maharashtra,2025-11-26,,Active,P001945,SYNTH_CDR_DB
PH004524,9731896329,+91,Carrier_A,Maharashtra,2010-08-12,,Active,P006585,SYNTH_TELECOM_DB
PH004525,9116727334,+91,Carrier_A,Maharashtra,2020-12-30,,Active,P006117,SYNTH_IDENTITY_DB
PH004526,9132256908,+91,Carrier_B,Maharashtra,2017-02-05,2021-12-10,Inactive,P006099,SYNTH_TELECOM_DB
PH004527,9913230878,+91,Carrier_B,Maharashtra,2019-01-29,2020-07-21,Suspended,P002836,SYNTH_IDENTITY_DB
PH004528,9402680987,+91,Carrier_A,Maharashtra,2021-01-30,,Active,P002470,SYNTH_CDR_DB
PH004529,9593436489,+91,Carrier_D,Maharashtra,2020-10-13,,Active,P006950,SYNTH_LEGACY_DB
PH004530,9702645499,+91,Carrier_A,Maharashtra,2026-01-25,,Active,P006940,SYNTH_TELECOM_DB
PH004531,9649736547,+91,Carrier_B,Maharashtra,2013-09-19,,Active,P001211,SYNTH_TELECOM_DB
PH004532,9978420243,+91,Carrier_A,Maharashtra,2012-11-09,2018-11-11,Inactive,P001621,SYNTH_CDR_DB
PH004533,9122227649,+91,Carrier_A,Maharashtra,2012-06-18,,Active,P002549,SYNTH_TELECOM_DB
PH004534,9215053429,+91,Carrier_A,Maharashtra,2017-02-28,,Active,P002321,SYNTH_CDR_DB
PH004535,9799076495,+91,Carrier_D,Maharashtra,2015-12-02,,Active,P002666,SYNTH_CDR_DB
PH004536,9402025574,+91,Carrier_B,Maharashtra,2010-07-17,,Active,P001012,SYNTH_CDR_DB
PH004537,9658425169,+91,Carrier_A,Maharashtra,2021-11-29,,Active,P001597,SYNTH_IDENTITY_DB
PH004538,9790383482,+91,Carrier_B,Maharashtra,2018-06-01,,Active,P001324,SYNTH_CDR_DB
PH004539,9493813535,+91,Carrier_A,Maharashtra,2010-12-29,,Active,P000221,SYNTH_TELECOM_DB
PH004540,9190123687,+91,Carrier_B,Maharashtra,2025-07-04,2026-08-29,Inactive,P006728,SYNTH_CDR_DB
PH004541,9181246737,+91,Carrier_C,Maharashtra,2021-06-01,2021-12-07,Inactive,P003538,SYNTH_CDR_DB
PH004542,9655437590,+91,Carrier_B,Maharashtra,2010-06-21,,Active,P006748,SYNTH_TELECOM_DB
PH004543,9793748477,+91,Carrier_C,Maharashtra,2016-07-18,,Active,P003484,SYNTH_CDR_DB
PH004544,9518462296,+91,Carrier_B,Maharashtra,2026-01-18,,Active,P003150,SYNTH_TELECOM_DB
PH004545,9101694088,+91,Carrier_A,Maharashtra,2025-08-04,,Active,P004473,SYNTH_TELECOM_DB
PH004546,9150179933,+91,Carrier_C,Maharashtra,2013-01-25,,Active,P002423,SYNTH_TELECOM_DB
PH004547,9254933036,+91,Carrier_B,Maharashtra,2021-05-14,,Active,P001571,SYNTH_CDR_DB
PH004548,9959780565,+91,Carrier_A,Maharashtra,2011-10-05,,Active,P006169,SYNTH_IDENTITY_DB
PH004549,9258893349,+91,Carrier_B,Maharashtra,2026-01-09,,Active,P006595,SYNTH_LEGACY_DB
PH004550,9461312497,+91,Carrier_C,Maharashtra,2015-09-30,,Active,P004235,SYNTH_TELECOM_DB
PH004551,9402949940,+91,Carrier_B,Maharashtra,2014-11-15,2016-07-04,Suspended,P004369,SYNTH_TELECOM_DB
PH004552,9205569911,+91,Carrier_C,Maharashtra,2010-09-08,,Active,P005574,SYNTH_LEGACY_DB
PH004553,9359685897,+91,Carrier_B,Maharashtra,2019-06-06,,Active,P005087,SYNTH_TELECOM_DB
PH004554,9321858273,+91,Carrier_A,Maharashtra,2018-09-09,,Active,P004046,SYNTH_TELECOM_DB
PH004555,9299333305,+91,Carrier_B,Maharashtra,2013-12-13,,Active,P003078,SYNTH_CDR_DB
PH004556,9969412737,+91,Carrier_D,Maharashtra,2023-05-26,,Active,P001357,SYNTH_IDENTITY_DB
PH004557,9715920725,+91,Carrier_B,Maharashtra,2022-07-21,,Active,P001006,SYNTH_TELECOM_DB
PH004558,9791847695,+91,Carrier_C,Maharashtra,2015-01-12,,Active,P005094,SYNTH_CDR_DB
PH004559,9715236398,+91,Carrier_A,Maharashtra,2014-10-18,2017-09-12,Inactive,P005970,SYNTH_TELECOM_DB
PH004560,9974840043,+91,Carrier_C,Maharashtra,2014-09-01,,Active,P000165,SYNTH_LEGACY_DB
PH004561,9622796310,+91,Carrier_A,Maharashtra,2015-10-01,2016-02-29,Suspended,P004519,SYNTH_TELECOM_DB
PH004562,9884116375,+91,Carrier_C,Maharashtra,2013-07-16,2014-07-22,Inactive,P001839,SYNTH_IDENTITY_DB
PH004563,9264051735,+91,Carrier_B,Maharashtra,2012-12-25,,Active,P002915,SYNTH_TELECOM_DB
PH004564,9544277855,+91,Carrier_A,Maharashtra,2015-01-04,,Active,P003443,SYNTH_CDR_DB
PH004565,9155385516,+91,Carrier_A,Maharashtra,2018-08-21,,Active,P002243,SYNTH_TELECOM_DB
PH004566,9441044317,+91,Carrier_A,Maharashtra,2026-07-16,,Active,P000352,SYNTH_TELECOM_DB
PH004567,9527364193,+91,Carrier_B,Maharashtra,2014-08-18,,Active,P003356,SYNTH_TELECOM_DB
PH004568,9433979341,+91,Carrier_A,Maharashtra,2010-04-17,,Active,P005495,SYNTH_CDR_DB
PH004569,9143061542,+91,Carrier_B,Maharashtra,2016-09-10,,Active,P000815,SYNTH_CDR_DB
PH004570,9953144275,+91,Carrier_D,Maharashtra,2024-01-20,,Active,P002177,SYNTH_CDR_DB
PH004571,9221173933,+91,Carrier_A,Maharashtra,2017-04-07,,Active,P005053,SYNTH_LEGACY_DB
PH004572,9285925145,+91,Carrier_B,Maharashtra,2016-04-25,,Active,P001663,SYNTH_TELECOM_DB
PH004573,9236674624,+91,Carrier_B,Maharashtra,2025-10-18,2026-08-29,Inactive,P002828,SYNTH_LEGACY_DB
PH004574,9407513988,+91,Carrier_B,Maharashtra,2023-07-28,,Active,P005322,SYNTH_TELECOM_DB
PH004575,9375908367,+91,Carrier_C,Maharashtra,2017-01-26,,Active,P000248,SYNTH_LEGACY_DB
PH004576,9832401135,+91,Carrier_A,Maharashtra,2013-04-05,,Active,P002542,SYNTH_TELECOM_DB
PH004577,9511177982,+91,Carrier_B,Maharashtra,2018-01-15,2022-03-26,Inactive,P004531,SYNTH_TELECOM_DB
PH004578,9195600212,+91,Carrier_B,Maharashtra,2021-12-17,,Active,P002735,SYNTH_TELECOM_DB
PH004579,9412047008,+91,Carrier_C,Maharashtra,2012-08-07,2014-06-24,Inactive,P003346,SYNTH_TELECOM_DB
PH004580,9889585322,+91,Carrier_B,Maharashtra,2026-03-03,,Active,P006375,SYNTH_TELECOM_DB
PH004581,9918132731,+91,Carrier_B,Maharashtra,2011-07-25,,Active,P002529,SYNTH_TELECOM_DB
PH004582,9451939323,+91,Carrier_B,Maharashtra,2021-01-08,2022-10-30,Inactive,P002655,SYNTH_LEGACY_DB
PH004583,9780150271,+91,Carrier_B,Maharashtra,2010-01-02,,Active,P006681,SYNTH_TELECOM_DB
PH004584,9524195822,+91,Carrier_D,Maharashtra,2019-12-01,,Active,P006252,SYNTH_TELECOM_DB
PH004585,9338188019,+91,Carrier_B,Maharashtra,2024-03-15,,Active,P002656,SYNTH_LEGACY_DB
PH004586,9342675668,+91,Carrier_D,Maharashtra,2015-05-10,,Active,P001227,SYNTH_IDENTITY_DB
PH004587,9268912925,+91,Carrier_D,Maharashtra,2021-12-17,,Active,P005363,SYNTH_LEGACY_DB
PH004588,9449423084,+91,Carrier_A,Maharashtra,2012-04-02,,Active,P005857,SYNTH_LEGACY_DB
PH004589,9683645609,+91,Carrier_A,Maharashtra,2013-07-20,2013-10-20,Suspended,P005396,SYNTH_TELECOM_DB
PH004590,9749002743,+91,Carrier_B,Maharashtra,2010-10-20,,Active,P001019,SYNTH_LEGACY_DB
PH004591,9420186624,+91,Carrier_A,Maharashtra,2014-05-03,2014-08-30,Inactive,P004466,SYNTH_TELECOM_DB
PH004592,9180917803,+91,Carrier_E,Maharashtra,2020-07-04,,Active,P000829,SYNTH_TELECOM_DB
PH004593,9291135942,+91,Carrier_A,Maharashtra,2017-11-11,,Active,P001589,SYNTH_CDR_DB
PH004594,9315400486,+91,Carrier_B,Maharashtra,2017-10-25,,Active,P002641,SYNTH_TELECOM_DB
PH004595,9842447004,+91,Carrier_A,Maharashtra,2011-11-25,,Active,P006757,SYNTH_TELECOM_DB
PH004596,9139566698,+91,Carrier_A,Maharashtra,2011-11-28,,Active,P001687,SYNTH_CDR_DB
PH004597,9407788055,+91,Carrier_A,Maharashtra,2018-10-05,,Active,P002029,SYNTH_CDR_DB
PH004598,9732796856,+91,Carrier_A,Maharashtra,2013-03-23,,Active,P002260,SYNTH_CDR_DB
PH004599,9199181248,+91,Carrier_B,Maharashtra,2024-04-07,,Active,P005944,SYNTH_TELECOM_DB
PH004600,9689977195,+91,Carrier_C,Maharashtra,2024-01-23,,Active,P006997,SYNTH_TELECOM_DB
PH004601,9331017384,+91,Carrier_C,Maharashtra,2015-01-23,,Active,P000812,SYNTH_TELECOM_DB
PH004602,9213122674,+91,Carrier_B,Maharashtra,2020-12-20,2024-01-29,Inactive,P001960,SYNTH_TELECOM_DB
PH004603,9616219451,+91,Carrier_B,Maharashtra,2019-09-16,2021-02-06,Inactive,P005832,SYNTH_CDR_DB
PH004604,9773772329,+91,Carrier_A,Maharashtra,2021-11-25,,Active,P005429,SYNTH_IDENTITY_DB
PH004605,9440096650,+91,Carrier_A,Maharashtra,2018-07-06,,Active,P001614,SYNTH_TELECOM_DB
PH004606,9725303113,+91,Carrier_C,Maharashtra,2014-06-18,,Active,P001269,SYNTH_TELECOM_DB
PH004607,9846081518,+91,Carrier_D,Maharashtra,2014-03-11,,Active,P005200,SYNTH_LEGACY_DB
PH004608,9455772413,+91,Carrier_C,Maharashtra,2024-12-05,,Active,P004520,SYNTH_TELECOM_DB
PH004609,9815169194,+91,Carrier_A,Maharashtra,2014-04-19,,Active,P004748,SYNTH_TELECOM_DB
PH004610,9628407406,+91,Carrier_E,Maharashtra,2012-04-23,,Active,P006179,SYNTH_TELECOM_DB
PH004611,9761386228,+91,Carrier_B,Maharashtra,2026-06-24,,Active,P002962,SYNTH_LEGACY_DB
PH004612,9809006111,+91,Carrier_A,Maharashtra,2026-05-17,2026-08-29,Reassigned,P001877,SYNTH_TELECOM_DB
PH004613,9819694896,+91,Carrier_C,Maharashtra,2017-05-28,,Active,P001251,SYNTH_IDENTITY_DB
PH004614,9135480791,+91,Carrier_A,Maharashtra,2017-01-26,2021-07-23,Inactive,P000997,SYNTH_CDR_DB
PH004615,9577101895,+91,Carrier_D,Maharashtra,2025-01-07,,Active,P002208,SYNTH_LEGACY_DB
PH004616,9885568704,+91,Carrier_D,Maharashtra,2010-07-12,,Active,P002911,SYNTH_TELECOM_DB
PH004617,9563257910,+91,Carrier_B,Maharashtra,2020-04-01,,Active,P002502,SYNTH_TELECOM_DB
PH004618,9107838879,+91,Carrier_E,Maharashtra,2021-07-01,,Active,P005914,SYNTH_IDENTITY_DB
PH004619,9657189239,+91,Carrier_B,Maharashtra,2026-07-27,,Active,P006940,SYNTH_TELECOM_DB
PH004620,9117565843,+91,Carrier_A,Maharashtra,2019-04-25,,Active,P001724,SYNTH_TELECOM_DB
PH004621,9197574915,+91,Carrier_A,Maharashtra,2013-08-29,,Active,P002530,SYNTH_TELECOM_DB
PH004622,9839565115,+91,Carrier_D,Maharashtra,2023-04-11,,Active,P001107,SYNTH_CDR_DB
PH004623,9534512952,+91,Carrier_B,Maharashtra,2023-10-19,,Active,P004362,SYNTH_TELECOM_DB
PH004624,9890996427,+91,Carrier_A,Maharashtra,2024-02-12,,Active,P000375,SYNTH_TELECOM_DB
PH004625,9791277981,+91,Carrier_B,Maharashtra,2011-05-03,,Active,P001536,SYNTH_TELECOM_DB
PH004626,9346328184,+91,Carrier_A,Maharashtra,2022-05-31,,Active,P006572,SYNTH_IDENTITY_DB
PH004627,9142282267,+91,Carrier_C,Maharashtra,2017-03-26,,Active,P006244,SYNTH_TELECOM_DB
PH004628,9191124683,+91,Carrier_B,Maharashtra,2022-11-08,2025-03-28,Inactive,P006973,SYNTH_CDR_DB
PH004629,9801672406,+91,Carrier_B,Maharashtra,2017-04-21,2017-07-26,Inactive,P001710,SYNTH_IDENTITY_DB
PH004630,9162819791,+91,Carrier_D,Maharashtra,2014-08-10,,Active,P001159,SYNTH_TELECOM_DB
PH004631,9154939206,+91,Carrier_C,Maharashtra,2014-11-11,2017-08-12,Inactive,P003175,SYNTH_TELECOM_DB
PH004632,9371199105,+91,Carrier_B,Maharashtra,2010-02-07,2010-06-05,Suspended,P001360,SYNTH_CDR_DB
PH004633,9673756784,+91,Carrier_B,Maharashtra,2023-02-26,,Active,P005675,SYNTH_TELECOM_DB
PH004634,9572451060,+91,Carrier_A,Maharashtra,2019-05-23,,Active,P001573,SYNTH_CDR_DB
PH004635,9851084478,+91,Carrier_E,Maharashtra,2014-03-31,2017-12-31,Inactive,P000572,SYNTH_TELECOM_DB
PH004636,9554186089,+91,Carrier_E,Maharashtra,2012-06-30,2017-06-14,Inactive,P001365,SYNTH_TELECOM_DB
PH004637,9574677194,+91,Carrier_D,Maharashtra,2025-06-15,,Active,P006472,SYNTH_IDENTITY_DB
PH004638,9430823624,+91,Carrier_C,Maharashtra,2025-06-21,,Active,P005609,SYNTH_TELECOM_DB
PH004639,9109870873,+91,Carrier_C,Maharashtra,2011-10-05,,Active,P002056,SYNTH_TELECOM_DB
PH004640,9498933545,+91,Carrier_D,Maharashtra,2026-07-24,,Active,P000541,SYNTH_TELECOM_DB
PH004641,9244542050,+91,Carrier_D,Maharashtra,2024-07-15,,Active,P002261,SYNTH_IDENTITY_DB
PH004642,9969061332,+91,Carrier_B,Maharashtra,2017-10-12,,Active,P000018,SYNTH_CDR_DB
PH004643,9194247154,+91,Carrier_D,Maharashtra,2023-02-08,,Active,P001655,SYNTH_IDENTITY_DB
PH004644,9473362953,+91,Carrier_A,Maharashtra,2017-05-13,,Active,P004946,SYNTH_TELECOM_DB
PH004645,9554359799,+91,Carrier_A,Maharashtra,2013-03-06,,Active,P006182,SYNTH_IDENTITY_DB
PH004646,9215664200,+91,Carrier_B,Maharashtra,2022-10-14,2026-08-29,Inactive,P003852,SYNTH_TELECOM_DB
PH004647,9182178341,+91,Carrier_D,Maharashtra,2012-12-01,2014-03-26,Inactive,P001627,SYNTH_TELECOM_DB
PH004648,9738999696,+91,Carrier_A,Maharashtra,2025-05-09,,Active,P003318,SYNTH_TELECOM_DB
PH004649,9234798238,+91,Carrier_B,Maharashtra,2017-11-10,,Active,P006223,SYNTH_LEGACY_DB
PH004650,9791024384,+91,Carrier_B,Maharashtra,2013-03-10,,Active,P002073,SYNTH_TELECOM_DB
PH004651,9275158054,+91,Carrier_A,Maharashtra,2023-04-22,,Active,P002470,SYNTH_TELECOM_DB
PH004652,9703625513,+91,Carrier_A,Maharashtra,2020-12-17,2021-02-25,Inactive,P002467,SYNTH_TELECOM_DB
PH004653,9463988981,+91,Carrier_C,Maharashtra,2018-06-01,2024-11-06,Inactive,P005076,SYNTH_CDR_DB
PH004654,9988786869,+91,Carrier_A,Maharashtra,2021-11-18,,Active,P000699,SYNTH_TELECOM_DB
PH004655,9606332144,+91,Carrier_B,Maharashtra,2016-04-18,,Active,P002334,SYNTH_CDR_DB
PH004656,9844757864,+91,Carrier_B,Maharashtra,2025-01-16,,Active,P006614,SYNTH_TELECOM_DB
PH004657,9767151675,+91,Carrier_B,Maharashtra,2020-02-06,,Active,P001152,SYNTH_TELECOM_DB
PH004658,9908919566,+91,Carrier_D,Maharashtra,2024-08-14,,Active,P000642,SYNTH_TELECOM_DB
PH004659,9280686052,+91,Carrier_B,Maharashtra,2015-02-13,,Active,P005635,SYNTH_TELECOM_DB
PH004660,9800982105,+91,Carrier_B,Maharashtra,2010-07-27,,Active,P002504,SYNTH_TELECOM_DB
PH004661,9943984145,+91,Carrier_A,Maharashtra,2020-03-14,,Active,P001630,SYNTH_TELECOM_DB
PH004662,9697269042,+91,Carrier_A,Maharashtra,2015-09-07,2017-06-06,Suspended,P006178,SYNTH_IDENTITY_DB
PH004663,9540471434,+91,Carrier_A,Maharashtra,2011-03-01,,Active,P000025,SYNTH_LEGACY_DB
PH004664,9448196037,+91,Carrier_E,Maharashtra,2022-08-24,,Active,P000116,SYNTH_CDR_DB
PH004665,9143064230,+91,Carrier_A,Maharashtra,2014-03-29,,Active,P006945,SYNTH_TELECOM_DB
PH004666,9660012494,+91,Carrier_C,Maharashtra,2017-03-26,,Active,P002856,SYNTH_LEGACY_DB
PH004667,9667601821,+91,Carrier_B,Maharashtra,2015-10-10,,Active,P002778,SYNTH_TELECOM_DB
PH004668,9544195835,+91,Carrier_E,Maharashtra,2020-05-25,,Active,P004740,SYNTH_CDR_DB
PH004669,9433576890,+91,Carrier_E,Maharashtra,2023-04-23,,Active,P004678,SYNTH_IDENTITY_DB
PH004670,9725743656,+91,Carrier_A,Maharashtra,2014-02-13,,Active,P006861,SYNTH_TELECOM_DB
PH004671,9121378335,+91,Carrier_C,Maharashtra,2013-04-21,2014-03-02,Suspended,P006666,SYNTH_TELECOM_DB
PH004672,9833920562,+91,Carrier_A,Maharashtra,2022-12-12,,Active,P003932,SYNTH_CDR_DB
PH004673,9126011023,+91,Carrier_C,Maharashtra,2015-08-10,,Active,P004041,SYNTH_CDR_DB
PH004674,9324483289,+91,Carrier_A,Maharashtra,2012-09-12,,Active,P005526,SYNTH_LEGACY_DB
PH004675,9525113124,+91,Carrier_E,Maharashtra,2014-02-05,,Active,P000070,SYNTH_TELECOM_DB
PH004676,9405179405,+91,Carrier_A,Maharashtra,2012-05-23,,Active,P004762,SYNTH_TELECOM_DB
PH004677,9264930892,+91,Carrier_B,Maharashtra,2014-04-13,,Active,P005601,SYNTH_TELECOM_DB
PH004678,9731130594,+91,Carrier_A,Maharashtra,2014-01-01,,Active,P004225,SYNTH_TELECOM_DB
PH004679,9857872967,+91,Carrier_A,Maharashtra,2011-01-25,,Active,P006798,SYNTH_TELECOM_DB
PH004680,9325684510,+91,Carrier_B,Maharashtra,2014-05-31,2019-12-14,Reassigned,P006727,SYNTH_LEGACY_DB
PH004681,9319435891,+91,Carrier_C,Maharashtra,2018-01-23,,Active,P003427,SYNTH_LEGACY_DB
PH004682,9346711069,+91,Carrier_C,Maharashtra,2013-07-04,2015-12-14,Inactive,P004613,SYNTH_TELECOM_DB
PH004683,9860661738,+91,Carrier_A,Maharashtra,2021-09-03,,Active,P005810,SYNTH_IDENTITY_DB
PH004684,9351201594,+91,Carrier_B,Maharashtra,2023-07-22,2024-11-27,Inactive,P004451,SYNTH_TELECOM_DB
PH004685,9117733498,+91,Carrier_C,Maharashtra,2012-08-13,,Active,P003887,SYNTH_TELECOM_DB
PH004686,9258181822,+91,Carrier_A,Maharashtra,2026-08-03,2026-08-29,Inactive,P005404,SYNTH_LEGACY_DB
PH004687,9597826780,+91,Carrier_C,Maharashtra,2016-10-01,,Active,P002011,SYNTH_TELECOM_DB
PH004688,9487477562,+91,Carrier_B,Maharashtra,2016-08-24,,Active,P006179,SYNTH_LEGACY_DB
PH004689,9851983031,+91,Carrier_E,Maharashtra,2016-09-29,,Active,P005326,SYNTH_TELECOM_DB
PH004690,9818954403,+91,Carrier_A,Maharashtra,2012-04-30,2012-10-05,Suspended,P006461,SYNTH_IDENTITY_DB
PH004691,9996455470,+91,Carrier_B,Maharashtra,2017-10-03,,Active,P000320,SYNTH_CDR_DB
PH004692,9412180748,+91,Carrier_A,Maharashtra,2014-02-01,,Active,P000270,SYNTH_TELECOM_DB
PH004693,9594836568,+91,Carrier_D,Maharashtra,2023-08-08,,Active,P004563,SYNTH_LEGACY_DB
PH004694,9220720935,+91,Carrier_D,Maharashtra,2022-04-24,2026-08-29,Inactive,P001655,SYNTH_TELECOM_DB
PH004695,9234396498,+91,Carrier_A,Maharashtra,2016-04-06,,Active,P005795,SYNTH_TELECOM_DB
PH004696,9737659775,+91,Carrier_B,Maharashtra,2021-05-31,,Active,P000447,SYNTH_CDR_DB
PH004697,9831880721,+91,Carrier_A,Maharashtra,2012-11-20,,Active,P005945,SYNTH_TELECOM_DB
PH004698,9699488960,+91,Carrier_C,Maharashtra,2026-01-08,,Active,P003676,SYNTH_TELECOM_DB
PH004699,9961837773,+91,Carrier_C,Maharashtra,2023-03-08,2025-04-21,Inactive,P005728,SYNTH_LEGACY_DB
PH004700,9491051690,+91,Carrier_C,Maharashtra,2010-08-03,,Active,P006452,SYNTH_TELECOM_DB
PH004701,9417703752,+91,Carrier_C,Maharashtra,2024-11-10,,Active,P006189,SYNTH_TELECOM_DB
PH004702,9229157771,+91,Carrier_B,Maharashtra,2016-09-04,,Active,P005895,SYNTH_TELECOM_DB
PH004703,9539692195,+91,Carrier_B,Maharashtra,2020-08-20,2020-12-16,Inactive,P002838,SYNTH_IDENTITY_DB
PH004704,9460522978,+91,Carrier_B,Maharashtra,2010-06-13,2015-02-16,Inactive,P005327,SYNTH_TELECOM_DB
PH004705,9901062830,+91,Carrier_C,Maharashtra,2017-12-28,,Active,P000438,SYNTH_TELECOM_DB
PH004706,9195627820,+91,Carrier_C,Maharashtra,2022-09-27,,Active,P000176,SYNTH_CDR_DB
PH004707,9767836767,+91,Carrier_E,Maharashtra,2010-04-09,,Active,P006920,SYNTH_TELECOM_DB
PH004708,9135484376,+91,Carrier_B,Maharashtra,2023-01-02,,Active,P005025,SYNTH_TELECOM_DB
PH004709,9823715890,+91,Carrier_A,Maharashtra,2020-09-04,,Active,P005296,SYNTH_TELECOM_DB
PH004710,9194986077,+91,Carrier_C,Maharashtra,2022-05-17,,Active,P001153,SYNTH_TELECOM_DB
PH004711,9518025213,+91,Carrier_D,Maharashtra,2018-08-20,2021-12-31,Inactive,P004377,SYNTH_LEGACY_DB
PH004712,9794732050,+91,Carrier_E,Maharashtra,2020-02-06,,Active,P001180,SYNTH_IDENTITY_DB
PH004713,9450911282,+91,Carrier_B,Maharashtra,2024-11-01,2025-01-02,Inactive,P004681,SYNTH_LEGACY_DB
PH004714,9462281868,+91,Carrier_A,Maharashtra,2026-04-15,,Active,P000794,SYNTH_TELECOM_DB
PH004715,9577435942,+91,Carrier_D,Maharashtra,2021-07-10,2025-04-30,Inactive,P002530,SYNTH_TELECOM_DB
PH004716,9235608244,+91,Carrier_C,Maharashtra,2023-03-19,,Active,P004350,SYNTH_TELECOM_DB
PH004717,9499102194,+91,Carrier_C,Maharashtra,2023-10-10,2026-08-29,Reassigned,P002563,SYNTH_LEGACY_DB
PH004718,9242936837,+91,Carrier_D,Maharashtra,2023-09-01,,Active,P002260,SYNTH_LEGACY_DB
PH004719,9475250498,+91,Carrier_B,Maharashtra,2019-12-23,,Active,P003390,SYNTH_TELECOM_DB
PH004720,9996585723,+91,Carrier_B,Maharashtra,2015-10-27,,Active,P003987,SYNTH_TELECOM_DB
PH004721,9724097200,+91,Carrier_A,Maharashtra,2024-06-21,,Active,P004235,SYNTH_TELECOM_DB
PH004722,9680635171,+91,Carrier_B,Maharashtra,2019-11-03,2026-07-04,Inactive,P004592,SYNTH_CDR_DB
PH004723,9563747884,+91,Carrier_A,Maharashtra,2020-09-23,2021-12-31,Inactive,P000620,SYNTH_IDENTITY_DB
PH004724,9778800369,+91,Carrier_B,Maharashtra,2012-08-25,,Active,P005706,SYNTH_CDR_DB
PH004725,9677548940,+91,Carrier_A,Maharashtra,2016-01-16,,Active,P006495,SYNTH_TELECOM_DB
PH004726,9177838779,+91,Carrier_B,Maharashtra,2012-05-28,2019-02-18,Reassigned,P000823,SYNTH_TELECOM_DB
PH004727,9906701762,+91,Carrier_B,Maharashtra,2014-11-30,2018-12-27,Inactive,P000579,SYNTH_TELECOM_DB
PH004728,9936248244,+91,Carrier_E,Maharashtra,2020-08-06,2026-08-29,Inactive,P004461,SYNTH_TELECOM_DB
PH004729,9743030248,+91,Carrier_D,Maharashtra,2021-04-01,,Active,P003349,SYNTH_TELECOM_DB
PH004730,9850604394,+91,Carrier_C,Maharashtra,2019-01-04,,Active,P005884,SYNTH_CDR_DB
PH004731,9365067323,+91,Carrier_B,Maharashtra,2020-03-22,,Active,P006550,SYNTH_LEGACY_DB
PH004732,9190211479,+91,Carrier_B,Maharashtra,2022-03-07,,Active,P002916,SYNTH_TELECOM_DB
PH004733,9718914244,+91,Carrier_D,Maharashtra,2024-10-22,,Active,P003721,SYNTH_LEGACY_DB
PH004734,9875629272,+91,Carrier_A,Maharashtra,2011-02-23,2015-07-22,Inactive,P005904,SYNTH_TELECOM_DB
PH004735,9162239578,+91,Carrier_B,Maharashtra,2015-08-23,2017-06-12,Suspended,P005030,SYNTH_CDR_DB
PH004736,9161731402,+91,Carrier_C,Maharashtra,2025-04-15,,Active,P003265,SYNTH_CDR_DB
PH004737,9977441490,+91,Carrier_B,Maharashtra,2026-06-30,,Active,P000052,SYNTH_TELECOM_DB
PH004738,9296356607,+91,Carrier_A,Maharashtra,2023-08-06,,Active,P002123,SYNTH_TELECOM_DB
PH004739,9504879578,+91,Carrier_A,Maharashtra,2020-03-06,,Active,P006254,SYNTH_CDR_DB
PH004740,9679412306,+91,Carrier_D,Maharashtra,2021-10-24,,Active,P005916,SYNTH_TELECOM_DB
PH004741,9920527352,+91,Carrier_B,Maharashtra,2023-03-08,,Active,P002036,SYNTH_LEGACY_DB
PH004742,9883205790,+91,Carrier_A,Maharashtra,2024-05-30,,Active,P000233,SYNTH_TELECOM_DB
PH004743,9335892796,+91,Carrier_B,Maharashtra,2021-01-01,,Active,P006921,SYNTH_LEGACY_DB
PH004744,9785557180,+91,Carrier_C,Maharashtra,2021-10-09,,Active,P006853,SYNTH_TELECOM_DB
PH004745,9982683097,+91,Carrier_B,Maharashtra,2023-09-02,,Active,P002333,SYNTH_IDENTITY_DB
PH004746,9838974751,+91,Carrier_B,Maharashtra,2016-06-12,,Active,P004100,SYNTH_TELECOM_DB
PH004747,9828198990,+91,Carrier_A,Maharashtra,2024-07-27,2025-01-31,Inactive,P001160,SYNTH_TELECOM_DB
PH004748,9856499474,+91,Carrier_A,Maharashtra,2015-06-08,2018-02-24,Suspended,P005460,SYNTH_TELECOM_DB
PH004749,9303617512,+91,Carrier_A,Maharashtra,2015-08-29,,Active,P001452,SYNTH_LEGACY_DB
PH004750,9708127721,+91,Carrier_A,Maharashtra,2010-03-17,2011-07-10,Suspended,P002279,SYNTH_CDR_DB
PH004751,9436003795,+91,Carrier_A,Maharashtra,2011-10-31,,Active,P003979,SYNTH_TELECOM_DB
PH004752,9790759350,+91,Carrier_A,Maharashtra,2015-08-21,,Active,P003753,SYNTH_TELECOM_DB
PH004753,9314818822,+91,Carrier_C,Maharashtra,2022-07-11,,Active,P006839,SYNTH_TELECOM_DB
PH004754,9411142515,+91,Carrier_D,Maharashtra,2019-12-25,,Active,P004272,SYNTH_TELECOM_DB
PH004755,9795479651,+91,Carrier_B,Maharashtra,2017-07-15,2019-04-01,Suspended,P002185,SYNTH_IDENTITY_DB
PH004756,9926599427,+91,Carrier_B,Maharashtra,2011-08-30,2012-03-06,Inactive,P004124,SYNTH_CDR_DB
PH004757,9842728537,+91,Carrier_A,Maharashtra,2025-05-03,,Active,P002484,SYNTH_TELECOM_DB
PH004758,9450921141,+91,Carrier_A,Maharashtra,2023-07-14,2024-03-28,Inactive,P006714,SYNTH_TELECOM_DB
PH004759,9334661927,+91,Carrier_A,Maharashtra,2016-12-02,2019-09-08,Inactive,P001565,SYNTH_TELECOM_DB
PH004760,9326535950,+91,Carrier_A,Maharashtra,2020-07-14,,Active,P000414,SYNTH_IDENTITY_DB
PH004761,9890461167,+91,Carrier_A,Maharashtra,2019-12-01,2026-01-29,Inactive,P000673,SYNTH_TELECOM_DB
PH004762,9491277730,+91,Carrier_A,Maharashtra,2013-02-14,2016-05-08,Inactive,P004214,SYNTH_TELECOM_DB
PH004763,9288172265,+91,Carrier_A,Maharashtra,2022-08-31,,Active,P002756,SYNTH_IDENTITY_DB
PH004764,9944876284,+91,Carrier_C,Maharashtra,2017-12-24,,Active,P002128,SYNTH_CDR_DB
PH004765,9873249075,+91,Carrier_A,Maharashtra,2011-08-31,2014-11-30,Reassigned,P004021,SYNTH_TELECOM_DB
PH004766,9900764289,+91,Carrier_A,Maharashtra,2015-07-18,,Active,P000077,SYNTH_IDENTITY_DB
PH004767,9694525271,+91,Carrier_B,Maharashtra,2013-04-04,2019-04-05,Inactive,P002681,SYNTH_TELECOM_DB
PH004768,9600132055,+91,Carrier_A,Maharashtra,2012-01-26,,Active,P006728,SYNTH_IDENTITY_DB
PH004769,9154603125,+91,Carrier_B,Maharashtra,2020-11-21,2024-10-17,Reassigned,P003856,SYNTH_IDENTITY_DB
PH004770,9665017338,+91,Carrier_B,Maharashtra,2016-08-30,2016-09-15,Suspended,P003691,SYNTH_TELECOM_DB
PH004771,9982293059,+91,Carrier_D,Maharashtra,2022-12-11,,Active,P000295,SYNTH_CDR_DB
PH004772,9239688751,+91,Carrier_A,Maharashtra,2011-01-12,,Active,P005225,SYNTH_CDR_DB
PH004773,9148647508,+91,Carrier_E,Maharashtra,2013-11-20,2014-06-22,Inactive,P001966,SYNTH_IDENTITY_DB
PH004774,9680157253,+91,Carrier_B,Maharashtra,2021-04-13,,Active,P005339,SYNTH_TELECOM_DB
PH004775,9877643365,+91,Carrier_A,Maharashtra,2021-07-31,2026-08-29,Inactive,P001960,SYNTH_CDR_DB
PH004776,9418007877,+91,Carrier_C,Maharashtra,2016-04-11,,Active,P001090,SYNTH_CDR_DB
PH004777,9488035610,+91,Carrier_A,Maharashtra,2012-04-20,,Active,P004014,SYNTH_TELECOM_DB
PH004778,9933017001,+91,Carrier_E,Maharashtra,2022-10-31,,Active,P004316,SYNTH_TELECOM_DB
PH004779,9206846993,+91,Carrier_A,Maharashtra,2019-09-16,,Active,P006152,SYNTH_TELECOM_DB
PH004780,9100594764,+91,Carrier_C,Maharashtra,2013-04-24,,Active,P005897,SYNTH_TELECOM_DB
PH004781,9335804178,+91,Carrier_A,Maharashtra,2011-09-12,,Active,P002985,SYNTH_CDR_DB
PH004782,9131380356,+91,Carrier_E,Maharashtra,2018-01-09,2025-02-27,Reassigned,P000829,SYNTH_CDR_DB
PH004783,9717861773,+91,Carrier_C,Maharashtra,2022-10-08,,Active,P004799,SYNTH_TELECOM_DB
PH004784,9476078017,+91,Carrier_B,Maharashtra,2013-05-18,2013-11-26,Suspended,P002063,SYNTH_CDR_DB
PH004785,9739963986,+91,Carrier_A,Maharashtra,2013-04-11,,Active,P004088,SYNTH_TELECOM_DB
PH004786,9306578060,+91,Carrier_C,Maharashtra,2016-07-31,,Active,P006957,SYNTH_TELECOM_DB
PH004787,9414003846,+91,Carrier_A,Maharashtra,2011-02-18,,Active,P001614,SYNTH_CDR_DB
PH004788,9245116877,+91,Carrier_A,Maharashtra,2011-07-30,,Active,P005429,SYNTH_IDENTITY_DB
PH004789,9144090314,+91,Carrier_A,Maharashtra,2019-03-29,2023-06-09,Inactive,P002697,SYNTH_CDR_DB
PH004790,9446933311,+91,Carrier_B,Maharashtra,2019-08-13,,Active,P003808,SYNTH_IDENTITY_DB
PH004791,9767151273,+91,Carrier_D,Maharashtra,2012-10-28,,Active,P004266,SYNTH_IDENTITY_DB
PH004792,9636960550,+91,Carrier_B,Maharashtra,2026-06-13,,Active,P000656,SYNTH_TELECOM_DB
PH004793,9830871436,+91,Carrier_B,Maharashtra,2021-01-28,,Active,P002379,SYNTH_TELECOM_DB
PH004794,9990725685,+91,Carrier_D,Maharashtra,2020-01-10,,Active,P003376,SYNTH_CDR_DB
PH004795,9308844245,+91,Carrier_C,Maharashtra,2015-05-05,,Active,P003196,SYNTH_TELECOM_DB
PH004796,9383920855,+91,Carrier_D,Maharashtra,2026-07-29,,Active,P001036,SYNTH_LEGACY_DB
PH004797,9556015917,+91,Carrier_B,Maharashtra,2013-08-02,2014-10-06,Inactive,P006303,SYNTH_LEGACY_DB
PH004798,9816430527,+91,Carrier_A,Maharashtra,2018-07-26,,Active,P003326,SYNTH_IDENTITY_DB
PH004799,9821133004,+91,Carrier_B,Maharashtra,2014-03-16,,Active,P000831,SYNTH_TELECOM_DB
PH004800,9665352990,+91,Carrier_D,Maharashtra,2011-11-01,,Active,P002285,SYNTH_LEGACY_DB
PH004801,9578712783,+91,Carrier_B,Maharashtra,2015-06-22,,Active,P004000,SYNTH_TELECOM_DB
PH004802,9511025209,+91,Carrier_A,Maharashtra,2014-05-27,,Active,P000274,SYNTH_CDR_DB
PH004803,9290112045,+91,Carrier_C,Maharashtra,2024-11-14,,Active,P006207,SYNTH_TELECOM_DB
PH004804,9974703684,+91,Carrier_D,Maharashtra,2021-01-29,,Active,P004682,SYNTH_IDENTITY_DB
PH004805,9449432288,+91,Carrier_B,Maharashtra,2025-06-21,,Active,P002134,SYNTH_IDENTITY_DB
PH004806,9174770438,+91,Carrier_A,Maharashtra,2012-06-24,2015-11-01,Reassigned,P000050,SYNTH_TELECOM_DB
PH004807,9923783402,+91,Carrier_A,Maharashtra,2017-11-02,,Active,P000887,SYNTH_IDENTITY_DB
PH004808,9505146203,+91,Carrier_A,Maharashtra,2018-10-10,,Active,P001677,SYNTH_CDR_DB
PH004809,9185910454,+91,Carrier_D,Maharashtra,2015-02-07,,Active,P005477,SYNTH_CDR_DB
PH004810,9843323031,+91,Carrier_A,Maharashtra,2015-09-13,,Active,P003967,SYNTH_TELECOM_DB
PH004811,9242518919,+91,Carrier_C,Maharashtra,2021-02-24,,Active,P000750,SYNTH_TELECOM_DB
PH004812,9625866312,+91,Carrier_A,Maharashtra,2015-07-10,,Active,P002025,SYNTH_TELECOM_DB
PH004813,9424522352,+91,Carrier_A,Maharashtra,2015-03-28,2017-09-09,Inactive,P000198,SYNTH_CDR_DB
PH004814,9467787477,+91,Carrier_C,Maharashtra,2022-03-25,,Active,P006726,SYNTH_TELECOM_DB
PH004815,9865667581,+91,Carrier_C,Maharashtra,2017-04-08,2019-05-23,Reassigned,P004665,SYNTH_TELECOM_DB
PH004816,9782501706,+91,Carrier_B,Maharashtra,2023-01-22,2026-08-29,Inactive,P001928,SYNTH_LEGACY_DB
PH004817,9143754991,+91,Carrier_A,Maharashtra,2019-03-07,2023-06-24,Inactive,P000103,SYNTH_CDR_DB
PH004818,9489884720,+91,Carrier_A,Maharashtra,2022-04-21,,Active,P002653,SYNTH_TELECOM_DB
PH004819,9403303145,+91,Carrier_D,Maharashtra,2020-11-05,2023-07-12,Inactive,P000277,SYNTH_IDENTITY_DB
PH004820,9308452148,+91,Carrier_D,Maharashtra,2017-06-01,,Active,P002818,SYNTH_CDR_DB
PH004821,9204959096,+91,Carrier_A,Maharashtra,2024-12-17,,Active,P002623,SYNTH_LEGACY_DB
PH004822,9407936440,+91,Carrier_C,Maharashtra,2014-05-25,,Active,P003559,SYNTH_LEGACY_DB
PH004823,9697835848,+91,Carrier_D,Maharashtra,2017-02-21,2019-08-22,Reassigned,P006041,SYNTH_TELECOM_DB
PH004824,9550845428,+91,Carrier_A,Maharashtra,2018-10-01,,Active,P001236,SYNTH_CDR_DB
PH004825,9604565868,+91,Carrier_B,Maharashtra,2011-09-09,2012-09-04,Suspended,P000824,SYNTH_CDR_DB
PH004826,9314349681,+91,Carrier_A,Maharashtra,2022-09-03,2024-04-20,Inactive,P003672,SYNTH_IDENTITY_DB
PH004827,9806264058,+91,Carrier_A,Maharashtra,2016-04-02,2018-01-27,Inactive,P003296,SYNTH_LEGACY_DB
PH004828,9535238075,+91,Carrier_C,Maharashtra,2010-05-06,2013-01-09,Suspended,P003568,SYNTH_TELECOM_DB
PH004829,9310006153,+91,Carrier_B,Maharashtra,2013-09-12,,Active,P005848,SYNTH_CDR_DB
PH004830,9696345097,+91,Carrier_A,Maharashtra,2012-05-31,,Active,P001841,SYNTH_IDENTITY_DB
PH004831,9473759262,+91,Carrier_A,Maharashtra,2010-05-04,,Active,P004781,SYNTH_TELECOM_DB
PH004832,9233744100,+91,Carrier_C,Maharashtra,2023-12-13,,Active,P003313,SYNTH_CDR_DB
PH004833,9230935596,+91,Carrier_A,Maharashtra,2010-02-23,,Active,P006503,SYNTH_CDR_DB
PH004834,9217567543,+91,Carrier_C,Maharashtra,2021-11-03,2024-05-28,Suspended,P002929,SYNTH_IDENTITY_DB
PH004835,9254413410,+91,Carrier_C,Maharashtra,2017-12-29,,Active,P000074,SYNTH_LEGACY_DB
PH004836,9831943475,+91,Carrier_C,Maharashtra,2021-01-01,,Active,P000792,SYNTH_IDENTITY_DB
PH004837,9888135544,+91,Carrier_E,Maharashtra,2014-06-04,,Active,P004640,SYNTH_TELECOM_DB
PH004838,9372159808,+91,Carrier_A,Maharashtra,2013-10-19,,Active,P002382,SYNTH_TELECOM_DB
PH004839,9636468049,+91,Carrier_C,Maharashtra,2024-09-15,2026-08-29,Reassigned,P003684,SYNTH_IDENTITY_DB
PH004840,9538774230,+91,Carrier_B,Maharashtra,2012-06-19,,Active,P003242,SYNTH_CDR_DB
PH004841,9149728030,+91,Carrier_E,Maharashtra,2025-01-12,,Active,P000412,SYNTH_TELECOM_DB
PH004842,9118404584,+91,Carrier_B,Maharashtra,2016-02-10,,Active,P002441,SYNTH_TELECOM_DB
PH004843,9580928087,+91,Carrier_B,Maharashtra,2011-09-02,,Active,P005788,SYNTH_TELECOM_DB
PH004844,9289276118,+91,Carrier_B,Maharashtra,2017-04-29,,Active,P004097,SYNTH_TELECOM_DB
PH004845,9919865779,+91,Carrier_E,Maharashtra,2022-01-16,2026-08-29,Reassigned,P000834,SYNTH_LEGACY_DB
PH004846,9348705001,+91,Carrier_B,Maharashtra,2024-01-16,,Active,P005157,SYNTH_CDR_DB
PH004847,9425211064,+91,Carrier_C,Maharashtra,2013-05-27,,Active,P003784,SYNTH_CDR_DB
PH004848,9781768477,+91,Carrier_B,Maharashtra,2022-03-31,,Active,P003500,SYNTH_LEGACY_DB
PH004849,9762099837,+91,Carrier_B,Maharashtra,2014-01-14,,Active,P004067,SYNTH_TELECOM_DB
PH004850,9599796841,+91,Carrier_A,Maharashtra,2020-10-30,,Active,P005520,SYNTH_LEGACY_DB
PH004851,9992563539,+91,Carrier_B,Maharashtra,2012-07-23,,Active,P001040,SYNTH_CDR_DB
PH004852,9839875151,+91,Carrier_B,Maharashtra,2019-05-19,,Active,P002472,SYNTH_CDR_DB
PH004853,9191089773,+91,Carrier_B,Maharashtra,2016-02-15,,Active,P003172,SYNTH_IDENTITY_DB
PH004854,9602922303,+91,Carrier_A,Maharashtra,2019-07-14,2020-10-31,Reassigned,P006682,SYNTH_TELECOM_DB
PH004855,9130506144,+91,Carrier_B,Maharashtra,2024-12-06,,Active,P003055,SYNTH_IDENTITY_DB
PH004856,9181857869,+91,Carrier_C,Maharashtra,2024-07-09,2026-08-29,Inactive,P004595,SYNTH_CDR_DB
PH004857,9358216128,+91,Carrier_C,Maharashtra,2021-08-14,,Active,P006936,SYNTH_TELECOM_DB
PH004858,9159486279,+91,Carrier_A,Maharashtra,2023-07-01,,Active,P002092,SYNTH_TELECOM_DB
PH004859,9179824916,+91,Carrier_B,Maharashtra,2011-04-15,,Active,P004830,SYNTH_CDR_DB
PH004860,9780068122,+91,Carrier_D,Maharashtra,2019-01-14,,Active,P000367,SYNTH_LEGACY_DB
PH004861,9650828116,+91,Carrier_B,Maharashtra,2026-06-19,2026-08-29,Suspended,P002509,SYNTH_TELECOM_DB
PH004862,9589512415,+91,Carrier_A,Maharashtra,2018-09-17,,Active,P003617,SYNTH_TELECOM_DB
PH004863,9181443385,+91,Carrier_A,Maharashtra,2010-12-03,,Active,P003764,SYNTH_TELECOM_DB
PH004864,9717363697,+91,Carrier_A,Maharashtra,2017-10-24,,Active,P005010,SYNTH_TELECOM_DB
PH004865,9557811486,+91,Carrier_C,Maharashtra,2024-04-24,2025-10-26,Suspended,P002776,SYNTH_CDR_DB
PH004866,9791952341,+91,Carrier_A,Maharashtra,2020-01-06,,Active,P000489,SYNTH_TELECOM_DB
PH004867,9660093289,+91,Carrier_B,Maharashtra,2020-04-18,,Active,P001102,SYNTH_TELECOM_DB
PH004868,9440271899,+91,Carrier_C,Maharashtra,2021-09-20,,Active,P001151,SYNTH_LEGACY_DB
PH004869,9846453424,+91,Carrier_C,Maharashtra,2024-07-19,,Active,P000942,SYNTH_TELECOM_DB
PH004870,9726785095,+91,Carrier_E,Maharashtra,2024-09-27,,Active,P005726,SYNTH_TELECOM_DB
PH004871,9359002408,+91,Carrier_A,Maharashtra,2012-03-05,,Active,P000975,SYNTH_TELECOM_DB
PH004872,9123321838,+91,Carrier_B,Maharashtra,2012-03-27,,Active,P005603,SYNTH_CDR_DB
PH004873,9125186614,+91,Carrier_A,Maharashtra,2021-09-30,,Active,P006693,SYNTH_CDR_DB
PH004874,9747382667,+91,Carrier_B,Maharashtra,2022-09-13,,Active,P000881,SYNTH_IDENTITY_DB
PH004875,9464116764,+91,Carrier_A,Maharashtra,2020-01-07,2021-09-28,Inactive,P003268,SYNTH_TELECOM_DB
PH004876,9789631818,+91,Carrier_D,Maharashtra,2024-08-29,,Active,P000270,SYNTH_CDR_DB
PH004877,9216443707,+91,Carrier_A,Maharashtra,2023-03-09,2025-10-14,Inactive,P001751,SYNTH_TELECOM_DB
PH004878,9869327160,+91,Carrier_C,Maharashtra,2012-08-08,,Active,P000045,SYNTH_TELECOM_DB
PH004879,9996114269,+91,Carrier_C,Maharashtra,2018-07-06,,Active,P000554,SYNTH_CDR_DB
PH004880,9681772676,+91,Carrier_D,Maharashtra,2010-06-26,,Active,P005570,SYNTH_IDENTITY_DB
PH004881,9708376461,+91,Carrier_A,Maharashtra,2020-12-12,,Active,P000537,SYNTH_TELECOM_DB
PH004882,9391139834,+91,Carrier_C,Maharashtra,2024-11-25,,Active,P003404,SYNTH_LEGACY_DB
PH004883,9404714899,+91,Carrier_E,Maharashtra,2022-05-31,2026-06-17,Reassigned,P006886,SYNTH_TELECOM_DB
PH004884,9359275330,+91,Carrier_D,Maharashtra,2012-06-21,,Active,P006852,SYNTH_CDR_DB
PH004885,9804585528,+91,Carrier_B,Maharashtra,2020-02-11,,Active,P004692,SYNTH_TELECOM_DB
PH004886,9898273065,+91,Carrier_C,Maharashtra,2012-05-04,,Active,P004642,SYNTH_TELECOM_DB
PH004887,9255860540,+91,Carrier_D,Maharashtra,2020-12-27,,Active,P000703,SYNTH_TELECOM_DB
PH004888,9478245367,+91,Carrier_C,Maharashtra,2014-12-16,2021-08-01,Inactive,P001134,SYNTH_CDR_DB
PH004889,9645819766,+91,Carrier_B,Maharashtra,2020-09-17,,Active,P000843,SYNTH_IDENTITY_DB
PH004890,9418483024,+91,Carrier_C,Maharashtra,2013-06-03,,Active,P003044,SYNTH_CDR_DB
PH004891,9648671760,+91,Carrier_B,Maharashtra,2014-05-27,2015-06-10,Suspended,P003103,SYNTH_CDR_DB
PH004892,9580593317,+91,Carrier_D,Maharashtra,2024-10-14,2026-08-29,Reassigned,P003835,SYNTH_IDENTITY_DB
PH004893,9219918671,+91,Carrier_A,Maharashtra,2012-02-07,,Active,P005484,SYNTH_LEGACY_DB
PH004894,9245101410,+91,Carrier_E,Maharashtra,2010-05-28,,Active,P006867,SYNTH_CDR_DB
PH004895,9728375159,+91,Carrier_B,Maharashtra,2013-02-14,2017-09-20,Inactive,P001671,SYNTH_IDENTITY_DB
PH004896,9563120035,+91,Carrier_B,Maharashtra,2015-12-15,,Active,P005178,SYNTH_TELECOM_DB
PH004897,9354281126,+91,Carrier_A,Maharashtra,2017-10-01,,Active,P004094,SYNTH_IDENTITY_DB
PH004898,9813053684,+91,Carrier_A,Maharashtra,2024-05-08,,Active,P006304,SYNTH_TELECOM_DB
PH004899,9844568245,+91,Carrier_B,Maharashtra,2022-08-18,,Active,P006755,SYNTH_TELECOM_DB
PH004900,9536565305,+91,Carrier_C,Maharashtra,2022-10-22,,Active,P003336,SYNTH_IDENTITY_DB
PH004901,9638663162,+91,Carrier_B,Maharashtra,2010-04-04,,Active,P001980,SYNTH_TELECOM_DB
PH004902,9221143258,+91,Carrier_D,Maharashtra,2025-02-16,2026-06-05,Inactive,P004327,SYNTH_TELECOM_DB
PH004903,9388782103,+91,Carrier_C,Maharashtra,2010-01-23,,Active,P006306,SYNTH_IDENTITY_DB
PH004904,9833050041,+91,Carrier_B,Maharashtra,2023-04-11,,Active,P000495,SYNTH_CDR_DB
PH004905,9152343997,+91,Carrier_A,Maharashtra,2023-09-28,,Active,P004214,SYNTH_TELECOM_DB
PH004906,9732702239,+91,Carrier_C,Maharashtra,2015-12-16,2021-12-05,Inactive,P001426,SYNTH_LEGACY_DB
PH004907,9833386595,+91,Carrier_A,Maharashtra,2022-12-24,,Active,P004361,SYNTH_TELECOM_DB
PH004908,9676851925,+91,Carrier_C,Maharashtra,2014-09-23,,Active,P004946,SYNTH_CDR_DB
PH004909,9154666928,+91,Carrier_B,Maharashtra,2011-01-03,2014-10-01,Inactive,P001282,SYNTH_TELECOM_DB
PH004910,9767185849,+91,Carrier_A,Maharashtra,2017-10-03,2020-04-20,Suspended,P006901,SYNTH_IDENTITY_DB
PH004911,9782734028,+91,Carrier_A,Maharashtra,2011-08-27,,Active,P004662,SYNTH_CDR_DB
PH004912,9976634559,+91,Carrier_C,Maharashtra,2012-11-07,,Active,P006607,SYNTH_TELECOM_DB
PH004913,9510056238,+91,Carrier_A,Maharashtra,2015-03-14,,Active,P002809,SYNTH_TELECOM_DB
PH004914,9235829751,+91,Carrier_B,Maharashtra,2018-05-04,2019-12-12,Inactive,P005833,SYNTH_IDENTITY_DB
PH004915,9562335088,+91,Carrier_A,Maharashtra,2010-03-15,,Active,P003503,SYNTH_TELECOM_DB
PH004916,9670049452,+91,Carrier_A,Maharashtra,2024-06-16,2026-06-24,Suspended,P006908,SYNTH_TELECOM_DB
PH004917,9725952855,+91,Carrier_B,Maharashtra,2012-02-25,,Active,P006238,SYNTH_LEGACY_DB
PH004918,9322070165,+91,Carrier_B,Maharashtra,2020-06-18,2023-01-25,Inactive,P000024,SYNTH_TELECOM_DB
PH004919,9128108865,+91,Carrier_D,Maharashtra,2020-09-24,,Active,P002226,SYNTH_IDENTITY_DB
PH004920,9163201017,+91,Carrier_E,Maharashtra,2013-05-21,,Active,P004247,SYNTH_CDR_DB
PH004921,9186299680,+91,Carrier_A,Maharashtra,2017-10-03,,Active,P001736,SYNTH_IDENTITY_DB
PH004922,9461204085,+91,Carrier_B,Maharashtra,2018-06-01,,Active,P000516,SYNTH_TELECOM_DB
PH004923,9438182877,+91,Carrier_C,Maharashtra,2023-01-08,,Active,P002818,SYNTH_TELECOM_DB
PH004924,9208636351,+91,Carrier_E,Maharashtra,2010-08-04,,Active,P004070,SYNTH_TELECOM_DB
PH004925,9552298253,+91,Carrier_E,Maharashtra,2023-05-15,,Active,P003079,SYNTH_TELECOM_DB
PH004926,9541145433,+91,Carrier_C,Maharashtra,2013-05-23,2019-09-28,Inactive,P000180,SYNTH_TELECOM_DB
PH004927,9656083227,+91,Carrier_A,Maharashtra,2019-03-31,,Active,P000409,SYNTH_TELECOM_DB
PH004928,9238869400,+91,Carrier_A,Maharashtra,2018-11-27,,Active,P000858,SYNTH_TELECOM_DB
PH004929,9417172727,+91,Carrier_A,Maharashtra,2021-05-24,,Active,P000933,SYNTH_IDENTITY_DB
PH004930,9634528556,+91,Carrier_A,Maharashtra,2026-01-06,,Active,P000349,SYNTH_TELECOM_DB
PH004931,9115801285,+91,Carrier_A,Maharashtra,2015-04-07,,Active,P002602,SYNTH_TELECOM_DB
PH004932,9261558884,+91,Carrier_C,Maharashtra,2018-06-25,,Active,P006901,SYNTH_TELECOM_DB
PH004933,9442695923,+91,Carrier_C,Maharashtra,2023-10-04,,Active,P000723,SYNTH_CDR_DB
PH004934,9666978727,+91,Carrier_B,Maharashtra,2016-11-18,,Active,P004430,SYNTH_TELECOM_DB
PH004935,9293897946,+91,Carrier_B,Maharashtra,2017-04-08,,Active,P000646,SYNTH_CDR_DB
PH004936,9568609074,+91,Carrier_B,Maharashtra,2016-09-30,,Active,P004655,SYNTH_TELECOM_DB
PH004937,9361156695,+91,Carrier_A,Maharashtra,2019-12-22,2023-11-07,Inactive,P002451,SYNTH_IDENTITY_DB
PH004938,9325341147,+91,Carrier_A,Maharashtra,2024-11-24,2026-08-29,Suspended,P000643,SYNTH_TELECOM_DB
PH004939,9621259166,+91,Carrier_D,Maharashtra,2014-01-25,2014-12-20,Inactive,P003676,SYNTH_CDR_DB
PH004940,9433405001,+91,Carrier_A,Maharashtra,2024-12-01,,Active,P006284,SYNTH_TELECOM_DB
PH004941,9557274770,+91,Carrier_D,Maharashtra,2019-11-06,2021-02-12,Suspended,P004698,SYNTH_TELECOM_DB
PH004942,9892862461,+91,Carrier_B,Maharashtra,2026-05-30,,Active,P001736,SYNTH_TELECOM_DB
PH004943,9455195982,+91,Carrier_D,Maharashtra,2023-04-07,,Active,P005880,SYNTH_TELECOM_DB
PH004944,9529383337,+91,Carrier_A,Maharashtra,2013-07-16,2014-01-15,Inactive,P000502,SYNTH_TELECOM_DB
PH004945,9363010926,+91,Carrier_E,Maharashtra,2017-12-06,,Active,P002418,SYNTH_LEGACY_DB
PH004946,9235126390,+91,Carrier_C,Maharashtra,2014-12-24,,Active,P006810,SYNTH_TELECOM_DB
PH004947,9843575578,+91,Carrier_B,Maharashtra,2019-08-10,,Active,P004663,SYNTH_TELECOM_DB
PH004948,9835356676,+91,Carrier_B,Maharashtra,2020-10-18,2026-03-02,Inactive,P002341,SYNTH_TELECOM_DB
PH004949,9960066314,+91,Carrier_A,Maharashtra,2021-08-12,,Active,P006531,SYNTH_TELECOM_DB
PH004950,9854969895,+91,Carrier_A,Maharashtra,2018-11-27,,Active,P000916,SYNTH_TELECOM_DB
PH004951,9358225247,+91,Carrier_A,Maharashtra,2023-10-14,,Active,P004834,SYNTH_TELECOM_DB
PH004952,9544373005,+91,Carrier_C,Maharashtra,2013-09-20,,Active,P002699,SYNTH_CDR_DB
PH004953,9977771973,+91,Carrier_A,Maharashtra,2017-06-02,,Active,P006092,SYNTH_CDR_DB
PH004954,9583534499,+91,Carrier_D,Maharashtra,2019-07-22,,Active,P006099,SYNTH_LEGACY_DB
PH004955,9908063850,+91,Carrier_B,Maharashtra,2017-05-28,,Active,P006819,SYNTH_TELECOM_DB
PH004956,9411605171,+91,Carrier_A,Maharashtra,2022-03-27,,Active,P005162,SYNTH_IDENTITY_DB
PH004957,9198706142,+91,Carrier_C,Maharashtra,2025-01-28,2026-08-29,Inactive,P005311,SYNTH_TELECOM_DB
PH004958,9150686443,+91,Carrier_C,Maharashtra,2020-01-09,,Active,P005903,SYNTH_CDR_DB
PH004959,9772635328,+91,Carrier_D,Maharashtra,2011-03-20,,Active,P001683,SYNTH_LEGACY_DB
PH004960,9758202368,+91,Carrier_A,Maharashtra,2018-04-04,,Active,P002716,SYNTH_IDENTITY_DB
PH004961,9169075729,+91,Carrier_A,Maharashtra,2025-10-08,,Active,P002004,SYNTH_CDR_DB
PH004962,9456497858,+91,Carrier_E,Maharashtra,2013-10-04,2020-01-10,Reassigned,P002120,SYNTH_CDR_DB
PH004963,9506294151,+91,Carrier_B,Maharashtra,2022-03-07,,Active,P000768,SYNTH_LEGACY_DB
PH004964,9817076350,+91,Carrier_C,Maharashtra,2012-06-30,2018-07-12,Inactive,P003007,SYNTH_LEGACY_DB
PH004965,9903548174,+91,Carrier_C,Maharashtra,2010-09-01,,Active,P003804,SYNTH_TELECOM_DB
PH004966,9823056567,+91,Carrier_A,Maharashtra,2020-03-24,,Active,P006740,SYNTH_CDR_DB
PH004967,9415062947,+91,Carrier_B,Maharashtra,2012-09-26,2014-03-10,Suspended,P006921,SYNTH_CDR_DB
PH004968,9732941966,+91,Carrier_C,Maharashtra,2025-06-02,,Active,P001329,SYNTH_TELECOM_DB
PH004969,9453456153,+91,Carrier_A,Maharashtra,2020-05-17,,Active,P003893,SYNTH_LEGACY_DB
PH004970,9585004682,+91,Carrier_B,Maharashtra,2014-01-31,,Active,P003075,SYNTH_TELECOM_DB
PH004971,9144932032,+91,Carrier_B,Maharashtra,2020-07-31,,Active,P003787,SYNTH_LEGACY_DB
PH004972,9965551433,+91,Carrier_E,Maharashtra,2025-06-27,,Active,P005213,SYNTH_TELECOM_DB
PH004973,9142124682,+91,Carrier_A,Maharashtra,2025-08-09,,Active,P003788,SYNTH_IDENTITY_DB
PH004974,9541562780,+91,Carrier_E,Maharashtra,2010-08-23,,Active,P002885,SYNTH_TELECOM_DB
PH004975,9547388070,+91,Carrier_A,Maharashtra,2019-12-14,,Active,P000847,SYNTH_CDR_DB
PH004976,9896143095,+91,Carrier_C,Maharashtra,2012-02-02,,Active,P001948,SYNTH_CDR_DB
PH004977,9375572885,+91,Carrier_A,Maharashtra,2014-11-27,2015-04-23,Inactive,P006176,SYNTH_LEGACY_DB
PH004978,9767972116,+91,Carrier_A,Maharashtra,2017-01-09,,Active,P000117,SYNTH_CDR_DB
PH004979,9585231482,+91,Carrier_A,Maharashtra,2017-07-16,,Active,P000764,SYNTH_TELECOM_DB
PH004980,9461046063,+91,Carrier_A,Maharashtra,2022-07-18,,Active,P005874,SYNTH_IDENTITY_DB
PH004981,9478287746,+91,Carrier_D,Maharashtra,2014-05-02,,Active,P003891,SYNTH_TELECOM_DB
PH004982,9473472637,+91,Carrier_B,Maharashtra,2020-11-07,,Active,P000559,SYNTH_LEGACY_DB
PH004983,9833912755,+91,Carrier_A,Maharashtra,2014-02-01,,Active,P000322,SYNTH_CDR_DB
PH004984,9704902782,+91,Carrier_B,Maharashtra,2025-01-18,,Active,P005516,SYNTH_TELECOM_DB
PH004985,9363518425,+91,Carrier_A,Maharashtra,2015-12-19,,Active,P005845,SYNTH_CDR_DB
PH004986,9542164260,+91,Carrier_B,Maharashtra,2025-08-24,,Active,P000158,SYNTH_CDR_DB
PH004987,9529393227,+91,Carrier_B,Maharashtra,2026-06-15,,Active,P005909,SYNTH_TELECOM_DB
PH004988,9404437337,+91,Carrier_A,Maharashtra,2021-06-05,2026-08-29,Inactive,P002901,SYNTH_TELECOM_DB
PH004989,9360875664,+91,Carrier_E,Maharashtra,2018-05-06,,Active,P003581,SYNTH_TELECOM_DB
PH004990,9319898989,+91,Carrier_C,Maharashtra,2012-09-30,,Active,P006556,SYNTH_IDENTITY_DB
PH004991,9122587143,+91,Carrier_B,Maharashtra,2019-11-09,,Active,P000495,SYNTH_CDR_DB
PH004992,9710957432,+91,Carrier_A,Maharashtra,2020-04-05,2024-03-07,Inactive,P001048,SYNTH_IDENTITY_DB
PH004993,9262051953,+91,Carrier_E,Maharashtra,2013-09-05,,Active,P004927,SYNTH_CDR_DB
PH004994,9149458181,+91,Carrier_A,Maharashtra,2013-12-05,,Active,P004048,SYNTH_CDR_DB
PH004995,9357345131,+91,Carrier_B,Maharashtra,2021-09-07,,Active,P003137,SYNTH_TELECOM_DB
PH004996,9368715631,+91,Carrier_C,Maharashtra,2022-10-17,,Active,P002612,SYNTH_TELECOM_DB
PH004997,9903900778,+91,Carrier_C,Maharashtra,2022-10-29,,Active,P002968,SYNTH_TELECOM_DB
PH004998,9505296724,+91,Carrier_A,Maharashtra,2025-12-20,2026-08-01,Suspended,P006193,SYNTH_TELECOM_DB
PH004999,9398464944,+91,Carrier_C,Maharashtra,2017-01-24,,Active,P001296,SYNTH_IDENTITY_DB
PH005000,9181978746,+91,Carrier_A,Maharashtra,2018-08-11,,Active,P003947,SYNTH_IDENTITY_DB
PH005001,9592808048,+91,Carrier_C,Maharashtra,2014-02-23,,Active,P006358,SYNTH_TELECOM_DB
PH005002,9975158652,+91,Carrier_A,Maharashtra,2025-09-17,2026-08-29,Inactive,P001434,SYNTH_TELECOM_DB
PH005003,9646743236,+91,Carrier_C,Maharashtra,2023-05-19,2025-10-19,Inactive,P002965,SYNTH_IDENTITY_DB
PH005004,9853711890,+91,Carrier_C,Maharashtra,2016-05-05,,Active,P001141,SYNTH_TELECOM_DB
PH005005,9537360975,+91,Carrier_E,Maharashtra,2022-12-10,,Active,P006288,SYNTH_TELECOM_DB
PH005006,9312543032,+91,Carrier_B,Maharashtra,2018-08-26,2020-06-03,Inactive,P001731,SYNTH_TELECOM_DB
PH005007,9372267392,+91,Carrier_A,Maharashtra,2026-05-20,,Active,P003900,SYNTH_TELECOM_DB
PH005008,9791997781,+91,Carrier_A,Maharashtra,2020-01-31,,Active,P005760,SYNTH_TELECOM_DB
PH005009,9898496424,+91,Carrier_B,Maharashtra,2024-08-07,2026-08-29,Inactive,P006894,SYNTH_CDR_DB
PH005010,9302977265,+91,Carrier_A,Maharashtra,2023-01-23,2024-01-10,Inactive,P002743,SYNTH_LEGACY_DB
PH005011,9968241421,+91,Carrier_C,Maharashtra,2011-08-11,,Active,P004849,SYNTH_IDENTITY_DB
PH005012,9605415056,+91,Carrier_D,Maharashtra,2017-02-12,,Active,P004889,SYNTH_TELECOM_DB
PH005013,9154051524,+91,Carrier_B,Maharashtra,2012-02-05,,Active,P002439,SYNTH_TELECOM_DB
PH005014,9477882040,+91,Carrier_B,Maharashtra,2010-04-11,,Active,P002803,SYNTH_TELECOM_DB
PH005015,9994615208,+91,Carrier_B,Maharashtra,2017-10-06,,Active,P002713,SYNTH_TELECOM_DB
PH005016,9575362369,+91,Carrier_B,Maharashtra,2024-12-21,,Active,P001753,SYNTH_TELECOM_DB
PH005017,9602191676,+91,Carrier_C,Maharashtra,2021-07-20,2026-08-29,Reassigned,P003803,SYNTH_TELECOM_DB
PH005018,9730830755,+91,Carrier_C,Maharashtra,2018-02-21,,Active,P004064,SYNTH_TELECOM_DB
PH005019,9604123923,+91,Carrier_B,Maharashtra,2013-07-24,2016-01-28,Suspended,P004369,SYNTH_IDENTITY_DB
PH005020,9613640522,+91,Carrier_A,Maharashtra,2012-08-26,,Active,P004015,SYNTH_TELECOM_DB
PH005021,9174128805,+91,Carrier_B,Maharashtra,2011-06-14,,Active,P001062,SYNTH_IDENTITY_DB
PH005022,9655080510,+91,Carrier_C,Maharashtra,2018-08-13,,Active,P000994,SYNTH_TELECOM_DB
PH005023,9603173844,+91,Carrier_C,Maharashtra,2023-10-12,,Active,P003529,SYNTH_TELECOM_DB
PH005024,9679095705,+91,Carrier_C,Maharashtra,2014-09-25,,Active,P005305,SYNTH_TELECOM_DB
PH005025,9587276211,+91,Carrier_C,Maharashtra,2014-02-23,,Active,P000254,SYNTH_TELECOM_DB
PH005026,9944741821,+91,Carrier_B,Maharashtra,2012-03-05,2018-04-02,Inactive,P001300,SYNTH_TELECOM_DB
PH005027,9794719872,+91,Carrier_E,Maharashtra,2012-07-21,,Active,P001398,SYNTH_LEGACY_DB
PH005028,9831234324,+91,Carrier_C,Maharashtra,2014-06-18,,Active,P000928,SYNTH_TELECOM_DB
PH005029,9603262420,+91,Carrier_B,Maharashtra,2019-06-11,,Active,P001023,SYNTH_TELECOM_DB
PH005030,9952951799,+91,Carrier_A,Maharashtra,2021-11-07,,Active,P005640,SYNTH_TELECOM_DB
PH005031,9257377886,+91,Carrier_B,Maharashtra,2014-01-01,2017-06-20,Inactive,P001986,SYNTH_TELECOM_DB
PH005032,9621093209,+91,Carrier_E,Maharashtra,2022-10-22,,Active,P002903,SYNTH_IDENTITY_DB
PH005033,9343363442,+91,Carrier_A,Maharashtra,2019-04-07,,Active,P005527,SYNTH_CDR_DB
PH005034,9165799983,+91,Carrier_C,Maharashtra,2012-08-15,,Active,P000462,SYNTH_TELECOM_DB
PH005035,9417420692,+91,Carrier_B,Maharashtra,2011-11-22,,Active,P003073,SYNTH_IDENTITY_DB
PH005036,9682514353,+91,Carrier_A,Maharashtra,2020-01-05,,Active,P005596,SYNTH_LEGACY_DB
PH005037,9201056640,+91,Carrier_B,Maharashtra,2021-07-18,,Active,P005985,SYNTH_TELECOM_DB
PH005038,9919804042,+91,Carrier_D,Maharashtra,2015-11-23,,Active,P000917,SYNTH_TELECOM_DB
PH005039,9588998027,+91,Carrier_B,Maharashtra,2016-06-25,,Active,P002990,SYNTH_LEGACY_DB
PH005040,9521590754,+91,Carrier_E,Maharashtra,2019-11-13,,Active,P006206,SYNTH_CDR_DB
PH005041,9718572838,+91,Carrier_A,Maharashtra,2014-10-13,,Active,P000612,SYNTH_TELECOM_DB
PH005042,9778647638,+91,Carrier_A,Maharashtra,2013-11-09,,Active,P001694,SYNTH_TELECOM_DB
PH005043,9236478639,+91,Carrier_B,Maharashtra,2010-12-06,2012-02-01,Inactive,P004439,SYNTH_LEGACY_DB
PH005044,9813584695,+91,Carrier_C,Maharashtra,2024-08-17,,Active,P004989,SYNTH_LEGACY_DB
PH005045,9914833596,+91,Carrier_E,Maharashtra,2016-06-16,,Active,P004346,SYNTH_TELECOM_DB
PH005046,9928315539,+91,Carrier_A,Maharashtra,2016-01-13,,Active,P003654,SYNTH_TELECOM_DB
PH005047,9633055095,+91,Carrier_A,Maharashtra,2010-09-12,2014-10-24,Inactive,P002602,SYNTH_CDR_DB
PH005048,9461363572,+91,Carrier_A,Maharashtra,2014-10-11,,Active,P001559,SYNTH_TELECOM_DB
PH005049,9698407372,+91,Carrier_A,Maharashtra,2010-05-20,,Active,P000219,SYNTH_LEGACY_DB
PH005050,9771903407,+91,Carrier_B,Maharashtra,2017-12-03,2020-04-03,Inactive,P006500,SYNTH_CDR_DB
PH005051,9184848618,+91,Carrier_C,Maharashtra,2026-05-13,,Active,P005731,SYNTH_TELECOM_DB
PH005052,9674199965,+91,Carrier_B,Maharashtra,2023-10-28,,Active,P006363,SYNTH_TELECOM_DB
PH005053,9186453134,+91,Carrier_A,Maharashtra,2010-03-04,,Active,P004184,SYNTH_TELECOM_DB
PH005054,9999532007,+91,Carrier_D,Maharashtra,2014-05-02,2015-06-24,Inactive,P003104,SYNTH_CDR_DB
PH005055,9275103017,+91,Carrier_A,Maharashtra,2015-10-01,,Active,P006166,SYNTH_TELECOM_DB
PH005056,9700773861,+91,Carrier_B,Maharashtra,2023-04-13,,Active,P006022,SYNTH_TELECOM_DB
PH005057,9406550322,+91,Carrier_A,Maharashtra,2016-12-01,,Active,P003121,SYNTH_TELECOM_DB
PH005058,9714186755,+91,Carrier_A,Maharashtra,2011-09-04,,Active,P004369,SYNTH_TELECOM_DB
PH005059,9181926825,+91,Carrier_C,Maharashtra,2012-08-23,2015-06-27,Inactive,P006002,SYNTH_LEGACY_DB
PH005060,9475132779,+91,Carrier_A,Maharashtra,2025-05-20,,Active,P003671,SYNTH_IDENTITY_DB
PH005061,9137437007,+91,Carrier_A,Maharashtra,2019-01-03,,Active,P001042,SYNTH_TELECOM_DB
PH005062,9615136868,+91,Carrier_B,Maharashtra,2014-01-17,2022-03-03,Reassigned,P000438,SYNTH_CDR_DB
PH005063,9355497430,+91,Carrier_C,Maharashtra,2021-02-28,,Active,P000278,SYNTH_CDR_DB
PH005064,9770680605,+91,Carrier_D,Maharashtra,2023-06-12,,Active,P000443,SYNTH_TELECOM_DB
PH005065,9776937647,+91,Carrier_C,Maharashtra,2025-03-27,,Active,P005198,SYNTH_CDR_DB
PH005066,9764373342,+91,Carrier_B,Maharashtra,2018-10-04,,Active,P001340,SYNTH_LEGACY_DB
PH005067,9219624602,+91,Carrier_A,Maharashtra,2012-07-08,,Active,P003587,SYNTH_TELECOM_DB
PH005068,9793827646,+91,Carrier_A,Maharashtra,2024-02-11,,Active,P003706,SYNTH_TELECOM_DB
PH005069,9488123583,+91,Carrier_C,Maharashtra,2017-04-10,,Active,P002704,SYNTH_LEGACY_DB
PH005070,9435240714,+91,Carrier_D,Maharashtra,2021-02-03,,Active,P000748,SYNTH_CDR_DB
PH005071,9900451065,+91,Carrier_E,Maharashtra,2017-02-28,,Active,P002974,SYNTH_CDR_DB
PH005072,9164234415,+91,Carrier_C,Maharashtra,2023-07-05,2024-12-03,Inactive,P004083,SYNTH_TELECOM_DB
PH005073,9970218049,+91,Carrier_A,Maharashtra,2022-12-30,2024-07-09,Suspended,P004140,SYNTH_CDR_DB
PH005074,9681832275,+91,Carrier_C,Maharashtra,2016-09-20,2019-06-11,Suspended,P006084,SYNTH_TELECOM_DB
PH005075,9451605503,+91,Carrier_D,Maharashtra,2022-05-05,,Active,P000829,SYNTH_TELECOM_DB
PH005076,9267765294,+91,Carrier_A,Maharashtra,2019-09-07,,Active,P006348,SYNTH_IDENTITY_DB
PH005077,9222932206,+91,Carrier_D,Maharashtra,2025-09-22,2026-08-29,Inactive,P006782,SYNTH_TELECOM_DB
PH005078,9356508117,+91,Carrier_A,Maharashtra,2013-02-12,,Active,P003095,SYNTH_LEGACY_DB
PH005079,9315185151,+91,Carrier_C,Maharashtra,2022-02-11,,Active,P002763,SYNTH_IDENTITY_DB
PH005080,9378964126,+91,Carrier_A,Maharashtra,2025-12-24,,Active,P006638,SYNTH_TELECOM_DB
PH005081,9441971481,+91,Carrier_C,Maharashtra,2016-02-27,,Active,P005907,SYNTH_IDENTITY_DB
PH005082,9899802049,+91,Carrier_A,Maharashtra,2023-10-19,,Active,P002241,SYNTH_TELECOM_DB
PH005083,9758727591,+91,Carrier_A,Maharashtra,2025-09-30,2026-08-29,Reassigned,P002246,SYNTH_TELECOM_DB
PH005084,9776213327,+91,Carrier_A,Maharashtra,2021-07-29,,Active,P002856,SYNTH_IDENTITY_DB
PH005085,9231120360,+91,Carrier_B,Maharashtra,2025-05-20,,Active,P004494,SYNTH_CDR_DB
PH005086,9802388431,+91,Carrier_A,Maharashtra,2011-10-31,,Active,P002098,SYNTH_CDR_DB
PH005087,9110788345,+91,Carrier_B,Maharashtra,2022-09-30,,Active,P004414,SYNTH_LEGACY_DB
PH005088,9767608389,+91,Carrier_A,Maharashtra,2025-05-23,,Active,P005882,SYNTH_TELECOM_DB
PH005089,9227933403,+91,Carrier_A,Maharashtra,2012-03-12,,Active,P005689,SYNTH_IDENTITY_DB
PH005090,9376071435,+91,Carrier_B,Maharashtra,2010-10-21,2011-12-24,Inactive,P003849,SYNTH_CDR_DB
PH005091,9476377328,+91,Carrier_C,Maharashtra,2016-07-17,,Active,P006630,SYNTH_LEGACY_DB
PH005092,9987502177,+91,Carrier_E,Maharashtra,2020-03-04,,Active,P001925,SYNTH_TELECOM_DB
PH005093,9342722038,+91,Carrier_C,Maharashtra,2025-11-17,,Active,P000446,SYNTH_IDENTITY_DB
PH005094,9576979360,+91,Carrier_B,Maharashtra,2010-10-26,,Active,P005909,SYNTH_IDENTITY_DB
PH005095,9544171479,+91,Carrier_B,Maharashtra,2016-07-23,,Active,P004566,SYNTH_CDR_DB
PH005096,9493119818,+91,Carrier_A,Maharashtra,2018-03-22,,Active,P006767,SYNTH_IDENTITY_DB
PH005097,9635354201,+91,Carrier_A,Maharashtra,2017-09-30,,Active,P001005,SYNTH_TELECOM_DB
PH005098,9151053458,+91,Carrier_A,Maharashtra,2017-04-10,2025-06-23,Reassigned,P006289,SYNTH_IDENTITY_DB
PH005099,9867504981,+91,Carrier_A,Maharashtra,2025-10-30,2026-04-27,Inactive,P001330,SYNTH_TELECOM_DB
PH005100,9924072815,+91,Carrier_B,Maharashtra,2024-08-13,2026-08-29,Inactive,P003504,SYNTH_TELECOM_DB
PH005101,9748242137,+91,Carrier_D,Maharashtra,2012-05-19,2015-01-26,Inactive,P001694,SYNTH_TELECOM_DB
PH005102,9819482054,+91,Carrier_C,Maharashtra,2026-02-04,2026-08-29,Inactive,P002265,SYNTH_TELECOM_DB
PH005103,9265657395,+91,Carrier_B,Maharashtra,2023-06-13,,Active,P000419,SYNTH_LEGACY_DB
PH005104,9177768153,+91,Carrier_A,Maharashtra,2011-08-29,,Active,P006003,SYNTH_IDENTITY_DB
PH005105,9880935471,+91,Carrier_B,Maharashtra,2023-08-04,,Active,P005653,SYNTH_CDR_DB
PH005106,9472102321,+91,Carrier_E,Maharashtra,2023-03-18,2026-08-29,Inactive,P003466,SYNTH_LEGACY_DB
PH005107,9453520203,+91,Carrier_B,Maharashtra,2015-01-18,,Active,P004222,SYNTH_TELECOM_DB
PH005108,9282436034,+91,Carrier_A,Maharashtra,2019-07-05,,Active,P000953,SYNTH_TELECOM_DB
PH005109,9898512032,+91,Carrier_A,Maharashtra,2010-10-29,,Active,P000769,SYNTH_TELECOM_DB
PH005110,9152068832,+91,Carrier_C,Maharashtra,2023-10-12,2026-01-19,Inactive,P006979,SYNTH_IDENTITY_DB
PH005111,9569085801,+91,Carrier_C,Maharashtra,2023-12-08,2026-05-23,Inactive,P002939,SYNTH_TELECOM_DB
PH005112,9712061076,+91,Carrier_B,Maharashtra,2016-03-15,,Active,P002903,SYNTH_CDR_DB
PH005113,9668402948,+91,Carrier_A,Maharashtra,2018-03-26,,Active,P004392,SYNTH_TELECOM_DB
PH005114,9108322504,+91,Carrier_A,Maharashtra,2013-10-17,,Active,P003490,SYNTH_TELECOM_DB
PH005115,9721140292,+91,Carrier_A,Maharashtra,2010-07-29,2015-12-23,Reassigned,P001118,SYNTH_TELECOM_DB
PH005116,9994588923,+91,Carrier_A,Maharashtra,2021-06-27,,Active,P001258,SYNTH_LEGACY_DB
PH005117,9614285861,+91,Carrier_C,Maharashtra,2025-12-18,,Active,P005105,SYNTH_TELECOM_DB
PH005118,9860299713,+91,Carrier_A,Maharashtra,2022-02-25,,Active,P003733,SYNTH_TELECOM_DB
PH005119,9648479014,+91,Carrier_B,Maharashtra,2016-07-31,,Active,P005089,SYNTH_TELECOM_DB
PH005120,9536148279,+91,Carrier_A,Maharashtra,2024-01-16,,Active,P005715,SYNTH_LEGACY_DB
PH005121,9902315052,+91,Carrier_C,Maharashtra,2020-10-26,,Active,P006796,SYNTH_CDR_DB
PH005122,9799633141,+91,Carrier_D,Maharashtra,2013-12-14,,Active,P004935,SYNTH_CDR_DB
PH005123,9611894460,+91,Carrier_A,Maharashtra,2018-05-16,,Active,P002291,SYNTH_TELECOM_DB
PH005124,9986752701,+91,Carrier_C,Maharashtra,2023-02-10,,Active,P001099,SYNTH_TELECOM_DB
PH005125,9553591125,+91,Carrier_A,Maharashtra,2017-12-13,,Active,P000954,SYNTH_TELECOM_DB
PH005126,9180976172,+91,Carrier_C,Maharashtra,2018-10-25,,Active,P004038,SYNTH_CDR_DB
PH005127,9973693453,+91,Carrier_A,Maharashtra,2022-03-25,,Active,P001673,SYNTH_TELECOM_DB
PH005128,9409790405,+91,Carrier_C,Maharashtra,2012-07-25,2013-12-27,Suspended,P005255,SYNTH_TELECOM_DB
PH005129,9191990208,+91,Carrier_B,Maharashtra,2025-02-12,,Active,P001723,SYNTH_TELECOM_DB
PH005130,9572453382,+91,Carrier_C,Maharashtra,2022-06-23,,Active,P001385,SYNTH_IDENTITY_DB
PH005131,9787022822,+91,Carrier_A,Maharashtra,2020-05-25,,Active,P003906,SYNTH_TELECOM_DB
PH005132,9903082362,+91,Carrier_C,Maharashtra,2021-08-11,2025-09-06,Inactive,P002539,SYNTH_TELECOM_DB
PH005133,9935260142,+91,Carrier_A,Maharashtra,2015-02-26,,Active,P002625,SYNTH_TELECOM_DB
PH005134,9859889803,+91,Carrier_B,Maharashtra,2025-08-23,,Active,P002749,SYNTH_TELECOM_DB
PH005135,9679970240,+91,Carrier_D,Maharashtra,2010-02-19,,Active,P006877,SYNTH_TELECOM_DB
PH005136,9955545197,+91,Carrier_A,Maharashtra,2025-04-01,,Active,P000725,SYNTH_TELECOM_DB
PH005137,9554578847,+91,Carrier_B,Maharashtra,2012-09-18,,Active,P000801,SYNTH_IDENTITY_DB
PH005138,9477661941,+91,Carrier_D,Maharashtra,2015-05-02,,Active,P000627,SYNTH_CDR_DB
PH005139,9172953993,+91,Carrier_B,Maharashtra,2015-02-22,2021-10-14,Reassigned,P004043,SYNTH_LEGACY_DB
PH005140,9252064820,+91,Carrier_B,Maharashtra,2014-06-25,,Active,P002594,SYNTH_IDENTITY_DB
PH005141,9653698942,+91,Carrier_A,Maharashtra,2013-12-12,,Active,P006655,SYNTH_CDR_DB
PH005142,9576906118,+91,Carrier_C,Maharashtra,2015-02-16,,Active,P003352,SYNTH_CDR_DB
PH005143,9196964400,+91,Carrier_A,Maharashtra,2025-12-10,,Active,P006981,SYNTH_TELECOM_DB
PH005144,9431042089,+91,Carrier_B,Maharashtra,2014-12-25,2020-05-14,Reassigned,P000384,SYNTH_CDR_DB
PH005145,9178822422,+91,Carrier_B,Maharashtra,2018-02-21,,Active,P001899,SYNTH_TELECOM_DB
PH005146,9565432479,+91,Carrier_A,Maharashtra,2024-08-18,,Active,P001439,SYNTH_LEGACY_DB
PH005147,9561670350,+91,Carrier_D,Maharashtra,2023-12-17,,Active,P001927,SYNTH_TELECOM_DB
PH005148,9549474772,+91,Carrier_B,Maharashtra,2016-12-27,2020-12-22,Inactive,P005575,SYNTH_CDR_DB
PH005149,9924908067,+91,Carrier_A,Maharashtra,2018-09-17,2022-08-23,Inactive,P003884,SYNTH_TELECOM_DB
PH005150,9671910935,+91,Carrier_B,Maharashtra,2011-09-17,,Active,P005636,SYNTH_TELECOM_DB
PH005151,9742031770,+91,Carrier_B,Maharashtra,2013-05-08,2017-03-30,Reassigned,P001636,SYNTH_LEGACY_DB
PH005152,9305586976,+91,Carrier_C,Maharashtra,2010-07-26,,Active,P001693,SYNTH_TELECOM_DB
PH005153,9113797910,+91,Carrier_C,Maharashtra,2013-06-04,2014-08-14,Inactive,P000311,SYNTH_CDR_DB
PH005154,9943947616,+91,Carrier_A,Maharashtra,2025-10-27,,Active,P006403,SYNTH_TELECOM_DB
PH005155,9788523481,+91,Carrier_A,Maharashtra,2020-11-30,2024-06-01,Reassigned,P003742,SYNTH_TELECOM_DB
PH005156,9100369145,+91,Carrier_A,Maharashtra,2026-01-25,2026-08-29,Inactive,P002319,SYNTH_LEGACY_DB
PH005157,9865290418,+91,Carrier_A,Maharashtra,2020-07-11,,Active,P004416,SYNTH_CDR_DB
PH005158,9753903108,+91,Carrier_C,Maharashtra,2021-11-30,,Active,P003116,SYNTH_CDR_DB
PH005159,9740154976,+91,Carrier_D,Maharashtra,2018-12-22,,Active,P006008,SYNTH_CDR_DB
PH005160,9123364562,+91,Carrier_B,Maharashtra,2015-08-29,,Active,P006751,SYNTH_TELECOM_DB
PH005161,9563527662,+91,Carrier_C,Maharashtra,2010-03-13,,Active,P002222,SYNTH_TELECOM_DB
PH005162,9906321671,+91,Carrier_B,Maharashtra,2015-11-27,,Active,P005358,SYNTH_TELECOM_DB
PH005163,9880169400,+91,Carrier_B,Maharashtra,2018-12-04,,Active,P005978,SYNTH_IDENTITY_DB
PH005164,9610790026,+91,Carrier_C,Maharashtra,2024-12-22,,Active,P001200,SYNTH_TELECOM_DB
PH005165,9667579510,+91,Carrier_A,Maharashtra,2011-10-25,2012-11-10,Inactive,P003566,SYNTH_CDR_DB
PH005166,9457445566,+91,Carrier_B,Maharashtra,2024-11-20,,Active,P004289,SYNTH_TELECOM_DB
PH005167,9681541595,+91,Carrier_B,Maharashtra,2012-07-31,,Active,P001110,SYNTH_TELECOM_DB
PH005168,9615888575,+91,Carrier_B,Maharashtra,2010-09-11,,Active,P000759,SYNTH_CDR_DB
PH005169,9683618891,+91,Carrier_D,Maharashtra,2017-03-13,,Active,P005880,SYNTH_TELECOM_DB
PH005170,9914797323,+91,Carrier_B,Maharashtra,2010-06-03,,Active,P002564,SYNTH_IDENTITY_DB
PH005171,9152696285,+91,Carrier_C,Maharashtra,2012-08-25,,Active,P002797,SYNTH_TELECOM_DB
PH005172,9293950389,+91,Carrier_D,Maharashtra,2021-07-28,,Active,P003062,SYNTH_IDENTITY_DB
PH005173,9129176431,+91,Carrier_C,Maharashtra,2019-07-14,,Active,P004366,SYNTH_TELECOM_DB
PH005174,9371274820,+91,Carrier_D,Maharashtra,2017-06-02,,Active,P001199,SYNTH_TELECOM_DB
PH005175,9954994555,+91,Carrier_A,Maharashtra,2024-04-26,2024-05-30,Suspended,P002321,SYNTH_TELECOM_DB
PH005176,9759096970,+91,Carrier_A,Maharashtra,2012-04-29,,Active,P001731,SYNTH_TELECOM_DB
PH005177,9821377629,+91,Carrier_C,Maharashtra,2020-02-13,,Active,P002557,SYNTH_TELECOM_DB
PH005178,9468390541,+91,Carrier_B,Maharashtra,2013-05-16,2014-11-05,Suspended,P004291,SYNTH_TELECOM_DB
PH005179,9543087591,+91,Carrier_B,Maharashtra,2018-03-15,,Active,P001244,SYNTH_CDR_DB
PH005180,9813295035,+91,Carrier_B,Maharashtra,2024-09-29,,Active,P006622,SYNTH_IDENTITY_DB
PH005181,9113258462,+91,Carrier_A,Maharashtra,2024-01-09,2026-08-29,Inactive,P000816,SYNTH_CDR_DB
PH005182,9605235130,+91,Carrier_A,Maharashtra,2011-08-27,,Active,P005093,SYNTH_TELECOM_DB
PH005183,9565758242,+91,Carrier_B,Maharashtra,2017-09-16,2024-07-06,Inactive,P006671,SYNTH_TELECOM_DB
PH005184,9420433678,+91,Carrier_A,Maharashtra,2019-02-09,2021-02-10,Suspended,P002929,SYNTH_TELECOM_DB
PH005185,9593267977,+91,Carrier_B,Maharashtra,2018-06-28,,Active,P002003,SYNTH_TELECOM_DB
PH005186,9810705572,+91,Carrier_B,Maharashtra,2015-12-15,,Active,P003011,SYNTH_TELECOM_DB
PH005187,9369651488,+91,Carrier_D,Maharashtra,2023-01-27,,Active,P006321,SYNTH_TELECOM_DB
PH005188,9859433099,+91,Carrier_A,Maharashtra,2022-09-01,2026-08-29,Inactive,P005126,SYNTH_TELECOM_DB
PH005189,9129246676,+91,Carrier_B,Maharashtra,2012-06-15,2016-04-21,Inactive,P002855,SYNTH_IDENTITY_DB
PH005190,9203020599,+91,Carrier_A,Maharashtra,2019-05-08,,Active,P005886,SYNTH_TELECOM_DB
PH005191,9373032359,+91,Carrier_C,Maharashtra,2021-04-23,2025-05-13,Inactive,P002998,SYNTH_TELECOM_DB
PH005192,9678866833,+91,Carrier_C,Maharashtra,2013-04-11,,Active,P000017,SYNTH_TELECOM_DB
PH005193,9347137718,+91,Carrier_B,Maharashtra,2014-10-19,,Active,P001041,SYNTH_TELECOM_DB
PH005194,9972100690,+91,Carrier_A,Maharashtra,2018-07-31,,Active,P006254,SYNTH_TELECOM_DB
PH005195,9286151768,+91,Carrier_A,Maharashtra,2016-06-10,,Active,P000701,SYNTH_IDENTITY_DB
PH005196,9756269480,+91,Carrier_B,Maharashtra,2025-02-20,,Active,P001590,SYNTH_TELECOM_DB
PH005197,9460954407,+91,Carrier_B,Maharashtra,2013-03-19,,Active,P000134,SYNTH_TELECOM_DB
PH005198,9795053561,+91,Carrier_C,Maharashtra,2016-08-15,,Active,P004504,SYNTH_TELECOM_DB
PH005199,9467615156,+91,Carrier_D,Maharashtra,2014-04-21,,Active,P005111,SYNTH_TELECOM_DB
PH005200,9140674326,+91,Carrier_B,Maharashtra,2024-10-07,,Active,P004402,SYNTH_TELECOM_DB
PH005201,9582542462,+91,Carrier_D,Maharashtra,2025-06-27,,Active,P005371,SYNTH_IDENTITY_DB
PH005202,9131381879,+91,Carrier_C,Maharashtra,2019-12-31,,Active,P001568,SYNTH_TELECOM_DB
PH005203,9653208334,+91,Carrier_B,Maharashtra,2011-01-18,,Active,P005981,SYNTH_TELECOM_DB
PH005204,9847913613,+91,Carrier_A,Maharashtra,2016-11-22,2017-06-29,Inactive,P003545,SYNTH_IDENTITY_DB
PH005205,9930237256,+91,Carrier_E,Maharashtra,2025-11-08,,Active,P002794,SYNTH_TELECOM_DB
PH005206,9488231657,+91,Carrier_C,Maharashtra,2013-07-11,,Active,P005854,SYNTH_TELECOM_DB
PH005207,9704676565,+91,Carrier_A,Maharashtra,2012-11-29,2014-06-01,Suspended,P005554,SYNTH_TELECOM_DB
PH005208,9187388038,+91,Carrier_D,Maharashtra,2010-07-29,,Active,P003427,SYNTH_IDENTITY_DB
PH005209,9885151954,+91,Carrier_C,Maharashtra,2020-04-30,2021-08-16,Suspended,P006698,SYNTH_TELECOM_DB
PH005210,9134418845,+91,Carrier_A,Maharashtra,2010-07-19,,Active,P001379,SYNTH_IDENTITY_DB
PH005211,9683293431,+91,Carrier_B,Maharashtra,2022-11-14,,Active,P002945,SYNTH_TELECOM_DB
PH005212,9381270331,+91,Carrier_A,Maharashtra,2013-12-31,,Active,P002432,SYNTH_TELECOM_DB
PH005213,9462467468,+91,Carrier_C,Maharashtra,2019-07-29,,Active,P005344,SYNTH_TELECOM_DB
PH005214,9531558821,+91,Carrier_A,Maharashtra,2016-06-02,,Active,P003468,SYNTH_TELECOM_DB
PH005215,9122346809,+91,Carrier_D,Maharashtra,2020-08-23,,Active,P003071,SYNTH_TELECOM_DB
PH005216,9794670053,+91,Carrier_B,Maharashtra,2024-11-30,,Active,P006316,SYNTH_TELECOM_DB
PH005217,9765242991,+91,Carrier_C,Maharashtra,2012-09-07,,Active,P000366,SYNTH_TELECOM_DB
PH005218,9437544633,+91,Carrier_A,Maharashtra,2020-01-27,,Active,P001551,SYNTH_LEGACY_DB
PH005219,9874484398,+91,Carrier_B,Maharashtra,2013-07-27,,Active,P001863,SYNTH_CDR_DB
PH005220,9715046971,+91,Carrier_E,Maharashtra,2017-01-16,,Active,P002027,SYNTH_TELECOM_DB
PH005221,9782411899,+91,Carrier_B,Maharashtra,2017-08-06,,Active,P003852,SYNTH_IDENTITY_DB
PH005222,9729307315,+91,Carrier_C,Maharashtra,2018-10-03,,Active,P003160,SYNTH_TELECOM_DB
PH005223,9144828739,+91,Carrier_B,Maharashtra,2013-09-25,2020-02-05,Inactive,P005705,SYNTH_CDR_DB
PH005224,9401058526,+91,Carrier_E,Maharashtra,2022-09-15,,Active,P000521,SYNTH_IDENTITY_DB
PH005225,9628716831,+91,Carrier_C,Maharashtra,2019-07-04,2021-11-27,Inactive,P005462,SYNTH_TELECOM_DB
PH005226,9722508651,+91,Carrier_A,Maharashtra,2018-11-10,,Active,P004141,SYNTH_TELECOM_DB
PH005227,9581140556,+91,Carrier_A,Maharashtra,2019-09-21,,Active,P005974,SYNTH_TELECOM_DB
PH005228,9593608297,+91,Carrier_A,Maharashtra,2010-12-18,,Active,P000100,SYNTH_TELECOM_DB
PH005229,9403296368,+91,Carrier_B,Maharashtra,2026-06-19,,Active,P006106,SYNTH_TELECOM_DB
PH005230,9596089355,+91,Carrier_C,Maharashtra,2024-06-19,,Active,P006213,SYNTH_CDR_DB
PH005231,9791256503,+91,Carrier_A,Maharashtra,2013-06-14,,Active,P002700,SYNTH_TELECOM_DB
PH005232,9874143018,+91,Carrier_E,Maharashtra,2018-10-25,,Active,P005876,SYNTH_CDR_DB
PH005233,9536840579,+91,Carrier_A,Maharashtra,2023-02-28,,Active,P003002,SYNTH_CDR_DB
PH005234,9910837110,+91,Carrier_A,Maharashtra,2010-07-31,,Active,P003242,SYNTH_TELECOM_DB
PH005235,9236800206,+91,Carrier_B,Maharashtra,2010-10-04,,Active,P005146,SYNTH_TELECOM_DB
PH005236,9696515625,+91,Carrier_B,Maharashtra,2012-05-03,2013-03-27,Suspended,P001122,SYNTH_LEGACY_DB
PH005237,9527508145,+91,Carrier_A,Maharashtra,2024-08-12,,Active,P005995,SYNTH_TELECOM_DB
PH005238,9505454234,+91,Carrier_B,Maharashtra,2023-06-21,2026-08-29,Reassigned,P000097,SYNTH_CDR_DB
PH005239,9925152193,+91,Carrier_A,Maharashtra,2018-01-26,,Active,P004749,SYNTH_IDENTITY_DB
PH005240,9588739892,+91,Carrier_E,Maharashtra,2025-06-10,,Active,P002853,SYNTH_IDENTITY_DB
PH005241,9691753074,+91,Carrier_B,Maharashtra,2022-05-05,,Active,P002654,SYNTH_IDENTITY_DB
PH005242,9391664083,+91,Carrier_A,Maharashtra,2017-07-03,2018-11-11,Inactive,P003980,SYNTH_TELECOM_DB
PH005243,9724891688,+91,Carrier_C,Maharashtra,2019-05-25,,Active,P003794,SYNTH_CDR_DB
PH005244,9972715611,+91,Carrier_E,Maharashtra,2026-02-09,,Active,P004022,SYNTH_IDENTITY_DB
PH005245,9322356615,+91,Carrier_B,Maharashtra,2017-11-10,,Active,P003754,SYNTH_TELECOM_DB
PH005246,9383289290,+91,Carrier_B,Maharashtra,2012-01-07,,Active,P006567,SYNTH_TELECOM_DB
PH005247,9729708830,+91,Carrier_A,Maharashtra,2020-09-13,,Active,P004095,SYNTH_IDENTITY_DB
PH005248,9966599228,+91,Carrier_B,Maharashtra,2012-04-26,,Active,P002776,SYNTH_TELECOM_DB
PH005249,9869616555,+91,Carrier_D,Maharashtra,2023-10-26,2026-08-29,Inactive,P002621,SYNTH_TELECOM_DB
PH005250,9556268617,+91,Carrier_C,Maharashtra,2020-03-29,,Active,P001888,SYNTH_TELECOM_DB
PH005251,9516944782,+91,Carrier_B,Maharashtra,2010-08-03,,Active,P006112,SYNTH_CDR_DB
PH005252,9715846279,+91,Carrier_A,Maharashtra,2021-12-15,,Active,P006619,SYNTH_CDR_DB
PH005253,9915587215,+91,Carrier_C,Maharashtra,2021-05-08,,Active,P000226,SYNTH_TELECOM_DB
PH005254,9387140965,+91,Carrier_A,Maharashtra,2024-06-03,2026-08-10,Suspended,P004450,SYNTH_CDR_DB
PH005255,9465165621,+91,Carrier_C,Maharashtra,2013-01-24,,Active,P002525,SYNTH_CDR_DB
PH005256,9590886346,+91,Carrier_D,Maharashtra,2025-07-19,,Active,P005408,SYNTH_TELECOM_DB
PH005257,9287365268,+91,Carrier_E,Maharashtra,2021-12-04,,Active,P001273,SYNTH_TELECOM_DB
PH005258,9705308546,+91,Carrier_A,Maharashtra,2024-10-15,,Active,P002671,SYNTH_IDENTITY_DB
PH005259,9951179430,+91,Carrier_C,Maharashtra,2021-12-18,,Active,P002827,SYNTH_TELECOM_DB
PH005260,9879257421,+91,Carrier_A,Maharashtra,2021-10-27,2026-08-29,Reassigned,P006900,SYNTH_TELECOM_DB
PH005261,9242965460,+91,Carrier_D,Maharashtra,2022-08-30,,Active,P001021,SYNTH_TELECOM_DB
PH005262,9637229578,+91,Carrier_E,Maharashtra,2011-03-31,,Active,P003844,SYNTH_TELECOM_DB
PH005263,9744531202,+91,Carrier_A,Maharashtra,2019-10-27,,Active,P000643,SYNTH_TELECOM_DB
PH005264,9496083361,+91,Carrier_A,Maharashtra,2020-10-18,,Active,P000423,SYNTH_TELECOM_DB
PH005265,9552477879,+91,Carrier_C,Maharashtra,2023-12-09,2024-12-10,Inactive,P002783,SYNTH_TELECOM_DB
PH005266,9331814467,+91,Carrier_C,Maharashtra,2014-01-25,,Active,P002766,SYNTH_CDR_DB
PH005267,9397755502,+91,Carrier_A,Maharashtra,2015-11-17,2022-01-17,Inactive,P002690,SYNTH_TELECOM_DB
PH005268,9960716092,+91,Carrier_A,Maharashtra,2022-05-12,,Active,P000717,SYNTH_CDR_DB
PH005269,9617094464,+91,Carrier_C,Maharashtra,2016-06-20,,Active,P004274,SYNTH_TELECOM_DB
PH005270,9666823270,+91,Carrier_B,Maharashtra,2013-08-18,,Active,P005790,SYNTH_TELECOM_DB
PH005271,9969039735,+91,Carrier_A,Maharashtra,2010-05-24,2014-09-15,Inactive,P006728,SYNTH_LEGACY_DB
PH005272,9246584221,+91,Carrier_A,Maharashtra,2020-10-22,,Active,P000026,SYNTH_IDENTITY_DB
PH005273,9890070801,+91,Carrier_B,Maharashtra,2025-01-24,2026-08-29,Suspended,P004305,SYNTH_IDENTITY_DB
PH005274,9140720637,+91,Carrier_A,Maharashtra,2019-02-09,,Active,P003059,SYNTH_TELECOM_DB
PH005275,9764735045,+91,Carrier_C,Maharashtra,2011-09-30,,Active,P002589,SYNTH_TELECOM_DB
PH005276,9181286630,+91,Carrier_A,Maharashtra,2011-12-01,,Active,P005003,SYNTH_CDR_DB
PH005277,9663008477,+91,Carrier_B,Maharashtra,2010-08-29,,Active,P000645,SYNTH_TELECOM_DB
PH005278,9624604623,+91,Carrier_B,Maharashtra,2011-09-12,,Active,P000055,SYNTH_IDENTITY_DB
PH005279,9814230127,+91,Carrier_E,Maharashtra,2023-02-27,,Active,P006480,SYNTH_IDENTITY_DB
PH005280,9778961952,+91,Carrier_A,Maharashtra,2018-03-26,,Active,P003317,SYNTH_IDENTITY_DB
PH005281,9510824571,+91,Carrier_C,Maharashtra,2016-10-03,,Active,P003319,SYNTH_CDR_DB
PH005282,9252001679,+91,Carrier_A,Maharashtra,2012-11-11,,Active,P005778,SYNTH_CDR_DB
PH005283,9531982163,+91,Carrier_A,Maharashtra,2010-01-22,,Active,P001901,SYNTH_CDR_DB
PH005284,9795356648,+91,Carrier_A,Maharashtra,2020-02-14,,Active,P003563,SYNTH_CDR_DB
PH005285,9849349843,+91,Carrier_D,Maharashtra,2012-08-30,,Active,P000820,SYNTH_CDR_DB
PH005286,9442308875,+91,Carrier_D,Maharashtra,2019-11-13,2024-10-22,Inactive,P001497,SYNTH_CDR_DB
PH005287,9515629686,+91,Carrier_A,Maharashtra,2022-06-07,,Active,P000599,SYNTH_IDENTITY_DB
PH005288,9316162325,+91,Carrier_B,Maharashtra,2014-04-21,2016-01-30,Inactive,P006352,SYNTH_LEGACY_DB
PH005289,9610240193,+91,Carrier_B,Maharashtra,2010-05-24,,Active,P001082,SYNTH_TELECOM_DB
PH005290,9284350370,+91,Carrier_E,Maharashtra,2025-12-18,2026-08-29,Inactive,P001705,SYNTH_TELECOM_DB
PH005291,9175959619,+91,Carrier_A,Maharashtra,2013-01-28,,Active,P006479,SYNTH_TELECOM_DB
PH005292,9435930055,+91,Carrier_B,Maharashtra,2010-02-05,,Active,P003472,SYNTH_IDENTITY_DB
PH005293,9261983986,+91,Carrier_A,Maharashtra,2014-08-10,,Active,P005816,SYNTH_TELECOM_DB
PH005294,9614082123,+91,Carrier_A,Maharashtra,2018-11-09,,Active,P000180,SYNTH_CDR_DB
PH005295,9954352734,+91,Carrier_C,Maharashtra,2022-10-15,,Active,P005983,SYNTH_CDR_DB
PH005296,9237136085,+91,Carrier_B,Maharashtra,2018-05-25,,Active,P002046,SYNTH_LEGACY_DB
PH005297,9969075340,+91,Carrier_B,Maharashtra,2014-07-08,,Active,P000772,SYNTH_LEGACY_DB
PH005298,9944866051,+91,Carrier_D,Maharashtra,2022-01-30,,Active,P005881,SYNTH_TELECOM_DB
PH005299,9423181751,+91,Carrier_B,Maharashtra,2022-10-02,2024-11-18,Inactive,P002956,SYNTH_TELECOM_DB
PH005300,9446204409,+91,Carrier_A,Maharashtra,2025-01-30,,Active,P005992,SYNTH_LEGACY_DB
PH005301,9622844504,+91,Carrier_C,Maharashtra,2021-03-24,2024-06-08,Inactive,P006871,SYNTH_IDENTITY_DB
PH005302,9670778935,+91,Carrier_A,Maharashtra,2011-07-23,,Active,P001528,SYNTH_TELECOM_DB
PH005303,9441943315,+91,Carrier_A,Maharashtra,2024-09-24,,Active,P003918,SYNTH_TELECOM_DB
PH005304,9202852460,+91,Carrier_D,Maharashtra,2025-01-19,,Active,P002252,SYNTH_IDENTITY_DB
PH005305,9816255292,+91,Carrier_A,Maharashtra,2012-12-03,,Active,P005551,SYNTH_TELECOM_DB
PH005306,9861116473,+91,Carrier_B,Maharashtra,2018-06-23,,Active,P003588,SYNTH_TELECOM_DB
PH005307,9225747100,+91,Carrier_B,Maharashtra,2025-07-08,2026-05-26,Suspended,P003879,SYNTH_TELECOM_DB
PH005308,9260103056,+91,Carrier_A,Maharashtra,2017-12-29,2024-09-21,Inactive,P001651,SYNTH_CDR_DB
PH005309,9665546037,+91,Carrier_A,Maharashtra,2020-11-28,2026-08-29,Reassigned,P002756,SYNTH_TELECOM_DB
PH005310,9130996343,+91,Carrier_B,Maharashtra,2010-03-07,,Active,P002284,SYNTH_TELECOM_DB
PH005311,9678124092,+91,Carrier_B,Maharashtra,2020-12-03,2024-03-04,Inactive,P005607,SYNTH_TELECOM_DB
PH005312,9649209406,+91,Carrier_C,Maharashtra,2015-10-12,,Active,P004056,SYNTH_TELECOM_DB
PH005313,9803644280,+91,Carrier_A,Maharashtra,2021-05-11,2026-04-06,Inactive,P004414,SYNTH_TELECOM_DB
PH005314,9785666078,+91,Carrier_C,Maharashtra,2011-11-13,,Active,P006217,SYNTH_TELECOM_DB
PH005315,9991216039,+91,Carrier_E,Maharashtra,2013-03-26,,Active,P005447,SYNTH_LEGACY_DB
PH005316,9485296219,+91,Carrier_C,Maharashtra,2017-01-06,,Active,P004857,SYNTH_TELECOM_DB
PH005317,9191884726,+91,Carrier_E,Maharashtra,2018-12-10,,Active,P003654,SYNTH_CDR_DB
PH005318,9112328298,+91,Carrier_C,Maharashtra,2017-09-01,,Active,P002936,SYNTH_TELECOM_DB
PH005319,9236632319,+91,Carrier_C,Maharashtra,2014-10-05,2021-02-02,Inactive,P001543,SYNTH_IDENTITY_DB
PH005320,9699969597,+91,Carrier_D,Maharashtra,2020-01-08,2025-02-28,Inactive,P006604,SYNTH_TELECOM_DB
PH005321,9557394903,+91,Carrier_A,Maharashtra,2011-01-24,2012-08-13,Inactive,P003434,SYNTH_TELECOM_DB
PH005322,9864667219,+91,Carrier_A,Maharashtra,2018-08-14,,Active,P006839,SYNTH_TELECOM_DB
PH005323,9886667685,+91,Carrier_B,Maharashtra,2024-02-17,,Active,P000769,SYNTH_IDENTITY_DB
PH005324,9873940071,+91,Carrier_B,Maharashtra,2013-12-23,,Active,P005661,SYNTH_CDR_DB
PH005325,9282471226,+91,Carrier_B,Maharashtra,2017-02-17,,Active,P006104,SYNTH_TELECOM_DB
PH005326,9399243838,+91,Carrier_A,Maharashtra,2011-06-21,,Active,P004448,SYNTH_TELECOM_DB
PH005327,9959917346,+91,Carrier_D,Maharashtra,2010-06-10,,Active,P001837,SYNTH_IDENTITY_DB
PH005328,9657510697,+91,Carrier_B,Maharashtra,2018-07-18,,Active,P005051,SYNTH_TELECOM_DB
PH005329,9134314867,+91,Carrier_B,Maharashtra,2025-01-29,,Active,P004569,SYNTH_LEGACY_DB
PH005330,9898752905,+91,Carrier_A,Maharashtra,2012-12-20,,Active,P003358,SYNTH_CDR_DB
PH005331,9705470213,+91,Carrier_B,Maharashtra,2024-12-10,2025-01-06,Suspended,P002475,SYNTH_TELECOM_DB
PH005332,9828650103,+91,Carrier_A,Maharashtra,2025-09-13,,Active,P003287,SYNTH_IDENTITY_DB
PH005333,9756350805,+91,Carrier_E,Maharashtra,2018-06-09,,Active,P001890,SYNTH_IDENTITY_DB
PH005334,9714133945,+91,Carrier_A,Maharashtra,2015-10-13,2020-12-29,Inactive,P004513,SYNTH_CDR_DB
PH005335,9774626467,+91,Carrier_C,Maharashtra,2022-03-04,,Active,P005088,SYNTH_TELECOM_DB
PH005336,9291539231,+91,Carrier_C,Maharashtra,2010-04-15,2015-04-09,Inactive,P002456,SYNTH_IDENTITY_DB
PH005337,9260171127,+91,Carrier_B,Maharashtra,2026-01-27,,Active,P000614,SYNTH_IDENTITY_DB
PH005338,9233024295,+91,Carrier_A,Maharashtra,2013-10-29,2018-01-13,Inactive,P001423,SYNTH_TELECOM_DB
PH005339,9885726778,+91,Carrier_B,Maharashtra,2015-04-10,,Active,P002112,SYNTH_CDR_DB
PH005340,9390330253,+91,Carrier_A,Maharashtra,2016-06-10,,Active,P006775,SYNTH_TELECOM_DB
PH005341,9663041320,+91,Carrier_D,Maharashtra,2018-12-24,,Active,P000136,SYNTH_CDR_DB
PH005342,9131635017,+91,Carrier_B,Maharashtra,2019-08-24,2021-08-05,Inactive,P004603,SYNTH_TELECOM_DB
PH005343,9882595433,+91,Carrier_A,Maharashtra,2017-10-18,,Active,P000796,SYNTH_IDENTITY_DB
PH005344,9352093825,+91,Carrier_E,Maharashtra,2024-11-28,,Active,P001656,SYNTH_CDR_DB
PH005345,9401812374,+91,Carrier_B,Maharashtra,2010-11-10,,Active,P002756,SYNTH_TELECOM_DB
PH005346,9681018034,+91,Carrier_A,Maharashtra,2011-06-09,2012-11-17,Inactive,P003663,SYNTH_LEGACY_DB
PH005347,9856878986,+91,Carrier_E,Maharashtra,2010-12-10,,Active,P004476,SYNTH_TELECOM_DB
PH005348,9718970609,+91,Carrier_C,Maharashtra,2010-05-10,2011-03-19,Reassigned,P006532,SYNTH_TELECOM_DB
PH005349,9741124785,+91,Carrier_A,Maharashtra,2010-04-17,,Active,P001165,SYNTH_IDENTITY_DB
PH005350,9347980807,+91,Carrier_C,Maharashtra,2018-04-25,,Active,P006731,SYNTH_TELECOM_DB
PH005351,9821522955,+91,Carrier_A,Maharashtra,2023-05-05,,Active,P000044,SYNTH_TELECOM_DB
PH005352,9410695689,+91,Carrier_D,Maharashtra,2010-11-02,,Active,P003643,SYNTH_TELECOM_DB
PH005353,9135935050,+91,Carrier_A,Maharashtra,2014-04-30,,Active,P005209,SYNTH_TELECOM_DB
PH005354,9277887859,+91,Carrier_B,Maharashtra,2014-06-30,,Active,P001499,SYNTH_LEGACY_DB
PH005355,9710315735,+91,Carrier_B,Maharashtra,2024-03-18,2026-08-29,Inactive,P005599,SYNTH_TELECOM_DB
PH005356,9597038435,+91,Carrier_B,Maharashtra,2022-12-14,,Active,P002261,SYNTH_CDR_DB
PH005357,9659229326,+91,Carrier_D,Maharashtra,2023-02-14,2026-08-29,Inactive,P001850,SYNTH_CDR_DB
PH005358,9234165385,+91,Carrier_D,Maharashtra,2022-08-18,2024-06-06,Suspended,P001141,SYNTH_TELECOM_DB
PH005359,9423421754,+91,Carrier_E,Maharashtra,2025-02-20,2026-04-12,Inactive,P000427,SYNTH_TELECOM_DB
PH005360,9842669420,+91,Carrier_C,Maharashtra,2014-08-06,,Active,P006019,SYNTH_TELECOM_DB
PH005361,9955493460,+91,Carrier_B,Maharashtra,2017-12-07,,Active,P003223,SYNTH_LEGACY_DB
PH005362,9199359227,+91,Carrier_B,Maharashtra,2014-11-02,,Active,P006373,SYNTH_TELECOM_DB
PH005363,9461711768,+91,Carrier_E,Maharashtra,2020-04-04,,Active,P000754,SYNTH_TELECOM_DB
PH005364,9360313393,+91,Carrier_A,Maharashtra,2010-04-08,,Active,P006670,SYNTH_TELECOM_DB
PH005365,9619625555,+91,Carrier_A,Maharashtra,2010-11-19,2012-03-20,Inactive,P004093,SYNTH_TELECOM_DB
PH005366,9507608782,+91,Carrier_B,Maharashtra,2019-05-21,,Active,P005451,SYNTH_TELECOM_DB
PH005367,9344763596,+91,Carrier_A,Maharashtra,2022-04-14,,Active,P002751,SYNTH_TELECOM_DB
PH005368,9457565846,+91,Carrier_B,Maharashtra,2023-02-24,,Active,P005106,SYNTH_CDR_DB
PH005369,9374457400,+91,Carrier_D,Maharashtra,2014-01-15,,Active,P005363,SYNTH_TELECOM_DB
PH005370,9592439215,+91,Carrier_D,Maharashtra,2024-11-02,,Active,P001693,SYNTH_TELECOM_DB
PH005371,9495762039,+91,Carrier_A,Maharashtra,2015-10-30,,Active,P002413,SYNTH_CDR_DB
PH005372,9181798402,+91,Carrier_C,Maharashtra,2022-06-22,,Active,P004443,SYNTH_IDENTITY_DB
PH005373,9369924777,+91,Carrier_B,Maharashtra,2019-05-22,,Active,P002023,SYNTH_TELECOM_DB
PH005374,9741641267,+91,Carrier_B,Maharashtra,2022-05-17,,Active,P004709,SYNTH_CDR_DB
PH005375,9945017702,+91,Carrier_C,Maharashtra,2018-09-03,2024-03-04,Inactive,P001552,SYNTH_TELECOM_DB
PH005376,9831398490,+91,Carrier_D,Maharashtra,2018-05-08,2022-03-21,Reassigned,P002872,SYNTH_TELECOM_DB
PH005377,9900525564,+91,Carrier_A,Maharashtra,2023-05-13,,Active,P000312,SYNTH_CDR_DB
PH005378,9324494145,+91,Carrier_B,Maharashtra,2017-04-22,2017-07-31,Suspended,P002988,SYNTH_TELECOM_DB
PH005379,9846171963,+91,Carrier_C,Maharashtra,2010-07-06,,Active,P001360,SYNTH_LEGACY_DB
PH005380,9787721814,+91,Carrier_B,Maharashtra,2013-11-03,,Active,P006755,SYNTH_TELECOM_DB
PH005381,9483174529,+91,Carrier_B,Maharashtra,2018-08-21,2018-09-20,Suspended,P005374,SYNTH_CDR_DB
PH005382,9981534094,+91,Carrier_B,Maharashtra,2023-11-25,,Active,P002275,SYNTH_TELECOM_DB
PH005383,9942088999,+91,Carrier_B,Maharashtra,2010-01-01,,Active,P000534,SYNTH_CDR_DB
PH005384,9262640165,+91,Carrier_C,Maharashtra,2018-03-09,,Active,P002828,SYNTH_LEGACY_DB
PH005385,9892647906,+91,Carrier_A,Maharashtra,2012-01-05,2012-08-07,Reassigned,P000053,SYNTH_CDR_DB
PH005386,9610457032,+91,Carrier_B,Maharashtra,2023-08-25,,Active,P000343,SYNTH_IDENTITY_DB
PH005387,9624599981,+91,Carrier_C,Maharashtra,2019-01-24,,Active,P005941,SYNTH_IDENTITY_DB
PH005388,9392234450,+91,Carrier_A,Maharashtra,2013-11-01,,Active,P005687,SYNTH_LEGACY_DB
PH005389,9122057736,+91,Carrier_C,Maharashtra,2017-03-22,,Active,P004451,SYNTH_CDR_DB
PH005390,9452408498,+91,Carrier_B,Maharashtra,2018-11-07,,Active,P003706,SYNTH_TELECOM_DB
PH005391,9252782975,+91,Carrier_B,Maharashtra,2016-09-26,,Active,P001358,SYNTH_TELECOM_DB
PH005392,9452135090,+91,Carrier_A,Maharashtra,2020-02-13,2026-08-29,Reassigned,P000297,SYNTH_TELECOM_DB
PH005393,9209105919,+91,Carrier_A,Maharashtra,2016-04-13,,Active,P004267,SYNTH_CDR_DB
PH005394,9225532567,+91,Carrier_E,Maharashtra,2018-04-19,,Active,P003631,SYNTH_CDR_DB
PH005395,9531682434,+91,Carrier_A,Maharashtra,2021-05-26,,Active,P003793,SYNTH_IDENTITY_DB
PH005396,9686748932,+91,Carrier_C,Maharashtra,2014-01-02,,Active,P001075,SYNTH_LEGACY_DB
PH005397,9818189058,+91,Carrier_A,Maharashtra,2026-05-09,,Active,P001692,SYNTH_TELECOM_DB
PH005398,9395728791,+91,Carrier_C,Maharashtra,2022-06-18,,Active,P002514,SYNTH_IDENTITY_DB
PH005399,9244807751,+91,Carrier_B,Maharashtra,2018-03-11,,Active,P004274,SYNTH_TELECOM_DB
PH005400,9597367593,+91,Carrier_B,Maharashtra,2024-06-19,,Active,P004856,SYNTH_TELECOM_DB
PH005401,9914179008,+91,Carrier_D,Maharashtra,2019-11-10,,Active,P006712,SYNTH_IDENTITY_DB
PH005402,9135969875,+91,Carrier_A,Maharashtra,2021-12-17,,Active,P005699,SYNTH_CDR_DB
PH005403,9488450510,+91,Carrier_D,Maharashtra,2010-05-29,2013-09-10,Inactive,P000070,SYNTH_CDR_DB
PH005404,9661413696,+91,Carrier_E,Maharashtra,2014-01-14,,Active,P003228,SYNTH_CDR_DB
PH005405,9455211526,+91,Carrier_A,Maharashtra,2020-08-23,2025-02-02,Inactive,P004414,SYNTH_IDENTITY_DB
PH005406,9694021676,+91,Carrier_C,Maharashtra,2014-10-01,,Active,P004474,SYNTH_CDR_DB
PH005407,9139041658,+91,Carrier_B,Maharashtra,2015-08-19,2017-05-12,Reassigned,P004274,SYNTH_TELECOM_DB
PH005408,9930677669,+91,Carrier_A,Maharashtra,2018-03-02,2020-08-02,Suspended,P006434,SYNTH_CDR_DB
PH005409,9148754017,+91,Carrier_B,Maharashtra,2019-07-16,,Active,P002800,SYNTH_LEGACY_DB
PH005410,9656070680,+91,Carrier_B,Maharashtra,2018-09-29,,Active,P006309,SYNTH_CDR_DB
PH005411,9609928149,+91,Carrier_A,Maharashtra,2024-04-12,,Active,P004330,SYNTH_TELECOM_DB
PH005412,9868153771,+91,Carrier_A,Maharashtra,2020-03-27,,Active,P000783,SYNTH_TELECOM_DB
PH005413,9484326614,+91,Carrier_E,Maharashtra,2019-02-08,,Active,P000087,SYNTH_TELECOM_DB
PH005414,9487987855,+91,Carrier_C,Maharashtra,2011-08-01,,Active,P002391,SYNTH_TELECOM_DB
PH005415,9878755534,+91,Carrier_C,Maharashtra,2015-05-26,,Active,P001750,SYNTH_TELECOM_DB
PH005416,9710412840,+91,Carrier_C,Maharashtra,2017-12-27,,Active,P002375,SYNTH_TELECOM_DB
PH005417,9178895657,+91,Carrier_B,Maharashtra,2018-11-22,2020-08-20,Suspended,P002933,SYNTH_CDR_DB
PH005418,9989624713,+91,Carrier_C,Maharashtra,2019-09-18,2021-07-02,Inactive,P001588,SYNTH_TELECOM_DB
PH005419,9657142693,+91,Carrier_A,Maharashtra,2016-01-20,,Active,P000441,SYNTH_TELECOM_DB
PH005420,9853769839,+91,Carrier_A,Maharashtra,2024-03-07,2026-08-29,Reassigned,P001705,SYNTH_TELECOM_DB
PH005421,9404791637,+91,Carrier_C,Maharashtra,2016-10-24,2018-04-01,Inactive,P005567,SYNTH_TELECOM_DB
PH005422,9995599306,+91,Carrier_B,Maharashtra,2024-05-09,,Active,P003864,SYNTH_TELECOM_DB
PH005423,9967054422,+91,Carrier_D,Maharashtra,2026-01-12,2026-08-29,Inactive,P004701,SYNTH_TELECOM_DB
PH005424,9981025154,+91,Carrier_A,Maharashtra,2020-09-26,,Active,P004005,SYNTH_TELECOM_DB
PH005425,9841335049,+91,Carrier_C,Maharashtra,2021-03-19,2025-04-04,Inactive,P005916,SYNTH_CDR_DB
PH005426,9903675263,+91,Carrier_B,Maharashtra,2019-10-10,,Active,P000731,SYNTH_CDR_DB
PH005427,9637800077,+91,Carrier_B,Maharashtra,2014-08-08,,Active,P005912,SYNTH_TELECOM_DB
PH005428,9881977257,+91,Carrier_A,Maharashtra,2023-12-02,2024-06-25,Suspended,P006028,SYNTH_LEGACY_DB
PH005429,9495670241,+91,Carrier_A,Maharashtra,2012-12-29,,Active,P000654,SYNTH_CDR_DB
PH005430,9926053135,+91,Carrier_B,Maharashtra,2024-02-24,,Active,P002957,SYNTH_TELECOM_DB
PH005431,9151366129,+91,Carrier_B,Maharashtra,2023-12-26,,Active,P001782,SYNTH_TELECOM_DB
PH005432,9895951314,+91,Carrier_A,Maharashtra,2011-11-13,2017-05-01,Inactive,P005171,SYNTH_TELECOM_DB
PH005433,9331720437,+91,Carrier_E,Maharashtra,2026-01-03,,Active,P005125,SYNTH_IDENTITY_DB
PH005434,9147796545,+91,Carrier_A,Maharashtra,2013-12-05,,Active,P003157,SYNTH_TELECOM_DB
PH005435,9960342991,+91,Carrier_E,Maharashtra,2017-09-18,,Active,P006410,SYNTH_LEGACY_DB
PH005436,9481558813,+91,Carrier_A,Maharashtra,2010-07-18,,Active,P003907,SYNTH_CDR_DB
PH005437,9153758571,+91,Carrier_A,Maharashtra,2014-12-05,,Active,P005663,SYNTH_TELECOM_DB
PH005438,9984078117,+91,Carrier_D,Maharashtra,2022-04-05,,Active,P005276,SYNTH_CDR_DB
PH005439,9310943374,+91,Carrier_B,Maharashtra,2018-12-19,,Active,P000147,SYNTH_CDR_DB
PH005440,9864381405,+91,Carrier_D,Maharashtra,2010-04-03,,Active,P001227,SYNTH_TELECOM_DB
PH005441,9525685315,+91,Carrier_B,Maharashtra,2013-08-29,,Active,P001442,SYNTH_TELECOM_DB
PH005442,9606060859,+91,Carrier_C,Maharashtra,2020-10-15,,Active,P000370,SYNTH_LEGACY_DB
PH005443,9994206734,+91,Carrier_A,Maharashtra,2023-03-12,,Active,P004325,SYNTH_TELECOM_DB
PH005444,9744501032,+91,Carrier_B,Maharashtra,2014-04-17,,Active,P005636,SYNTH_TELECOM_DB
PH005445,9379209754,+91,Carrier_A,Maharashtra,2011-01-02,,Active,P005062,SYNTH_IDENTITY_DB
PH005446,9418331578,+91,Carrier_A,Maharashtra,2021-12-22,,Active,P002944,SYNTH_CDR_DB
PH005447,9580870033,+91,Carrier_C,Maharashtra,2012-07-10,,Active,P001692,SYNTH_TELECOM_DB
PH005448,9956067625,+91,Carrier_A,Maharashtra,2010-03-28,2011-05-17,Inactive,P004220,SYNTH_TELECOM_DB
PH005449,9630299016,+91,Carrier_C,Maharashtra,2020-10-18,2026-03-04,Inactive,P004632,SYNTH_TELECOM_DB
PH005450,9434313003,+91,Carrier_A,Maharashtra,2025-10-12,,Active,P000441,SYNTH_CDR_DB
PH005451,9756747133,+91,Carrier_B,Maharashtra,2021-11-29,,Active,P003212,SYNTH_TELECOM_DB
PH005452,9619332441,+91,Carrier_C,Maharashtra,2014-08-13,,Active,P002277,SYNTH_TELECOM_DB
PH005453,9588290482,+91,Carrier_B,Maharashtra,2020-04-07,,Active,P000804,SYNTH_TELECOM_DB
PH005454,9365506733,+91,Carrier_E,Maharashtra,2025-05-28,,Active,P003255,SYNTH_CDR_DB
PH005455,9131670189,+91,Carrier_A,Maharashtra,2018-05-17,2018-11-12,Suspended,P004312,SYNTH_TELECOM_DB
PH005456,9995859583,+91,Carrier_B,Maharashtra,2021-06-09,,Active,P004457,SYNTH_LEGACY_DB
PH005457,9102481714,+91,Carrier_C,Maharashtra,2020-09-10,2022-11-10,Suspended,P000357,SYNTH_TELECOM_DB
PH005458,9382940996,+91,Carrier_A,Maharashtra,2021-01-27,,Active,P003535,SYNTH_TELECOM_DB
PH005459,9115728986,+91,Carrier_C,Maharashtra,2017-08-04,2018-08-04,Inactive,P003664,SYNTH_TELECOM_DB
PH005460,9633192853,+91,Carrier_B,Maharashtra,2024-01-29,,Active,P000697,SYNTH_CDR_DB
PH005461,9114633525,+91,Carrier_A,Maharashtra,2013-12-10,,Active,P003937,SYNTH_IDENTITY_DB
PH005462,9118254805,+91,Carrier_C,Maharashtra,2018-04-16,2023-04-23,Inactive,P005773,SYNTH_LEGACY_DB
PH005463,9204936195,+91,Carrier_B,Maharashtra,2016-04-25,2018-11-15,Inactive,P003497,SYNTH_TELECOM_DB
PH005464,9804213220,+91,Carrier_A,Maharashtra,2017-05-16,,Active,P000809,SYNTH_TELECOM_DB
PH005465,9728093459,+91,Carrier_A,Maharashtra,2011-05-17,,Active,P003398,SYNTH_TELECOM_DB
PH005466,9382546402,+91,Carrier_A,Maharashtra,2014-05-22,,Active,P002511,SYNTH_IDENTITY_DB
PH005467,9316370197,+91,Carrier_A,Maharashtra,2016-09-25,,Active,P006926,SYNTH_CDR_DB
PH005468,9460782529,+91,Carrier_B,Maharashtra,2014-09-29,,Active,P001345,SYNTH_TELECOM_DB
PH005469,9286154456,+91,Carrier_B,Maharashtra,2024-07-18,,Active,P000299,SYNTH_TELECOM_DB
PH005470,9393496896,+91,Carrier_A,Maharashtra,2021-01-07,,Active,P006166,SYNTH_TELECOM_DB
PH005471,9542245274,+91,Carrier_A,Maharashtra,2014-11-28,,Active,P002270,SYNTH_TELECOM_DB
PH005472,9476630720,+91,Carrier_A,Maharashtra,2022-03-27,,Active,P002302,SYNTH_IDENTITY_DB
PH005473,9735733463,+91,Carrier_B,Maharashtra,2017-11-17,2019-09-04,Suspended,P004370,SYNTH_TELECOM_DB
PH005474,9851388628,+91,Carrier_A,Maharashtra,2013-08-30,,Active,P000330,SYNTH_CDR_DB
PH005475,9548762108,+91,Carrier_E,Maharashtra,2026-04-26,,Active,P004390,SYNTH_CDR_DB
PH005476,9721302388,+91,Carrier_C,Maharashtra,2016-05-24,2018-12-13,Inactive,P004707,SYNTH_TELECOM_DB
PH005477,9294775466,+91,Carrier_C,Maharashtra,2021-05-08,2021-09-29,Inactive,P004560,SYNTH_TELECOM_DB
PH005478,9743575986,+91,Carrier_D,Maharashtra,2015-10-30,,Active,P004053,SYNTH_TELECOM_DB
PH005479,9720432166,+91,Carrier_C,Maharashtra,2020-03-08,,Active,P005383,SYNTH_IDENTITY_DB
PH005480,9964180885,+91,Carrier_D,Maharashtra,2011-06-15,,Active,P000969,SYNTH_IDENTITY_DB
PH005481,9537839098,+91,Carrier_D,Maharashtra,2016-09-02,,Active,P000807,SYNTH_IDENTITY_DB
PH005482,9140918074,+91,Carrier_D,Maharashtra,2024-09-02,,Active,P000710,SYNTH_LEGACY_DB
PH005483,9288734511,+91,Carrier_D,Maharashtra,2021-05-26,2022-09-20,Suspended,P006126,SYNTH_CDR_DB
PH005484,9463501959,+91,Carrier_B,Maharashtra,2014-07-13,,Active,P001303,SYNTH_IDENTITY_DB
PH005485,9714462254,+91,Carrier_A,Maharashtra,2015-10-20,2021-08-07,Inactive,P000983,SYNTH_LEGACY_DB
PH005486,9772762077,+91,Carrier_C,Maharashtra,2012-06-16,2013-11-05,Reassigned,P000604,SYNTH_TELECOM_DB
PH005487,9283379586,+91,Carrier_A,Maharashtra,2010-05-13,,Active,P000860,SYNTH_IDENTITY_DB
PH005488,9839441461,+91,Carrier_D,Maharashtra,2012-05-14,,Active,P000907,SYNTH_LEGACY_DB
PH005489,9674832431,+91,Carrier_C,Maharashtra,2023-10-28,,Active,P001487,SYNTH_CDR_DB
PH005490,9983922630,+91,Carrier_C,Maharashtra,2022-06-16,,Active,P003497,SYNTH_TELECOM_DB
PH005491,9373355772,+91,Carrier_D,Maharashtra,2021-07-25,,Active,P005244,SYNTH_TELECOM_DB
PH005492,9889974248,+91,Carrier_B,Maharashtra,2013-06-21,2018-12-18,Inactive,P002569,SYNTH_TELECOM_DB
PH005493,9719538580,+91,Carrier_A,Maharashtra,2018-07-31,,Active,P004516,SYNTH_CDR_DB
PH005494,9137394115,+91,Carrier_D,Maharashtra,2024-12-15,2026-08-29,Inactive,P004196,SYNTH_TELECOM_DB
PH005495,9986279896,+91,Carrier_D,Maharashtra,2024-04-09,,Active,P000750,SYNTH_IDENTITY_DB
PH005496,9546587682,+91,Carrier_C,Maharashtra,2020-04-23,,Active,P005046,SYNTH_CDR_DB
PH005497,9850842068,+91,Carrier_D,Maharashtra,2017-02-07,2023-01-29,Inactive,P001323,SYNTH_TELECOM_DB
PH005498,9524874389,+91,Carrier_A,Maharashtra,2023-04-08,,Active,P000447,SYNTH_IDENTITY_DB
PH005499,9943483160,+91,Carrier_B,Maharashtra,2019-07-18,,Active,P001710,SYNTH_TELECOM_DB
PH005500,9358206155,+91,Carrier_C,Maharashtra,2011-05-08,,Active,P004757,SYNTH_TELECOM_DB
PH005501,9685438401,+91,Carrier_B,Maharashtra,2025-10-26,,Active,P000646,SYNTH_TELECOM_DB
PH005502,9871386338,+91,Carrier_B,Maharashtra,2018-05-08,,Active,P005726,SYNTH_TELECOM_DB
PH005503,9957863379,+91,Carrier_C,Maharashtra,2023-10-15,,Active,P003607,SYNTH_IDENTITY_DB
PH005504,9729986847,+91,Carrier_B,Maharashtra,2025-05-04,,Active,P004001,SYNTH_TELECOM_DB
PH005505,9263153966,+91,Carrier_B,Maharashtra,2019-12-02,2023-01-29,Reassigned,P005614,SYNTH_CDR_DB
PH005506,9255585532,+91,Carrier_A,Maharashtra,2011-03-03,,Active,P006569,SYNTH_TELECOM_DB
PH005507,9465146363,+91,Carrier_A,Maharashtra,2019-02-26,,Active,P005214,SYNTH_TELECOM_DB
PH005508,9757969155,+91,Carrier_A,Maharashtra,2018-05-19,,Active,P006631,SYNTH_CDR_DB
PH005509,9534596206,+91,Carrier_C,Maharashtra,2017-05-24,,Active,P000044,SYNTH_IDENTITY_DB
PH005510,9554639056,+91,Carrier_A,Maharashtra,2013-04-02,,Active,P000810,SYNTH_TELECOM_DB
PH005511,9296625721,+91,Carrier_B,Maharashtra,2012-07-10,,Active,P004743,SYNTH_CDR_DB
PH005512,9165069701,+91,Carrier_B,Maharashtra,2014-05-29,,Active,P001620,SYNTH_LEGACY_DB
PH005513,9921137210,+91,Carrier_D,Maharashtra,2022-11-25,,Active,P000011,SYNTH_TELECOM_DB
PH005514,9799192550,+91,Carrier_C,Maharashtra,2010-10-25,2011-04-09,Suspended,P005214,SYNTH_TELECOM_DB
PH005515,9781541884,+91,Carrier_A,Maharashtra,2010-02-08,,Active,P005567,SYNTH_TELECOM_DB
PH005516,9772196334,+91,Carrier_A,Maharashtra,2010-10-15,,Active,P003097,SYNTH_IDENTITY_DB
PH005517,9948216391,+91,Carrier_A,Maharashtra,2014-03-26,,Active,P006551,SYNTH_TELECOM_DB
PH005518,9309796447,+91,Carrier_C,Maharashtra,2013-11-11,,Active,P005591,SYNTH_IDENTITY_DB
PH005519,9776105323,+91,Carrier_A,Maharashtra,2024-10-11,,Active,P003417,SYNTH_CDR_DB
PH005520,9826283067,+91,Carrier_D,Maharashtra,2022-07-23,,Active,P002892,SYNTH_TELECOM_DB
PH005521,9431706899,+91,Carrier_A,Maharashtra,2022-03-18,2026-03-20,Inactive,P005745,SYNTH_LEGACY_DB
PH005522,9560585249,+91,Carrier_A,Maharashtra,2013-07-25,2015-09-03,Reassigned,P002554,SYNTH_TELECOM_DB
PH005523,9687635790,+91,Carrier_C,Maharashtra,2020-02-12,,Active,P005222,SYNTH_LEGACY_DB
PH005524,9724848834,+91,Carrier_A,Maharashtra,2017-07-18,,Active,P004139,SYNTH_TELECOM_DB
PH005525,9138019306,+91,Carrier_A,Maharashtra,2012-02-21,,Active,P001079,SYNTH_TELECOM_DB
PH005526,9582570720,+91,Carrier_A,Maharashtra,2021-09-12,,Active,P001507,SYNTH_TELECOM_DB
PH005527,9456152407,+91,Carrier_A,Maharashtra,2013-07-10,,Active,P001859,SYNTH_IDENTITY_DB
PH005528,9559063539,+91,Carrier_D,Maharashtra,2010-09-02,2010-11-03,Suspended,P003297,SYNTH_TELECOM_DB
PH005529,9710843474,+91,Carrier_A,Maharashtra,2016-12-27,,Active,P000211,SYNTH_TELECOM_DB
PH005530,9402637494,+91,Carrier_B,Maharashtra,2014-09-28,,Active,P006509,SYNTH_TELECOM_DB
PH005531,9737177535,+91,Carrier_A,Maharashtra,2013-07-05,,Active,P002481,SYNTH_CDR_DB
PH005532,9929353176,+91,Carrier_B,Maharashtra,2024-11-04,2026-08-29,Inactive,P001327,SYNTH_CDR_DB
PH005533,9397266700,+91,Carrier_C,Maharashtra,2012-09-06,,Active,P002599,SYNTH_CDR_DB
PH005534,9783542110,+91,Carrier_C,Maharashtra,2022-11-04,,Active,P001190,SYNTH_TELECOM_DB
PH005535,9502871263,+91,Carrier_E,Maharashtra,2017-05-02,2019-09-03,Suspended,P004779,SYNTH_TELECOM_DB
PH005536,9278862536,+91,Carrier_A,Maharashtra,2018-05-08,,Active,P006302,SYNTH_TELECOM_DB
PH005537,9706354178,+91,Carrier_D,Maharashtra,2015-05-03,,Active,P000931,SYNTH_CDR_DB
PH005538,9689365941,+91,Carrier_A,Maharashtra,2022-04-04,2024-07-22,Suspended,P005787,SYNTH_TELECOM_DB
PH005539,9361737411,+91,Carrier_B,Maharashtra,2010-03-31,,Active,P005956,SYNTH_TELECOM_DB
PH005540,9908729440,+91,Carrier_B,Maharashtra,2025-07-15,,Active,P006101,SYNTH_CDR_DB
PH005541,9433310661,+91,Carrier_C,Maharashtra,2020-11-18,2023-10-23,Inactive,P005008,SYNTH_TELECOM_DB
PH005542,9406790828,+91,Carrier_D,Maharashtra,2019-09-30,2024-09-12,Inactive,P002287,SYNTH_LEGACY_DB
PH005543,9536491902,+91,Carrier_A,Maharashtra,2018-03-06,2022-07-09,Inactive,P000715,SYNTH_TELECOM_DB
PH005544,9588649763,+91,Carrier_A,Maharashtra,2017-01-16,2018-07-30,Suspended,P004746,SYNTH_IDENTITY_DB
PH005545,9923740039,+91,Carrier_B,Maharashtra,2012-08-16,,Active,P002531,SYNTH_TELECOM_DB
PH005546,9580890613,+91,Carrier_C,Maharashtra,2023-06-06,,Active,P000530,SYNTH_IDENTITY_DB
PH005547,9321838973,+91,Carrier_A,Maharashtra,2025-09-12,2026-08-29,Inactive,P006897,SYNTH_TELECOM_DB
PH005548,9912079129,+91,Carrier_A,Maharashtra,2025-09-30,,Active,P003405,SYNTH_TELECOM_DB
PH005549,9165932717,+91,Carrier_B,Maharashtra,2024-08-12,,Active,P005049,SYNTH_TELECOM_DB
PH005550,9367278387,+91,Carrier_A,Maharashtra,2019-05-02,,Active,P003731,SYNTH_TELECOM_DB
PH005551,9215008007,+91,Carrier_B,Maharashtra,2023-08-15,,Active,P006565,SYNTH_TELECOM_DB
PH005552,9349397311,+91,Carrier_C,Maharashtra,2025-04-23,,Active,P004181,SYNTH_CDR_DB
PH005553,9518367314,+91,Carrier_D,Maharashtra,2022-04-15,,Active,P000924,SYNTH_LEGACY_DB
PH005554,9126326175,+91,Carrier_C,Maharashtra,2024-10-21,2026-08-29,Inactive,P006661,SYNTH_TELECOM_DB
PH005555,9875934009,+91,Carrier_B,Maharashtra,2026-02-25,2026-08-29,Reassigned,P004500,SYNTH_TELECOM_DB
PH005556,9717758343,+91,Carrier_C,Maharashtra,2015-09-06,,Active,P001098,SYNTH_TELECOM_DB
PH005557,9925795125,+91,Carrier_B,Maharashtra,2022-07-30,,Active,P002133,SYNTH_TELECOM_DB
PH005558,9679421858,+91,Carrier_A,Maharashtra,2015-01-12,,Active,P002285,SYNTH_TELECOM_DB
PH005559,9867245825,+91,Carrier_A,Maharashtra,2019-09-24,,Active,P003576,SYNTH_IDENTITY_DB
PH005560,9265751593,+91,Carrier_A,Maharashtra,2013-05-11,2013-12-30,Suspended,P006355,SYNTH_TELECOM_DB
PH005561,9215649127,+91,Carrier_B,Maharashtra,2014-05-06,,Active,P005688,SYNTH_TELECOM_DB
PH005562,9312028561,+91,Carrier_B,Maharashtra,2021-03-08,2026-08-29,Inactive,P003741,SYNTH_TELECOM_DB
PH005563,9956061096,+91,Carrier_C,Maharashtra,2015-11-22,,Active,P003638,SYNTH_LEGACY_DB
PH005564,9855238959,+91,Carrier_B,Maharashtra,2018-05-01,,Active,P000590,SYNTH_IDENTITY_DB
PH005565,9334819254,+91,Carrier_B,Maharashtra,2022-07-03,,Active,P006780,SYNTH_TELECOM_DB
PH005566,9712786025,+91,Carrier_D,Maharashtra,2010-08-13,,Active,P004057,SYNTH_TELECOM_DB
PH005567,9591831730,+91,Carrier_B,Maharashtra,2026-08-21,,Active,P005287,SYNTH_CDR_DB
PH005568,9703897439,+91,Carrier_C,Maharashtra,2016-06-05,2020-08-03,Inactive,P006595,SYNTH_TELECOM_DB
PH005569,9673201164,+91,Carrier_E,Maharashtra,2012-10-10,,Active,P005286,SYNTH_TELECOM_DB
PH005570,9184080150,+91,Carrier_A,Maharashtra,2011-06-08,,Active,P004131,SYNTH_CDR_DB
PH005571,9296444608,+91,Carrier_B,Maharashtra,2011-01-01,,Active,P005770,SYNTH_CDR_DB
PH005572,9746106583,+91,Carrier_D,Maharashtra,2021-09-23,,Active,P002808,SYNTH_TELECOM_DB
PH005573,9581366247,+91,Carrier_A,Maharashtra,2010-11-03,2012-09-29,Suspended,P002400,SYNTH_TELECOM_DB
PH005574,9611509277,+91,Carrier_A,Maharashtra,2010-10-23,,Active,P006841,SYNTH_TELECOM_DB
PH005575,9677797409,+91,Carrier_B,Maharashtra,2024-08-24,,Active,P002823,SYNTH_LEGACY_DB
PH005576,9104206231,+91,Carrier_B,Maharashtra,2015-09-09,,Active,P006055,SYNTH_TELECOM_DB
PH005577,9211365454,+91,Carrier_B,Maharashtra,2017-07-31,,Active,P002942,SYNTH_TELECOM_DB
PH005578,9523718359,+91,Carrier_B,Maharashtra,2026-01-09,,Active,P006725,SYNTH_CDR_DB
PH005579,9183874081,+91,Carrier_B,Maharashtra,2021-05-02,,Active,P000770,SYNTH_TELECOM_DB
PH005580,9118102037,+91,Carrier_C,Maharashtra,2013-04-11,,Active,P001361,SYNTH_IDENTITY_DB
PH005581,9125329677,+91,Carrier_A,Maharashtra,2022-05-27,,Active,P001642,SYNTH_CDR_DB
PH005582,9521754642,+91,Carrier_C,Maharashtra,2011-11-06,,Active,P001878,SYNTH_TELECOM_DB
PH005583,9933249669,+91,Carrier_D,Maharashtra,2018-12-09,2019-06-03,Inactive,P005469,SYNTH_TELECOM_DB
PH005584,9951172943,+91,Carrier_B,Maharashtra,2015-11-13,,Active,P003870,SYNTH_TELECOM_DB
PH005585,9310224906,+91,Carrier_A,Maharashtra,2025-03-18,2026-08-29,Inactive,P002279,SYNTH_CDR_DB
PH005586,9421894733,+91,Carrier_C,Maharashtra,2014-05-31,,Active,P006747,SYNTH_IDENTITY_DB
PH005587,9676714720,+91,Carrier_A,Maharashtra,2012-08-09,,Active,P003956,SYNTH_CDR_DB
PH005588,9453822173,+91,Carrier_B,Maharashtra,2024-01-01,,Active,P000710,SYNTH_TELECOM_DB
PH005589,9797925898,+91,Carrier_A,Maharashtra,2012-10-27,2016-10-28,Inactive,P000381,SYNTH_IDENTITY_DB
PH005590,9402266821,+91,Carrier_E,Maharashtra,2026-01-01,,Active,P005852,SYNTH_CDR_DB
PH005591,9534719562,+91,Carrier_C,Maharashtra,2014-11-21,,Active,P005742,SYNTH_TELECOM_DB
PH005592,9929959807,+91,Carrier_B,Maharashtra,2015-04-21,2015-10-31,Suspended,P003189,SYNTH_TELECOM_DB
PH005593,9602192175,+91,Carrier_A,Maharashtra,2016-02-12,2019-10-23,Inactive,P005666,SYNTH_TELECOM_DB
PH005594,9526217532,+91,Carrier_B,Maharashtra,2017-04-11,,Active,P002184,SYNTH_CDR_DB
PH005595,9894085114,+91,Carrier_A,Maharashtra,2025-07-10,,Active,P003849,SYNTH_TELECOM_DB
PH005596,9924978283,+91,Carrier_C,Maharashtra,2024-04-19,,Active,P002173,SYNTH_TELECOM_DB
PH005597,9463090562,+91,Carrier_D,Maharashtra,2024-01-21,,Active,P004772,SYNTH_TELECOM_DB
PH005598,9342149238,+91,Carrier_B,Maharashtra,2024-10-18,,Active,P001034,SYNTH_TELECOM_DB
PH005599,9911943672,+91,Carrier_B,Maharashtra,2014-08-18,2017-03-27,Suspended,P000527,SYNTH_LEGACY_DB
PH005600,9655026772,+91,Carrier_A,Maharashtra,2012-09-15,2015-04-19,Suspended,P003927,SYNTH_TELECOM_DB
PH005601,9171312780,+91,Carrier_A,Maharashtra,2026-07-11,,Active,P001610,SYNTH_CDR_DB
PH005602,9236368826,+91,Carrier_C,Maharashtra,2020-06-20,2026-08-25,Inactive,P006004,SYNTH_LEGACY_DB
PH005603,9807828685,+91,Carrier_D,Maharashtra,2011-01-10,,Active,P006280,SYNTH_CDR_DB
PH005604,9517800715,+91,Carrier_C,Maharashtra,2011-06-07,,Active,P002560,SYNTH_TELECOM_DB
PH005605,9572522838,+91,Carrier_A,Maharashtra,2026-04-19,,Active,P003676,SYNTH_TELECOM_DB
PH005606,9172071180,+91,Carrier_A,Maharashtra,2018-11-25,,Active,P001275,SYNTH_TELECOM_DB
PH005607,9197609946,+91,Carrier_A,Maharashtra,2023-11-10,,Active,P005454,SYNTH_TELECOM_DB
PH005608,9977181511,+91,Carrier_A,Maharashtra,2013-08-17,2016-01-15,Reassigned,P003373,SYNTH_TELECOM_DB
PH005609,9217096994,+91,Carrier_C,Maharashtra,2015-04-12,,Active,P006646,SYNTH_TELECOM_DB
PH005610,9796333324,+91,Carrier_D,Maharashtra,2012-07-28,,Active,P002470,SYNTH_CDR_DB
PH005611,9941780089,+91,Carrier_A,Maharashtra,2023-08-14,,Active,P004618,SYNTH_TELECOM_DB
PH005612,9675416260,+91,Carrier_D,Maharashtra,2014-03-30,,Active,P003581,SYNTH_TELECOM_DB
PH005613,9269166762,+91,Carrier_A,Maharashtra,2026-04-21,2026-08-29,Suspended,P005251,SYNTH_TELECOM_DB
PH005614,9235649442,+91,Carrier_B,Maharashtra,2018-07-18,,Active,P006676,SYNTH_TELECOM_DB
PH005615,9561564846,+91,Carrier_A,Maharashtra,2024-02-18,,Active,P002288,SYNTH_TELECOM_DB
PH005616,9173662729,+91,Carrier_A,Maharashtra,2023-12-29,2026-08-29,Inactive,P003527,SYNTH_IDENTITY_DB
PH005617,9751141974,+91,Carrier_D,Maharashtra,2017-05-29,,Active,P006933,SYNTH_TELECOM_DB
PH005618,9637640532,+91,Carrier_C,Maharashtra,2015-09-09,,Active,P003907,SYNTH_LEGACY_DB
PH005619,9131937417,+91,Carrier_A,Maharashtra,2018-04-13,,Active,P005279,SYNTH_TELECOM_DB
PH005620,9304947580,+91,Carrier_B,Maharashtra,2026-06-21,,Active,P004192,SYNTH_LEGACY_DB
PH005621,9711783102,+91,Carrier_A,Maharashtra,2010-08-16,,Active,P001090,SYNTH_IDENTITY_DB
PH005622,9448021848,+91,Carrier_A,Maharashtra,2010-04-04,,Active,P001872,SYNTH_TELECOM_DB
PH005623,9900952849,+91,Carrier_A,Maharashtra,2024-01-27,,Active,P004540,SYNTH_TELECOM_DB
PH005624,9569800227,+91,Carrier_A,Maharashtra,2018-07-06,,Active,P006820,SYNTH_TELECOM_DB
PH005625,9994547295,+91,Carrier_A,Maharashtra,2011-01-29,,Active,P001463,SYNTH_TELECOM_DB
PH005626,9416780046,+91,Carrier_B,Maharashtra,2026-01-21,,Active,P000281,SYNTH_TELECOM_DB
PH005627,9491034316,+91,Carrier_C,Maharashtra,2011-03-08,,Active,P001346,SYNTH_CDR_DB
PH005628,9146293704,+91,Carrier_C,Maharashtra,2014-03-19,2015-07-06,Inactive,P003002,SYNTH_TELECOM_DB
PH005629,9614096333,+91,Carrier_B,Maharashtra,2019-02-01,,Active,P004863,SYNTH_TELECOM_DB
PH005630,9767474127,+91,Carrier_B,Maharashtra,2026-01-21,,Active,P002239,SYNTH_TELECOM_DB
PH005631,9346523904,+91,Carrier_A,Maharashtra,2014-09-13,2018-05-18,Reassigned,P004440,SYNTH_CDR_DB
PH005632,9926054340,+91,Carrier_B,Maharashtra,2012-04-04,,Active,P000987,SYNTH_TELECOM_DB
PH005633,9931475785,+91,Carrier_A,Maharashtra,2021-10-29,,Active,P001795,SYNTH_TELECOM_DB
PH005634,9719008976,+91,Carrier_C,Maharashtra,2016-11-16,,Active,P000834,SYNTH_CDR_DB
PH005635,9857440478,+91,Carrier_A,Maharashtra,2019-12-16,,Active,P006070,SYNTH_TELECOM_DB
PH005636,9431573539,+91,Carrier_A,Maharashtra,2010-12-16,,Active,P001330,SYNTH_CDR_DB
PH005637,9115824091,+91,Carrier_C,Maharashtra,2018-04-23,,Active,P006206,SYNTH_TELECOM_DB
PH005638,9708822149,+91,Carrier_B,Maharashtra,2013-01-01,,Active,P004899,SYNTH_TELECOM_DB
PH005639,9308929321,+91,Carrier_C,Maharashtra,2022-01-05,,Active,P002941,SYNTH_TELECOM_DB
PH005640,9536670451,+91,Carrier_A,Maharashtra,2022-08-24,,Active,P005801,SYNTH_LEGACY_DB
PH005641,9300008250,+91,Carrier_B,Maharashtra,2016-09-04,,Active,P002109,SYNTH_TELECOM_DB
PH005642,9482722164,+91,Carrier_D,Maharashtra,2010-11-19,,Active,P003318,SYNTH_CDR_DB
PH005643,9972241840,+91,Carrier_B,Maharashtra,2023-10-12,,Active,P003061,SYNTH_LEGACY_DB
PH005644,9794956862,+91,Carrier_D,Maharashtra,2016-01-12,,Active,P005974,SYNTH_TELECOM_DB
PH005645,9756185927,+91,Carrier_B,Maharashtra,2023-02-13,,Active,P001546,SYNTH_TELECOM_DB
PH005646,9534824814,+91,Carrier_D,Maharashtra,2020-11-27,,Active,P005127,SYNTH_IDENTITY_DB
PH005647,9488165006,+91,Carrier_A,Maharashtra,2021-10-01,,Active,P001045,SYNTH_CDR_DB
PH005648,9401280757,+91,Carrier_D,Maharashtra,2021-06-07,2024-09-24,Inactive,P001810,SYNTH_IDENTITY_DB
PH005649,9150210735,+91,Carrier_A,Maharashtra,2016-03-10,,Active,P000955,SYNTH_TELECOM_DB
PH005650,9451475094,+91,Carrier_D,Maharashtra,2026-03-15,,Active,P006290,SYNTH_TELECOM_DB
PH005651,9421944814,+91,Carrier_A,Maharashtra,2011-01-24,,Active,P006682,SYNTH_CDR_DB
PH005652,9798067747,+91,Carrier_B,Maharashtra,2023-06-29,,Active,P003647,SYNTH_TELECOM_DB
PH005653,9997800819,+91,Carrier_A,Maharashtra,2016-09-09,2017-04-02,Inactive,P000320,SYNTH_LEGACY_DB
PH005654,9190567237,+91,Carrier_B,Maharashtra,2021-10-18,2026-08-29,Inactive,P005609,SYNTH_TELECOM_DB
PH005655,9707302997,+91,Carrier_B,Maharashtra,2010-05-14,,Active,P000075,SYNTH_IDENTITY_DB
PH005656,9579063337,+91,Carrier_A,Maharashtra,2012-11-26,2018-09-18,Reassigned,P002308,SYNTH_TELECOM_DB
PH005657,9503302950,+91,Carrier_A,Maharashtra,2026-02-19,,Active,P002949,SYNTH_TELECOM_DB
PH005658,9843894392,+91,Carrier_A,Maharashtra,2020-06-17,2021-07-08,Suspended,P006669,SYNTH_TELECOM_DB
PH005659,9705348394,+91,Carrier_B,Maharashtra,2019-03-23,,Active,P006334,SYNTH_CDR_DB
PH005660,9806827883,+91,Carrier_B,Maharashtra,2012-05-12,2014-07-28,Suspended,P001322,SYNTH_TELECOM_DB
PH005661,9985518754,+91,Carrier_A,Maharashtra,2018-12-10,,Active,P000054,SYNTH_IDENTITY_DB
PH005662,9207781949,+91,Carrier_B,Maharashtra,2013-08-10,2015-06-08,Inactive,P003454,SYNTH_TELECOM_DB
PH005663,9776204409,+91,Carrier_A,Maharashtra,2021-12-22,2022-02-11,Inactive,P000928,SYNTH_CDR_DB
PH005664,9311515313,+91,Carrier_A,Maharashtra,2015-08-30,,Active,P001070,SYNTH_LEGACY_DB
PH005665,9356926280,+91,Carrier_A,Maharashtra,2010-07-12,2014-05-18,Inactive,P006927,SYNTH_TELECOM_DB
PH005666,9268862705,+91,Carrier_E,Maharashtra,2011-05-29,,Active,P005103,SYNTH_CDR_DB
PH005667,9111029867,+91,Carrier_C,Maharashtra,2024-12-01,,Active,P000054,SYNTH_TELECOM_DB
PH005668,9349814875,+91,Carrier_B,Maharashtra,2020-10-21,,Active,P001418,SYNTH_TELECOM_DB
PH005669,9688698851,+91,Carrier_A,Maharashtra,2013-11-27,,Active,P002548,SYNTH_TELECOM_DB
PH005670,9480864948,+91,Carrier_A,Maharashtra,2024-10-11,,Active,P004930,SYNTH_CDR_DB
PH005671,9721651559,+91,Carrier_B,Maharashtra,2018-04-28,2025-01-29,Inactive,P002406,SYNTH_TELECOM_DB
PH005672,9662939629,+91,Carrier_C,Maharashtra,2020-12-22,2023-06-17,Inactive,P005602,SYNTH_TELECOM_DB
PH005673,9449472056,+91,Carrier_A,Maharashtra,2019-03-02,,Active,P006448,SYNTH_LEGACY_DB
PH005674,9722749733,+91,Carrier_A,Maharashtra,2023-09-20,,Active,P002227,SYNTH_TELECOM_DB
PH005675,9440579914,+91,Carrier_C,Maharashtra,2022-06-22,,Active,P006210,SYNTH_CDR_DB
PH005676,9428803316,+91,Carrier_A,Maharashtra,2021-11-03,,Active,P002023,SYNTH_IDENTITY_DB
PH005677,9855728719,+91,Carrier_A,Maharashtra,2019-06-09,2021-07-03,Suspended,P003094,SYNTH_TELECOM_DB
PH005678,9721080829,+91,Carrier_A,Maharashtra,2026-02-03,,Active,P000800,SYNTH_TELECOM_DB
PH005679,9738575544,+91,Carrier_A,Maharashtra,2019-07-30,,Active,P006136,SYNTH_CDR_DB
PH005680,9421671950,+91,Carrier_C,Maharashtra,2022-05-20,,Active,P000978,SYNTH_TELECOM_DB
PH005681,9794455432,+91,Carrier_C,Maharashtra,2014-10-04,,Active,P001576,SYNTH_TELECOM_DB
PH005682,9669038431,+91,Carrier_A,Maharashtra,2021-03-10,,Active,P005872,SYNTH_TELECOM_DB
PH005683,9547152226,+91,Carrier_D,Maharashtra,2012-04-02,,Active,P001901,SYNTH_TELECOM_DB
PH005684,9743139016,+91,Carrier_A,Maharashtra,2011-12-04,,Active,P001230,SYNTH_TELECOM_DB
PH005685,9834352647,+91,Carrier_C,Maharashtra,2016-03-01,,Active,P002022,SYNTH_CDR_DB
PH005686,9783435153,+91,Carrier_A,Maharashtra,2017-09-03,,Active,P001381,SYNTH_TELECOM_DB
PH005687,9284709814,+91,Carrier_A,Maharashtra,2012-12-25,,Active,P002440,SYNTH_TELECOM_DB
PH005688,9801452073,+91,Carrier_C,Maharashtra,2013-06-27,,Active,P001369,SYNTH_LEGACY_DB
PH005689,9975985307,+91,Carrier_A,Maharashtra,2019-11-03,,Active,P006221,SYNTH_CDR_DB
PH005690,9623164525,+91,Carrier_B,Maharashtra,2016-09-24,,Active,P004746,SYNTH_LEGACY_DB
PH005691,9358829077,+91,Carrier_C,Maharashtra,2022-07-02,,Active,P000464,SYNTH_TELECOM_DB
PH005692,9535811610,+91,Carrier_B,Maharashtra,2018-08-08,,Active,P005163,SYNTH_TELECOM_DB
PH005693,9966098803,+91,Carrier_D,Maharashtra,2016-08-24,,Active,P000205,SYNTH_TELECOM_DB
PH005694,9281240257,+91,Carrier_B,Maharashtra,2025-10-19,,Active,P004609,SYNTH_TELECOM_DB
PH005695,9357707222,+91,Carrier_B,Maharashtra,2017-09-13,,Active,P001467,SYNTH_TELECOM_DB
PH005696,9526160875,+91,Carrier_B,Maharashtra,2020-09-04,,Active,P006503,SYNTH_IDENTITY_DB
PH005697,9785846644,+91,Carrier_B,Maharashtra,2014-07-03,,Active,P005810,SYNTH_CDR_DB
PH005698,9308772193,+91,Carrier_B,Maharashtra,2025-11-05,,Active,P001525,SYNTH_LEGACY_DB
PH005699,9846094783,+91,Carrier_C,Maharashtra,2011-08-05,,Active,P001358,SYNTH_TELECOM_DB
PH005700,9672916203,+91,Carrier_B,Maharashtra,2010-06-09,,Active,P004056,SYNTH_IDENTITY_DB
PH005701,9635931522,+91,Carrier_D,Maharashtra,2014-04-06,,Active,P006905,SYNTH_TELECOM_DB
PH005702,9133690593,+91,Carrier_B,Maharashtra,2023-01-19,2024-09-16,Inactive,P006894,SYNTH_TELECOM_DB
PH005703,9975759044,+91,Carrier_B,Maharashtra,2022-01-18,2022-04-29,Inactive,P004549,SYNTH_CDR_DB
PH005704,9981628458,+91,Carrier_A,Maharashtra,2018-03-11,2018-10-20,Suspended,P003556,SYNTH_TELECOM_DB
PH005705,9152149792,+91,Carrier_B,Maharashtra,2019-06-06,2019-11-02,Suspended,P004274,SYNTH_TELECOM_DB
PH005706,9756663357,+91,Carrier_D,Maharashtra,2012-12-07,,Active,P006508,SYNTH_TELECOM_DB
PH005707,9976034625,+91,Carrier_A,Maharashtra,2025-11-25,2026-08-29,Suspended,P006553,SYNTH_TELECOM_DB
PH005708,9920653877,+91,Carrier_A,Maharashtra,2015-11-05,,Active,P002203,SYNTH_IDENTITY_DB
PH005709,9333336637,+91,Carrier_C,Maharashtra,2020-02-15,,Active,P005277,SYNTH_CDR_DB
PH005710,9647810087,+91,Carrier_B,Maharashtra,2023-10-31,2026-05-03,Suspended,P000435,SYNTH_CDR_DB
PH005711,9872269073,+91,Carrier_B,Maharashtra,2025-11-25,,Active,P002122,SYNTH_TELECOM_DB
PH005712,9644785316,+91,Carrier_C,Maharashtra,2018-12-14,2022-10-07,Inactive,P006420,SYNTH_TELECOM_DB
PH005713,9302361556,+91,Carrier_A,Maharashtra,2012-08-27,,Active,P002357,SYNTH_TELECOM_DB
PH005714,9921145494,+91,Carrier_D,Maharashtra,2023-08-12,,Active,P002387,SYNTH_IDENTITY_DB
PH005715,9895793980,+91,Carrier_C,Maharashtra,2022-07-22,2026-08-29,Inactive,P003880,SYNTH_IDENTITY_DB
PH005716,9161713154,+91,Carrier_A,Maharashtra,2012-08-21,2014-08-06,Inactive,P005534,SYNTH_TELECOM_DB
PH005717,9620303899,+91,Carrier_E,Maharashtra,2015-05-29,,Active,P005198,SYNTH_CDR_DB
PH005718,9126833220,+91,Carrier_B,Maharashtra,2019-04-20,,Active,P000259,SYNTH_TELECOM_DB
PH005719,9473541878,+91,Carrier_B,Maharashtra,2020-08-01,,Active,P005250,SYNTH_TELECOM_DB
PH005720,9672256284,+91,Carrier_B,Maharashtra,2015-05-05,2019-07-31,Inactive,P002898,SYNTH_TELECOM_DB
PH005721,9948496999,+91,Carrier_B,Maharashtra,2011-08-28,2013-08-06,Reassigned,P000058,SYNTH_CDR_DB
PH005722,9106466433,+91,Carrier_B,Maharashtra,2016-09-12,,Active,P005519,SYNTH_CDR_DB
PH005723,9952708729,+91,Carrier_B,Maharashtra,2026-03-15,,Active,P005671,SYNTH_CDR_DB
PH005724,9813798936,+91,Carrier_E,Maharashtra,2026-07-04,2026-08-29,Inactive,P006779,SYNTH_TELECOM_DB
PH005725,9421797195,+91,Carrier_A,Maharashtra,2014-07-03,,Active,P006850,SYNTH_IDENTITY_DB
PH005726,9406648876,+91,Carrier_D,Maharashtra,2014-05-21,2019-11-21,Inactive,P006247,SYNTH_TELECOM_DB
PH005727,9776885035,+91,Carrier_E,Maharashtra,2018-07-21,,Active,P003924,SYNTH_IDENTITY_DB
PH005728,9721655821,+91,Carrier_C,Maharashtra,2021-09-24,2022-11-05,Inactive,P006025,SYNTH_CDR_DB
PH005729,9199158303,+91,Carrier_C,Maharashtra,2018-05-29,2024-08-14,Inactive,P005718,SYNTH_TELECOM_DB
PH005730,9984726061,+91,Carrier_D,Maharashtra,2015-09-26,,Active,P001551,SYNTH_TELECOM_DB
PH005731,9349593725,+91,Carrier_D,Maharashtra,2025-07-08,2026-08-29,Inactive,P006542,SYNTH_LEGACY_DB
PH005732,9564837405,+91,Carrier_A,Maharashtra,2017-02-04,,Active,P003123,SYNTH_TELECOM_DB
PH005733,9992498860,+91,Carrier_A,Maharashtra,2021-12-04,,Active,P001764,SYNTH_TELECOM_DB
PH005734,9785456107,+91,Carrier_B,Maharashtra,2011-12-09,,Active,P005628,SYNTH_TELECOM_DB
PH005735,9719829102,+91,Carrier_B,Maharashtra,2016-05-20,,Active,P004556,SYNTH_LEGACY_DB
PH005736,9546946092,+91,Carrier_C,Maharashtra,2013-03-30,,Active,P006595,SYNTH_CDR_DB
PH005737,9484310751,+91,Carrier_B,Maharashtra,2010-06-30,,Active,P001186,SYNTH_CDR_DB
PH005738,9756699662,+91,Carrier_E,Maharashtra,2023-05-19,,Active,P006359,SYNTH_TELECOM_DB
PH005739,9387342686,+91,Carrier_C,Maharashtra,2013-05-09,2014-04-09,Suspended,P000578,SYNTH_LEGACY_DB
PH005740,9236637464,+91,Carrier_A,Maharashtra,2024-08-06,,Active,P001935,SYNTH_IDENTITY_DB
PH005741,9643573894,+91,Carrier_B,Maharashtra,2015-03-24,2020-04-05,Reassigned,P001529,SYNTH_TELECOM_DB
PH005742,9964653184,+91,Carrier_B,Maharashtra,2022-08-01,2023-09-15,Inactive,P005082,SYNTH_TELECOM_DB
PH005743,9827632732,+91,Carrier_A,Maharashtra,2025-04-02,,Active,P002099,SYNTH_TELECOM_DB
PH005744,9486624439,+91,Carrier_C,Maharashtra,2023-12-02,2025-02-18,Suspended,P002573,SYNTH_TELECOM_DB
PH005745,9805826712,+91,Carrier_A,Maharashtra,2017-01-12,,Active,P004393,SYNTH_TELECOM_DB
PH005746,9387709825,+91,Carrier_E,Maharashtra,2022-04-17,,Active,P000402,SYNTH_IDENTITY_DB
PH005747,9810134746,+91,Carrier_A,Maharashtra,2016-11-24,,Active,P003234,SYNTH_TELECOM_DB
PH005748,9282235342,+91,Carrier_C,Maharashtra,2012-11-22,,Active,P003064,SYNTH_TELECOM_DB
PH005749,9173757961,+91,Carrier_C,Maharashtra,2026-06-16,,Active,P002086,SYNTH_TELECOM_DB
PH005750,9434280821,+91,Carrier_B,Maharashtra,2016-01-03,,Active,P000804,SYNTH_TELECOM_DB
PH005751,9924512339,+91,Carrier_A,Maharashtra,2023-03-23,2026-08-29,Reassigned,P005590,SYNTH_LEGACY_DB
PH005752,9829070511,+91,Carrier_C,Maharashtra,2014-08-26,2016-12-20,Suspended,P003868,SYNTH_TELECOM_DB
PH005753,9588535460,+91,Carrier_B,Maharashtra,2025-01-14,,Active,P002407,SYNTH_IDENTITY_DB
PH005754,9357653536,+91,Carrier_D,Maharashtra,2019-02-03,,Active,P001767,SYNTH_CDR_DB
PH005755,9216968875,+91,Carrier_A,Maharashtra,2019-02-08,,Active,P006325,SYNTH_LEGACY_DB
PH005756,9294925138,+91,Carrier_A,Maharashtra,2014-05-18,,Active,P003263,SYNTH_IDENTITY_DB
PH005757,9476550234,+91,Carrier_B,Maharashtra,2011-12-06,,Active,P003438,SYNTH_IDENTITY_DB
PH005758,9127148760,+91,Carrier_B,Maharashtra,2025-07-02,,Active,P003966,SYNTH_TELECOM_DB
PH005759,9621497575,+91,Carrier_A,Maharashtra,2024-01-23,,Active,P006620,SYNTH_TELECOM_DB
PH005760,9534852764,+91,Carrier_D,Maharashtra,2010-10-02,2011-08-16,Suspended,P003954,SYNTH_IDENTITY_DB
PH005761,9862199203,+91,Carrier_B,Maharashtra,2020-07-08,,Active,P003908,SYNTH_TELECOM_DB
PH005762,9709219386,+91,Carrier_A,Maharashtra,2020-01-01,,Active,P005302,SYNTH_TELECOM_DB
PH005763,9936699163,+91,Carrier_C,Maharashtra,2015-08-15,,Active,P004189,SYNTH_IDENTITY_DB
PH005764,9439960700,+91,Carrier_A,Maharashtra,2019-05-10,,Active,P000662,SYNTH_TELECOM_DB
PH005765,9480952841,+91,Carrier_C,Maharashtra,2025-10-06,,Active,P005929,SYNTH_TELECOM_DB
PH005766,9934719235,+91,Carrier_A,Maharashtra,2024-03-05,2025-06-14,Suspended,P000450,SYNTH_TELECOM_DB
PH005767,9980720813,+91,Carrier_A,Maharashtra,2010-05-24,,Active,P004942,SYNTH_IDENTITY_DB
PH005768,9587727009,+91,Carrier_B,Maharashtra,2011-12-03,,Active,P001678,SYNTH_IDENTITY_DB
PH005769,9339135029,+91,Carrier_C,Maharashtra,2018-03-04,2020-11-08,Suspended,P000408,SYNTH_CDR_DB
PH005770,9516154602,+91,Carrier_C,Maharashtra,2016-02-24,,Active,P004874,SYNTH_TELECOM_DB
PH005771,9671288567,+91,Carrier_B,Maharashtra,2022-01-26,,Active,P001350,SYNTH_IDENTITY_DB
PH005772,9492155139,+91,Carrier_C,Maharashtra,2022-09-29,,Active,P004109,SYNTH_TELECOM_DB
PH005773,9594156912,+91,Carrier_C,Maharashtra,2014-04-03,,Active,P003372,SYNTH_TELECOM_DB
PH005774,9608420285,+91,Carrier_B,Maharashtra,2025-12-09,,Active,P005517,SYNTH_CDR_DB
PH005775,9436305760,+91,Carrier_C,Maharashtra,2020-12-14,2023-01-09,Suspended,P004271,SYNTH_LEGACY_DB
PH005776,9559106947,+91,Carrier_A,Maharashtra,2015-10-11,2022-06-11,Inactive,P005743,SYNTH_TELECOM_DB
PH005777,9700453713,+91,Carrier_A,Maharashtra,2023-01-17,,Active,P004047,SYNTH_TELECOM_DB
PH005778,9591535721,+91,Carrier_B,Maharashtra,2014-05-12,,Active,P006764,SYNTH_LEGACY_DB
PH005779,9251586624,+91,Carrier_B,Maharashtra,2021-08-19,,Active,P005098,SYNTH_TELECOM_DB
PH005780,9578215826,+91,Carrier_C,Maharashtra,2017-08-02,2020-10-23,Inactive,P002494,SYNTH_IDENTITY_DB
PH005781,9420505478,+91,Carrier_D,Maharashtra,2023-06-19,,Active,P003265,SYNTH_CDR_DB
PH005782,9193034824,+91,Carrier_B,Maharashtra,2023-08-07,,Active,P005690,SYNTH_IDENTITY_DB
PH005783,9287860149,+91,Carrier_C,Maharashtra,2016-01-13,,Active,P006194,SYNTH_TELECOM_DB
PH005784,9924968527,+91,Carrier_B,Maharashtra,2021-12-15,,Active,P000408,SYNTH_LEGACY_DB
PH005785,9808954971,+91,Carrier_B,Maharashtra,2018-06-16,,Active,P002158,SYNTH_CDR_DB
PH005786,9456206461,+91,Carrier_C,Maharashtra,2024-03-26,2025-12-07,Inactive,P002681,SYNTH_CDR_DB
PH005787,9725516317,+91,Carrier_B,Maharashtra,2023-11-11,,Active,P003982,SYNTH_IDENTITY_DB
PH005788,9123720226,+91,Carrier_C,Maharashtra,2021-09-16,,Active,P000070,SYNTH_TELECOM_DB
PH005789,9611402372,+91,Carrier_A,Maharashtra,2015-01-08,2018-10-16,Reassigned,P006551,SYNTH_TELECOM_DB
PH005790,9952784251,+91,Carrier_C,Maharashtra,2020-04-20,,Active,P001782,SYNTH_CDR_DB
PH005791,9374914427,+91,Carrier_A,Maharashtra,2018-12-11,,Active,P005986,SYNTH_IDENTITY_DB
PH005792,9588881379,+91,Carrier_A,Maharashtra,2010-10-14,,Active,P003566,SYNTH_TELECOM_DB
PH005793,9624397457,+91,Carrier_A,Maharashtra,2021-01-03,,Active,P006908,SYNTH_CDR_DB
PH005794,9164777252,+91,Carrier_A,Maharashtra,2017-05-10,2018-07-29,Inactive,P002505,SYNTH_TELECOM_DB
PH005795,9172499989,+91,Carrier_B,Maharashtra,2021-11-09,,Active,P005840,SYNTH_TELECOM_DB
PH005796,9394594608,+91,Carrier_C,Maharashtra,2010-01-19,,Active,P003312,SYNTH_CDR_DB
PH005797,9383091036,+91,Carrier_A,Maharashtra,2023-02-24,,Active,P000028,SYNTH_LEGACY_DB
PH005798,9593565073,+91,Carrier_A,Maharashtra,2013-04-22,,Active,P002774,SYNTH_TELECOM_DB
PH005799,9440043918,+91,Carrier_B,Maharashtra,2022-05-01,,Active,P005485,SYNTH_LEGACY_DB
PH005800,9589787618,+91,Carrier_A,Maharashtra,2014-11-18,2018-05-08,Inactive,P000568,SYNTH_TELECOM_DB
PH005801,9241885441,+91,Carrier_A,Maharashtra,2026-01-02,,Active,P005730,SYNTH_TELECOM_DB
PH005802,9976126969,+91,Carrier_B,Maharashtra,2015-06-30,,Active,P002602,SYNTH_TELECOM_DB
PH005803,9273531819,+91,Carrier_B,Maharashtra,2017-05-17,,Active,P004092,SYNTH_TELECOM_DB
PH005804,9695817939,+91,Carrier_D,Maharashtra,2013-09-02,2014-08-08,Inactive,P002486,SYNTH_TELECOM_DB
PH005805,9545087662,+91,Carrier_B,Maharashtra,2014-03-24,,Active,P005736,SYNTH_CDR_DB
PH005806,9570132368,+91,Carrier_A,Maharashtra,2014-06-04,,Active,P005375,SYNTH_LEGACY_DB
PH005807,9110997026,+91,Carrier_A,Maharashtra,2010-03-28,,Active,P006733,SYNTH_TELECOM_DB
PH005808,9964928358,+91,Carrier_B,Maharashtra,2012-10-01,,Active,P006881,SYNTH_TELECOM_DB
PH005809,9225896601,+91,Carrier_A,Maharashtra,2010-10-10,,Active,P000177,SYNTH_CDR_DB
PH005810,9563562831,+91,Carrier_B,Maharashtra,2014-04-14,2020-01-31,Reassigned,P000194,SYNTH_IDENTITY_DB
PH005811,9729294800,+91,Carrier_A,Maharashtra,2016-07-25,,Active,P003743,SYNTH_CDR_DB
PH005812,9901835044,+91,Carrier_C,Maharashtra,2010-11-09,2013-06-11,Suspended,P002693,SYNTH_TELECOM_DB
PH005813,9628235483,+91,Carrier_E,Maharashtra,2011-02-08,,Active,P005611,SYNTH_LEGACY_DB
PH005814,9338963868,+91,Carrier_A,Maharashtra,2026-07-18,,Active,P002525,SYNTH_TELECOM_DB
PH005815,9361131125,+91,Carrier_A,Maharashtra,2020-06-25,2021-06-10,Inactive,P000765,SYNTH_LEGACY_DB
PH005816,9956926682,+91,Carrier_C,Maharashtra,2018-01-30,2019-02-23,Inactive,P000917,SYNTH_TELECOM_DB
PH005817,9164482621,+91,Carrier_A,Maharashtra,2022-07-13,2024-09-21,Suspended,P003126,SYNTH_TELECOM_DB
PH005818,9883540982,+91,Carrier_B,Maharashtra,2021-03-07,,Active,P001133,SYNTH_TELECOM_DB
PH005819,9910470988,+91,Carrier_B,Maharashtra,2012-01-25,,Active,P005627,SYNTH_TELECOM_DB
PH005820,9830257152,+91,Carrier_A,Maharashtra,2014-01-13,2020-02-26,Inactive,P002116,SYNTH_IDENTITY_DB
PH005821,9600174197,+91,Carrier_A,Maharashtra,2015-12-14,,Active,P004719,SYNTH_LEGACY_DB
PH005822,9956557022,+91,Carrier_C,Maharashtra,2025-09-01,,Active,P004550,SYNTH_TELECOM_DB
PH005823,9880458974,+91,Carrier_A,Maharashtra,2011-04-14,2011-08-27,Suspended,P001149,SYNTH_TELECOM_DB
PH005824,9435700724,+91,Carrier_A,Maharashtra,2010-03-06,2012-12-13,Reassigned,P001915,SYNTH_CDR_DB
PH005825,9465051975,+91,Carrier_D,Maharashtra,2026-05-07,,Active,P005926,SYNTH_LEGACY_DB
PH005826,9438128301,+91,Carrier_C,Maharashtra,2014-06-10,,Active,P005417,SYNTH_TELECOM_DB
PH005827,9203539600,+91,Carrier_B,Maharashtra,2011-06-08,,Active,P004906,SYNTH_LEGACY_DB
PH005828,9371150761,+91,Carrier_B,Maharashtra,2019-07-21,2023-09-02,Reassigned,P002893,SYNTH_TELECOM_DB
PH005829,9540821281,+91,Carrier_C,Maharashtra,2017-10-14,,Active,P005332,SYNTH_TELECOM_DB
PH005830,9736176861,+91,Carrier_A,Maharashtra,2013-02-26,,Active,P004419,SYNTH_TELECOM_DB
PH005831,9212969648,+91,Carrier_D,Maharashtra,2012-01-30,,Active,P001494,SYNTH_CDR_DB
PH005832,9956703720,+91,Carrier_D,Maharashtra,2015-02-07,2019-03-23,Reassigned,P003123,SYNTH_TELECOM_DB
PH005833,9368857210,+91,Carrier_D,Maharashtra,2011-12-05,,Active,P002281,SYNTH_LEGACY_DB
PH005834,9435624759,+91,Carrier_C,Maharashtra,2010-02-03,,Active,P000831,SYNTH_TELECOM_DB
PH005835,9827271568,+91,Carrier_A,Maharashtra,2013-01-11,2014-01-16,Suspended,P006194,SYNTH_TELECOM_DB
PH005836,9442319742,+91,Carrier_A,Maharashtra,2020-12-22,,Active,P002697,SYNTH_CDR_DB
PH005837,9442283313,+91,Carrier_C,Maharashtra,2013-05-12,2015-08-16,Inactive,P002998,SYNTH_CDR_DB
PH005838,9710684311,+91,Carrier_C,Maharashtra,2010-08-06,,Active,P001864,SYNTH_TELECOM_DB
PH005839,9828183092,+91,Carrier_A,Maharashtra,2013-06-03,,Active,P000600,SYNTH_IDENTITY_DB
PH005840,9224220780,+91,Carrier_B,Maharashtra,2023-02-14,,Active,P002384,SYNTH_IDENTITY_DB
PH005841,9297785733,+91,Carrier_A,Maharashtra,2016-12-27,2018-01-06,Suspended,P006845,SYNTH_TELECOM_DB
PH005842,9339841441,+91,Carrier_C,Maharashtra,2010-10-09,,Active,P005249,SYNTH_TELECOM_DB
PH005843,9364985140,+91,Carrier_B,Maharashtra,2025-12-04,,Active,P004599,SYNTH_TELECOM_DB
PH005844,9991571517,+91,Carrier_A,Maharashtra,2022-06-29,,Active,P002332,SYNTH_TELECOM_DB
PH005845,9428106297,+91,Carrier_C,Maharashtra,2013-10-13,,Active,P005600,SYNTH_CDR_DB
PH005846,9712437011,+91,Carrier_A,Maharashtra,2019-10-29,,Active,P003778,SYNTH_TELECOM_DB
PH005847,9776551208,+91,Carrier_B,Maharashtra,2021-07-21,,Active,P000912,SYNTH_CDR_DB
PH005848,9549033270,+91,Carrier_B,Maharashtra,2026-03-20,,Active,P003704,SYNTH_CDR_DB
PH005849,9111820065,+91,Carrier_B,Maharashtra,2011-01-04,,Active,P006933,SYNTH_TELECOM_DB
PH005850,9486001939,+91,Carrier_A,Maharashtra,2024-03-14,2026-08-29,Inactive,P004529,SYNTH_TELECOM_DB
PH005851,9284113398,+91,Carrier_D,Maharashtra,2011-11-10,,Active,P000360,SYNTH_TELECOM_DB
PH005852,9309105345,+91,Carrier_A,Maharashtra,2014-04-30,2017-07-15,Inactive,P003068,SYNTH_CDR_DB
PH005853,9689071422,+91,Carrier_A,Maharashtra,2014-01-09,,Active,P005755,SYNTH_IDENTITY_DB
PH005854,9500105757,+91,Carrier_C,Maharashtra,2013-08-09,,Active,P000883,SYNTH_TELECOM_DB
PH005855,9762934863,+91,Carrier_C,Maharashtra,2020-10-15,,Active,P001227,SYNTH_TELECOM_DB
PH005856,9821462216,+91,Carrier_B,Maharashtra,2020-08-19,,Active,P002164,SYNTH_TELECOM_DB
PH005857,9545828247,+91,Carrier_A,Maharashtra,2017-04-07,,Active,P000104,SYNTH_LEGACY_DB
PH005858,9290310404,+91,Carrier_C,Maharashtra,2026-05-06,2026-08-29,Reassigned,P002598,SYNTH_TELECOM_DB
PH005859,9931813704,+91,Carrier_A,Maharashtra,2022-02-28,,Active,P002974,SYNTH_CDR_DB
PH005860,9795988196,+91,Carrier_A,Maharashtra,2012-10-01,,Active,P003333,SYNTH_TELECOM_DB
PH005861,9878830155,+91,Carrier_B,Maharashtra,2022-03-29,,Active,P000608,SYNTH_TELECOM_DB
PH005862,9108914183,+91,Carrier_C,Maharashtra,2021-12-17,,Active,P006985,SYNTH_LEGACY_DB
PH005863,9605320041,+91,Carrier_A,Maharashtra,2012-10-18,,Active,P000170,SYNTH_TELECOM_DB
PH005864,9173213270,+91,Carrier_B,Maharashtra,2011-11-08,,Active,P002982,SYNTH_TELECOM_DB
PH005865,9925338010,+91,Carrier_A,Maharashtra,2020-03-05,2022-02-28,Inactive,P003081,SYNTH_CDR_DB
PH005866,9554571293,+91,Carrier_A,Maharashtra,2017-09-05,,Active,P005406,SYNTH_TELECOM_DB
PH005867,9258889492,+91,Carrier_E,Maharashtra,2017-06-12,,Active,P001892,SYNTH_IDENTITY_DB
PH005868,9747876609,+91,Carrier_B,Maharashtra,2015-06-19,2016-12-06,Inactive,P002530,SYNTH_CDR_DB
PH005869,9932276030,+91,Carrier_A,Maharashtra,2023-11-09,,Active,P000692,SYNTH_CDR_DB
PH005870,9859326297,+91,Carrier_A,Maharashtra,2014-02-02,,Active,P000219,SYNTH_TELECOM_DB
PH005871,9705737968,+91,Carrier_B,Maharashtra,2011-01-06,,Active,P005388,SYNTH_TELECOM_DB
PH005872,9957257149,+91,Carrier_B,Maharashtra,2020-07-07,2024-09-12,Inactive,P005731,SYNTH_IDENTITY_DB
PH005873,9664146471,+91,Carrier_B,Maharashtra,2010-06-14,2011-08-16,Suspended,P004343,SYNTH_TELECOM_DB
PH005874,9168459840,+91,Carrier_C,Maharashtra,2010-06-30,2015-08-28,Reassigned,P001046,SYNTH_LEGACY_DB
PH005875,9767937080,+91,Carrier_B,Maharashtra,2015-01-02,,Active,P001054,SYNTH_TELECOM_DB
PH005876,9887731940,+91,Carrier_A,Maharashtra,2024-02-15,2026-08-29,Inactive,P002812,SYNTH_TELECOM_DB
PH005877,9177520516,+91,Carrier_B,Maharashtra,2011-11-19,,Active,P006926,SYNTH_TELECOM_DB
PH005878,9313120386,+91,Carrier_C,Maharashtra,2012-03-13,,Active,P003375,SYNTH_TELECOM_DB
PH005879,9619857814,+91,Carrier_A,Maharashtra,2025-04-15,,Active,P005513,SYNTH_CDR_DB
PH005880,9368967575,+91,Carrier_C,Maharashtra,2023-12-07,2024-03-19,Suspended,P003046,SYNTH_TELECOM_DB
PH005881,9693306225,+91,Carrier_A,Maharashtra,2015-01-13,,Active,P000187,SYNTH_TELECOM_DB
PH005882,9279153809,+91,Carrier_B,Maharashtra,2019-08-27,,Active,P003400,SYNTH_TELECOM_DB
PH005883,9658104654,+91,Carrier_C,Maharashtra,2025-02-15,,Active,P003678,SYNTH_TELECOM_DB
PH005884,9942313842,+91,Carrier_B,Maharashtra,2025-12-06,,Active,P004333,SYNTH_CDR_DB
PH005885,9640706450,+91,Carrier_C,Maharashtra,2021-07-29,2024-12-23,Inactive,P003223,SYNTH_TELECOM_DB
PH005886,9898665782,+91,Carrier_A,Maharashtra,2018-05-23,,Active,P004361,SYNTH_LEGACY_DB
PH005887,9797649584,+91,Carrier_A,Maharashtra,2023-11-04,,Active,P001669,SYNTH_IDENTITY_DB
PH005888,9351763661,+91,Carrier_A,Maharashtra,2018-09-07,2021-08-12,Inactive,P003195,SYNTH_TELECOM_DB
PH005889,9817925920,+91,Carrier_C,Maharashtra,2012-04-18,,Active,P006688,SYNTH_IDENTITY_DB
PH005890,9549461824,+91,Carrier_C,Maharashtra,2013-09-04,,Active,P005705,SYNTH_TELECOM_DB
PH005891,9628466518,+91,Carrier_A,Maharashtra,2026-04-21,2026-08-29,Inactive,P002014,SYNTH_TELECOM_DB
PH005892,9261847846,+91,Carrier_A,Maharashtra,2024-07-27,,Active,P002582,SYNTH_CDR_DB
PH005893,9304189401,+91,Carrier_C,Maharashtra,2024-01-17,2025-03-18,Suspended,P005516,SYNTH_IDENTITY_DB
PH005894,9650362280,+91,Carrier_C,Maharashtra,2010-02-08,,Active,P005232,SYNTH_TELECOM_DB
PH005895,9739980993,+91,Carrier_B,Maharashtra,2022-04-21,2023-08-27,Reassigned,P002374,SYNTH_CDR_DB
PH005896,9143154506,+91,Carrier_C,Maharashtra,2021-07-23,2026-08-29,Reassigned,P005869,SYNTH_TELECOM_DB
PH005897,9129206631,+91,Carrier_C,Maharashtra,2024-05-26,2026-08-29,Inactive,P002490,SYNTH_TELECOM_DB
PH005898,9164645388,+91,Carrier_B,Maharashtra,2011-05-19,,Active,P000088,SYNTH_TELECOM_DB
PH005899,9625573993,+91,Carrier_A,Maharashtra,2011-08-19,,Active,P006744,SYNTH_TELECOM_DB
PH005900,9931145203,+91,Carrier_A,Maharashtra,2010-08-13,,Active,P003153,SYNTH_CDR_DB
PH005901,9770810207,+91,Carrier_D,Maharashtra,2018-01-26,,Active,P000632,SYNTH_TELECOM_DB
PH005902,9867726337,+91,Carrier_B,Maharashtra,2025-03-11,,Active,P003556,SYNTH_CDR_DB
PH005903,9299728190,+91,Carrier_E,Maharashtra,2015-10-04,,Active,P005337,SYNTH_TELECOM_DB
PH005904,9485119657,+91,Carrier_C,Maharashtra,2010-07-21,,Active,P002778,SYNTH_TELECOM_DB
PH005905,9112870928,+91,Carrier_C,Maharashtra,2010-08-25,,Active,P006631,SYNTH_TELECOM_DB
PH005906,9681999614,+91,Carrier_D,Maharashtra,2011-03-31,,Active,P005421,SYNTH_TELECOM_DB
PH005907,9109451849,+91,Carrier_E,Maharashtra,2022-06-05,,Active,P001439,SYNTH_TELECOM_DB
PH005908,9508267209,+91,Carrier_A,Maharashtra,2014-07-16,2021-03-13,Reassigned,P002230,SYNTH_IDENTITY_DB
PH005909,9284956960,+91,Carrier_B,Maharashtra,2025-01-13,,Active,P001264,SYNTH_TELECOM_DB
PH005910,9576750389,+91,Carrier_A,Maharashtra,2016-01-01,,Active,P006634,SYNTH_TELECOM_DB
PH005911,9757041920,+91,Carrier_A,Maharashtra,2023-06-20,2025-02-06,Suspended,P004865,SYNTH_TELECOM_DB
PH005912,9506424420,+91,Carrier_A,Maharashtra,2020-04-03,,Active,P000125,SYNTH_CDR_DB
PH005913,9613335134,+91,Carrier_B,Maharashtra,2017-12-14,,Active,P006050,SYNTH_CDR_DB
PH005914,9157024169,+91,Carrier_B,Maharashtra,2017-08-15,,Active,P000590,SYNTH_LEGACY_DB
PH005915,9537799873,+91,Carrier_B,Maharashtra,2016-02-12,,Active,P001303,SYNTH_TELECOM_DB
PH005916,9218009782,+91,Carrier_B,Maharashtra,2023-01-11,,Active,P001097,SYNTH_TELECOM_DB
PH005917,9321555115,+91,Carrier_B,Maharashtra,2026-02-01,,Active,P001856,SYNTH_TELECOM_DB
PH005918,9634405499,+91,Carrier_A,Maharashtra,2017-10-25,,Active,P005499,SYNTH_TELECOM_DB
PH005919,9400333588,+91,Carrier_A,Maharashtra,2026-05-08,2026-08-29,Reassigned,P004266,SYNTH_TELECOM_DB
PH005920,9147962215,+91,Carrier_A,Maharashtra,2024-07-19,2025-03-18,Inactive,P003564,SYNTH_TELECOM_DB
PH005921,9998483403,+91,Carrier_D,Maharashtra,2015-05-10,,Active,P000354,SYNTH_LEGACY_DB
PH005922,9287590655,+91,Carrier_B,Maharashtra,2024-09-10,,Active,P003393,SYNTH_TELECOM_DB
PH005923,9820044381,+91,Carrier_C,Maharashtra,2016-07-27,2022-09-18,Inactive,P005366,SYNTH_TELECOM_DB
PH005924,9923548280,+91,Carrier_C,Maharashtra,2012-01-06,2017-12-23,Inactive,P004065,SYNTH_TELECOM_DB
PH005925,9900674560,+91,Carrier_B,Maharashtra,2017-07-18,,Active,P001797,SYNTH_CDR_DB
PH005926,9546137237,+91,Carrier_A,Maharashtra,2020-06-05,,Active,P000666,SYNTH_TELECOM_DB
PH005927,9665144360,+91,Carrier_A,Maharashtra,2021-10-13,,Active,P002071,SYNTH_IDENTITY_DB
PH005928,9627377553,+91,Carrier_C,Maharashtra,2026-05-10,,Active,P004622,SYNTH_IDENTITY_DB
PH005929,9427120532,+91,Carrier_A,Maharashtra,2016-07-07,,Active,P003155,SYNTH_LEGACY_DB
PH005930,9857446957,+91,Carrier_A,Maharashtra,2017-01-29,,Active,P002791,SYNTH_TELECOM_DB
PH005931,9232827683,+91,Carrier_C,Maharashtra,2017-01-28,2019-03-09,Inactive,P002264,SYNTH_IDENTITY_DB
PH005932,9675077314,+91,Carrier_A,Maharashtra,2023-01-14,,Active,P003095,SYNTH_TELECOM_DB
PH005933,9166960333,+91,Carrier_A,Maharashtra,2012-04-22,,Active,P000899,SYNTH_TELECOM_DB
PH005934,9961800673,+91,Carrier_B,Maharashtra,2020-02-01,,Active,P004794,SYNTH_CDR_DB
PH005935,9231610526,+91,Carrier_A,Maharashtra,2023-02-11,2025-01-11,Reassigned,P000452,SYNTH_TELECOM_DB
PH005936,9672834973,+91,Carrier_C,Maharashtra,2015-02-20,,Active,P001673,SYNTH_IDENTITY_DB
PH005937,9452840247,+91,Carrier_A,Maharashtra,2026-07-08,,Active,P006988,SYNTH_LEGACY_DB
PH005938,9455914622,+91,Carrier_E,Maharashtra,2025-07-20,,Active,P002078,SYNTH_TELECOM_DB
PH005939,9184332451,+91,Carrier_B,Maharashtra,2017-10-22,2024-01-05,Inactive,P004733,SYNTH_IDENTITY_DB
PH005940,9373849048,+91,Carrier_A,Maharashtra,2018-05-08,,Active,P003750,SYNTH_TELECOM_DB
PH005941,9701316233,+91,Carrier_B,Maharashtra,2016-01-26,,Active,P001357,SYNTH_TELECOM_DB
PH005942,9745827487,+91,Carrier_D,Maharashtra,2014-10-16,,Active,P005867,SYNTH_TELECOM_DB
PH005943,9582110720,+91,Carrier_D,Maharashtra,2021-03-11,,Active,P003055,SYNTH_CDR_DB
PH005944,9326668101,+91,Carrier_B,Maharashtra,2021-03-24,2026-08-29,Inactive,P002729,SYNTH_LEGACY_DB
PH005945,9752701756,+91,Carrier_C,Maharashtra,2016-05-26,,Active,P006082,SYNTH_CDR_DB
PH005946,9616269057,+91,Carrier_A,Maharashtra,2013-04-04,,Active,P006941,SYNTH_TELECOM_DB
PH005947,9782068252,+91,Carrier_C,Maharashtra,2010-11-19,2014-10-28,Reassigned,P005235,SYNTH_TELECOM_DB
PH005948,9189009611,+91,Carrier_E,Maharashtra,2012-11-04,,Active,P001118,SYNTH_TELECOM_DB
PH005949,9589799377,+91,Carrier_A,Maharashtra,2018-03-22,,Active,P004807,SYNTH_CDR_DB
PH005950,9566492415,+91,Carrier_B,Maharashtra,2016-10-31,,Active,P000881,SYNTH_CDR_DB
PH005951,9889033408,+91,Carrier_B,Maharashtra,2010-03-03,,Active,P005373,SYNTH_CDR_DB
PH005952,9719597142,+91,Carrier_A,Maharashtra,2010-03-07,,Active,P000559,SYNTH_TELECOM_DB
PH005953,9148081343,+91,Carrier_A,Maharashtra,2021-09-29,2026-08-29,Inactive,P001414,SYNTH_TELECOM_DB
PH005954,9582932437,+91,Carrier_A,Maharashtra,2024-09-18,,Active,P000736,SYNTH_TELECOM_DB
PH005955,9784581216,+91,Carrier_A,Maharashtra,2025-02-01,2026-08-29,Inactive,P003216,SYNTH_CDR_DB
PH005956,9292925570,+91,Carrier_B,Maharashtra,2011-03-08,,Active,P004000,SYNTH_TELECOM_DB
PH005957,9907417079,+91,Carrier_C,Maharashtra,2011-02-25,2015-05-12,Inactive,P006997,SYNTH_TELECOM_DB
PH005958,9431684038,+91,Carrier_A,Maharashtra,2024-03-01,,Active,P006886,SYNTH_TELECOM_DB
PH005959,9512066476,+91,Carrier_A,Maharashtra,2016-03-11,,Active,P006484,SYNTH_TELECOM_DB
PH005960,9788550551,+91,Carrier_A,Maharashtra,2023-06-22,,Active,P002054,SYNTH_TELECOM_DB
PH005961,9350917276,+91,Carrier_B,Maharashtra,2019-02-05,,Active,P003404,SYNTH_CDR_DB
PH005962,9230326917,+91,Carrier_B,Maharashtra,2021-11-13,,Active,P001508,SYNTH_CDR_DB
PH005963,9348908542,+91,Carrier_A,Maharashtra,2015-09-02,,Active,P003576,SYNTH_IDENTITY_DB
PH005964,9285216282,+91,Carrier_D,Maharashtra,2021-04-01,,Active,P000691,SYNTH_TELECOM_DB
PH005965,9371079874,+91,Carrier_C,Maharashtra,2024-08-17,,Active,P001185,SYNTH_TELECOM_DB
PH005966,9744227942,+91,Carrier_E,Maharashtra,2010-03-28,,Active,P004310,SYNTH_CDR_DB
PH005967,9875932868,+91,Carrier_B,Maharashtra,2025-08-11,2026-08-29,Reassigned,P001217,SYNTH_TELECOM_DB
PH005968,9554985367,+91,Carrier_A,Maharashtra,2017-10-19,,Active,P005976,SYNTH_TELECOM_DB
PH005969,9116530513,+91,Carrier_B,Maharashtra,2012-03-24,,Active,P004190,SYNTH_TELECOM_DB
PH005970,9488193641,+91,Carrier_A,Maharashtra,2017-08-17,,Active,P002955,SYNTH_TELECOM_DB
PH005971,9660028477,+91,Carrier_B,Maharashtra,2011-11-30,2013-09-26,Inactive,P006344,SYNTH_TELECOM_DB
PH005972,9920851868,+91,Carrier_A,Maharashtra,2025-07-26,2026-08-29,Inactive,P001568,SYNTH_TELECOM_DB
PH005973,9128565778,+91,Carrier_A,Maharashtra,2018-12-09,,Active,P000962,SYNTH_TELECOM_DB
PH005974,9480534740,+91,Carrier_A,Maharashtra,2017-12-02,,Active,P005544,SYNTH_TELECOM_DB
PH005975,9462460065,+91,Carrier_A,Maharashtra,2013-06-13,,Active,P005321,SYNTH_TELECOM_DB
PH005976,9785796727,+91,Carrier_C,Maharashtra,2018-02-09,2019-06-22,Inactive,P006655,SYNTH_CDR_DB
PH005977,9549147542,+91,Carrier_A,Maharashtra,2026-03-04,,Active,P004104,SYNTH_TELECOM_DB
PH005978,9853800176,+91,Carrier_B,Maharashtra,2011-10-21,2019-09-26,Reassigned,P006632,SYNTH_TELECOM_DB
PH005979,9287778068,+91,Carrier_B,Maharashtra,2026-08-16,,Active,P006496,SYNTH_LEGACY_DB
PH005980,9620543524,+91,Carrier_A,Maharashtra,2013-06-21,,Active,P002884,SYNTH_TELECOM_DB
PH005981,9177777969,+91,Carrier_B,Maharashtra,2010-03-25,,Active,P004820,SYNTH_TELECOM_DB
PH005982,9646658482,+91,Carrier_D,Maharashtra,2011-08-02,2015-07-28,Inactive,P002019,SYNTH_CDR_DB
PH005983,9335086461,+91,Carrier_A,Maharashtra,2014-06-09,2018-10-21,Inactive,P002462,SYNTH_TELECOM_DB
PH005984,9258761887,+91,Carrier_C,Maharashtra,2022-07-11,,Active,P004737,SYNTH_IDENTITY_DB
PH005985,9759154276,+91,Carrier_A,Maharashtra,2011-12-09,,Active,P005627,SYNTH_LEGACY_DB
PH005986,9637838541,+91,Carrier_C,Maharashtra,2010-03-02,,Active,P003037,SYNTH_TELECOM_DB
PH005987,9898904893,+91,Carrier_B,Maharashtra,2023-07-05,,Active,P000412,SYNTH_TELECOM_DB
PH005988,9860853258,+91,Carrier_C,Maharashtra,2015-08-08,,Active,P003272,SYNTH_CDR_DB
PH005989,9764857968,+91,Carrier_B,Maharashtra,2024-03-17,,Active,P002802,SYNTH_TELECOM_DB
PH005990,9181487156,+91,Carrier_A,Maharashtra,2021-08-13,,Active,P003727,SYNTH_LEGACY_DB
PH005991,9144930625,+91,Carrier_C,Maharashtra,2018-10-07,,Active,P006567,SYNTH_CDR_DB
PH005992,9831474504,+91,Carrier_C,Maharashtra,2020-02-03,,Active,P006582,SYNTH_LEGACY_DB
PH005993,9436013033,+91,Carrier_B,Maharashtra,2023-05-23,,Active,P002885,SYNTH_IDENTITY_DB
PH005994,9111661163,+91,Carrier_C,Maharashtra,2013-07-15,2017-11-08,Inactive,P002390,SYNTH_TELECOM_DB
PH005995,9581475258,+91,Carrier_A,Maharashtra,2023-02-06,,Active,P001761,SYNTH_TELECOM_DB
PH005996,9956935580,+91,Carrier_C,Maharashtra,2019-09-07,,Active,P004291,SYNTH_IDENTITY_DB
PH005997,9494110141,+91,Carrier_E,Maharashtra,2020-05-13,,Active,P005854,SYNTH_TELECOM_DB
PH005998,9682551980,+91,Carrier_E,Maharashtra,2016-04-03,,Active,P001232,SYNTH_TELECOM_DB
PH005999,9431167652,+91,Carrier_E,Maharashtra,2019-04-21,,Active,P006509,SYNTH_TELECOM_DB
PH006000,9550475324,+91,Carrier_D,Maharashtra,2011-05-11,,Active,P001711,SYNTH_TELECOM_DB
PH006001,9272624954,+91,Carrier_D,Maharashtra,2011-01-23,,Active,P006892,SYNTH_TELECOM_DB
PH006002,9740398384,+91,Carrier_B,Maharashtra,2015-10-06,,Active,P002890,SYNTH_CDR_DB
PH006003,9114344585,+91,Carrier_A,Maharashtra,2011-07-11,,Active,P001220,SYNTH_TELECOM_DB
PH006004,9520254832,+91,Carrier_D,Maharashtra,2010-09-20,,Active,P003132,SYNTH_TELECOM_DB
PH006005,9125470849,+91,Carrier_D,Maharashtra,2020-01-25,,Active,P003895,SYNTH_TELECOM_DB
PH006006,9533069311,+91,Carrier_D,Maharashtra,2010-08-12,,Active,P003244,SYNTH_TELECOM_DB
PH006007,9634296084,+91,Carrier_E,Maharashtra,2017-08-21,,Active,P001093,SYNTH_IDENTITY_DB
PH006008,9831303758,+91,Carrier_A,Maharashtra,2023-11-21,2026-08-29,Reassigned,P004692,SYNTH_CDR_DB
PH006009,9908410799,+91,Carrier_A,Maharashtra,2017-09-02,,Active,P004177,SYNTH_TELECOM_DB
PH006010,9441990471,+91,Carrier_A,Maharashtra,2023-02-26,2025-02-01,Suspended,P005523,SYNTH_TELECOM_DB
PH006011,9230246387,+91,Carrier_B,Maharashtra,2022-03-26,,Active,P002109,SYNTH_LEGACY_DB
PH006012,9806665166,+91,Carrier_A,Maharashtra,2021-04-12,,Active,P000886,SYNTH_TELECOM_DB
PH006013,9105791084,+91,Carrier_C,Maharashtra,2014-07-07,,Active,P003482,SYNTH_TELECOM_DB
PH006014,9713014470,+91,Carrier_B,Maharashtra,2025-10-29,,Active,P005532,SYNTH_TELECOM_DB
PH006015,9118751667,+91,Carrier_A,Maharashtra,2021-07-08,,Active,P004375,SYNTH_CDR_DB
PH006016,9266552867,+91,Carrier_B,Maharashtra,2020-02-03,,Active,P001731,SYNTH_TELECOM_DB
PH006017,9922642986,+91,Carrier_A,Maharashtra,2014-06-25,,Active,P006214,SYNTH_IDENTITY_DB
PH006018,9103900161,+91,Carrier_B,Maharashtra,2015-02-05,,Active,P001341,SYNTH_CDR_DB
PH006019,9913100058,+91,Carrier_C,Maharashtra,2010-08-12,,Active,P001065,SYNTH_TELECOM_DB
PH006020,9173588007,+91,Carrier_B,Maharashtra,2010-04-08,2010-11-01,Inactive,P005442,SYNTH_CDR_DB
PH006021,9632360448,+91,Carrier_A,Maharashtra,2010-07-14,,Active,P005508,SYNTH_TELECOM_DB
PH006022,9863124607,+91,Carrier_C,Maharashtra,2026-08-17,,Active,P001749,SYNTH_LEGACY_DB
PH006023,9199707035,+91,Carrier_C,Maharashtra,2026-06-04,,Active,P002818,SYNTH_IDENTITY_DB
PH006024,9169605967,+91,Carrier_A,Maharashtra,2011-03-06,,Active,P000014,SYNTH_TELECOM_DB
PH006025,9825693413,+91,Carrier_A,Maharashtra,2019-10-16,2020-08-20,Inactive,P005838,SYNTH_CDR_DB
PH006026,9859071107,+91,Carrier_A,Maharashtra,2011-05-28,,Active,P005687,SYNTH_TELECOM_DB
PH006027,9274748395,+91,Carrier_C,Maharashtra,2012-09-18,,Active,P002457,SYNTH_TELECOM_DB
PH006028,9173236363,+91,Carrier_B,Maharashtra,2026-08-25,2026-08-29,Inactive,P002889,SYNTH_TELECOM_DB
PH006029,9555726613,+91,Carrier_B,Maharashtra,2012-01-17,,Active,P000351,SYNTH_TELECOM_DB
PH006030,9599264096,+91,Carrier_B,Maharashtra,2015-11-24,,Active,P001092,SYNTH_TELECOM_DB
PH006031,9911732693,+91,Carrier_A,Maharashtra,2011-03-23,,Active,P000032,SYNTH_TELECOM_DB
PH006032,9414206003,+91,Carrier_B,Maharashtra,2023-02-03,,Active,P006381,SYNTH_TELECOM_DB
PH006033,9466221489,+91,Carrier_D,Maharashtra,2011-12-10,,Active,P005252,SYNTH_TELECOM_DB
PH006034,9270420977,+91,Carrier_A,Maharashtra,2016-03-31,,Active,P003742,SYNTH_LEGACY_DB
PH006035,9674038977,+91,Carrier_C,Maharashtra,2021-10-24,2026-08-29,Inactive,P001477,SYNTH_IDENTITY_DB
PH006036,9889038318,+91,Carrier_A,Maharashtra,2010-03-10,,Active,P005812,SYNTH_TELECOM_DB
PH006037,9684623800,+91,Carrier_B,Maharashtra,2024-03-11,2026-08-29,Inactive,P004070,SYNTH_TELECOM_DB
PH006038,9190594317,+91,Carrier_D,Maharashtra,2012-01-30,,Active,P005716,SYNTH_TELECOM_DB
PH006039,9885659981,+91,Carrier_A,Maharashtra,2016-09-06,2021-11-23,Inactive,P004101,SYNTH_TELECOM_DB
PH006040,9396804884,+91,Carrier_A,Maharashtra,2020-08-03,,Active,P004967,SYNTH_TELECOM_DB
PH006041,9847472082,+91,Carrier_C,Maharashtra,2023-10-26,2025-08-29,Suspended,P001100,SYNTH_TELECOM_DB
PH006042,9219348410,+91,Carrier_E,Maharashtra,2020-12-30,,Active,P005525,SYNTH_TELECOM_DB
PH006043,9384173388,+91,Carrier_B,Maharashtra,2014-08-28,,Active,P006289,SYNTH_TELECOM_DB
PH006044,9133751285,+91,Carrier_B,Maharashtra,2019-02-25,,Active,P002054,SYNTH_CDR_DB
PH006045,9265538172,+91,Carrier_C,Maharashtra,2019-03-12,,Active,P001323,SYNTH_TELECOM_DB
PH006046,9751748384,+91,Carrier_B,Maharashtra,2023-03-21,2026-05-30,Reassigned,P000701,SYNTH_TELECOM_DB
PH006047,9976258372,+91,Carrier_D,Maharashtra,2014-04-20,,Active,P002812,SYNTH_LEGACY_DB
PH006048,9835040453,+91,Carrier_A,Maharashtra,2014-10-20,,Active,P006387,SYNTH_TELECOM_DB
PH006049,9775161009,+91,Carrier_C,Maharashtra,2015-06-04,2021-12-07,Inactive,P004524,SYNTH_TELECOM_DB
PH006050,9644573270,+91,Carrier_B,Maharashtra,2022-04-27,2026-08-29,Inactive,P003665,SYNTH_TELECOM_DB
PH006051,9453391031,+91,Carrier_D,Maharashtra,2013-01-29,,Active,P002919,SYNTH_IDENTITY_DB
PH006052,9336206077,+91,Carrier_A,Maharashtra,2025-03-03,,Active,P004670,SYNTH_CDR_DB
PH006053,9404088021,+91,Carrier_C,Maharashtra,2013-02-27,,Active,P001007,SYNTH_TELECOM_DB
PH006054,9588425252,+91,Carrier_A,Maharashtra,2022-07-10,,Active,P005069,SYNTH_TELECOM_DB
PH006055,9396090742,+91,Carrier_B,Maharashtra,2023-04-13,,Active,P000533,SYNTH_CDR_DB
PH006056,9195667940,+91,Carrier_C,Maharashtra,2012-03-19,2014-04-08,Suspended,P004196,SYNTH_IDENTITY_DB
PH006057,9119493016,+91,Carrier_C,Maharashtra,2018-06-24,,Active,P004187,SYNTH_TELECOM_DB
PH006058,9527668547,+91,Carrier_A,Maharashtra,2010-11-02,,Active,P005903,SYNTH_TELECOM_DB
PH006059,9327266047,+91,Carrier_A,Maharashtra,2011-07-28,,Active,P002020,SYNTH_TELECOM_DB
PH006060,9286983235,+91,Carrier_C,Maharashtra,2022-12-21,,Active,P002686,SYNTH_IDENTITY_DB
PH006061,9462553916,+91,Carrier_A,Maharashtra,2021-10-09,,Active,P004877,SYNTH_TELECOM_DB
PH006062,9901986237,+91,Carrier_A,Maharashtra,2022-08-31,,Active,P001101,SYNTH_TELECOM_DB
PH006063,9604329973,+91,Carrier_C,Maharashtra,2021-03-24,2024-09-10,Inactive,P005374,SYNTH_CDR_DB
PH006064,9839002535,+91,Carrier_D,Maharashtra,2025-09-14,,Active,P005329,SYNTH_TELECOM_DB
PH006065,9676196191,+91,Carrier_A,Maharashtra,2015-05-02,,Active,P003583,SYNTH_TELECOM_DB
PH006066,9999710531,+91,Carrier_A,Maharashtra,2023-07-23,,Active,P001576,SYNTH_IDENTITY_DB
PH006067,9394742841,+91,Carrier_B,Maharashtra,2024-01-22,,Active,P001556,SYNTH_LEGACY_DB
PH006068,9118805936,+91,Carrier_C,Maharashtra,2020-12-28,2024-08-05,Inactive,P006963,SYNTH_IDENTITY_DB
PH006069,9467280540,+91,Carrier_B,Maharashtra,2011-04-10,,Active,P000998,SYNTH_TELECOM_DB
PH006070,9109759027,+91,Carrier_C,Maharashtra,2025-01-17,,Active,P006983,SYNTH_TELECOM_DB
PH006071,9813231499,+91,Carrier_C,Maharashtra,2011-09-11,2013-06-28,Suspended,P006466,SYNTH_TELECOM_DB
PH006072,9524732151,+91,Carrier_E,Maharashtra,2022-11-30,,Active,P003895,SYNTH_IDENTITY_DB
PH006073,9367537852,+91,Carrier_A,Maharashtra,2019-04-12,,Active,P006716,SYNTH_IDENTITY_DB
PH006074,9555796248,+91,Carrier_A,Maharashtra,2022-04-29,,Active,P002164,SYNTH_TELECOM_DB
PH006075,9150381635,+91,Carrier_C,Maharashtra,2022-12-19,2026-07-18,Inactive,P001753,SYNTH_TELECOM_DB
PH006076,9963702088,+91,Carrier_B,Maharashtra,2011-10-08,2015-01-12,Inactive,P004442,SYNTH_TELECOM_DB
PH006077,9910933146,+91,Carrier_A,Maharashtra,2012-05-04,,Active,P003467,SYNTH_IDENTITY_DB
PH006078,9197925267,+91,Carrier_A,Maharashtra,2025-01-30,,Active,P001524,SYNTH_IDENTITY_DB
PH006079,9515535275,+91,Carrier_A,Maharashtra,2017-08-26,2019-09-19,Suspended,P003690,SYNTH_TELECOM_DB
PH006080,9443917144,+91,Carrier_B,Maharashtra,2013-12-20,,Active,P001480,SYNTH_CDR_DB
PH006081,9330038968,+91,Carrier_D,Maharashtra,2017-07-26,,Active,P002120,SYNTH_TELECOM_DB
PH006082,9388471885,+91,Carrier_B,Maharashtra,2019-09-29,,Active,P002584,SYNTH_IDENTITY_DB
PH006083,9618993359,+91,Carrier_A,Maharashtra,2013-05-15,2019-08-24,Inactive,P001431,SYNTH_TELECOM_DB
PH006084,9729996756,+91,Carrier_B,Maharashtra,2017-04-27,,Active,P000647,SYNTH_TELECOM_DB
PH006085,9115181231,+91,Carrier_A,Maharashtra,2011-04-26,,Active,P003466,SYNTH_TELECOM_DB
PH006086,9984002626,+91,Carrier_A,Maharashtra,2017-12-14,,Active,P006908,SYNTH_TELECOM_DB
PH006087,9499475118,+91,Carrier_B,Maharashtra,2025-12-27,,Active,P006360,SYNTH_TELECOM_DB
PH006088,9806187927,+91,Carrier_A,Maharashtra,2012-12-08,2015-02-26,Suspended,P002352,SYNTH_CDR_DB
PH006089,9768512249,+91,Carrier_A,Maharashtra,2015-08-24,2016-10-13,Inactive,P001965,SYNTH_CDR_DB
PH006090,9898826711,+91,Carrier_A,Maharashtra,2018-04-08,2024-01-13,Inactive,P000049,SYNTH_LEGACY_DB
PH006091,9222748762,+91,Carrier_C,Maharashtra,2025-12-15,,Active,P005471,SYNTH_IDENTITY_DB
PH006092,9218614566,+91,Carrier_A,Maharashtra,2020-11-04,,Active,P001787,SYNTH_TELECOM_DB
PH006093,9619173065,+91,Carrier_A,Maharashtra,2024-02-05,,Active,P002743,SYNTH_CDR_DB
PH006094,9324430531,+91,Carrier_A,Maharashtra,2022-09-18,,Active,P004954,SYNTH_TELECOM_DB
PH006095,9872753610,+91,Carrier_E,Maharashtra,2015-09-26,,Active,P000736,SYNTH_CDR_DB
PH006096,9364165285,+91,Carrier_E,Maharashtra,2025-12-23,2026-08-29,Inactive,P006813,SYNTH_CDR_DB
PH006097,9794751006,+91,Carrier_A,Maharashtra,2012-10-06,,Active,P004704,SYNTH_TELECOM_DB
PH006098,9919644407,+91,Carrier_A,Maharashtra,2013-03-28,,Active,P001528,SYNTH_IDENTITY_DB
PH006099,9450641738,+91,Carrier_E,Maharashtra,2012-10-03,2017-05-25,Reassigned,P006279,SYNTH_CDR_DB
PH006100,9723109363,+91,Carrier_B,Maharashtra,2021-05-19,,Active,P006116,SYNTH_TELECOM_DB
PH006101,9822120147,+91,Carrier_D,Maharashtra,2016-10-27,2017-01-06,Inactive,P002275,SYNTH_LEGACY_DB
PH006102,9513251449,+91,Carrier_B,Maharashtra,2019-11-08,,Active,P004407,SYNTH_TELECOM_DB
PH006103,9197788035,+91,Carrier_C,Maharashtra,2023-12-28,2024-06-08,Suspended,P004989,SYNTH_CDR_DB
PH006104,9137787073,+91,Carrier_A,Maharashtra,2011-05-03,,Active,P004875,SYNTH_TELECOM_DB
PH006105,9880525695,+91,Carrier_D,Maharashtra,2016-10-27,2018-10-23,Inactive,P003096,SYNTH_TELECOM_DB
PH006106,9964970052,+91,Carrier_A,Maharashtra,2012-03-13,,Active,P003130,SYNTH_IDENTITY_DB
PH006107,9213276600,+91,Carrier_D,Maharashtra,2010-05-29,,Active,P000614,SYNTH_TELECOM_DB
PH006108,9927982304,+91,Carrier_C,Maharashtra,2025-01-12,,Active,P003602,SYNTH_TELECOM_DB
PH006109,9337892422,+91,Carrier_A,Maharashtra,2012-03-14,,Active,P005343,SYNTH_CDR_DB
PH006110,9419353593,+91,Carrier_C,Maharashtra,2013-07-18,,Active,P005445,SYNTH_IDENTITY_DB
PH006111,9641697739,+91,Carrier_A,Maharashtra,2024-08-10,,Active,P006951,SYNTH_TELECOM_DB
PH006112,9258970932,+91,Carrier_B,Maharashtra,2013-09-08,,Active,P005724,SYNTH_CDR_DB
PH006113,9746308819,+91,Carrier_C,Maharashtra,2016-08-29,,Active,P001184,SYNTH_TELECOM_DB
PH006114,9844989042,+91,Carrier_A,Maharashtra,2022-06-16,,Active,P006463,SYNTH_TELECOM_DB
PH006115,9744064070,+91,Carrier_A,Maharashtra,2013-03-01,2017-07-13,Inactive,P006326,SYNTH_TELECOM_DB
PH006116,9783722912,+91,Carrier_A,Maharashtra,2021-01-04,,Active,P001803,SYNTH_TELECOM_DB
PH006117,9739419085,+91,Carrier_B,Maharashtra,2022-04-30,,Active,P005751,SYNTH_TELECOM_DB
PH006118,9186735635,+91,Carrier_B,Maharashtra,2022-11-03,,Active,P006613,SYNTH_CDR_DB
PH006119,9409466451,+91,Carrier_C,Maharashtra,2014-12-10,,Active,P000235,SYNTH_TELECOM_DB
PH006120,9490597824,+91,Carrier_A,Maharashtra,2011-01-03,,Active,P000839,SYNTH_CDR_DB
PH006121,9479947843,+91,Carrier_B,Maharashtra,2018-10-23,,Active,P002202,SYNTH_LEGACY_DB
PH006122,9352793978,+91,Carrier_E,Maharashtra,2019-01-07,2021-10-04,Inactive,P000871,SYNTH_TELECOM_DB
PH006123,9353292764,+91,Carrier_D,Maharashtra,2022-10-16,,Active,P000372,SYNTH_TELECOM_DB
PH006124,9583693352,+91,Carrier_A,Maharashtra,2015-07-17,,Active,P005802,SYNTH_CDR_DB
PH006125,9473776506,+91,Carrier_B,Maharashtra,2011-05-16,2013-11-09,Suspended,P002528,SYNTH_CDR_DB
PH006126,9310780507,+91,Carrier_B,Maharashtra,2012-01-01,,Active,P006703,SYNTH_CDR_DB
PH006127,9150599627,+91,Carrier_D,Maharashtra,2013-12-27,,Active,P000143,SYNTH_TELECOM_DB
PH006128,9355506774,+91,Carrier_B,Maharashtra,2015-01-20,,Active,P001327,SYNTH_CDR_DB
PH006129,9363372267,+91,Carrier_A,Maharashtra,2024-11-19,,Active,P002290,SYNTH_LEGACY_DB
PH006130,9285286100,+91,Carrier_C,Maharashtra,2017-09-10,2020-07-01,Inactive,P006505,SYNTH_TELECOM_DB
PH006131,9732210818,+91,Carrier_D,Maharashtra,2010-10-09,2017-06-08,Inactive,P003790,SYNTH_IDENTITY_DB
PH006132,9846964454,+91,Carrier_E,Maharashtra,2025-11-11,,Active,P006146,SYNTH_TELECOM_DB
PH006133,9299860840,+91,Carrier_C,Maharashtra,2022-06-24,,Active,P004224,SYNTH_TELECOM_DB
PH006134,9898519526,+91,Carrier_B,Maharashtra,2018-09-17,,Active,P004127,SYNTH_CDR_DB
PH006135,9985561521,+91,Carrier_A,Maharashtra,2010-09-29,,Active,P003363,SYNTH_TELECOM_DB
PH006136,9493659268,+91,Carrier_B,Maharashtra,2020-06-07,2020-10-02,Suspended,P002477,SYNTH_CDR_DB
PH006137,9467104106,+91,Carrier_A,Maharashtra,2020-03-31,,Active,P002907,SYNTH_TELECOM_DB
PH006138,9691083580,+91,Carrier_A,Maharashtra,2010-04-07,,Active,P004209,SYNTH_CDR_DB
PH006139,9644229356,+91,Carrier_E,Maharashtra,2021-02-08,2024-01-05,Inactive,P000034,SYNTH_TELECOM_DB
PH006140,9588565060,+91,Carrier_E,Maharashtra,2023-05-14,2026-08-29,Reassigned,P000017,SYNTH_LEGACY_DB
PH006141,9991047854,+91,Carrier_B,Maharashtra,2022-09-14,,Active,P005642,SYNTH_TELECOM_DB
PH006142,9546355497,+91,Carrier_B,Maharashtra,2020-03-04,2021-12-23,Suspended,P001107,SYNTH_TELECOM_DB
PH006143,9596528534,+91,Carrier_B,Maharashtra,2016-11-26,,Active,P005298,SYNTH_IDENTITY_DB
PH006144,9617855372,+91,Carrier_B,Maharashtra,2012-03-14,,Active,P004466,SYNTH_CDR_DB
PH006145,9357984327,+91,Carrier_A,Maharashtra,2017-01-23,,Active,P002532,SYNTH_LEGACY_DB
PH006146,9406427363,+91,Carrier_B,Maharashtra,2012-06-26,2013-05-25,Suspended,P000586,SYNTH_TELECOM_DB
PH006147,9446992895,+91,Carrier_C,Maharashtra,2010-02-02,,Active,P002544,SYNTH_TELECOM_DB
PH006148,9780758106,+91,Carrier_C,Maharashtra,2024-08-23,,Active,P001879,SYNTH_TELECOM_DB
PH006149,9720299311,+91,Carrier_A,Maharashtra,2022-06-16,2026-08-29,Inactive,P003814,SYNTH_TELECOM_DB
PH006150,9920376797,+91,Carrier_B,Maharashtra,2011-05-30,,Active,P004324,SYNTH_LEGACY_DB
PH006151,9248181895,+91,Carrier_C,Maharashtra,2014-01-18,,Active,P000298,SYNTH_TELECOM_DB
PH006152,9435056958,+91,Carrier_E,Maharashtra,2016-10-06,,Active,P003068,SYNTH_IDENTITY_DB
PH006153,9934529574,+91,Carrier_C,Maharashtra,2020-01-30,,Active,P001384,SYNTH_IDENTITY_DB
PH006154,9525087604,+91,Carrier_A,Maharashtra,2017-03-13,,Active,P002840,SYNTH_TELECOM_DB
PH006155,9801428288,+91,Carrier_B,Maharashtra,2026-01-11,2026-08-29,Inactive,P000500,SYNTH_CDR_DB
PH006156,9272766406,+91,Carrier_C,Maharashtra,2019-04-15,,Active,P001273,SYNTH_TELECOM_DB
PH006157,9897630673,+91,Carrier_C,Maharashtra,2013-12-11,,Active,P004133,SYNTH_TELECOM_DB
PH006158,9513930659,+91,Carrier_B,Maharashtra,2015-11-22,,Active,P002723,SYNTH_CDR_DB
PH006159,9575871134,+91,Carrier_A,Maharashtra,2010-05-17,,Active,P006889,SYNTH_TELECOM_DB
PH006160,9699104315,+91,Carrier_A,Maharashtra,2021-01-24,2026-08-29,Reassigned,P000168,SYNTH_TELECOM_DB
PH006161,9469010522,+91,Carrier_A,Maharashtra,2010-11-05,,Active,P002423,SYNTH_IDENTITY_DB
PH006162,9799152017,+91,Carrier_D,Maharashtra,2014-09-17,,Active,P005587,SYNTH_TELECOM_DB
PH006163,9242684515,+91,Carrier_B,Maharashtra,2014-01-05,,Active,P004654,SYNTH_TELECOM_DB
PH006164,9976919475,+91,Carrier_A,Maharashtra,2022-01-12,,Active,P001057,SYNTH_IDENTITY_DB
PH006165,9717340007,+91,Carrier_C,Maharashtra,2019-04-30,,Active,P002185,SYNTH_LEGACY_DB
PH006166,9472296815,+91,Carrier_C,Maharashtra,2023-07-23,,Active,P002431,SYNTH_IDENTITY_DB
PH006167,9845978320,+91,Carrier_C,Maharashtra,2019-11-09,,Active,P002924,SYNTH_TELECOM_DB
PH006168,9511708356,+91,Carrier_E,Maharashtra,2021-02-26,,Active,P004060,SYNTH_CDR_DB
PH006169,9817185621,+91,Carrier_C,Maharashtra,2017-10-20,,Active,P000521,SYNTH_IDENTITY_DB
PH006170,9424216122,+91,Carrier_B,Maharashtra,2023-10-10,2025-01-27,Reassigned,P002520,SYNTH_IDENTITY_DB
PH006171,9772813440,+91,Carrier_C,Maharashtra,2011-05-25,,Active,P006720,SYNTH_TELECOM_DB
PH006172,9987344554,+91,Carrier_A,Maharashtra,2012-02-23,,Active,P003044,SYNTH_CDR_DB
PH006173,9538374536,+91,Carrier_D,Maharashtra,2022-03-01,2026-08-29,Inactive,P005068,SYNTH_TELECOM_DB
PH006174,9130015022,+91,Carrier_B,Maharashtra,2017-08-25,,Active,P006186,SYNTH_IDENTITY_DB
PH006175,9920722179,+91,Carrier_A,Maharashtra,2014-01-22,,Active,P001146,SYNTH_LEGACY_DB
PH006176,9616778814,+91,Carrier_A,Maharashtra,2025-03-05,,Active,P005525,SYNTH_TELECOM_DB
PH006177,9594358811,+91,Carrier_B,Maharashtra,2015-05-24,2018-07-24,Inactive,P002765,SYNTH_LEGACY_DB
PH006178,9316175876,+91,Carrier_B,Maharashtra,2015-08-12,,Active,P006477,SYNTH_CDR_DB
PH006179,9587895343,+91,Carrier_B,Maharashtra,2011-06-09,,Active,P003275,SYNTH_CDR_DB
PH006180,9422595514,+91,Carrier_A,Maharashtra,2011-10-01,2014-10-03,Reassigned,P003007,SYNTH_TELECOM_DB
PH006181,9778210042,+91,Carrier_B,Maharashtra,2010-06-19,2013-04-13,Inactive,P005124,SYNTH_CDR_DB
PH006182,9936335065,+91,Carrier_A,Maharashtra,2025-05-27,2026-08-29,Inactive,P005517,SYNTH_TELECOM_DB
PH006183,9356697697,+91,Carrier_D,Maharashtra,2015-11-06,2018-01-11,Inactive,P000630,SYNTH_CDR_DB
PH006184,9739585142,+91,Carrier_D,Maharashtra,2013-03-20,,Active,P000320,SYNTH_TELECOM_DB
PH006185,9856384843,+91,Carrier_C,Maharashtra,2012-08-28,,Active,P000294,SYNTH_IDENTITY_DB
PH006186,9233166793,+91,Carrier_C,Maharashtra,2021-09-12,,Active,P006936,SYNTH_CDR_DB
PH006187,9507607639,+91,Carrier_A,Maharashtra,2010-12-22,2011-06-22,Suspended,P003842,SYNTH_IDENTITY_DB
PH006188,9561271551,+91,Carrier_C,Maharashtra,2021-02-10,,Active,P001209,SYNTH_LEGACY_DB
PH006189,9994750798,+91,Carrier_B,Maharashtra,2021-03-17,,Active,P003972,SYNTH_TELECOM_DB
PH006190,9764227611,+91,Carrier_B,Maharashtra,2012-06-10,,Active,P006724,SYNTH_TELECOM_DB
PH006191,9935475274,+91,Carrier_A,Maharashtra,2025-01-21,,Active,P001853,SYNTH_TELECOM_DB
PH006192,9887695972,+91,Carrier_A,Maharashtra,2019-02-16,,Active,P004763,SYNTH_IDENTITY_DB
PH006193,9314099866,+91,Carrier_A,Maharashtra,2024-04-04,,Active,P003077,SYNTH_CDR_DB
PH006194,9475200713,+91,Carrier_C,Maharashtra,2015-11-03,,Active,P002967,SYNTH_IDENTITY_DB
PH006195,9461603154,+91,Carrier_B,Maharashtra,2022-09-14,,Active,P002522,SYNTH_LEGACY_DB
PH006196,9434876340,+91,Carrier_C,Maharashtra,2017-04-23,,Active,P000752,SYNTH_TELECOM_DB
PH006197,9691626505,+91,Carrier_B,Maharashtra,2014-01-08,,Active,P005904,SYNTH_IDENTITY_DB
PH006198,9902537283,+91,Carrier_A,Maharashtra,2025-05-18,,Active,P002714,SYNTH_TELECOM_DB
PH006199,9137238277,+91,Carrier_C,Maharashtra,2016-04-16,,Active,P004577,SYNTH_CDR_DB
PH006200,9166903376,+91,Carrier_C,Maharashtra,2012-03-23,,Active,P003769,SYNTH_TELECOM_DB
PH006201,9642175131,+91,Carrier_A,Maharashtra,2016-04-14,2023-08-29,Reassigned,P000777,SYNTH_TELECOM_DB
PH006202,9314441106,+91,Carrier_B,Maharashtra,2013-06-10,2017-06-02,Inactive,P000788,SYNTH_IDENTITY_DB
PH006203,9882030990,+91,Carrier_E,Maharashtra,2012-10-29,,Active,P005981,SYNTH_TELECOM_DB
PH006204,9567029912,+91,Carrier_B,Maharashtra,2025-12-09,2026-08-29,Suspended,P005926,SYNTH_TELECOM_DB
PH006205,9797242264,+91,Carrier_B,Maharashtra,2019-04-09,,Active,P002777,SYNTH_TELECOM_DB
PH006206,9147540096,+91,Carrier_C,Maharashtra,2017-07-16,,Active,P004414,SYNTH_CDR_DB
PH006207,9583362802,+91,Carrier_B,Maharashtra,2021-05-19,2022-09-13,Reassigned,P005211,SYNTH_CDR_DB
PH006208,9763875302,+91,Carrier_D,Maharashtra,2016-12-11,,Active,P001079,SYNTH_TELECOM_DB
PH006209,9317271706,+91,Carrier_C,Maharashtra,2020-04-01,,Active,P005711,SYNTH_TELECOM_DB
PH006210,9928242266,+91,Carrier_B,Maharashtra,2013-11-17,,Active,P004472,SYNTH_TELECOM_DB
PH006211,9391160151,+91,Carrier_A,Maharashtra,2014-04-04,,Active,P000271,SYNTH_LEGACY_DB
PH006212,9588236322,+91,Carrier_C,Maharashtra,2024-07-01,,Active,P002967,SYNTH_CDR_DB
PH006213,9403905204,+91,Carrier_A,Maharashtra,2014-07-07,,Active,P000871,SYNTH_TELECOM_DB
PH006214,9376840633,+91,Carrier_D,Maharashtra,2017-03-29,,Active,P000204,SYNTH_TELECOM_DB
PH006215,9490760638,+91,Carrier_C,Maharashtra,2019-11-26,2020-10-12,Inactive,P002058,SYNTH_TELECOM_DB
PH006216,9846940107,+91,Carrier_A,Maharashtra,2025-08-13,2026-08-29,Inactive,P004007,SYNTH_TELECOM_DB
PH006217,9741132094,+91,Carrier_A,Maharashtra,2016-12-22,,Active,P001299,SYNTH_TELECOM_DB
PH006218,9592962489,+91,Carrier_A,Maharashtra,2011-11-15,,Active,P006939,SYNTH_TELECOM_DB
PH006219,9645286051,+91,Carrier_D,Maharashtra,2016-06-07,,Active,P003821,SYNTH_TELECOM_DB
PH006220,9316898666,+91,Carrier_B,Maharashtra,2019-04-22,2022-11-13,Reassigned,P004665,SYNTH_TELECOM_DB
PH006221,9161711104,+91,Carrier_A,Maharashtra,2010-09-10,2015-05-16,Inactive,P001192,SYNTH_TELECOM_DB
PH006222,9138090476,+91,Carrier_A,Maharashtra,2020-08-08,,Active,P001123,SYNTH_CDR_DB
PH006223,9484373573,+91,Carrier_B,Maharashtra,2015-12-14,,Active,P002703,SYNTH_CDR_DB
PH006224,9406233702,+91,Carrier_A,Maharashtra,2018-04-18,,Active,P004557,SYNTH_CDR_DB
PH006225,9687562932,+91,Carrier_A,Maharashtra,2022-10-11,,Active,P003320,SYNTH_CDR_DB
PH006226,9451685684,+91,Carrier_B,Maharashtra,2026-07-22,,Active,P003711,SYNTH_CDR_DB
PH006227,9729164972,+91,Carrier_A,Maharashtra,2018-02-10,2020-03-23,Suspended,P002624,SYNTH_TELECOM_DB
PH006228,9775590113,+91,Carrier_B,Maharashtra,2015-02-11,,Active,P006795,SYNTH_CDR_DB
PH006229,9306525473,+91,Carrier_B,Maharashtra,2019-01-27,,Active,P002787,SYNTH_TELECOM_DB
PH006230,9580573618,+91,Carrier_B,Maharashtra,2011-08-16,,Active,P001772,SYNTH_TELECOM_DB
PH006231,9433862611,+91,Carrier_A,Maharashtra,2015-05-02,,Active,P001188,SYNTH_TELECOM_DB
PH006232,9148590303,+91,Carrier_B,Maharashtra,2017-05-24,,Active,P003568,SYNTH_TELECOM_DB
PH006233,9841672104,+91,Carrier_C,Maharashtra,2010-02-14,,Active,P003347,SYNTH_TELECOM_DB
PH006234,9321328264,+91,Carrier_D,Maharashtra,2017-04-05,,Active,P000582,SYNTH_IDENTITY_DB
PH006235,9538668308,+91,Carrier_B,Maharashtra,2011-02-27,2014-05-18,Reassigned,P005483,SYNTH_TELECOM_DB
PH006236,9945259737,+91,Carrier_C,Maharashtra,2023-07-02,2025-07-28,Suspended,P006933,SYNTH_LEGACY_DB
PH006237,9576013106,+91,Carrier_D,Maharashtra,2021-05-22,,Active,P004433,SYNTH_CDR_DB
PH006238,9813524627,+91,Carrier_B,Maharashtra,2021-04-12,,Active,P006194,SYNTH_TELECOM_DB
PH006239,9685324544,+91,Carrier_C,Maharashtra,2012-08-29,,Active,P003922,SYNTH_TELECOM_DB
PH006240,9108731632,+91,Carrier_A,Maharashtra,2013-12-24,,Active,P005743,SYNTH_TELECOM_DB
PH006241,9512066655,+91,Carrier_A,Maharashtra,2020-11-29,,Active,P004732,SYNTH_CDR_DB
PH006242,9306684441,+91,Carrier_D,Maharashtra,2010-12-25,,Active,P000385,SYNTH_CDR_DB
PH006243,9545568182,+91,Carrier_B,Maharashtra,2019-04-01,2024-01-06,Inactive,P006099,SYNTH_TELECOM_DB
PH006244,9206490124,+91,Carrier_D,Maharashtra,2013-04-29,,Active,P003956,SYNTH_TELECOM_DB
PH006245,9453235721,+91,Carrier_A,Maharashtra,2020-04-24,,Active,P000277,SYNTH_IDENTITY_DB
PH006246,9133165819,+91,Carrier_A,Maharashtra,2017-05-09,,Active,P005680,SYNTH_LEGACY_DB
PH006247,9148799647,+91,Carrier_B,Maharashtra,2018-08-07,2021-04-03,Inactive,P000376,SYNTH_TELECOM_DB
PH006248,9557004043,+91,Carrier_B,Maharashtra,2020-12-25,,Active,P005687,SYNTH_TELECOM_DB
PH006249,9877380465,+91,Carrier_A,Maharashtra,2017-02-25,,Active,P003249,SYNTH_TELECOM_DB
PH006250,9739813763,+91,Carrier_D,Maharashtra,2021-03-17,,Active,P004575,SYNTH_CDR_DB
PH006251,9272648425,+91,Carrier_E,Maharashtra,2024-12-25,2025-06-13,Suspended,P004549,SYNTH_TELECOM_DB
PH006252,9433232635,+91,Carrier_C,Maharashtra,2018-02-01,2018-04-12,Inactive,P000897,SYNTH_CDR_DB
PH006253,9756790353,+91,Carrier_B,Maharashtra,2022-07-04,,Active,P000457,SYNTH_TELECOM_DB
PH006254,9395100013,+91,Carrier_B,Maharashtra,2025-01-23,,Active,P006698,SYNTH_IDENTITY_DB
PH006255,9898642572,+91,Carrier_A,Maharashtra,2013-12-03,,Active,P001919,SYNTH_TELECOM_DB
PH006256,9926065669,+91,Carrier_A,Maharashtra,2018-03-27,2024-07-28,Inactive,P001332,SYNTH_CDR_DB
PH006257,9705828093,+91,Carrier_C,Maharashtra,2018-05-10,,Active,P001103,SYNTH_TELECOM_DB
PH006258,9428061580,+91,Carrier_C,Maharashtra,2022-01-26,2026-08-29,Inactive,P005204,SYNTH_CDR_DB
PH006259,9848864620,+91,Carrier_C,Maharashtra,2026-06-07,,Active,P003914,SYNTH_TELECOM_DB
PH006260,9462739735,+91,Carrier_B,Maharashtra,2021-01-10,2022-07-24,Inactive,P000203,SYNTH_LEGACY_DB
PH006261,9958913359,+91,Carrier_B,Maharashtra,2010-08-06,,Active,P004338,SYNTH_TELECOM_DB
PH006262,9938217138,+91,Carrier_B,Maharashtra,2020-11-22,,Active,P003957,SYNTH_CDR_DB
PH006263,9154301023,+91,Carrier_A,Maharashtra,2014-01-22,,Active,P001724,SYNTH_TELECOM_DB
PH006264,9395442003,+91,Carrier_A,Maharashtra,2019-10-31,,Active,P003068,SYNTH_IDENTITY_DB
PH006265,9405627097,+91,Carrier_A,Maharashtra,2010-06-03,,Active,P004192,SYNTH_TELECOM_DB
PH006266,9507426503,+91,Carrier_A,Maharashtra,2020-03-15,,Active,P002532,SYNTH_CDR_DB
PH006267,9704144055,+91,Carrier_A,Maharashtra,2019-12-08,2023-02-26,Inactive,P001526,SYNTH_TELECOM_DB
PH006268,9708872348,+91,Carrier_B,Maharashtra,2012-01-03,,Active,P003521,SYNTH_TELECOM_DB
PH006269,9161576699,+91,Carrier_A,Maharashtra,2011-11-06,,Active,P002884,SYNTH_TELECOM_DB
PH006270,9895258187,+91,Carrier_B,Maharashtra,2016-10-17,,Active,P000816,SYNTH_TELECOM_DB
PH006271,9323823360,+91,Carrier_C,Maharashtra,2012-10-27,,Active,P000589,SYNTH_LEGACY_DB
PH006272,9125335159,+91,Carrier_B,Maharashtra,2018-11-13,2024-11-10,Inactive,P004860,SYNTH_LEGACY_DB
PH006273,9120867302,+91,Carrier_D,Maharashtra,2020-03-12,2021-07-27,Reassigned,P003156,SYNTH_TELECOM_DB
PH006274,9712406195,+91,Carrier_C,Maharashtra,2021-07-24,,Active,P005660,SYNTH_CDR_DB
PH006275,9237339311,+91,Carrier_A,Maharashtra,2020-12-29,2026-02-24,Reassigned,P001790,SYNTH_IDENTITY_DB
PH006276,9211891674,+91,Carrier_A,Maharashtra,2014-06-26,,Active,P006677,SYNTH_CDR_DB
PH006277,9695188383,+91,Carrier_C,Maharashtra,2014-07-29,,Active,P001864,SYNTH_IDENTITY_DB
PH006278,9908725247,+91,Carrier_A,Maharashtra,2015-06-28,2017-10-10,Suspended,P006702,SYNTH_CDR_DB
PH006279,9813686813,+91,Carrier_B,Maharashtra,2022-02-28,,Active,P005982,SYNTH_TELECOM_DB
PH006280,9120463843,+91,Carrier_A,Maharashtra,2021-03-06,,Active,P002196,SYNTH_TELECOM_DB
PH006281,9700726770,+91,Carrier_B,Maharashtra,2014-11-20,2018-01-03,Reassigned,P004172,SYNTH_LEGACY_DB
PH006282,9553679310,+91,Carrier_A,Maharashtra,2012-04-03,2013-09-07,Inactive,P003862,SYNTH_CDR_DB
PH006283,9704456451,+91,Carrier_C,Maharashtra,2025-06-15,,Active,P003529,SYNTH_TELECOM_DB
PH006284,9912831275,+91,Carrier_A,Maharashtra,2024-01-10,,Active,P005600,SYNTH_TELECOM_DB
PH006285,9319421929,+91,Carrier_B,Maharashtra,2017-06-09,,Active,P006346,SYNTH_TELECOM_DB
PH006286,9111496422,+91,Carrier_B,Maharashtra,2011-03-21,,Active,P003220,SYNTH_TELECOM_DB
PH006287,9284036555,+91,Carrier_B,Maharashtra,2015-08-18,,Active,P003650,SYNTH_TELECOM_DB
PH006288,9540461566,+91,Carrier_B,Maharashtra,2025-10-17,,Active,P000949,SYNTH_TELECOM_DB
PH006289,9543293095,+91,Carrier_B,Maharashtra,2010-12-17,,Active,P000291,SYNTH_CDR_DB
PH006290,9331785016,+91,Carrier_A,Maharashtra,2017-04-25,2017-07-03,Suspended,P002500,SYNTH_TELECOM_DB
PH006291,9201623063,+91,Carrier_E,Maharashtra,2010-01-10,,Active,P002204,SYNTH_TELECOM_DB
PH006292,9863119409,+91,Carrier_B,Maharashtra,2026-03-13,,Active,P005049,SYNTH_CDR_DB
PH006293,9813606352,+91,Carrier_C,Maharashtra,2018-07-31,,Active,P003645,SYNTH_CDR_DB
PH006294,9781896678,+91,Carrier_A,Maharashtra,2010-09-24,,Active,P003243,SYNTH_IDENTITY_DB
PH006295,9695399400,+91,Carrier_C,Maharashtra,2020-01-28,,Active,P006758,SYNTH_TELECOM_DB
PH006296,9235468368,+91,Carrier_A,Maharashtra,2010-12-18,2013-02-23,Suspended,P000226,SYNTH_TELECOM_DB
PH006297,9422597334,+91,Carrier_A,Maharashtra,2025-07-06,2026-08-29,Suspended,P000858,SYNTH_IDENTITY_DB
PH006298,9195638229,+91,Carrier_B,Maharashtra,2024-12-14,2026-08-29,Inactive,P005090,SYNTH_TELECOM_DB
PH006299,9327396003,+91,Carrier_A,Maharashtra,2022-10-01,2024-12-08,Inactive,P003732,SYNTH_IDENTITY_DB
PH006300,9322060717,+91,Carrier_A,Maharashtra,2011-12-05,,Active,P005002,SYNTH_CDR_DB
PH006301,9970118270,+91,Carrier_C,Maharashtra,2025-05-30,2026-08-29,Reassigned,P006600,SYNTH_TELECOM_DB
PH006302,9433780350,+91,Carrier_B,Maharashtra,2024-04-10,,Active,P003396,SYNTH_TELECOM_DB
PH006303,9935305322,+91,Carrier_B,Maharashtra,2016-06-20,,Active,P001418,SYNTH_CDR_DB
PH006304,9313457484,+91,Carrier_C,Maharashtra,2014-07-18,,Active,P004388,SYNTH_LEGACY_DB
PH006305,9827878350,+91,Carrier_C,Maharashtra,2011-04-16,2018-06-05,Reassigned,P006553,SYNTH_CDR_DB
PH006306,9582735640,+91,Carrier_D,Maharashtra,2023-11-15,,Active,P001642,SYNTH_LEGACY_DB
PH006307,9423842040,+91,Carrier_E,Maharashtra,2024-09-23,,Active,P000929,SYNTH_TELECOM_DB
PH006308,9459763294,+91,Carrier_D,Maharashtra,2023-12-02,2025-02-18,Suspended,P005876,SYNTH_TELECOM_DB
PH006309,9845358264,+91,Carrier_A,Maharashtra,2010-05-09,2012-05-04,Suspended,P000363,SYNTH_TELECOM_DB
PH006310,9183231169,+91,Carrier_D,Maharashtra,2015-02-17,,Active,P006169,SYNTH_IDENTITY_DB
PH006311,9515329151,+91,Carrier_D,Maharashtra,2023-11-11,,Active,P002080,SYNTH_TELECOM_DB
PH006312,9575665405,+91,Carrier_D,Maharashtra,2021-05-02,2024-03-26,Reassigned,P003968,SYNTH_TELECOM_DB
PH006313,9835662398,+91,Carrier_A,Maharashtra,2022-08-08,,Active,P001861,SYNTH_TELECOM_DB
PH006314,9631872443,+91,Carrier_C,Maharashtra,2014-06-16,,Active,P003296,SYNTH_TELECOM_DB
PH006315,9433833153,+91,Carrier_B,Maharashtra,2013-07-11,,Active,P001930,SYNTH_TELECOM_DB
PH006316,9611694315,+91,Carrier_A,Maharashtra,2024-03-23,2026-08-29,Inactive,P002808,SYNTH_TELECOM_DB
PH006317,9582172364,+91,Carrier_A,Maharashtra,2026-02-06,2026-08-29,Inactive,P002194,SYNTH_LEGACY_DB
PH006318,9645647696,+91,Carrier_C,Maharashtra,2022-08-25,,Active,P005490,SYNTH_TELECOM_DB
PH006319,9362217120,+91,Carrier_B,Maharashtra,2015-08-30,,Active,P000418,SYNTH_TELECOM_DB
PH006320,9738754427,+91,Carrier_B,Maharashtra,2014-08-13,,Active,P000187,SYNTH_LEGACY_DB
PH006321,9862077005,+91,Carrier_A,Maharashtra,2010-06-21,,Active,P005332,SYNTH_LEGACY_DB
PH006322,9390723851,+91,Carrier_A,Maharashtra,2017-09-12,,Active,P006708,SYNTH_TELECOM_DB
PH006323,9127247957,+91,Carrier_B,Maharashtra,2020-04-20,,Active,P000557,SYNTH_TELECOM_DB
PH006324,9535731141,+91,Carrier_A,Maharashtra,2025-08-21,,Active,P005573,SYNTH_IDENTITY_DB
PH006325,9829362051,+91,Carrier_B,Maharashtra,2016-07-31,,Active,P001813,SYNTH_TELECOM_DB
PH006326,9409594472,+91,Carrier_A,Maharashtra,2021-03-24,,Active,P004791,SYNTH_TELECOM_DB
PH006327,9906415959,+91,Carrier_A,Maharashtra,2011-05-29,,Active,P000015,SYNTH_CDR_DB
PH006328,9120684259,+91,Carrier_E,Maharashtra,2026-04-02,,Active,P000699,SYNTH_IDENTITY_DB
PH006329,9286599643,+91,Carrier_C,Maharashtra,2016-12-03,,Active,P003548,SYNTH_TELECOM_DB
PH006330,9666150446,+91,Carrier_B,Maharashtra,2014-07-22,,Active,P005259,SYNTH_LEGACY_DB
PH006331,9591238356,+91,Carrier_B,Maharashtra,2022-06-15,2025-09-26,Inactive,P002286,SYNTH_TELECOM_DB
PH006332,9169464539,+91,Carrier_B,Maharashtra,2013-08-02,,Active,P004042,SYNTH_TELECOM_DB
PH006333,9469565510,+91,Carrier_B,Maharashtra,2011-03-17,,Active,P002363,SYNTH_TELECOM_DB
PH006334,9891693716,+91,Carrier_A,Maharashtra,2023-08-30,,Active,P002547,SYNTH_CDR_DB
PH006335,9527703976,+91,Carrier_A,Maharashtra,2023-05-07,,Active,P001946,SYNTH_TELECOM_DB
PH006336,9267637088,+91,Carrier_D,Maharashtra,2018-11-17,2018-12-24,Inactive,P004450,SYNTH_TELECOM_DB
PH006337,9449600680,+91,Carrier_D,Maharashtra,2018-06-08,2020-10-16,Inactive,P001349,SYNTH_CDR_DB
PH006338,9137098141,+91,Carrier_C,Maharashtra,2011-06-17,,Active,P002840,SYNTH_IDENTITY_DB
PH006339,9709161522,+91,Carrier_E,Maharashtra,2019-01-24,,Active,P003345,SYNTH_TELECOM_DB
PH006340,9665700293,+91,Carrier_B,Maharashtra,2012-03-29,,Active,P004096,SYNTH_IDENTITY_DB
PH006341,9584061117,+91,Carrier_A,Maharashtra,2014-02-09,2015-05-24,Suspended,P003665,SYNTH_TELECOM_DB
PH006342,9262469029,+91,Carrier_C,Maharashtra,2023-05-21,,Active,P000690,SYNTH_TELECOM_DB
PH006343,9525946098,+91,Carrier_A,Maharashtra,2024-11-15,,Active,P001090,SYNTH_IDENTITY_DB
PH006344,9336082240,+91,Carrier_A,Maharashtra,2025-12-26,,Active,P000764,SYNTH_CDR_DB
PH006345,9519374209,+91,Carrier_B,Maharashtra,2019-02-06,,Active,P003295,SYNTH_TELECOM_DB
PH006346,9721834126,+91,Carrier_A,Maharashtra,2025-01-29,,Active,P000120,SYNTH_TELECOM_DB
PH006347,9520439681,+91,Carrier_C,Maharashtra,2013-06-04,,Active,P006548,SYNTH_IDENTITY_DB
PH006348,9308851325,+91,Carrier_B,Maharashtra,2014-09-25,,Active,P004535,SYNTH_LEGACY_DB
PH006349,9362547358,+91,Carrier_C,Maharashtra,2021-04-18,,Active,P005641,SYNTH_TELECOM_DB
PH006350,9505798543,+91,Carrier_A,Maharashtra,2010-10-16,,Active,P002476,SYNTH_TELECOM_DB
PH006351,9129322548,+91,Carrier_A,Maharashtra,2016-07-23,2021-09-29,Inactive,P002225,SYNTH_CDR_DB
PH006352,9394390534,+91,Carrier_C,Maharashtra,2024-07-27,,Active,P006198,SYNTH_LEGACY_DB
PH006353,9748422128,+91,Carrier_A,Maharashtra,2018-01-09,,Active,P004167,SYNTH_CDR_DB
PH006354,9721289080,+91,Carrier_A,Maharashtra,2023-07-16,,Active,P000772,SYNTH_TELECOM_DB
PH006355,9533538544,+91,Carrier_C,Maharashtra,2014-11-16,,Active,P002788,SYNTH_TELECOM_DB
PH006356,9833301557,+91,Carrier_D,Maharashtra,2013-09-04,2016-01-29,Inactive,P001977,SYNTH_CDR_DB
PH006357,9793260249,+91,Carrier_A,Maharashtra,2025-06-20,,Active,P001631,SYNTH_IDENTITY_DB
PH006358,9907452192,+91,Carrier_A,Maharashtra,2019-08-21,2023-06-08,Reassigned,P001422,SYNTH_TELECOM_DB
PH006359,9142495166,+91,Carrier_E,Maharashtra,2012-04-18,,Active,P006367,SYNTH_CDR_DB
PH006360,9507638601,+91,Carrier_C,Maharashtra,2024-09-10,,Active,P002611,SYNTH_TELECOM_DB
PH006361,9572567621,+91,Carrier_C,Maharashtra,2025-01-12,,Active,P004269,SYNTH_TELECOM_DB
PH006362,9628985073,+91,Carrier_A,Maharashtra,2012-06-22,,Active,P000063,SYNTH_TELECOM_DB
PH006363,9112972071,+91,Carrier_C,Maharashtra,2023-08-01,2026-08-29,Inactive,P002067,SYNTH_TELECOM_DB
PH006364,9282310130,+91,Carrier_A,Maharashtra,2026-06-03,,Active,P002452,SYNTH_TELECOM_DB
PH006365,9213813032,+91,Carrier_A,Maharashtra,2023-09-12,,Active,P005675,SYNTH_TELECOM_DB
PH006366,9970535881,+91,Carrier_C,Maharashtra,2018-09-10,,Active,P002953,SYNTH_IDENTITY_DB
PH006367,9712083931,+91,Carrier_D,Maharashtra,2011-02-11,,Active,P003053,SYNTH_TELECOM_DB
PH006368,9802316743,+91,Carrier_D,Maharashtra,2023-09-08,,Active,P006801,SYNTH_CDR_DB
PH006369,9397474651,+91,Carrier_E,Maharashtra,2013-08-02,,Active,P001175,SYNTH_LEGACY_DB
PH006370,9366647122,+91,Carrier_C,Maharashtra,2018-02-08,,Active,P004486,SYNTH_LEGACY_DB
PH006371,9164372684,+91,Carrier_A,Maharashtra,2021-07-09,2026-08-29,Inactive,P004451,SYNTH_TELECOM_DB
PH006372,9371046788,+91,Carrier_A,Maharashtra,2018-12-25,,Active,P005983,SYNTH_TELECOM_DB
PH006373,9272183727,+91,Carrier_C,Maharashtra,2025-06-17,,Active,P001117,SYNTH_TELECOM_DB
PH006374,9249588448,+91,Carrier_D,Maharashtra,2019-08-25,,Active,P000486,SYNTH_TELECOM_DB
PH006375,9273505172,+91,Carrier_A,Maharashtra,2021-10-20,2025-11-09,Inactive,P003199,SYNTH_TELECOM_DB
PH006376,9861609243,+91,Carrier_C,Maharashtra,2011-07-09,2014-08-30,Inactive,P003821,SYNTH_TELECOM_DB
PH006377,9652430048,+91,Carrier_C,Maharashtra,2011-04-01,,Active,P004416,SYNTH_TELECOM_DB
PH006378,9137994285,+91,Carrier_E,Maharashtra,2016-09-18,2017-10-06,Inactive,P006748,SYNTH_CDR_DB
PH006379,9189184165,+91,Carrier_A,Maharashtra,2024-08-15,,Active,P003531,SYNTH_TELECOM_DB
PH006380,9265775032,+91,Carrier_B,Maharashtra,2015-02-14,2016-05-11,Suspended,P001794,SYNTH_TELECOM_DB
PH006381,9645328015,+91,Carrier_C,Maharashtra,2010-11-07,,Active,P006177,SYNTH_TELECOM_DB
PH006382,9507164346,+91,Carrier_A,Maharashtra,2011-04-20,2013-11-20,Suspended,P006309,SYNTH_CDR_DB
PH006383,9103391133,+91,Carrier_A,Maharashtra,2010-09-23,,Active,P000845,SYNTH_TELECOM_DB
PH006384,9227800301,+91,Carrier_B,Maharashtra,2012-12-03,,Active,P003510,SYNTH_TELECOM_DB
PH006385,9878748220,+91,Carrier_B,Maharashtra,2011-11-18,,Active,P004285,SYNTH_TELECOM_DB
PH006386,9881681018,+91,Carrier_A,Maharashtra,2016-05-26,,Active,P004039,SYNTH_LEGACY_DB
PH006387,9651869804,+91,Carrier_A,Maharashtra,2023-05-01,,Active,P001365,SYNTH_TELECOM_DB
PH006388,9846148786,+91,Carrier_B,Maharashtra,2019-04-27,,Active,P006872,SYNTH_TELECOM_DB
PH006389,9274816085,+91,Carrier_A,Maharashtra,2011-07-22,,Active,P003253,SYNTH_TELECOM_DB
PH006390,9821871710,+91,Carrier_D,Maharashtra,2016-03-20,,Active,P006310,SYNTH_TELECOM_DB
PH006391,9742560381,+91,Carrier_B,Maharashtra,2019-06-12,,Active,P004177,SYNTH_TELECOM_DB
PH006392,9588800601,+91,Carrier_D,Maharashtra,2016-04-18,2019-05-05,Inactive,P006448,SYNTH_IDENTITY_DB
PH006393,9561049077,+91,Carrier_A,Maharashtra,2013-09-12,,Active,P005274,SYNTH_TELECOM_DB
PH006394,9156850948,+91,Carrier_C,Maharashtra,2020-09-03,,Active,P000348,SYNTH_TELECOM_DB
PH006395,9526934501,+91,Carrier_A,Maharashtra,2019-08-21,,Active,P002999,SYNTH_LEGACY_DB
PH006396,9568414011,+91,Carrier_C,Maharashtra,2020-09-10,,Active,P004055,SYNTH_TELECOM_DB
PH006397,9996329028,+91,Carrier_B,Maharashtra,2025-08-12,2025-09-11,Inactive,P003406,SYNTH_TELECOM_DB
PH006398,9315279101,+91,Carrier_A,Maharashtra,2020-08-14,2022-02-13,Suspended,P002021,SYNTH_TELECOM_DB
PH006399,9817870616,+91,Carrier_A,Maharashtra,2013-08-19,,Active,P003591,SYNTH_IDENTITY_DB
PH006400,9979981524,+91,Carrier_B,Maharashtra,2013-07-25,2016-09-03,Reassigned,P002789,SYNTH_TELECOM_DB
PH006401,9854523487,+91,Carrier_B,Maharashtra,2016-05-18,,Active,P001795,SYNTH_TELECOM_DB
PH006402,9506216531,+91,Carrier_A,Maharashtra,2012-01-06,,Active,P004887,SYNTH_TELECOM_DB
PH006403,9497378448,+91,Carrier_A,Maharashtra,2025-09-05,2025-09-17,Suspended,P002799,SYNTH_TELECOM_DB
PH006404,9208780865,+91,Carrier_A,Maharashtra,2012-09-08,,Active,P005815,SYNTH_IDENTITY_DB
PH006405,9124436751,+91,Carrier_D,Maharashtra,2013-04-11,,Active,P001129,SYNTH_LEGACY_DB
PH006406,9395647818,+91,Carrier_B,Maharashtra,2017-09-30,2021-07-12,Inactive,P000859,SYNTH_TELECOM_DB
PH006407,9892717674,+91,Carrier_A,Maharashtra,2015-08-03,,Active,P004467,SYNTH_TELECOM_DB
PH006408,9506077194,+91,Carrier_A,Maharashtra,2018-06-22,,Active,P003468,SYNTH_CDR_DB
PH006409,9899251132,+91,Carrier_A,Maharashtra,2022-05-03,2026-08-29,Inactive,P002908,SYNTH_TELECOM_DB
PH006410,9102860611,+91,Carrier_B,Maharashtra,2012-11-02,,Active,P000966,SYNTH_TELECOM_DB
PH006411,9553725025,+91,Carrier_C,Maharashtra,2014-12-03,,Active,P002854,SYNTH_TELECOM_DB
PH006412,9838390006,+91,Carrier_E,Maharashtra,2016-12-09,,Active,P004667,SYNTH_TELECOM_DB
PH006413,9384774655,+91,Carrier_B,Maharashtra,2019-08-12,,Active,P004537,SYNTH_TELECOM_DB
PH006414,9662435842,+91,Carrier_A,Maharashtra,2022-04-24,,Active,P001326,SYNTH_TELECOM_DB
PH006415,9544305704,+91,Carrier_C,Maharashtra,2017-12-02,,Active,P000228,SYNTH_TELECOM_DB
PH006416,9179274457,+91,Carrier_B,Maharashtra,2016-04-17,,Active,P001823,SYNTH_TELECOM_DB
PH006417,9573434887,+91,Carrier_D,Maharashtra,2011-04-30,,Active,P000650,SYNTH_IDENTITY_DB
PH006418,9940440856,+91,Carrier_D,Maharashtra,2021-05-20,,Active,P005289,SYNTH_LEGACY_DB
PH006419,9340465921,+91,Carrier_D,Maharashtra,2019-03-23,2020-06-20,Suspended,P000391,SYNTH_CDR_DB
PH006420,9431406567,+91,Carrier_A,Maharashtra,2010-02-09,,Active,P005096,SYNTH_LEGACY_DB
PH006421,9725097252,+91,Carrier_B,Maharashtra,2024-02-03,2025-05-27,Inactive,P005143,SYNTH_CDR_DB
PH006422,9325715437,+91,Carrier_B,Maharashtra,2018-03-22,,Active,P005687,SYNTH_TELECOM_DB
PH006423,9791732693,+91,Carrier_E,Maharashtra,2021-06-19,,Active,P002200,SYNTH_IDENTITY_DB
PH006424,9649906740,+91,Carrier_B,Maharashtra,2021-11-25,,Active,P006339,SYNTH_TELECOM_DB
PH006425,9339601049,+91,Carrier_B,Maharashtra,2021-08-25,,Active,P003353,SYNTH_TELECOM_DB
PH006426,9225050405,+91,Carrier_A,Maharashtra,2016-03-16,2016-09-07,Inactive,P005519,SYNTH_LEGACY_DB
PH006427,9109802919,+91,Carrier_B,Maharashtra,2013-04-08,,Active,P006076,SYNTH_IDENTITY_DB
PH006428,9816834953,+91,Carrier_B,Maharashtra,2014-04-27,,Active,P001263,SYNTH_CDR_DB
PH006429,9474339293,+91,Carrier_C,Maharashtra,2026-01-24,2026-08-29,Reassigned,P005210,SYNTH_TELECOM_DB
PH006430,9710380266,+91,Carrier_A,Maharashtra,2015-12-01,,Active,P001106,SYNTH_TELECOM_DB
PH006431,9739939372,+91,Carrier_E,Maharashtra,2025-07-04,,Active,P005492,SYNTH_LEGACY_DB
PH006432,9853424357,+91,Carrier_A,Maharashtra,2025-02-09,,Active,P000078,SYNTH_CDR_DB
PH006433,9420477909,+91,Carrier_C,Maharashtra,2012-06-08,,Active,P004115,SYNTH_TELECOM_DB
PH006434,9332184080,+91,Carrier_C,Maharashtra,2021-06-06,2026-08-29,Inactive,P006952,SYNTH_TELECOM_DB
PH006435,9382500919,+91,Carrier_A,Maharashtra,2014-07-26,2022-08-18,Reassigned,P005939,SYNTH_TELECOM_DB
PH006436,9547132281,+91,Carrier_D,Maharashtra,2014-08-19,,Active,P003506,SYNTH_IDENTITY_DB
PH006437,9874982532,+91,Carrier_A,Maharashtra,2024-06-21,,Active,P001801,SYNTH_TELECOM_DB
PH006438,9860604356,+91,Carrier_E,Maharashtra,2012-09-28,2015-01-21,Inactive,P002383,SYNTH_CDR_DB
PH006439,9681059570,+91,Carrier_A,Maharashtra,2014-06-28,,Active,P006413,SYNTH_TELECOM_DB
PH006440,9666893641,+91,Carrier_B,Maharashtra,2018-10-05,,Active,P000199,SYNTH_TELECOM_DB
PH006441,9252293188,+91,Carrier_D,Maharashtra,2020-10-13,,Active,P001040,SYNTH_CDR_DB
PH006442,9133261214,+91,Carrier_A,Maharashtra,2023-02-09,,Active,P001799,SYNTH_CDR_DB
PH006443,9957870774,+91,Carrier_D,Maharashtra,2016-05-03,,Active,P000170,SYNTH_TELECOM_DB
PH006444,9862281587,+91,Carrier_B,Maharashtra,2016-02-27,,Active,P001054,SYNTH_TELECOM_DB
PH006445,9513378717,+91,Carrier_C,Maharashtra,2010-02-27,,Active,P005891,SYNTH_IDENTITY_DB
PH006446,9147502399,+91,Carrier_C,Maharashtra,2017-04-26,,Active,P006454,SYNTH_CDR_DB
PH006447,9294645783,+91,Carrier_C,Maharashtra,2021-07-09,,Active,P001206,SYNTH_TELECOM_DB
PH006448,9256007226,+91,Carrier_D,Maharashtra,2019-09-07,,Active,P001937,SYNTH_CDR_DB
PH006449,9495920643,+91,Carrier_C,Maharashtra,2022-08-29,,Active,P000819,SYNTH_LEGACY_DB
PH006450,9352640862,+91,Carrier_A,Maharashtra,2018-07-12,,Active,P001084,SYNTH_TELECOM_DB
PH006451,9477615806,+91,Carrier_D,Maharashtra,2026-07-29,,Active,P005294,SYNTH_TELECOM_DB
PH006452,9983729522,+91,Carrier_E,Maharashtra,2019-05-05,,Active,P005163,SYNTH_CDR_DB
PH006453,9222234494,+91,Carrier_C,Maharashtra,2011-10-13,,Active,P005926,SYNTH_TELECOM_DB
PH006454,9810496318,+91,Carrier_B,Maharashtra,2011-11-11,,Active,P003850,SYNTH_LEGACY_DB
PH006455,9374045871,+91,Carrier_A,Maharashtra,2017-07-16,,Active,P003508,SYNTH_TELECOM_DB
PH006456,9153100829,+91,Carrier_B,Maharashtra,2021-04-21,,Active,P005546,SYNTH_TELECOM_DB
PH006457,9975242812,+91,Carrier_A,Maharashtra,2012-06-23,,Active,P002602,SYNTH_TELECOM_DB
PH006458,9615257323,+91,Carrier_A,Maharashtra,2014-02-24,,Active,P004916,SYNTH_CDR_DB
PH006459,9302625489,+91,Carrier_C,Maharashtra,2010-09-11,,Active,P005835,SYNTH_TELECOM_DB
PH006460,9926302124,+91,Carrier_E,Maharashtra,2021-11-07,,Active,P004466,SYNTH_CDR_DB
PH006461,9391577639,+91,Carrier_B,Maharashtra,2018-12-31,,Active,P004126,SYNTH_TELECOM_DB
PH006462,9361177892,+91,Carrier_B,Maharashtra,2022-06-05,,Active,P000849,SYNTH_TELECOM_DB
PH006463,9373865053,+91,Carrier_E,Maharashtra,2019-02-08,,Active,P003303,SYNTH_TELECOM_DB
PH006464,9660584439,+91,Carrier_C,Maharashtra,2018-11-12,,Active,P005736,SYNTH_TELECOM_DB
PH006465,9451657438,+91,Carrier_A,Maharashtra,2016-07-06,,Active,P001175,SYNTH_CDR_DB
PH006466,9572110473,+91,Carrier_C,Maharashtra,2011-07-20,2014-04-28,Inactive,P002344,SYNTH_TELECOM_DB
PH006467,9617936357,+91,Carrier_D,Maharashtra,2016-03-01,,Active,P005442,SYNTH_TELECOM_DB
PH006468,9308179473,+91,Carrier_A,Maharashtra,2017-04-22,2024-01-25,Reassigned,P001171,SYNTH_CDR_DB
PH006469,9752564577,+91,Carrier_D,Maharashtra,2024-02-04,,Active,P001141,SYNTH_CDR_DB
PH006470,9616425171,+91,Carrier_B,Maharashtra,2022-04-13,,Active,P006569,SYNTH_TELECOM_DB
PH006471,9260328791,+91,Carrier_A,Maharashtra,2018-08-24,2019-04-07,Suspended,P001171,SYNTH_TELECOM_DB
PH006472,9584553521,+91,Carrier_D,Maharashtra,2017-03-26,2017-10-01,Suspended,P004070,SYNTH_IDENTITY_DB
PH006473,9479574315,+91,Carrier_C,Maharashtra,2021-06-13,,Active,P005308,SYNTH_TELECOM_DB
PH006474,9122823015,+91,Carrier_B,Maharashtra,2018-07-28,2024-07-17,Inactive,P005275,SYNTH_TELECOM_DB
PH006475,9444639786,+91,Carrier_B,Maharashtra,2023-10-20,,Active,P001303,SYNTH_IDENTITY_DB
PH006476,9938790246,+91,Carrier_A,Maharashtra,2017-11-02,,Active,P000845,SYNTH_TELECOM_DB
PH006477,9864626026,+91,Carrier_A,Maharashtra,2020-03-31,,Active,P004539,SYNTH_TELECOM_DB
PH006478,9411400679,+91,Carrier_D,Maharashtra,2012-04-20,,Active,P003702,SYNTH_TELECOM_DB
PH006479,9526490520,+91,Carrier_E,Maharashtra,2010-08-24,2013-08-22,Inactive,P002407,SYNTH_TELECOM_DB
PH006480,9369290298,+91,Carrier_C,Maharashtra,2026-04-29,,Active,P003401,SYNTH_TELECOM_DB
PH006481,9591019228,+91,Carrier_C,Maharashtra,2012-10-17,,Active,P004699,SYNTH_TELECOM_DB
PH006482,9792232681,+91,Carrier_B,Maharashtra,2018-06-12,2022-04-09,Inactive,P006424,SYNTH_CDR_DB
PH006483,9349484025,+91,Carrier_A,Maharashtra,2013-07-09,2014-11-03,Suspended,P006718,SYNTH_TELECOM_DB
PH006484,9947179214,+91,Carrier_A,Maharashtra,2024-05-22,,Active,P001852,SYNTH_IDENTITY_DB
PH006485,9948232361,+91,Carrier_B,Maharashtra,2026-07-15,,Active,P004284,SYNTH_TELECOM_DB
PH006486,9963470843,+91,Carrier_D,Maharashtra,2013-01-19,,Active,P002808,SYNTH_LEGACY_DB
PH006487,9188720022,+91,Carrier_B,Maharashtra,2015-04-01,2018-12-15,Inactive,P005898,SYNTH_CDR_DB
PH006488,9120042564,+91,Carrier_E,Maharashtra,2017-10-09,,Active,P006360,SYNTH_IDENTITY_DB
PH006489,9169300953,+91,Carrier_A,Maharashtra,2012-12-01,,Active,P002042,SYNTH_IDENTITY_DB
PH006490,9610581546,+91,Carrier_C,Maharashtra,2019-09-22,,Active,P004564,SYNTH_TELECOM_DB
PH006491,9206813317,+91,Carrier_C,Maharashtra,2013-02-27,,Active,P001911,SYNTH_CDR_DB
PH006492,9666452155,+91,Carrier_B,Maharashtra,2016-06-25,,Active,P001021,SYNTH_IDENTITY_DB
PH006493,9545203412,+91,Carrier_D,Maharashtra,2017-06-07,,Active,P004942,SYNTH_CDR_DB
PH006494,9518942890,+91,Carrier_A,Maharashtra,2016-06-05,2018-05-24,Reassigned,P005698,SYNTH_TELECOM_DB
PH006495,9371110610,+91,Carrier_C,Maharashtra,2017-08-13,2022-02-14,Inactive,P000301,SYNTH_LEGACY_DB
PH006496,9317894539,+91,Carrier_B,Maharashtra,2017-12-11,,Active,P004635,SYNTH_TELECOM_DB
PH006497,9265917870,+91,Carrier_A,Maharashtra,2014-02-01,,Active,P004623,SYNTH_TELECOM_DB
PH006498,9699836710,+91,Carrier_A,Maharashtra,2011-01-11,,Active,P002774,SYNTH_CDR_DB
PH006499,9923082459,+91,Carrier_A,Maharashtra,2010-04-07,2011-10-24,Reassigned,P003032,SYNTH_TELECOM_DB
PH006500,9347868065,+91,Carrier_C,Maharashtra,2014-09-28,,Active,P006169,SYNTH_IDENTITY_DB
PH006501,9972038980,+91,Carrier_A,Maharashtra,2017-03-25,,Active,P005704,SYNTH_TELECOM_DB
PH006502,9549368197,+91,Carrier_B,Maharashtra,2025-11-30,,Active,P001963,SYNTH_TELECOM_DB
PH006503,9279522170,+91,Carrier_A,Maharashtra,2026-06-03,,Active,P002221,SYNTH_TELECOM_DB
PH006504,9246658818,+91,Carrier_E,Maharashtra,2023-02-20,,Active,P003818,SYNTH_TELECOM_DB
PH006505,9359225318,+91,Carrier_C,Maharashtra,2014-09-24,,Active,P004532,SYNTH_TELECOM_DB
PH006506,9191975951,+91,Carrier_B,Maharashtra,2024-10-01,,Active,P002752,SYNTH_TELECOM_DB
PH006507,9787447523,+91,Carrier_A,Maharashtra,2018-05-27,,Active,P001417,SYNTH_TELECOM_DB
PH006508,9363639411,+91,Carrier_C,Maharashtra,2015-04-15,,Active,P003144,SYNTH_TELECOM_DB
PH006509,9783230295,+91,Carrier_A,Maharashtra,2011-08-15,,Active,P001965,SYNTH_TELECOM_DB
PH006510,9847887708,+91,Carrier_A,Maharashtra,2011-11-22,,Active,P003947,SYNTH_TELECOM_DB
PH006511,9888554995,+91,Carrier_A,Maharashtra,2019-05-31,,Active,P005497,SYNTH_TELECOM_DB
PH006512,9971053497,+91,Carrier_A,Maharashtra,2024-08-07,,Active,P001202,SYNTH_TELECOM_DB
PH006513,9902024231,+91,Carrier_A,Maharashtra,2011-04-29,2011-09-04,Inactive,P005918,SYNTH_CDR_DB
PH006514,9224924380,+91,Carrier_C,Maharashtra,2014-07-25,2019-11-11,Inactive,P001066,SYNTH_TELECOM_DB
PH006515,9369045315,+91,Carrier_A,Maharashtra,2018-09-18,,Active,P001058,SYNTH_TELECOM_DB
PH006516,9249777345,+91,Carrier_E,Maharashtra,2015-03-25,2020-07-25,Inactive,P005070,SYNTH_TELECOM_DB
PH006517,9409393551,+91,Carrier_C,Maharashtra,2020-01-19,,Active,P006899,SYNTH_LEGACY_DB
PH006518,9840900795,+91,Carrier_C,Maharashtra,2020-07-23,2021-11-07,Inactive,P003960,SYNTH_TELECOM_DB
PH006519,9517299782,+91,Carrier_E,Maharashtra,2022-08-20,,Active,P002043,SYNTH_TELECOM_DB
PH006520,9228499335,+91,Carrier_C,Maharashtra,2024-10-14,,Active,P005328,SYNTH_TELECOM_DB
PH006521,9809022577,+91,Carrier_C,Maharashtra,2018-04-12,,Active,P000874,SYNTH_LEGACY_DB
PH006522,9574211637,+91,Carrier_D,Maharashtra,2013-09-18,,Active,P006937,SYNTH_TELECOM_DB
PH006523,9116134793,+91,Carrier_B,Maharashtra,2026-02-01,,Active,P001982,SYNTH_TELECOM_DB
PH006524,9166588772,+91,Carrier_A,Maharashtra,2022-09-16,,Active,P005804,SYNTH_LEGACY_DB
PH006525,9840563339,+91,Carrier_A,Maharashtra,2016-11-18,,Active,P006522,SYNTH_TELECOM_DB
PH006526,9429405189,+91,Carrier_B,Maharashtra,2026-08-12,2026-08-29,Inactive,P006763,SYNTH_IDENTITY_DB
PH006527,9576523634,+91,Carrier_A,Maharashtra,2021-03-10,,Active,P000830,SYNTH_IDENTITY_DB
PH006528,9717351064,+91,Carrier_C,Maharashtra,2018-11-13,,Active,P001147,SYNTH_IDENTITY_DB
PH006529,9601730132,+91,Carrier_A,Maharashtra,2010-04-28,2015-02-27,Inactive,P002657,SYNTH_TELECOM_DB
PH006530,9616731544,+91,Carrier_A,Maharashtra,2011-10-27,2012-07-30,Suspended,P003335,SYNTH_TELECOM_DB
PH006531,9732343859,+91,Carrier_C,Maharashtra,2023-08-22,,Active,P004266,SYNTH_TELECOM_DB
PH006532,9162765967,+91,Carrier_A,Maharashtra,2022-08-30,,Active,P004014,SYNTH_CDR_DB
PH006533,9236571478,+91,Carrier_B,Maharashtra,2015-09-08,,Active,P005339,SYNTH_TELECOM_DB
PH006534,9446222777,+91,Carrier_A,Maharashtra,2010-03-02,,Active,P005636,SYNTH_IDENTITY_DB
PH006535,9614482877,+91,Carrier_C,Maharashtra,2023-04-08,,Active,P004400,SYNTH_TELECOM_DB
PH006536,9507570581,+91,Carrier_C,Maharashtra,2013-04-20,2015-06-26,Suspended,P006590,SYNTH_CDR_DB
PH006537,9605160412,+91,Carrier_B,Maharashtra,2010-03-28,2015-04-22,Inactive,P004313,SYNTH_TELECOM_DB
PH006538,9591193943,+91,Carrier_B,Maharashtra,2016-12-09,,Active,P001516,SYNTH_IDENTITY_DB
PH006539,9380691660,+91,Carrier_C,Maharashtra,2022-06-12,2026-08-29,Inactive,P002672,SYNTH_TELECOM_DB
PH006540,9876352283,+91,Carrier_A,Maharashtra,2023-03-11,2026-08-29,Reassigned,P006489,SYNTH_LEGACY_DB
PH006541,9679403926,+91,Carrier_A,Maharashtra,2012-04-28,,Active,P004757,SYNTH_CDR_DB
PH006542,9953695611,+91,Carrier_B,Maharashtra,2021-10-15,,Active,P003451,SYNTH_TELECOM_DB
PH006543,9284334668,+91,Carrier_C,Maharashtra,2023-11-10,,Active,P003561,SYNTH_CDR_DB
PH006544,9976069885,+91,Carrier_E,Maharashtra,2020-03-06,,Active,P004029,SYNTH_TELECOM_DB
PH006545,9865710355,+91,Carrier_A,Maharashtra,2016-04-06,,Active,P005119,SYNTH_TELECOM_DB
PH006546,9320110864,+91,Carrier_A,Maharashtra,2013-06-01,,Active,P001349,SYNTH_TELECOM_DB
PH006547,9194978467,+91,Carrier_B,Maharashtra,2011-12-20,2018-03-15,Inactive,P005611,SYNTH_CDR_DB
PH006548,9835054926,+91,Carrier_C,Maharashtra,2013-04-07,,Active,P002866,SYNTH_TELECOM_DB
PH006549,9326346024,+91,Carrier_B,Maharashtra,2025-01-08,,Active,P005808,SYNTH_TELECOM_DB
PH006550,9504470933,+91,Carrier_A,Maharashtra,2024-06-26,,Active,P004582,SYNTH_CDR_DB
PH006551,9916859431,+91,Carrier_B,Maharashtra,2023-07-21,2026-08-29,Reassigned,P005806,SYNTH_CDR_DB
PH006552,9921333523,+91,Carrier_E,Maharashtra,2022-06-27,,Active,P000997,SYNTH_IDENTITY_DB
PH006553,9704292909,+91,Carrier_C,Maharashtra,2017-02-19,,Active,P002787,SYNTH_LEGACY_DB
PH006554,9220347427,+91,Carrier_A,Maharashtra,2016-12-01,,Active,P006166,SYNTH_TELECOM_DB
PH006555,9757691044,+91,Carrier_A,Maharashtra,2024-12-11,,Active,P002752,SYNTH_TELECOM_DB
PH006556,9226440741,+91,Carrier_B,Maharashtra,2010-05-03,2016-05-26,Inactive,P000543,SYNTH_CDR_DB
PH006557,9471003606,+91,Carrier_C,Maharashtra,2016-01-08,,Active,P004008,SYNTH_IDENTITY_DB
PH006558,9944077176,+91,Carrier_B,Maharashtra,2010-06-09,2010-08-30,Inactive,P006853,SYNTH_TELECOM_DB
PH006559,9217263297,+91,Carrier_B,Maharashtra,2023-05-15,,Active,P000889,SYNTH_LEGACY_DB
PH006560,9589848594,+91,Carrier_B,Maharashtra,2022-01-09,,Active,P004826,SYNTH_CDR_DB
PH006561,9192488141,+91,Carrier_C,Maharashtra,2016-02-22,,Active,P002364,SYNTH_TELECOM_DB
PH006562,9644978343,+91,Carrier_B,Maharashtra,2024-03-30,,Active,P000307,SYNTH_CDR_DB
PH006563,9105153188,+91,Carrier_C,Maharashtra,2013-09-12,,Active,P004900,SYNTH_TELECOM_DB
PH006564,9141634246,+91,Carrier_A,Maharashtra,2026-01-31,2026-05-04,Suspended,P002547,SYNTH_TELECOM_DB
PH006565,9344871877,+91,Carrier_A,Maharashtra,2016-07-22,,Active,P000334,SYNTH_IDENTITY_DB
PH006566,9479283049,+91,Carrier_B,Maharashtra,2015-05-24,2017-09-19,Reassigned,P002568,SYNTH_CDR_DB
PH006567,9709059433,+91,Carrier_B,Maharashtra,2016-05-01,,Active,P003503,SYNTH_CDR_DB
PH006568,9601391985,+91,Carrier_B,Maharashtra,2010-06-15,,Active,P000423,SYNTH_TELECOM_DB
PH006569,9733398537,+91,Carrier_C,Maharashtra,2021-10-10,2024-10-17,Inactive,P001289,SYNTH_TELECOM_DB
PH006570,9489587491,+91,Carrier_B,Maharashtra,2019-06-26,,Active,P002254,SYNTH_TELECOM_DB
PH006571,9865581955,+91,Carrier_A,Maharashtra,2020-08-26,,Active,P000691,SYNTH_TELECOM_DB
PH006572,9531773175,+91,Carrier_B,Maharashtra,2014-11-13,,Active,P004702,SYNTH_CDR_DB
PH006573,9737593229,+91,Carrier_B,Maharashtra,2023-01-04,,Active,P006141,SYNTH_TELECOM_DB
PH006574,9732985531,+91,Carrier_B,Maharashtra,2019-05-04,,Active,P006731,SYNTH_IDENTITY_DB
PH006575,9154359793,+91,Carrier_D,Maharashtra,2019-05-19,,Active,P004637,SYNTH_TELECOM_DB
PH006576,9964970663,+91,Carrier_D,Maharashtra,2023-08-20,2024-03-16,Suspended,P006758,SYNTH_TELECOM_DB
PH006577,9685320723,+91,Carrier_B,Maharashtra,2016-05-09,,Active,P003380,SYNTH_IDENTITY_DB
PH006578,9429254409,+91,Carrier_B,Maharashtra,2025-02-23,,Active,P002509,SYNTH_CDR_DB
PH006579,9809267913,+91,Carrier_B,Maharashtra,2015-06-22,,Active,P000028,SYNTH_CDR_DB
PH006580,9677054723,+91,Carrier_A,Maharashtra,2022-01-30,2023-05-06,Reassigned,P000707,SYNTH_TELECOM_DB
PH006581,9694014708,+91,Carrier_E,Maharashtra,2023-12-20,,Active,P002381,SYNTH_CDR_DB
PH006582,9984185566,+91,Carrier_E,Maharashtra,2020-02-18,2021-09-01,Inactive,P003153,SYNTH_TELECOM_DB
PH006583,9599802611,+91,Carrier_B,Maharashtra,2012-06-01,,Active,P006554,SYNTH_CDR_DB
PH006584,9854208187,+91,Carrier_A,Maharashtra,2012-12-31,2014-09-04,Reassigned,P002273,SYNTH_IDENTITY_DB
PH006585,9489865521,+91,Carrier_B,Maharashtra,2022-04-07,,Active,P000037,SYNTH_CDR_DB
PH006586,9322595428,+91,Carrier_C,Maharashtra,2010-05-08,,Active,P004381,SYNTH_CDR_DB
PH006587,9956446713,+91,Carrier_A,Maharashtra,2016-12-03,,Active,P005362,SYNTH_TELECOM_DB
PH006588,9294970703,+91,Carrier_D,Maharashtra,2018-05-10,2024-06-11,Inactive,P005404,SYNTH_LEGACY_DB
PH006589,9937486927,+91,Carrier_C,Maharashtra,2017-04-12,2019-12-12,Reassigned,P006519,SYNTH_IDENTITY_DB
PH006590,9647770643,+91,Carrier_A,Maharashtra,2013-11-04,,Active,P000513,SYNTH_TELECOM_DB
PH006591,9810092010,+91,Carrier_B,Maharashtra,2018-01-11,2020-09-07,Suspended,P001669,SYNTH_TELECOM_DB
PH006592,9655095808,+91,Carrier_E,Maharashtra,2019-04-14,,Active,P006456,SYNTH_LEGACY_DB
PH006593,9880585305,+91,Carrier_A,Maharashtra,2012-08-30,2019-05-27,Inactive,P002040,SYNTH_TELECOM_DB
PH006594,9481198565,+91,Carrier_C,Maharashtra,2016-11-16,,Active,P001974,SYNTH_TELECOM_DB
PH006595,9980784804,+91,Carrier_A,Maharashtra,2014-08-16,,Active,P002931,SYNTH_TELECOM_DB
PH006596,9965328480,+91,Carrier_A,Maharashtra,2011-06-15,,Active,P003619,SYNTH_TELECOM_DB
PH006597,9330668444,+91,Carrier_C,Maharashtra,2014-03-09,,Active,P004786,SYNTH_TELECOM_DB
PH006598,9470966858,+91,Carrier_C,Maharashtra,2025-02-24,2026-08-29,Reassigned,P005797,SYNTH_TELECOM_DB
PH006599,9305053688,+91,Carrier_B,Maharashtra,2026-08-06,,Active,P003605,SYNTH_TELECOM_DB
PH006600,9989402102,+91,Carrier_C,Maharashtra,2021-05-19,,Active,P003405,SYNTH_TELECOM_DB
PH006601,9284570036,+91,Carrier_C,Maharashtra,2026-08-09,,Active,P002221,SYNTH_TELECOM_DB
PH006602,9448623426,+91,Carrier_A,Maharashtra,2024-02-05,,Active,P002568,SYNTH_TELECOM_DB
PH006603,9666243106,+91,Carrier_D,Maharashtra,2019-12-11,2021-06-02,Inactive,P006490,SYNTH_TELECOM_DB
PH006604,9458115006,+91,Carrier_C,Maharashtra,2019-01-10,,Active,P000861,SYNTH_TELECOM_DB
PH006605,9938066135,+91,Carrier_B,Maharashtra,2011-10-27,,Active,P005282,SYNTH_CDR_DB
PH006606,9115192028,+91,Carrier_B,Maharashtra,2016-01-24,2018-06-17,Suspended,P001663,SYNTH_TELECOM_DB
PH006607,9545830409,+91,Carrier_B,Maharashtra,2012-11-17,,Active,P000613,SYNTH_TELECOM_DB
PH006608,9627057509,+91,Carrier_A,Maharashtra,2019-08-31,,Active,P006276,SYNTH_TELECOM_DB
PH006609,9162980742,+91,Carrier_A,Maharashtra,2018-08-11,,Active,P002131,SYNTH_CDR_DB
PH006610,9312790266,+91,Carrier_A,Maharashtra,2021-05-02,2023-07-02,Inactive,P001367,SYNTH_TELECOM_DB
PH006611,9370336373,+91,Carrier_B,Maharashtra,2018-02-04,2025-02-10,Reassigned,P002613,SYNTH_TELECOM_DB
PH006612,9339482390,+91,Carrier_D,Maharashtra,2016-11-28,,Active,P002452,SYNTH_TELECOM_DB
PH006613,9751600430,+91,Carrier_A,Maharashtra,2017-02-12,,Active,P004602,SYNTH_LEGACY_DB
PH006614,9125463393,+91,Carrier_A,Maharashtra,2021-04-28,2023-08-31,Suspended,P005136,SYNTH_TELECOM_DB
PH006615,9950392842,+91,Carrier_B,Maharashtra,2020-10-29,,Active,P005342,SYNTH_TELECOM_DB
PH006616,9223168006,+91,Carrier_B,Maharashtra,2018-06-16,,Active,P000135,SYNTH_TELECOM_DB
PH006617,9299373267,+91,Carrier_A,Maharashtra,2011-12-02,2012-08-15,Inactive,P001313,SYNTH_TELECOM_DB
PH006618,9321472386,+91,Carrier_A,Maharashtra,2024-03-29,,Active,P006278,SYNTH_TELECOM_DB
PH006619,9238629641,+91,Carrier_C,Maharashtra,2021-06-11,,Active,P001087,SYNTH_CDR_DB
PH006620,9588161081,+91,Carrier_A,Maharashtra,2026-01-12,,Active,P000294,SYNTH_TELECOM_DB
PH006621,9458388884,+91,Carrier_B,Maharashtra,2012-09-24,,Active,P000930,SYNTH_TELECOM_DB
PH006622,9546403667,+91,Carrier_A,Maharashtra,2017-07-27,,Active,P001103,SYNTH_LEGACY_DB
PH006623,9889872976,+91,Carrier_B,Maharashtra,2018-09-19,,Active,P000729,SYNTH_TELECOM_DB
PH006624,9748780497,+91,Carrier_D,Maharashtra,2014-02-28,2016-10-15,Inactive,P001404,SYNTH_IDENTITY_DB
PH006625,9311415021,+91,Carrier_A,Maharashtra,2023-02-14,2026-08-29,Reassigned,P005595,SYNTH_CDR_DB
PH006626,9647828711,+91,Carrier_A,Maharashtra,2014-07-26,2019-06-09,Inactive,P002241,SYNTH_TELECOM_DB
PH006627,9441959416,+91,Carrier_B,Maharashtra,2019-09-09,,Active,P001877,SYNTH_TELECOM_DB
PH006628,9730794712,+91,Carrier_A,Maharashtra,2014-05-30,,Active,P001617,SYNTH_IDENTITY_DB
PH006629,9738455126,+91,Carrier_A,Maharashtra,2021-05-21,,Active,P004116,SYNTH_IDENTITY_DB
PH006630,9508068385,+91,Carrier_A,Maharashtra,2016-02-18,,Active,P005734,SYNTH_TELECOM_DB
PH006631,9666399861,+91,Carrier_B,Maharashtra,2018-10-26,,Active,P005035,SYNTH_LEGACY_DB
PH006632,9710205988,+91,Carrier_B,Maharashtra,2016-05-08,,Active,P004435,SYNTH_CDR_DB
PH006633,9454846979,+91,Carrier_B,Maharashtra,2014-12-06,,Active,P006097,SYNTH_CDR_DB
PH006634,9459113728,+91,Carrier_A,Maharashtra,2017-06-29,,Active,P005826,SYNTH_TELECOM_DB
PH006635,9774453543,+91,Carrier_B,Maharashtra,2016-11-18,,Active,P004663,SYNTH_TELECOM_DB
PH006636,9670099654,+91,Carrier_A,Maharashtra,2016-11-22,,Active,P002748,SYNTH_IDENTITY_DB
PH006637,9100062973,+91,Carrier_A,Maharashtra,2025-12-12,2026-08-29,Suspended,P003059,SYNTH_LEGACY_DB
PH006638,9383348707,+91,Carrier_A,Maharashtra,2015-07-17,2019-02-27,Inactive,P000391,SYNTH_IDENTITY_DB
PH006639,9781931777,+91,Carrier_A,Maharashtra,2017-09-20,,Active,P005856,SYNTH_IDENTITY_DB
PH006640,9465099598,+91,Carrier_C,Maharashtra,2018-08-19,2023-02-21,Inactive,P002799,SYNTH_IDENTITY_DB
PH006641,9964595836,+91,Carrier_C,Maharashtra,2020-09-01,,Active,P002687,SYNTH_TELECOM_DB
PH006642,9895557378,+91,Carrier_C,Maharashtra,2015-01-13,,Active,P002055,SYNTH_CDR_DB
PH006643,9308593254,+91,Carrier_A,Maharashtra,2011-06-03,,Active,P005529,SYNTH_IDENTITY_DB
PH006644,9728479907,+91,Carrier_A,Maharashtra,2026-07-01,,Active,P000843,SYNTH_TELECOM_DB
PH006645,9804398677,+91,Carrier_B,Maharashtra,2023-06-07,2026-08-29,Inactive,P004082,SYNTH_LEGACY_DB
PH006646,9596529799,+91,Carrier_D,Maharashtra,2015-03-01,2015-10-29,Suspended,P000022,SYNTH_IDENTITY_DB
PH006647,9571282527,+91,Carrier_B,Maharashtra,2019-11-18,,Active,P000499,SYNTH_IDENTITY_DB
PH006648,9441533570,+91,Carrier_A,Maharashtra,2014-10-05,,Active,P000235,SYNTH_TELECOM_DB
PH006649,9621032968,+91,Carrier_B,Maharashtra,2022-05-25,,Active,P000660,SYNTH_CDR_DB
PH006650,9249364992,+91,Carrier_A,Maharashtra,2020-07-08,,Active,P002706,SYNTH_CDR_DB
PH006651,9935520235,+91,Carrier_B,Maharashtra,2020-09-18,,Active,P005370,SYNTH_IDENTITY_DB
PH006652,9445708378,+91,Carrier_B,Maharashtra,2024-09-02,,Active,P004103,SYNTH_TELECOM_DB
PH006653,9848799144,+91,Carrier_A,Maharashtra,2021-04-05,2024-10-19,Inactive,P002080,SYNTH_TELECOM_DB
PH006654,9575693899,+91,Carrier_C,Maharashtra,2018-12-05,,Active,P000540,SYNTH_TELECOM_DB
PH006655,9323941705,+91,Carrier_D,Maharashtra,2022-02-24,,Active,P000689,SYNTH_TELECOM_DB
PH006656,9838649557,+91,Carrier_C,Maharashtra,2020-04-11,,Active,P006294,SYNTH_TELECOM_DB
PH006657,9174210229,+91,Carrier_D,Maharashtra,2019-10-27,,Active,P003956,SYNTH_LEGACY_DB
PH006658,9639469078,+91,Carrier_D,Maharashtra,2014-07-29,,Active,P000166,SYNTH_CDR_DB
PH006659,9740915439,+91,Carrier_A,Maharashtra,2022-07-28,,Active,P006536,SYNTH_IDENTITY_DB
PH006660,9627065109,+91,Carrier_C,Maharashtra,2012-02-08,,Active,P006102,SYNTH_CDR_DB
PH006661,9381469053,+91,Carrier_B,Maharashtra,2012-10-08,,Active,P003025,SYNTH_TELECOM_DB
PH006662,9374177789,+91,Carrier_A,Maharashtra,2012-01-30,2016-07-07,Inactive,P000423,SYNTH_TELECOM_DB
PH006663,9457525492,+91,Carrier_A,Maharashtra,2019-09-28,,Active,P002540,SYNTH_IDENTITY_DB
PH006664,9455463695,+91,Carrier_B,Maharashtra,2021-09-17,,Active,P006226,SYNTH_TELECOM_DB
PH006665,9444454835,+91,Carrier_B,Maharashtra,2016-02-11,2017-01-19,Suspended,P005757,SYNTH_LEGACY_DB
PH006666,9305271498,+91,Carrier_A,Maharashtra,2011-05-11,,Active,P005894,SYNTH_CDR_DB
PH006667,9337471718,+91,Carrier_A,Maharashtra,2012-05-08,,Active,P002624,SYNTH_LEGACY_DB
PH006668,9586838521,+91,Carrier_A,Maharashtra,2023-12-09,,Active,P003381,SYNTH_TELECOM_DB
PH006669,9882488294,+91,Carrier_A,Maharashtra,2011-04-09,,Active,P006221,SYNTH_IDENTITY_DB
PH006670,9509253735,+91,Carrier_B,Maharashtra,2026-04-20,,Active,P002823,SYNTH_CDR_DB
PH006671,9847124499,+91,Carrier_B,Maharashtra,2011-06-17,2015-01-04,Inactive,P003830,SYNTH_CDR_DB
PH006672,9315154622,+91,Carrier_A,Maharashtra,2022-03-10,,Active,P000742,SYNTH_LEGACY_DB
PH006673,9986386493,+91,Carrier_A,Maharashtra,2013-02-17,,Active,P002766,SYNTH_IDENTITY_DB
PH006674,9823709438,+91,Carrier_B,Maharashtra,2023-04-21,,Active,P001386,SYNTH_IDENTITY_DB
PH006675,9770614843,+91,Carrier_C,Maharashtra,2012-03-25,,Active,P003623,SYNTH_TELECOM_DB
PH006676,9339337944,+91,Carrier_B,Maharashtra,2012-08-09,2018-12-20,Reassigned,P001123,SYNTH_TELECOM_DB
PH006677,9382354295,+91,Carrier_B,Maharashtra,2015-08-21,,Active,P005872,SYNTH_TELECOM_DB
PH006678,9720864110,+91,Carrier_D,Maharashtra,2011-04-26,2015-05-14,Inactive,P004979,SYNTH_CDR_DB
PH006679,9389282067,+91,Carrier_B,Maharashtra,2020-12-31,,Active,P001372,SYNTH_LEGACY_DB
PH006680,9473854497,+91,Carrier_B,Maharashtra,2023-11-28,,Active,P003005,SYNTH_CDR_DB
PH006681,9769899245,+91,Carrier_E,Maharashtra,2018-06-19,,Active,P001780,SYNTH_IDENTITY_DB
PH006682,9476471294,+91,Carrier_B,Maharashtra,2025-03-12,,Active,P005843,SYNTH_TELECOM_DB
PH006683,9628899686,+91,Carrier_A,Maharashtra,2014-07-23,,Active,P003430,SYNTH_TELECOM_DB
PH006684,9242249771,+91,Carrier_C,Maharashtra,2016-07-14,,Active,P003812,SYNTH_TELECOM_DB
PH006685,9501884040,+91,Carrier_A,Maharashtra,2023-01-26,,Active,P004709,SYNTH_TELECOM_DB
PH006686,9118185775,+91,Carrier_A,Maharashtra,2020-11-21,,Active,P005462,SYNTH_TELECOM_DB
PH006687,9911826934,+91,Carrier_A,Maharashtra,2018-03-07,,Active,P004649,SYNTH_LEGACY_DB
PH006688,9359230220,+91,Carrier_A,Maharashtra,2010-07-31,,Active,P005935,SYNTH_LEGACY_DB
PH006689,9265288191,+91,Carrier_B,Maharashtra,2016-09-18,,Active,P000607,SYNTH_TELECOM_DB
PH006690,9922417766,+91,Carrier_A,Maharashtra,2021-09-29,,Active,P003395,SYNTH_TELECOM_DB
PH006691,9211764558,+91,Carrier_B,Maharashtra,2025-07-07,,Active,P000076,SYNTH_IDENTITY_DB
PH006692,9126538131,+91,Carrier_A,Maharashtra,2020-09-09,,Active,P001053,SYNTH_TELECOM_DB
PH006693,9188062842,+91,Carrier_D,Maharashtra,2014-12-15,,Active,P002814,SYNTH_TELECOM_DB
PH006694,9258477961,+91,Carrier_B,Maharashtra,2016-07-08,,Active,P001933,SYNTH_CDR_DB
PH006695,9461976381,+91,Carrier_B,Maharashtra,2011-02-02,,Active,P003222,SYNTH_TELECOM_DB
PH006696,9876293542,+91,Carrier_A,Maharashtra,2015-10-13,,Active,P001478,SYNTH_TELECOM_DB
PH006697,9107716293,+91,Carrier_A,Maharashtra,2012-01-12,,Active,P001179,SYNTH_TELECOM_DB
PH006698,9532516446,+91,Carrier_A,Maharashtra,2020-03-11,2024-08-12,Inactive,P000983,SYNTH_TELECOM_DB
PH006699,9855492832,+91,Carrier_B,Maharashtra,2024-02-17,,Active,P002145,SYNTH_TELECOM_DB
PH006700,9424743973,+91,Carrier_D,Maharashtra,2011-08-10,,Active,P006102,SYNTH_CDR_DB
PH006701,9873440309,+91,Carrier_B,Maharashtra,2014-06-01,,Active,P003966,SYNTH_TELECOM_DB
PH006702,9155801531,+91,Carrier_B,Maharashtra,2024-04-09,,Active,P001514,SYNTH_TELECOM_DB
PH006703,9479846843,+91,Carrier_B,Maharashtra,2021-09-10,,Active,P001192,SYNTH_TELECOM_DB
PH006704,9624191131,+91,Carrier_B,Maharashtra,2017-11-16,,Active,P004276,SYNTH_IDENTITY_DB
PH006705,9273313662,+91,Carrier_B,Maharashtra,2023-08-04,,Active,P000423,SYNTH_TELECOM_DB
PH006706,9867542024,+91,Carrier_B,Maharashtra,2026-05-01,,Active,P003669,SYNTH_LEGACY_DB
PH006707,9658218019,+91,Carrier_D,Maharashtra,2012-02-27,,Active,P000813,SYNTH_CDR_DB
PH006708,9796344210,+91,Carrier_A,Maharashtra,2022-12-21,,Active,P004283,SYNTH_TELECOM_DB
PH006709,9491526401,+91,Carrier_B,Maharashtra,2020-10-30,,Active,P005433,SYNTH_TELECOM_DB
PH006710,9762111247,+91,Carrier_C,Maharashtra,2015-05-24,,Active,P004999,SYNTH_IDENTITY_DB
PH006711,9849547952,+91,Carrier_B,Maharashtra,2018-09-27,,Active,P003153,SYNTH_TELECOM_DB
PH006712,9458304662,+91,Carrier_C,Maharashtra,2013-12-27,,Active,P004329,SYNTH_TELECOM_DB
PH006713,9620914939,+91,Carrier_D,Maharashtra,2021-12-27,,Active,P006246,SYNTH_CDR_DB
PH006714,9350136282,+91,Carrier_A,Maharashtra,2026-06-03,,Active,P003145,SYNTH_TELECOM_DB
PH006715,9418471190,+91,Carrier_C,Maharashtra,2021-06-12,2024-01-24,Inactive,P004914,SYNTH_TELECOM_DB
PH006716,9389637904,+91,Carrier_B,Maharashtra,2011-09-25,,Active,P006921,SYNTH_IDENTITY_DB
PH006717,9640318112,+91,Carrier_B,Maharashtra,2026-01-10,,Active,P004017,SYNTH_CDR_DB
PH006718,9242449754,+91,Carrier_A,Maharashtra,2022-04-26,2022-12-24,Reassigned,P005444,SYNTH_IDENTITY_DB
PH006719,9247041995,+91,Carrier_A,Maharashtra,2013-12-11,,Active,P002384,SYNTH_LEGACY_DB
PH006720,9328950649,+91,Carrier_A,Maharashtra,2025-04-27,2026-08-29,Inactive,P002122,SYNTH_LEGACY_DB
PH006721,9242232449,+91,Carrier_A,Maharashtra,2018-05-20,,Active,P001929,SYNTH_CDR_DB
PH006722,9992531661,+91,Carrier_A,Maharashtra,2019-08-26,2021-02-27,Reassigned,P004340,SYNTH_CDR_DB
PH006723,9389105791,+91,Carrier_B,Maharashtra,2015-04-25,,Active,P004105,SYNTH_TELECOM_DB
PH006724,9610013861,+91,Carrier_B,Maharashtra,2016-08-09,,Active,P001876,SYNTH_TELECOM_DB
PH006725,9719617460,+91,Carrier_D,Maharashtra,2018-07-16,,Active,P005831,SYNTH_IDENTITY_DB
PH006726,9149723718,+91,Carrier_A,Maharashtra,2021-01-18,2021-12-01,Inactive,P000059,SYNTH_CDR_DB
PH006727,9397761032,+91,Carrier_C,Maharashtra,2019-01-16,2023-05-12,Inactive,P000633,SYNTH_TELECOM_DB
PH006728,9977183346,+91,Carrier_B,Maharashtra,2018-05-01,,Active,P002872,SYNTH_TELECOM_DB
PH006729,9215929412,+91,Carrier_C,Maharashtra,2023-12-08,,Active,P001465,SYNTH_IDENTITY_DB
PH006730,9870973243,+91,Carrier_E,Maharashtra,2017-03-03,,Active,P003558,SYNTH_IDENTITY_DB
PH006731,9256829172,+91,Carrier_B,Maharashtra,2012-06-30,,Active,P000460,SYNTH_TELECOM_DB
PH006732,9933717209,+91,Carrier_B,Maharashtra,2014-07-13,,Active,P000702,SYNTH_TELECOM_DB
PH006733,9467050450,+91,Carrier_B,Maharashtra,2026-03-22,,Active,P005527,SYNTH_TELECOM_DB
PH006734,9153176185,+91,Carrier_A,Maharashtra,2026-01-09,,Active,P003979,SYNTH_LEGACY_DB
PH006735,9833932602,+91,Carrier_A,Maharashtra,2020-02-10,,Active,P005007,SYNTH_CDR_DB
PH006736,9562091934,+91,Carrier_B,Maharashtra,2021-05-07,2023-04-28,Inactive,P000452,SYNTH_TELECOM_DB
PH006737,9765713820,+91,Carrier_C,Maharashtra,2013-09-13,,Active,P001333,SYNTH_TELECOM_DB
PH006738,9743956941,+91,Carrier_C,Maharashtra,2021-05-22,,Active,P005088,SYNTH_TELECOM_DB
PH006739,9845403785,+91,Carrier_D,Maharashtra,2017-02-28,2017-04-11,Suspended,P005265,SYNTH_TELECOM_DB
PH006740,9343922374,+91,Carrier_C,Maharashtra,2013-05-21,,Active,P006155,SYNTH_TELECOM_DB
PH006741,9639986796,+91,Carrier_D,Maharashtra,2023-01-29,2023-12-14,Suspended,P006238,SYNTH_IDENTITY_DB
PH006742,9349378307,+91,Carrier_C,Maharashtra,2013-10-17,,Active,P003723,SYNTH_LEGACY_DB
PH006743,9960277850,+91,Carrier_D,Maharashtra,2025-03-08,,Active,P006908,SYNTH_CDR_DB
PH006744,9788614699,+91,Carrier_C,Maharashtra,2017-01-10,,Active,P000795,SYNTH_TELECOM_DB
PH006745,9364234231,+91,Carrier_B,Maharashtra,2016-08-11,,Active,P000883,SYNTH_TELECOM_DB
PH006746,9419672507,+91,Carrier_E,Maharashtra,2018-08-26,2019-09-30,Suspended,P001118,SYNTH_TELECOM_DB
PH006747,9616474672,+91,Carrier_C,Maharashtra,2013-01-20,,Active,P006347,SYNTH_TELECOM_DB
PH006748,9653245635,+91,Carrier_B,Maharashtra,2010-02-12,,Active,P005252,SYNTH_CDR_DB
PH006749,9900819270,+91,Carrier_E,Maharashtra,2022-12-22,,Active,P002654,SYNTH_LEGACY_DB
PH006750,9809799878,+91,Carrier_A,Maharashtra,2018-06-16,,Active,P000522,SYNTH_CDR_DB
PH006751,9901423223,+91,Carrier_C,Maharashtra,2011-08-21,,Active,P001068,SYNTH_LEGACY_DB
PH006752,9658180088,+91,Carrier_D,Maharashtra,2010-04-03,,Active,P006864,SYNTH_CDR_DB
PH006753,9188784171,+91,Carrier_C,Maharashtra,2013-04-25,2018-08-11,Inactive,P002261,SYNTH_TELECOM_DB
PH006754,9799557491,+91,Carrier_C,Maharashtra,2011-10-09,,Active,P004573,SYNTH_TELECOM_DB
PH006755,9571875355,+91,Carrier_A,Maharashtra,2013-02-19,,Active,P002862,SYNTH_CDR_DB
PH006756,9502946637,+91,Carrier_C,Maharashtra,2012-11-12,,Active,P003897,SYNTH_IDENTITY_DB
PH006757,9253713602,+91,Carrier_A,Maharashtra,2014-06-27,2015-09-04,Inactive,P005280,SYNTH_IDENTITY_DB
PH006758,9781098911,+91,Carrier_E,Maharashtra,2013-09-07,,Active,P006588,SYNTH_CDR_DB
PH006759,9393368381,+91,Carrier_D,Maharashtra,2010-03-03,,Active,P005887,SYNTH_CDR_DB
PH006760,9473176009,+91,Carrier_A,Maharashtra,2010-08-03,,Active,P001901,SYNTH_IDENTITY_DB
PH006761,9606716623,+91,Carrier_A,Maharashtra,2020-08-25,2020-10-05,Inactive,P003247,SYNTH_TELECOM_DB
PH006762,9304158922,+91,Carrier_B,Maharashtra,2021-06-03,,Active,P003122,SYNTH_TELECOM_DB
PH006763,9247080531,+91,Carrier_B,Maharashtra,2011-03-02,,Active,P003062,SYNTH_CDR_DB
PH006764,9661533215,+91,Carrier_D,Maharashtra,2017-10-06,,Active,P003430,SYNTH_LEGACY_DB
PH006765,9864018340,+91,Carrier_A,Maharashtra,2018-03-10,,Active,P003991,SYNTH_CDR_DB
PH006766,9884029667,+91,Carrier_B,Maharashtra,2020-11-19,,Active,P004027,SYNTH_TELECOM_DB
PH006767,9733981144,+91,Carrier_C,Maharashtra,2020-07-09,,Active,P005801,SYNTH_TELECOM_DB
PH006768,9229047878,+91,Carrier_D,Maharashtra,2026-04-06,,Active,P000179,SYNTH_TELECOM_DB
PH006769,9864300176,+91,Carrier_A,Maharashtra,2018-02-13,,Active,P002211,SYNTH_TELECOM_DB
PH006770,9662964978,+91,Carrier_B,Maharashtra,2013-11-23,,Active,P005074,SYNTH_CDR_DB
PH006771,9808000144,+91,Carrier_E,Maharashtra,2016-04-17,,Active,P005727,SYNTH_TELECOM_DB
PH006772,9582080746,+91,Carrier_A,Maharashtra,2011-12-04,2012-02-29,Inactive,P001414,SYNTH_TELECOM_DB
PH006773,9570734387,+91,Carrier_C,Maharashtra,2010-03-25,,Active,P005949,SYNTH_TELECOM_DB
PH006774,9828661932,+91,Carrier_B,Maharashtra,2015-02-25,,Active,P000395,SYNTH_CDR_DB
PH006775,9960676471,+91,Carrier_A,Maharashtra,2010-12-15,,Active,P002560,SYNTH_IDENTITY_DB
PH006776,9157963663,+91,Carrier_A,Maharashtra,2016-10-06,2022-12-17,Inactive,P000445,SYNTH_TELECOM_DB
PH006777,9711559265,+91,Carrier_B,Maharashtra,2011-11-21,,Active,P004209,SYNTH_LEGACY_DB
PH006778,9291609803,+91,Carrier_B,Maharashtra,2015-07-29,2018-10-08,Inactive,P005911,SYNTH_LEGACY_DB
PH006779,9829424020,+91,Carrier_B,Maharashtra,2021-02-22,,Active,P004619,SYNTH_TELECOM_DB
PH006780,9154031948,+91,Carrier_A,Maharashtra,2015-03-15,,Active,P002426,SYNTH_CDR_DB
PH006781,9830989338,+91,Carrier_D,Maharashtra,2011-08-28,,Active,P002415,SYNTH_IDENTITY_DB
PH006782,9822086664,+91,Carrier_B,Maharashtra,2025-01-23,2026-08-29,Reassigned,P004658,SYNTH_TELECOM_DB
PH006783,9554109494,+91,Carrier_D,Maharashtra,2011-07-07,2014-08-08,Inactive,P002640,SYNTH_TELECOM_DB
PH006784,9921839203,+91,Carrier_D,Maharashtra,2019-08-09,,Active,P001984,SYNTH_TELECOM_DB
PH006785,9126951980,+91,Carrier_A,Maharashtra,2024-11-22,2026-06-17,Inactive,P004756,SYNTH_IDENTITY_DB
PH006786,9248753581,+91,Carrier_B,Maharashtra,2013-05-14,,Active,P003325,SYNTH_TELECOM_DB
PH006787,9994787850,+91,Carrier_B,Maharashtra,2016-01-18,,Active,P001924,SYNTH_TELECOM_DB
PH006788,9537907833,+91,Carrier_D,Maharashtra,2018-06-01,2021-09-24,Inactive,P002717,SYNTH_IDENTITY_DB
PH006789,9618940651,+91,Carrier_B,Maharashtra,2014-01-31,2019-05-19,Inactive,P004628,SYNTH_TELECOM_DB
PH006790,9604444484,+91,Carrier_C,Maharashtra,2026-08-18,,Active,P005533,SYNTH_IDENTITY_DB
PH006791,9594733931,+91,Carrier_B,Maharashtra,2018-12-07,,Active,P002341,SYNTH_TELECOM_DB
PH006792,9487345771,+91,Carrier_B,Maharashtra,2015-03-27,,Active,P006296,SYNTH_CDR_DB
PH006793,9309050459,+91,Carrier_B,Maharashtra,2011-10-23,2013-10-09,Inactive,P000700,SYNTH_TELECOM_DB
PH006794,9303826842,+91,Carrier_B,Maharashtra,2018-04-17,,Active,P003891,SYNTH_TELECOM_DB
PH006795,9994298227,+91,Carrier_C,Maharashtra,2023-10-26,,Active,P004582,SYNTH_TELECOM_DB
PH006796,9362964893,+91,Carrier_A,Maharashtra,2016-10-31,,Active,P001159,SYNTH_LEGACY_DB
PH006797,9699405613,+91,Carrier_B,Maharashtra,2020-12-10,2022-05-22,Suspended,P005725,SYNTH_TELECOM_DB
PH006798,9646001014,+91,Carrier_A,Maharashtra,2018-07-12,2021-10-08,Inactive,P006653,SYNTH_LEGACY_DB
PH006799,9643691863,+91,Carrier_B,Maharashtra,2017-03-03,,Active,P000290,SYNTH_LEGACY_DB
PH006800,9689784402,+91,Carrier_D,Maharashtra,2011-10-16,,Active,P005409,SYNTH_IDENTITY_DB
PH006801,9996132671,+91,Carrier_E,Maharashtra,2019-08-13,,Active,P005464,SYNTH_CDR_DB
PH006802,9422766581,+91,Carrier_A,Maharashtra,2018-05-11,,Active,P004841,SYNTH_CDR_DB
PH006803,9870932969,+91,Carrier_B,Maharashtra,2025-04-01,,Active,P002976,SYNTH_LEGACY_DB
PH006804,9908667072,+91,Carrier_E,Maharashtra,2014-05-12,2014-12-16,Reassigned,P001712,SYNTH_TELECOM_DB
PH006805,9334646408,+91,Carrier_C,Maharashtra,2013-10-27,,Active,P002237,SYNTH_TELECOM_DB
PH006806,9568514678,+91,Carrier_B,Maharashtra,2016-03-01,,Active,P001238,SYNTH_CDR_DB
PH006807,9149420269,+91,Carrier_E,Maharashtra,2024-03-17,2026-08-29,Inactive,P006790,SYNTH_TELECOM_DB
PH006808,9290387005,+91,Carrier_B,Maharashtra,2020-07-20,,Active,P003779,SYNTH_TELECOM_DB
PH006809,9370247741,+91,Carrier_D,Maharashtra,2011-12-03,,Active,P001400,SYNTH_CDR_DB
PH006810,9344862292,+91,Carrier_C,Maharashtra,2021-08-20,,Active,P000446,SYNTH_IDENTITY_DB
PH006811,9892843488,+91,Carrier_B,Maharashtra,2024-12-20,,Active,P004486,SYNTH_IDENTITY_DB
PH006812,9852687248,+91,Carrier_C,Maharashtra,2022-06-21,,Active,P001831,SYNTH_CDR_DB
PH006813,9429767172,+91,Carrier_A,Maharashtra,2020-08-25,,Active,P004770,SYNTH_TELECOM_DB
PH006814,9913802052,+91,Carrier_D,Maharashtra,2017-06-19,,Active,P002798,SYNTH_LEGACY_DB
PH006815,9396901513,+91,Carrier_B,Maharashtra,2026-01-24,,Active,P006518,SYNTH_IDENTITY_DB
PH006816,9645638934,+91,Carrier_A,Maharashtra,2022-06-15,2023-09-28,Suspended,P005528,SYNTH_LEGACY_DB
PH006817,9657443384,+91,Carrier_C,Maharashtra,2025-05-15,,Active,P006954,SYNTH_IDENTITY_DB
PH006818,9879468213,+91,Carrier_A,Maharashtra,2012-05-27,2018-02-16,Reassigned,P005135,SYNTH_TELECOM_DB
PH006819,9206503933,+91,Carrier_E,Maharashtra,2016-12-24,,Active,P002975,SYNTH_TELECOM_DB
PH006820,9136682508,+91,Carrier_A,Maharashtra,2018-01-17,2022-06-09,Inactive,P002406,SYNTH_TELECOM_DB
PH006821,9463217978,+91,Carrier_E,Maharashtra,2025-01-13,,Active,P002065,SYNTH_TELECOM_DB
PH006822,9797549364,+91,Carrier_A,Maharashtra,2010-02-18,,Active,P000816,SYNTH_CDR_DB
PH006823,9214189844,+91,Carrier_A,Maharashtra,2016-01-29,,Active,P003746,SYNTH_TELECOM_DB
PH006824,9741654099,+91,Carrier_B,Maharashtra,2021-07-12,,Active,P006651,SYNTH_LEGACY_DB
PH006825,9396191243,+91,Carrier_A,Maharashtra,2018-06-01,,Active,P001673,SYNTH_TELECOM_DB
PH006826,9432448555,+91,Carrier_C,Maharashtra,2024-01-04,,Active,P000829,SYNTH_CDR_DB
PH006827,9477401849,+91,Carrier_A,Maharashtra,2019-12-18,,Active,P005797,SYNTH_TELECOM_DB
PH006828,9142661076,+91,Carrier_B,Maharashtra,2025-08-26,,Active,P004990,SYNTH_CDR_DB
PH006829,9662708714,+91,Carrier_B,Maharashtra,2013-09-21,,Active,P004886,SYNTH_TELECOM_DB
PH006830,9862944979,+91,Carrier_A,Maharashtra,2024-06-09,,Active,P000450,SYNTH_TELECOM_DB
PH006831,9406972593,+91,Carrier_A,Maharashtra,2016-12-17,,Active,P005060,SYNTH_IDENTITY_DB
PH006832,9355555045,+91,Carrier_A,Maharashtra,2011-04-09,,Active,P002288,SYNTH_TELECOM_DB
PH006833,9640006914,+91,Carrier_C,Maharashtra,2025-02-13,,Active,P005984,SYNTH_TELECOM_DB
PH006834,9645447617,+91,Carrier_D,Maharashtra,2018-12-31,,Active,P000595,SYNTH_TELECOM_DB
PH006835,9149603029,+91,Carrier_A,Maharashtra,2014-03-04,,Active,P005634,SYNTH_TELECOM_DB
PH006836,9443192886,+91,Carrier_D,Maharashtra,2025-04-09,,Active,P003612,SYNTH_CDR_DB
PH006837,9957815334,+91,Carrier_B,Maharashtra,2012-04-01,,Active,P004764,SYNTH_IDENTITY_DB
PH006838,9807513140,+91,Carrier_A,Maharashtra,2014-03-07,,Active,P003013,SYNTH_TELECOM_DB
PH006839,9541651549,+91,Carrier_B,Maharashtra,2022-07-12,,Active,P006145,SYNTH_TELECOM_DB
PH006840,9387221859,+91,Carrier_A,Maharashtra,2021-10-19,2025-02-14,Reassigned,P001623,SYNTH_TELECOM_DB
PH006841,9573746780,+91,Carrier_A,Maharashtra,2018-11-30,,Active,P003130,SYNTH_IDENTITY_DB
PH006842,9396739537,+91,Carrier_B,Maharashtra,2020-11-22,,Active,P002810,SYNTH_TELECOM_DB
PH006843,9639208365,+91,Carrier_D,Maharashtra,2025-08-21,,Active,P005926,SYNTH_CDR_DB
PH006844,9104886297,+91,Carrier_C,Maharashtra,2024-06-17,,Active,P004482,SYNTH_TELECOM_DB
PH006845,9567309536,+91,Carrier_B,Maharashtra,2019-03-14,,Active,P001657,SYNTH_IDENTITY_DB
PH006846,9213248090,+91,Carrier_B,Maharashtra,2020-11-25,2026-08-29,Inactive,P003326,SYNTH_CDR_DB
PH006847,9510185117,+91,Carrier_A,Maharashtra,2021-10-11,,Active,P006488,SYNTH_LEGACY_DB
PH006848,9529890722,+91,Carrier_B,Maharashtra,2020-06-19,,Active,P006444,SYNTH_CDR_DB
PH006849,9392259764,+91,Carrier_E,Maharashtra,2024-05-22,2026-08-29,Reassigned,P004475,SYNTH_TELECOM_DB
PH006850,9467390153,+91,Carrier_D,Maharashtra,2018-02-15,,Active,P006608,SYNTH_TELECOM_DB
PH006851,9411293699,+91,Carrier_A,Maharashtra,2025-08-03,,Active,P001123,SYNTH_CDR_DB
PH006852,9333822607,+91,Carrier_A,Maharashtra,2012-01-17,,Active,P003906,SYNTH_TELECOM_DB
PH006853,9219257880,+91,Carrier_A,Maharashtra,2022-09-24,,Active,P002243,SYNTH_TELECOM_DB
PH006854,9798942803,+91,Carrier_B,Maharashtra,2020-09-29,,Active,P001948,SYNTH_TELECOM_DB
PH006855,9254707178,+91,Carrier_B,Maharashtra,2018-11-06,,Active,P006020,SYNTH_TELECOM_DB
PH006856,9894525353,+91,Carrier_D,Maharashtra,2020-03-31,,Active,P001914,SYNTH_IDENTITY_DB
PH006857,9711550169,+91,Carrier_E,Maharashtra,2011-08-05,,Active,P000096,SYNTH_IDENTITY_DB
PH006858,9904332115,+91,Carrier_C,Maharashtra,2012-07-08,,Active,P000970,SYNTH_CDR_DB
PH006859,9104547309,+91,Carrier_B,Maharashtra,2013-08-19,,Active,P000093,SYNTH_CDR_DB
PH006860,9530378009,+91,Carrier_A,Maharashtra,2020-04-09,,Active,P005872,SYNTH_TELECOM_DB
PH006861,9216124006,+91,Carrier_A,Maharashtra,2022-06-15,,Active,P005529,SYNTH_CDR_DB
PH006862,9221902878,+91,Carrier_D,Maharashtra,2011-12-07,,Active,P004625,SYNTH_IDENTITY_DB
PH006863,9237361046,+91,Carrier_C,Maharashtra,2017-04-06,,Active,P005480,SYNTH_IDENTITY_DB
PH006864,9595911160,+91,Carrier_A,Maharashtra,2021-06-09,2021-11-11,Inactive,P002849,SYNTH_TELECOM_DB
PH006865,9941669632,+91,Carrier_B,Maharashtra,2023-04-09,,Active,P003303,SYNTH_TELECOM_DB
PH006866,9369587603,+91,Carrier_A,Maharashtra,2019-12-12,,Active,P004076,SYNTH_CDR_DB
PH006867,9497833789,+91,Carrier_A,Maharashtra,2017-12-23,,Active,P000726,SYNTH_TELECOM_DB
PH006868,9472159874,+91,Carrier_B,Maharashtra,2025-08-07,2026-08-29,Inactive,P003758,SYNTH_CDR_DB
PH006869,9236799023,+91,Carrier_B,Maharashtra,2025-06-06,,Active,P003352,SYNTH_TELECOM_DB
PH006870,9752982602,+91,Carrier_A,Maharashtra,2013-08-07,2016-11-21,Reassigned,P000662,SYNTH_IDENTITY_DB
PH006871,9468733891,+91,Carrier_E,Maharashtra,2018-09-05,2019-04-01,Inactive,P006132,SYNTH_LEGACY_DB
PH006872,9533238565,+91,Carrier_A,Maharashtra,2026-02-24,,Active,P003374,SYNTH_LEGACY_DB
PH006873,9268547615,+91,Carrier_B,Maharashtra,2024-05-21,,Active,P000036,SYNTH_CDR_DB
PH006874,9233775287,+91,Carrier_A,Maharashtra,2025-07-05,,Active,P001429,SYNTH_TELECOM_DB
PH006875,9596199166,+91,Carrier_C,Maharashtra,2013-01-07,,Active,P006502,SYNTH_IDENTITY_DB
PH006876,9710222770,+91,Carrier_E,Maharashtra,2020-02-15,,Active,P002823,SYNTH_TELECOM_DB
PH006877,9604806292,+91,Carrier_B,Maharashtra,2010-06-16,,Active,P000491,SYNTH_TELECOM_DB
PH006878,9157902890,+91,Carrier_A,Maharashtra,2013-11-06,,Active,P003175,SYNTH_CDR_DB
PH006879,9708355045,+91,Carrier_A,Maharashtra,2020-01-25,,Active,P004743,SYNTH_LEGACY_DB
PH006880,9883216063,+91,Carrier_B,Maharashtra,2015-03-03,2017-07-17,Inactive,P001518,SYNTH_TELECOM_DB
PH006881,9711632873,+91,Carrier_A,Maharashtra,2010-10-16,,Active,P003453,SYNTH_TELECOM_DB
PH006882,9889252201,+91,Carrier_C,Maharashtra,2010-06-29,2012-04-21,Suspended,P000883,SYNTH_TELECOM_DB
PH006883,9802146180,+91,Carrier_A,Maharashtra,2026-06-06,2026-07-16,Inactive,P002164,SYNTH_CDR_DB
PH006884,9215334010,+91,Carrier_B,Maharashtra,2018-04-04,2019-02-19,Inactive,P006024,SYNTH_TELECOM_DB
PH006885,9226600778,+91,Carrier_A,Maharashtra,2015-04-02,2016-05-07,Inactive,P003920,SYNTH_TELECOM_DB
PH006886,9563071620,+91,Carrier_D,Maharashtra,2011-10-22,2014-05-22,Suspended,P004442,SYNTH_IDENTITY_DB
PH006887,9142353626,+91,Carrier_A,Maharashtra,2018-12-29,2021-08-23,Suspended,P002569,SYNTH_TELECOM_DB
PH006888,9384456184,+91,Carrier_C,Maharashtra,2012-04-29,,Active,P001325,SYNTH_TELECOM_DB
PH006889,9620826590,+91,Carrier_B,Maharashtra,2022-08-01,,Active,P006003,SYNTH_IDENTITY_DB
PH006890,9738513665,+91,Carrier_B,Maharashtra,2013-11-01,,Active,P004217,SYNTH_IDENTITY_DB
PH006891,9806432726,+91,Carrier_C,Maharashtra,2011-05-08,2013-10-28,Suspended,P000502,SYNTH_LEGACY_DB
PH006892,9960658345,+91,Carrier_A,Maharashtra,2019-08-06,,Active,P000363,SYNTH_TELECOM_DB
PH006893,9400073457,+91,Carrier_A,Maharashtra,2014-08-18,,Active,P003559,SYNTH_LEGACY_DB
PH006894,9198546316,+91,Carrier_D,Maharashtra,2022-08-17,2026-08-29,Reassigned,P003319,SYNTH_LEGACY_DB
PH006895,9422315242,+91,Carrier_C,Maharashtra,2011-09-01,,Active,P000308,SYNTH_TELECOM_DB
PH006896,9471715772,+91,Carrier_A,Maharashtra,2024-02-09,2026-08-29,Inactive,P003141,SYNTH_TELECOM_DB
PH006897,9308142498,+91,Carrier_C,Maharashtra,2022-04-07,2026-08-29,Inactive,P006020,SYNTH_CDR_DB
PH006898,9445089931,+91,Carrier_A,Maharashtra,2021-02-21,,Active,P000425,SYNTH_TELECOM_DB
PH006899,9946624152,+91,Carrier_D,Maharashtra,2017-01-06,,Active,P003732,SYNTH_TELECOM_DB
PH006900,9533641385,+91,Carrier_C,Maharashtra,2021-12-28,2026-08-29,Reassigned,P000451,SYNTH_TELECOM_DB
PH006901,9688727156,+91,Carrier_C,Maharashtra,2010-10-25,,Active,P002786,SYNTH_TELECOM_DB
PH006902,9980197619,+91,Carrier_B,Maharashtra,2015-09-08,,Active,P000271,SYNTH_CDR_DB
PH006903,9364795867,+91,Carrier_C,Maharashtra,2010-08-06,2013-01-27,Suspended,P003582,SYNTH_IDENTITY_DB
PH006904,9786171737,+91,Carrier_B,Maharashtra,2017-07-12,,Active,P001288,SYNTH_TELECOM_DB
PH006905,9613031176,+91,Carrier_E,Maharashtra,2018-05-16,,Active,P003512,SYNTH_LEGACY_DB
PH006906,9259982919,+91,Carrier_A,Maharashtra,2010-01-05,,Active,P006071,SYNTH_CDR_DB
PH006907,9817655905,+91,Carrier_E,Maharashtra,2014-02-13,,Active,P006337,SYNTH_TELECOM_DB
PH006908,9954785087,+91,Carrier_A,Maharashtra,2013-03-27,,Active,P001660,SYNTH_TELECOM_DB
PH006909,9826119163,+91,Carrier_B,Maharashtra,2026-03-30,,Active,P005300,SYNTH_TELECOM_DB
PH006910,9260711015,+91,Carrier_B,Maharashtra,2025-11-09,,Active,P003350,SYNTH_TELECOM_DB
PH006911,9279160001,+91,Carrier_D,Maharashtra,2014-01-15,,Active,P005573,SYNTH_IDENTITY_DB
PH006912,9706429303,+91,Carrier_D,Maharashtra,2018-11-30,,Active,P005319,SYNTH_TELECOM_DB
PH006913,9152648218,+91,Carrier_A,Maharashtra,2012-07-12,,Active,P002889,SYNTH_TELECOM_DB
PH006914,9879122219,+91,Carrier_C,Maharashtra,2013-02-25,2015-10-25,Suspended,P000202,SYNTH_TELECOM_DB
PH006915,9951992024,+91,Carrier_B,Maharashtra,2022-08-31,,Active,P000599,SYNTH_LEGACY_DB
PH006916,9935986637,+91,Carrier_B,Maharashtra,2024-01-08,,Active,P005055,SYNTH_TELECOM_DB
PH006917,9351696811,+91,Carrier_B,Maharashtra,2010-07-11,,Active,P004309,SYNTH_CDR_DB
PH006918,9658914243,+91,Carrier_C,Maharashtra,2020-03-17,,Active,P004095,SYNTH_IDENTITY_DB
PH006919,9313829245,+91,Carrier_B,Maharashtra,2010-03-10,,Active,P000935,SYNTH_TELECOM_DB
PH006920,9916965946,+91,Carrier_A,Maharashtra,2015-10-08,2016-12-30,Inactive,P005458,SYNTH_TELECOM_DB
PH006921,9438671444,+91,Carrier_E,Maharashtra,2018-12-05,2023-01-01,Reassigned,P001320,SYNTH_CDR_DB
PH006922,9534011625,+91,Carrier_B,Maharashtra,2022-03-29,2026-08-29,Inactive,P006091,SYNTH_IDENTITY_DB
PH006923,9313659652,+91,Carrier_B,Maharashtra,2022-02-16,2024-05-17,Reassigned,P001327,SYNTH_TELECOM_DB
PH006924,9380302041,+91,Carrier_B,Maharashtra,2013-03-28,2018-09-19,Inactive,P002838,SYNTH_IDENTITY_DB
PH006925,9591168636,+91,Carrier_A,Maharashtra,2020-07-15,,Active,P000364,SYNTH_IDENTITY_DB
PH006926,9583908483,+91,Carrier_A,Maharashtra,2010-12-08,,Active,P006119,SYNTH_CDR_DB
PH006927,9702215952,+91,Carrier_A,Maharashtra,2010-08-08,,Active,P000770,SYNTH_TELECOM_DB
PH006928,9265118390,+91,Carrier_A,Maharashtra,2026-06-18,2026-08-29,Suspended,P003341,SYNTH_TELECOM_DB
PH006929,9167740958,+91,Carrier_A,Maharashtra,2026-08-14,2026-08-29,Inactive,P005381,SYNTH_TELECOM_DB
PH006930,9223632228,+91,Carrier_C,Maharashtra,2013-11-17,,Active,P006432,SYNTH_LEGACY_DB
PH006931,9451015588,+91,Carrier_D,Maharashtra,2018-07-31,,Active,P002460,SYNTH_TELECOM_DB
PH006932,9462046367,+91,Carrier_D,Maharashtra,2011-12-04,,Active,P003894,SYNTH_TELECOM_DB
PH006933,9318175000,+91,Carrier_A,Maharashtra,2020-06-13,,Active,P000780,SYNTH_TELECOM_DB
PH006934,9754746124,+91,Carrier_A,Maharashtra,2019-04-06,2020-10-23,Inactive,P003543,SYNTH_TELECOM_DB
PH006935,9195752151,+91,Carrier_A,Maharashtra,2018-05-16,2023-04-11,Reassigned,P004167,SYNTH_CDR_DB
PH006936,9207247991,+91,Carrier_A,Maharashtra,2024-09-23,,Active,P004431,SYNTH_TELECOM_DB
PH006937,9589958738,+91,Carrier_D,Maharashtra,2026-01-19,,Active,P004661,SYNTH_CDR_DB
PH006938,9565071519,+91,Carrier_B,Maharashtra,2013-10-01,,Active,P003971,SYNTH_CDR_DB
PH006939,9626992993,+91,Carrier_B,Maharashtra,2020-05-06,,Active,P005434,SYNTH_IDENTITY_DB
PH006940,9430009497,+91,Carrier_B,Maharashtra,2010-01-25,2010-03-01,Suspended,P004879,SYNTH_CDR_DB
PH006941,9952312549,+91,Carrier_A,Maharashtra,2024-10-26,,Active,P006144,SYNTH_TELECOM_DB
PH006942,9682185555,+91,Carrier_B,Maharashtra,2015-12-17,2021-03-10,Inactive,P005217,SYNTH_TELECOM_DB
PH006943,9593195117,+91,Carrier_B,Maharashtra,2011-05-20,,Active,P000216,SYNTH_TELECOM_DB
PH006944,9250009130,+91,Carrier_C,Maharashtra,2016-09-16,,Active,P000310,SYNTH_LEGACY_DB
PH006945,9321950024,+91,Carrier_A,Maharashtra,2021-08-15,,Active,P005342,SYNTH_CDR_DB
PH006946,9745053612,+91,Carrier_C,Maharashtra,2019-06-28,2023-01-28,Reassigned,P004196,SYNTH_TELECOM_DB
PH006947,9242940893,+91,Carrier_C,Maharashtra,2010-06-19,,Active,P004117,SYNTH_TELECOM_DB
PH006948,9217150453,+91,Carrier_C,Maharashtra,2022-09-11,2024-05-19,Suspended,P005347,SYNTH_CDR_DB
PH006949,9403615434,+91,Carrier_B,Maharashtra,2021-06-27,,Active,P001705,SYNTH_CDR_DB
PH006950,9492930957,+91,Carrier_A,Maharashtra,2020-08-06,,Active,P003373,SYNTH_TELECOM_DB
PH006951,9324393811,+91,Carrier_A,Maharashtra,2017-07-31,,Active,P006769,SYNTH_CDR_DB
PH006952,9661044926,+91,Carrier_A,Maharashtra,2016-09-21,,Active,P005506,SYNTH_CDR_DB
PH006953,9773364737,+91,Carrier_A,Maharashtra,2016-12-30,,Active,P001020,SYNTH_IDENTITY_DB
PH006954,9173352048,+91,Carrier_B,Maharashtra,2026-01-11,,Active,P000406,SYNTH_TELECOM_DB
PH006955,9614725813,+91,Carrier_A,Maharashtra,2020-10-16,2022-10-16,Reassigned,P003727,SYNTH_LEGACY_DB
PH006956,9404186309,+91,Carrier_A,Maharashtra,2020-09-25,,Active,P000102,SYNTH_LEGACY_DB
PH006957,9645767510,+91,Carrier_A,Maharashtra,2019-01-01,,Active,P001791,SYNTH_LEGACY_DB
PH006958,9704491105,+91,Carrier_C,Maharashtra,2012-08-06,,Active,P005445,SYNTH_IDENTITY_DB
PH006959,9570421192,+91,Carrier_D,Maharashtra,2015-03-05,2017-07-13,Suspended,P003782,SYNTH_IDENTITY_DB
PH006960,9614636286,+91,Carrier_C,Maharashtra,2014-11-20,,Active,P004043,SYNTH_TELECOM_DB
PH006961,9728622023,+91,Carrier_A,Maharashtra,2016-02-02,,Active,P002072,SYNTH_IDENTITY_DB
PH006962,9791496943,+91,Carrier_E,Maharashtra,2019-02-22,,Active,P005090,SYNTH_CDR_DB
PH006963,9700005869,+91,Carrier_A,Maharashtra,2025-06-15,,Active,P005195,SYNTH_TELECOM_DB
PH006964,9451950817,+91,Carrier_A,Maharashtra,2018-12-07,,Active,P001818,SYNTH_TELECOM_DB
PH006965,9638428886,+91,Carrier_B,Maharashtra,2010-03-14,2016-10-28,Inactive,P000342,SYNTH_TELECOM_DB
PH006966,9820366236,+91,Carrier_A,Maharashtra,2020-06-30,,Active,P006579,SYNTH_TELECOM_DB
PH006967,9574850619,+91,Carrier_A,Maharashtra,2020-11-08,,Active,P005666,SYNTH_TELECOM_DB
PH006968,9733274679,+91,Carrier_A,Maharashtra,2010-08-27,2013-03-20,Inactive,P001406,SYNTH_TELECOM_DB
PH006969,9296707544,+91,Carrier_C,Maharashtra,2010-07-31,,Active,P003369,SYNTH_TELECOM_DB
PH006970,9967502158,+91,Carrier_C,Maharashtra,2021-05-24,,Active,P001849,SYNTH_IDENTITY_DB
PH006971,9800188921,+91,Carrier_A,Maharashtra,2019-01-20,,Active,P003442,SYNTH_TELECOM_DB
PH006972,9380796818,+91,Carrier_B,Maharashtra,2024-07-07,,Active,P006288,SYNTH_TELECOM_DB
PH006973,9646677042,+91,Carrier_A,Maharashtra,2020-03-27,2020-12-05,Inactive,P005435,SYNTH_TELECOM_DB
PH006974,9874205315,+91,Carrier_C,Maharashtra,2011-01-01,2012-06-17,Suspended,P006566,SYNTH_CDR_DB
PH006975,9309938758,+91,Carrier_A,Maharashtra,2019-11-18,2019-12-04,Suspended,P002827,SYNTH_IDENTITY_DB
PH006976,9350281940,+91,Carrier_B,Maharashtra,2018-02-18,,Active,P004132,SYNTH_IDENTITY_DB
PH006977,9974071803,+91,Carrier_A,Maharashtra,2012-11-15,2016-04-23,Inactive,P000369,SYNTH_TELECOM_DB
PH006978,9510814333,+91,Carrier_B,Maharashtra,2024-10-03,,Active,P006686,SYNTH_CDR_DB
PH006979,9223419545,+91,Carrier_A,Maharashtra,2022-12-17,,Active,P003601,SYNTH_TELECOM_DB
PH006980,9180669925,+91,Carrier_C,Maharashtra,2023-01-25,,Active,P001527,SYNTH_TELECOM_DB
PH006981,9773594078,+91,Carrier_B,Maharashtra,2017-01-31,,Active,P004064,SYNTH_TELECOM_DB
PH006982,9629400308,+91,Carrier_D,Maharashtra,2020-10-13,,Active,P003019,SYNTH_IDENTITY_DB
PH006983,9728484088,+91,Carrier_C,Maharashtra,2012-02-24,,Active,P000451,SYNTH_TELECOM_DB
PH006984,9783428843,+91,Carrier_A,Maharashtra,2026-05-04,2026-08-29,Reassigned,P006793,SYNTH_CDR_DB
PH006985,9340194153,+91,Carrier_B,Maharashtra,2011-01-13,2011-06-30,Suspended,P005298,SYNTH_IDENTITY_DB
PH006986,9940411924,+91,Carrier_C,Maharashtra,2013-01-31,,Active,P000977,SYNTH_LEGACY_DB
PH006987,9770504313,+91,Carrier_D,Maharashtra,2016-02-27,2020-09-14,Inactive,P003761,SYNTH_TELECOM_DB
PH006988,9749235684,+91,Carrier_A,Maharashtra,2021-05-12,2021-07-31,Inactive,P004667,SYNTH_LEGACY_DB
PH006989,9671825896,+91,Carrier_B,Maharashtra,2025-06-29,2026-06-18,Inactive,P001557,SYNTH_LEGACY_DB
PH006990,9709158034,+91,Carrier_C,Maharashtra,2014-01-23,,Active,P000597,SYNTH_LEGACY_DB
PH006991,9806991194,+91,Carrier_A,Maharashtra,2010-10-14,,Active,P001128,SYNTH_TELECOM_DB
PH006992,9645259485,+91,Carrier_C,Maharashtra,2022-04-04,,Active,P005801,SYNTH_CDR_DB
PH006993,9709222909,+91,Carrier_A,Maharashtra,2022-07-12,,Active,P004381,SYNTH_TELECOM_DB
PH006994,9265672066,+91,Carrier_B,Maharashtra,2025-11-08,,Active,P004361,SYNTH_TELECOM_DB
PH006995,9736168125,+91,Carrier_A,Maharashtra,2012-02-02,,Active,P001066,SYNTH_TELECOM_DB
PH006996,9148020437,+91,Carrier_B,Maharashtra,2011-09-03,2014-01-06,Inactive,P004972,SYNTH_TELECOM_DB
PH006997,9219589002,+91,Carrier_A,Maharashtra,2025-08-21,,Active,P003405,SYNTH_TELECOM_DB
PH006998,9606693600,+91,Carrier_C,Maharashtra,2025-08-02,2026-03-09,Suspended,P001404,SYNTH_TELECOM_DB
PH006999,9872732921,+91,Carrier_A,Maharashtra,2017-08-31,,Active,P000938,SYNTH_TELECOM_DB
PH007000,9869472563,+91,Carrier_B,Maharashtra,2019-12-16,,Active,P006075,SYNTH_TELECOM_DB
PH007001,9757448142,+91,Carrier_A,Maharashtra,2013-05-13,,Active,P002860,SYNTH_TELECOM_DB
PH007002,9892829663,+91,Carrier_A,Maharashtra,2010-11-28,,Active,P006558,SYNTH_TELECOM_DB
PH007003,9898990109,+91,Carrier_A,Maharashtra,2016-04-18,,Active,P001760,SYNTH_TELECOM_DB
PH007004,9409522090,+91,Carrier_C,Maharashtra,2013-08-03,,Active,P004464,SYNTH_IDENTITY_DB
PH007005,9524244891,+91,Carrier_A,Maharashtra,2018-01-29,2019-08-23,Inactive,P000101,SYNTH_LEGACY_DB
PH007006,9746823866,+91,Carrier_A,Maharashtra,2016-05-16,,Active,P000576,SYNTH_IDENTITY_DB
PH007007,9649518489,+91,Carrier_A,Maharashtra,2024-08-03,,Active,P000398,SYNTH_CDR_DB
PH007008,9392362299,+91,Carrier_A,Maharashtra,2015-01-21,,Active,P005440,SYNTH_TELECOM_DB
PH007009,9532936756,+91,Carrier_A,Maharashtra,2020-08-31,,Active,P001834,SYNTH_TELECOM_DB
PH007010,9569329918,+91,Carrier_B,Maharashtra,2021-07-31,,Active,P004554,SYNTH_TELECOM_DB
PH007011,9629262003,+91,Carrier_B,Maharashtra,2020-11-06,2022-02-20,Reassigned,P001322,SYNTH_IDENTITY_DB
PH007012,9393680904,+91,Carrier_D,Maharashtra,2026-06-17,,Active,P006096,SYNTH_TELECOM_DB
PH007013,9959890574,+91,Carrier_B,Maharashtra,2018-10-28,2019-08-30,Suspended,P003546,SYNTH_TELECOM_DB
PH007014,9798620322,+91,Carrier_B,Maharashtra,2023-12-27,,Active,P000058,SYNTH_TELECOM_DB
PH007015,9553360064,+91,Carrier_C,Maharashtra,2014-05-28,,Active,P002590,SYNTH_TELECOM_DB
PH007016,9172482785,+91,Carrier_E,Maharashtra,2026-08-19,,Active,P003875,SYNTH_CDR_DB
PH007017,9447734311,+91,Carrier_B,Maharashtra,2025-03-04,2026-08-29,Inactive,P001487,SYNTH_CDR_DB
PH007018,9679899132,+91,Carrier_C,Maharashtra,2019-10-20,,Active,P003393,SYNTH_TELECOM_DB
PH007019,9938088194,+91,Carrier_B,Maharashtra,2012-03-24,,Active,P004325,SYNTH_TELECOM_DB
PH007020,9200202224,+91,Carrier_B,Maharashtra,2014-09-29,2018-10-19,Inactive,P003492,SYNTH_CDR_DB
PH007021,9755448048,+91,Carrier_C,Maharashtra,2016-10-27,,Active,P000974,SYNTH_TELECOM_DB
PH007022,9982143790,+91,Carrier_B,Maharashtra,2011-12-07,,Active,P003567,SYNTH_TELECOM_DB
PH007023,9899827840,+91,Carrier_B,Maharashtra,2013-09-03,,Active,P001114,SYNTH_TELECOM_DB
PH007024,9357891359,+91,Carrier_A,Maharashtra,2022-01-11,,Active,P000453,SYNTH_TELECOM_DB
PH007025,9208626998,+91,Carrier_B,Maharashtra,2023-05-01,2023-11-19,Suspended,P000809,SYNTH_TELECOM_DB
PH007026,9971134825,+91,Carrier_C,Maharashtra,2012-09-04,2017-08-25,Inactive,P005360,SYNTH_CDR_DB
PH007027,9510921283,+91,Carrier_D,Maharashtra,2011-12-12,,Active,P005042,SYNTH_CDR_DB
PH007028,9139596846,+91,Carrier_A,Maharashtra,2023-09-19,,Active,P002648,SYNTH_CDR_DB
PH007029,9746056358,+91,Carrier_B,Maharashtra,2022-02-20,,Active,P005415,SYNTH_TELECOM_DB
PH007030,9655828524,+91,Carrier_A,Maharashtra,2016-01-07,,Active,P001629,SYNTH_TELECOM_DB
PH007031,9719680338,+91,Carrier_C,Maharashtra,2013-07-02,,Active,P004054,SYNTH_TELECOM_DB
PH007032,9258396695,+91,Carrier_B,Maharashtra,2023-03-22,,Active,P002666,SYNTH_TELECOM_DB
PH007033,9242551518,+91,Carrier_B,Maharashtra,2018-08-24,,Active,P005527,SYNTH_CDR_DB
PH007034,9874857574,+91,Carrier_A,Maharashtra,2019-04-20,2024-03-05,Reassigned,P006533,SYNTH_TELECOM_DB
PH007035,9580347079,+91,Carrier_C,Maharashtra,2022-12-09,,Active,P005983,SYNTH_TELECOM_DB
PH007036,9481678227,+91,Carrier_A,Maharashtra,2015-11-28,,Active,P004369,SYNTH_TELECOM_DB
PH007037,9618525233,+91,Carrier_B,Maharashtra,2013-03-01,,Active,P001586,SYNTH_CDR_DB
PH007038,9551913121,+91,Carrier_A,Maharashtra,2013-10-03,,Active,P001316,SYNTH_LEGACY_DB
PH007039,9639390151,+91,Carrier_C,Maharashtra,2022-05-30,,Active,P004164,SYNTH_TELECOM_DB
PH007040,9254781333,+91,Carrier_B,Maharashtra,2017-10-04,,Active,P004636,SYNTH_IDENTITY_DB
PH007041,9286935318,+91,Carrier_D,Maharashtra,2014-03-28,,Active,P002258,SYNTH_IDENTITY_DB
PH007042,9908396314,+91,Carrier_A,Maharashtra,2018-01-19,,Active,P006866,SYNTH_TELECOM_DB
PH007043,9211892233,+91,Carrier_B,Maharashtra,2019-08-11,,Active,P004844,SYNTH_TELECOM_DB
PH007044,9395702128,+91,Carrier_B,Maharashtra,2024-05-14,2026-08-29,Reassigned,P003064,SYNTH_TELECOM_DB
PH007045,9780643193,+91,Carrier_B,Maharashtra,2010-07-21,2011-06-07,Inactive,P006460,SYNTH_CDR_DB
PH007046,9742430401,+91,Carrier_B,Maharashtra,2013-09-13,,Active,P002938,SYNTH_CDR_DB
PH007047,9837378109,+91,Carrier_A,Maharashtra,2020-04-29,,Active,P006900,SYNTH_TELECOM_DB
PH007048,9837930590,+91,Carrier_A,Maharashtra,2019-10-26,,Active,P005214,SYNTH_CDR_DB
PH007049,9542954230,+91,Carrier_B,Maharashtra,2024-12-25,,Active,P006085,SYNTH_TELECOM_DB
PH007050,9324925481,+91,Carrier_C,Maharashtra,2011-03-20,,Active,P001471,SYNTH_IDENTITY_DB
PH007051,9792324331,+91,Carrier_C,Maharashtra,2014-01-29,2016-11-22,Reassigned,P002180,SYNTH_IDENTITY_DB
PH007052,9199816265,+91,Carrier_B,Maharashtra,2021-12-08,2026-01-27,Inactive,P003666,SYNTH_TELECOM_DB
PH007053,9300333915,+91,Carrier_D,Maharashtra,2019-05-12,,Active,P004600,SYNTH_TELECOM_DB
PH007054,9334645068,+91,Carrier_B,Maharashtra,2013-08-29,,Active,P002433,SYNTH_TELECOM_DB
PH007055,9625364583,+91,Carrier_A,Maharashtra,2013-09-29,,Active,P004640,SYNTH_TELECOM_DB
PH007056,9293047628,+91,Carrier_C,Maharashtra,2011-04-24,,Active,P005416,SYNTH_TELECOM_DB
PH007057,9628211157,+91,Carrier_B,Maharashtra,2011-10-11,,Active,P000238,SYNTH_CDR_DB
PH007058,9401085184,+91,Carrier_C,Maharashtra,2011-09-14,2015-12-26,Reassigned,P006730,SYNTH_TELECOM_DB
PH007059,9461572785,+91,Carrier_A,Maharashtra,2018-04-09,,Active,P001247,SYNTH_CDR_DB
PH007060,9180044821,+91,Carrier_B,Maharashtra,2024-06-19,,Active,P002849,SYNTH_IDENTITY_DB
PH007061,9797860198,+91,Carrier_A,Maharashtra,2013-06-14,2017-09-19,Inactive,P006814,SYNTH_TELECOM_DB
PH007062,9961718463,+91,Carrier_A,Maharashtra,2017-05-22,2019-11-03,Inactive,P004031,SYNTH_LEGACY_DB
PH007063,9560653746,+91,Carrier_C,Maharashtra,2019-02-13,2023-03-11,Inactive,P005743,SYNTH_LEGACY_DB
PH007064,9724418249,+91,Carrier_B,Maharashtra,2016-03-24,2016-08-25,Suspended,P006890,SYNTH_TELECOM_DB
PH007065,9930023138,+91,Carrier_A,Maharashtra,2014-01-29,,Active,P004287,SYNTH_CDR_DB
PH007066,9859000759,+91,Carrier_D,Maharashtra,2015-07-03,,Active,P003087,SYNTH_CDR_DB
PH007067,9553348556,+91,Carrier_B,Maharashtra,2010-02-26,2010-04-03,Suspended,P001197,SYNTH_TELECOM_DB
PH007068,9735770987,+91,Carrier_D,Maharashtra,2015-01-13,,Active,P001259,SYNTH_TELECOM_DB
PH007069,9343841306,+91,Carrier_B,Maharashtra,2016-12-15,2017-10-18,Suspended,P003193,SYNTH_IDENTITY_DB
PH007070,9962452993,+91,Carrier_B,Maharashtra,2019-01-05,,Active,P001814,SYNTH_TELECOM_DB
PH007071,9267316457,+91,Carrier_A,Maharashtra,2014-06-15,,Active,P003407,SYNTH_TELECOM_DB
PH007072,9873514098,+91,Carrier_C,Maharashtra,2014-03-13,,Active,P000653,SYNTH_CDR_DB
PH007073,9497902616,+91,Carrier_C,Maharashtra,2014-08-15,,Active,P001610,SYNTH_TELECOM_DB
PH007074,9366531050,+91,Carrier_C,Maharashtra,2012-03-26,,Active,P001516,SYNTH_LEGACY_DB
PH007075,9116299402,+91,Carrier_B,Maharashtra,2016-06-02,,Active,P004058,SYNTH_TELECOM_DB
PH007076,9270000572,+91,Carrier_A,Maharashtra,2021-12-22,,Active,P002068,SYNTH_IDENTITY_DB
PH007077,9180026288,+91,Carrier_C,Maharashtra,2019-09-16,,Active,P005454,SYNTH_IDENTITY_DB
PH007078,9507758922,+91,Carrier_B,Maharashtra,2017-07-09,,Active,P005561,SYNTH_TELECOM_DB
PH007079,9798884776,+91,Carrier_C,Maharashtra,2024-04-29,,Active,P004127,SYNTH_TELECOM_DB
PH007080,9415541884,+91,Carrier_B,Maharashtra,2014-12-27,2016-02-02,Suspended,P004627,SYNTH_TELECOM_DB
PH007081,9610056294,+91,Carrier_A,Maharashtra,2019-07-11,,Active,P002150,SYNTH_TELECOM_DB
PH007082,9375329463,+91,Carrier_A,Maharashtra,2016-06-23,,Active,P006920,SYNTH_TELECOM_DB
PH007083,9796467965,+91,Carrier_A,Maharashtra,2021-08-25,2023-02-11,Suspended,P005832,SYNTH_TELECOM_DB
PH007084,9841806543,+91,Carrier_C,Maharashtra,2016-05-11,,Active,P005510,SYNTH_CDR_DB
PH007085,9127420711,+91,Carrier_B,Maharashtra,2026-08-21,,Active,P006339,SYNTH_TELECOM_DB
PH007086,9353909904,+91,Carrier_A,Maharashtra,2016-10-06,,Active,P005794,SYNTH_CDR_DB
PH007087,9697023214,+91,Carrier_B,Maharashtra,2013-10-14,2020-05-31,Inactive,P001082,SYNTH_LEGACY_DB
PH007088,9292427784,+91,Carrier_E,Maharashtra,2017-03-07,,Active,P004469,SYNTH_TELECOM_DB
PH007089,9219451078,+91,Carrier_C,Maharashtra,2016-02-16,,Active,P000589,SYNTH_CDR_DB
PH007090,9833955404,+91,Carrier_B,Maharashtra,2025-01-03,,Active,P000844,SYNTH_TELECOM_DB
PH007091,9241741371,+91,Carrier_B,Maharashtra,2010-07-03,2012-06-07,Reassigned,P003644,SYNTH_IDENTITY_DB
PH007092,9635988934,+91,Carrier_A,Maharashtra,2024-08-14,2026-08-29,Inactive,P002605,SYNTH_CDR_DB
PH007093,9854446167,+91,Carrier_B,Maharashtra,2023-04-03,,Active,P002384,SYNTH_LEGACY_DB
PH007094,9314967996,+91,Carrier_A,Maharashtra,2018-11-01,2020-03-01,Inactive,P002013,SYNTH_TELECOM_DB
PH007095,9813574184,+91,Carrier_A,Maharashtra,2012-01-30,,Active,P003856,SYNTH_CDR_DB
PH007096,9355759964,+91,Carrier_B,Maharashtra,2019-02-22,,Active,P004148,SYNTH_TELECOM_DB
PH007097,9683883470,+91,Carrier_B,Maharashtra,2021-01-12,,Active,P003194,SYNTH_TELECOM_DB
PH007098,9828418200,+91,Carrier_B,Maharashtra,2012-10-07,,Active,P003559,SYNTH_IDENTITY_DB
PH007099,9983098636,+91,Carrier_A,Maharashtra,2021-07-06,,Active,P001814,SYNTH_TELECOM_DB
PH007100,9747649267,+91,Carrier_A,Maharashtra,2026-04-19,,Active,P000382,SYNTH_CDR_DB
PH007101,9525909724,+91,Carrier_D,Maharashtra,2026-04-22,,Active,P005163,SYNTH_TELECOM_DB
PH007102,9424205267,+91,Carrier_B,Maharashtra,2012-08-04,,Active,P005485,SYNTH_IDENTITY_DB
PH007103,9379696941,+91,Carrier_B,Maharashtra,2022-12-31,,Active,P006056,SYNTH_IDENTITY_DB
PH007104,9525733525,+91,Carrier_E,Maharashtra,2014-05-20,2020-04-13,Inactive,P001211,SYNTH_TELECOM_DB
PH007105,9158966123,+91,Carrier_C,Maharashtra,2015-05-03,,Active,P004909,SYNTH_IDENTITY_DB
PH007106,9515957476,+91,Carrier_D,Maharashtra,2013-06-20,,Active,P001429,SYNTH_CDR_DB
PH007107,9115517220,+91,Carrier_B,Maharashtra,2026-07-04,,Active,P005001,SYNTH_CDR_DB
PH007108,9219040395,+91,Carrier_B,Maharashtra,2019-10-07,,Active,P004904,SYNTH_TELECOM_DB
PH007109,9328389874,+91,Carrier_C,Maharashtra,2010-05-25,,Active,P004107,SYNTH_TELECOM_DB
PH007110,9647372113,+91,Carrier_A,Maharashtra,2025-02-22,,Active,P002746,SYNTH_TELECOM_DB
PH007111,9857281229,+91,Carrier_D,Maharashtra,2026-06-19,,Active,P000225,SYNTH_TELECOM_DB
PH007112,9188398950,+91,Carrier_B,Maharashtra,2023-04-15,,Active,P000093,SYNTH_TELECOM_DB
PH007113,9328384218,+91,Carrier_A,Maharashtra,2026-04-17,2026-08-29,Reassigned,P001098,SYNTH_TELECOM_DB
PH007114,9645618149,+91,Carrier_A,Maharashtra,2021-11-22,,Active,P005139,SYNTH_TELECOM_DB
PH007115,9731773171,+91,Carrier_B,Maharashtra,2014-01-16,2015-06-07,Suspended,P006259,SYNTH_CDR_DB
PH007116,9437070293,+91,Carrier_B,Maharashtra,2022-02-06,,Active,P003871,SYNTH_CDR_DB
PH007117,9281604595,+91,Carrier_B,Maharashtra,2010-08-28,,Active,P002868,SYNTH_CDR_DB
PH007118,9556327732,+91,Carrier_A,Maharashtra,2010-12-03,2013-08-03,Inactive,P000856,SYNTH_TELECOM_DB
PH007119,9225323798,+91,Carrier_D,Maharashtra,2023-04-04,,Active,P000500,SYNTH_TELECOM_DB
PH007120,9410057901,+91,Carrier_A,Maharashtra,2014-07-01,,Active,P000608,SYNTH_IDENTITY_DB
PH007121,9890460394,+91,Carrier_C,Maharashtra,2021-09-17,,Active,P003753,SYNTH_TELECOM_DB
PH007122,9624779033,+91,Carrier_B,Maharashtra,2025-04-08,,Active,P001966,SYNTH_LEGACY_DB
PH007123,9980929955,+91,Carrier_A,Maharashtra,2012-04-26,,Active,P006084,SYNTH_TELECOM_DB
PH007124,9285018922,+91,Carrier_B,Maharashtra,2012-04-05,,Active,P002004,SYNTH_TELECOM_DB
PH007125,9180438140,+91,Carrier_C,Maharashtra,2015-12-26,,Active,P002847,SYNTH_LEGACY_DB
PH007126,9383673605,+91,Carrier_A,Maharashtra,2012-03-30,,Active,P004861,SYNTH_CDR_DB
PH007127,9942951223,+91,Carrier_C,Maharashtra,2017-09-14,,Active,P001127,SYNTH_TELECOM_DB
PH007128,9673183060,+91,Carrier_A,Maharashtra,2018-01-21,2021-02-17,Inactive,P005183,SYNTH_TELECOM_DB
PH007129,9635623265,+91,Carrier_D,Maharashtra,2016-06-13,2017-11-17,Suspended,P004192,SYNTH_CDR_DB
PH007130,9873980299,+91,Carrier_B,Maharashtra,2026-07-10,,Active,P005721,SYNTH_LEGACY_DB
PH007131,9338363214,+91,Carrier_B,Maharashtra,2021-10-22,,Active,P005784,SYNTH_TELECOM_DB
PH007132,9273698538,+91,Carrier_A,Maharashtra,2025-03-01,,Active,P000329,SYNTH_TELECOM_DB
PH007133,9557818540,+91,Carrier_A,Maharashtra,2013-10-29,,Active,P006371,SYNTH_TELECOM_DB
PH007134,9601998334,+91,Carrier_A,Maharashtra,2026-05-17,,Active,P001758,SYNTH_TELECOM_DB
PH007135,9633888344,+91,Carrier_B,Maharashtra,2015-11-01,,Active,P006989,SYNTH_IDENTITY_DB
PH007136,9733284727,+91,Carrier_B,Maharashtra,2014-09-14,,Active,P006852,SYNTH_LEGACY_DB
PH007137,9613355496,+91,Carrier_A,Maharashtra,2020-08-27,2023-03-29,Suspended,P003513,SYNTH_CDR_DB
PH007138,9169268698,+91,Carrier_C,Maharashtra,2021-09-20,,Active,P006783,SYNTH_TELECOM_DB
PH007139,9805728229,+91,Carrier_B,Maharashtra,2014-08-19,,Active,P002313,SYNTH_LEGACY_DB
PH007140,9733634634,+91,Carrier_B,Maharashtra,2022-07-12,,Active,P004974,SYNTH_IDENTITY_DB
PH007141,9182742440,+91,Carrier_A,Maharashtra,2012-03-31,,Active,P005290,SYNTH_CDR_DB
PH007142,9209848477,+91,Carrier_D,Maharashtra,2020-03-20,,Active,P000338,SYNTH_TELECOM_DB
PH007143,9253480479,+91,Carrier_D,Maharashtra,2011-09-07,,Active,P003590,SYNTH_TELECOM_DB
PH007144,9221471779,+91,Carrier_B,Maharashtra,2022-09-16,,Active,P003421,SYNTH_CDR_DB
PH007145,9639375519,+91,Carrier_C,Maharashtra,2022-10-17,,Active,P003491,SYNTH_CDR_DB
PH007146,9398197897,+91,Carrier_E,Maharashtra,2022-09-14,,Active,P002406,SYNTH_TELECOM_DB
PH007147,9825274733,+91,Carrier_A,Maharashtra,2024-07-23,,Active,P000619,SYNTH_TELECOM_DB
PH007148,9237813928,+91,Carrier_C,Maharashtra,2024-08-25,,Active,P001067,SYNTH_IDENTITY_DB
PH007149,9183374262,+91,Carrier_C,Maharashtra,2022-07-10,2026-08-29,Inactive,P005406,SYNTH_CDR_DB
PH007150,9831918257,+91,Carrier_C,Maharashtra,2010-09-27,,Active,P001772,SYNTH_CDR_DB
PH007151,9781847383,+91,Carrier_A,Maharashtra,2020-09-16,,Active,P003447,SYNTH_TELECOM_DB
PH007152,9526436034,+91,Carrier_E,Maharashtra,2024-06-30,,Active,P001726,SYNTH_TELECOM_DB
PH007153,9307619713,+91,Carrier_E,Maharashtra,2018-07-21,2020-04-03,Suspended,P000271,SYNTH_TELECOM_DB
PH007154,9526804964,+91,Carrier_E,Maharashtra,2018-03-11,,Active,P002103,SYNTH_CDR_DB
PH007155,9747786692,+91,Carrier_C,Maharashtra,2025-11-15,,Active,P005062,SYNTH_IDENTITY_DB
PH007156,9935186903,+91,Carrier_C,Maharashtra,2013-11-09,,Active,P003185,SYNTH_TELECOM_DB
PH007157,9756969135,+91,Carrier_B,Maharashtra,2014-10-15,,Active,P005626,SYNTH_TELECOM_DB
PH007158,9418870116,+91,Carrier_E,Maharashtra,2010-08-22,,Active,P002121,SYNTH_CDR_DB
PH007159,9292140510,+91,Carrier_B,Maharashtra,2016-01-12,,Active,P004651,SYNTH_TELECOM_DB
PH007160,9355933057,+91,Carrier_A,Maharashtra,2023-02-01,,Active,P005804,SYNTH_IDENTITY_DB
PH007161,9196561785,+91,Carrier_A,Maharashtra,2013-05-13,,Active,P001131,SYNTH_CDR_DB
PH007162,9358154586,+91,Carrier_A,Maharashtra,2024-11-03,2026-08-29,Inactive,P006713,SYNTH_TELECOM_DB
PH007163,9741505576,+91,Carrier_A,Maharashtra,2024-08-11,,Active,P004541,SYNTH_CDR_DB
PH007164,9489420779,+91,Carrier_A,Maharashtra,2016-09-03,,Active,P006805,SYNTH_TELECOM_DB
PH007165,9607503977,+91,Carrier_E,Maharashtra,2014-10-11,,Active,P005039,SYNTH_TELECOM_DB
PH007166,9460014411,+91,Carrier_A,Maharashtra,2019-10-11,2021-10-20,Inactive,P003147,SYNTH_LEGACY_DB
PH007167,9306594589,+91,Carrier_D,Maharashtra,2024-12-19,2026-08-29,Inactive,P002705,SYNTH_IDENTITY_DB
PH007168,9499323950,+91,Carrier_E,Maharashtra,2025-01-07,,Active,P002384,SYNTH_IDENTITY_DB
PH007169,9995628032,+91,Carrier_A,Maharashtra,2026-05-17,,Active,P002191,SYNTH_TELECOM_DB
PH007170,9785931014,+91,Carrier_B,Maharashtra,2024-11-05,2026-08-29,Inactive,P006264,SYNTH_LEGACY_DB
PH007171,9184592093,+91,Carrier_C,Maharashtra,2026-03-10,2026-08-29,Reassigned,P003017,SYNTH_TELECOM_DB
PH007172,9313030618,+91,Carrier_A,Maharashtra,2018-07-07,,Active,P000013,SYNTH_CDR_DB
PH007173,9830860589,+91,Carrier_A,Maharashtra,2014-05-18,,Active,P005950,SYNTH_TELECOM_DB
PH007174,9132658610,+91,Carrier_C,Maharashtra,2016-09-15,2017-08-02,Reassigned,P003807,SYNTH_TELECOM_DB
PH007175,9780493833,+91,Carrier_B,Maharashtra,2025-02-11,,Active,P003495,SYNTH_TELECOM_DB
PH007176,9555915430,+91,Carrier_C,Maharashtra,2016-04-10,,Active,P006259,SYNTH_TELECOM_DB
PH007177,9672536371,+91,Carrier_B,Maharashtra,2013-01-21,,Active,P003841,SYNTH_TELECOM_DB
PH007178,9520774028,+91,Carrier_C,Maharashtra,2012-05-07,,Active,P005814,SYNTH_CDR_DB
PH007179,9991804711,+91,Carrier_B,Maharashtra,2021-01-03,2021-04-02,Inactive,P005476,SYNTH_TELECOM_DB
PH007180,9605034857,+91,Carrier_D,Maharashtra,2015-10-25,,Active,P000168,SYNTH_TELECOM_DB
PH007181,9211473660,+91,Carrier_A,Maharashtra,2020-08-22,2022-07-19,Inactive,P003866,SYNTH_TELECOM_DB
PH007182,9423288158,+91,Carrier_B,Maharashtra,2017-04-22,,Active,P006341,SYNTH_TELECOM_DB
PH007183,9285159551,+91,Carrier_D,Maharashtra,2022-05-23,,Active,P004228,SYNTH_TELECOM_DB
PH007184,9145582098,+91,Carrier_A,Maharashtra,2016-04-21,,Active,P001658,SYNTH_TELECOM_DB
PH007185,9317678478,+91,Carrier_C,Maharashtra,2020-12-31,,Active,P006263,SYNTH_CDR_DB
PH007186,9565801918,+91,Carrier_C,Maharashtra,2020-09-09,,Active,P004272,SYNTH_CDR_DB
PH007187,9790514679,+91,Carrier_A,Maharashtra,2021-10-02,,Active,P000448,SYNTH_TELECOM_DB
PH007188,9979322238,+91,Carrier_A,Maharashtra,2023-11-21,,Active,P002199,SYNTH_IDENTITY_DB
PH007189,9549757117,+91,Carrier_A,Maharashtra,2011-02-03,2014-06-29,Inactive,P001221,SYNTH_CDR_DB
PH007190,9247096418,+91,Carrier_B,Maharashtra,2018-07-17,,Active,P003918,SYNTH_TELECOM_DB
PH007191,9777444004,+91,Carrier_D,Maharashtra,2024-07-29,,Active,P003808,SYNTH_IDENTITY_DB
PH007192,9544564030,+91,Carrier_B,Maharashtra,2026-04-11,,Active,P001973,SYNTH_LEGACY_DB
PH007193,9538529864,+91,Carrier_C,Maharashtra,2023-08-03,,Active,P003546,SYNTH_TELECOM_DB
PH007194,9930717483,+91,Carrier_C,Maharashtra,2023-11-21,2025-11-17,Inactive,P001918,SYNTH_LEGACY_DB
PH007195,9567806012,+91,Carrier_B,Maharashtra,2021-12-08,,Active,P000308,SYNTH_TELECOM_DB
PH007196,9911302971,+91,Carrier_C,Maharashtra,2015-06-28,2019-02-01,Inactive,P000370,SYNTH_TELECOM_DB
PH007197,9659752733,+91,Carrier_B,Maharashtra,2024-01-20,,Active,P001001,SYNTH_LEGACY_DB
PH007198,9886297545,+91,Carrier_A,Maharashtra,2013-11-19,,Active,P002165,SYNTH_IDENTITY_DB
PH007199,9755151946,+91,Carrier_A,Maharashtra,2018-08-28,2018-11-26,Inactive,P000596,SYNTH_TELECOM_DB
PH007200,9778505822,+91,Carrier_A,Maharashtra,2020-06-17,2023-07-12,Reassigned,P004629,SYNTH_CDR_DB
PH007201,9908105981,+91,Carrier_B,Maharashtra,2013-10-22,,Active,P006474,SYNTH_TELECOM_DB
PH007202,9171832303,+91,Carrier_A,Maharashtra,2020-08-09,2021-10-11,Suspended,P000761,SYNTH_CDR_DB
PH007203,9493322098,+91,Carrier_A,Maharashtra,2022-05-05,,Active,P002146,SYNTH_TELECOM_DB
PH007204,9406448583,+91,Carrier_B,Maharashtra,2022-07-31,,Active,P000192,SYNTH_TELECOM_DB
PH007205,9538700775,+91,Carrier_B,Maharashtra,2017-11-09,,Active,P003647,SYNTH_TELECOM_DB
PH007206,9415467938,+91,Carrier_A,Maharashtra,2025-07-22,,Active,P005771,SYNTH_TELECOM_DB
PH007207,9997894767,+91,Carrier_A,Maharashtra,2014-09-17,,Active,P002670,SYNTH_TELECOM_DB
PH007208,9449494906,+91,Carrier_C,Maharashtra,2024-10-26,,Active,P000631,SYNTH_LEGACY_DB
PH007209,9442751368,+91,Carrier_C,Maharashtra,2018-01-25,,Active,P002132,SYNTH_CDR_DB
PH007210,9924493554,+91,Carrier_A,Maharashtra,2020-01-14,,Active,P003404,SYNTH_TELECOM_DB
PH007211,9112418988,+91,Carrier_A,Maharashtra,2017-01-02,2017-02-06,Suspended,P001022,SYNTH_TELECOM_DB
PH007212,9942588432,+91,Carrier_A,Maharashtra,2025-09-22,,Active,P004883,SYNTH_TELECOM_DB
PH007213,9753042020,+91,Carrier_C,Maharashtra,2021-02-27,,Active,P003841,SYNTH_CDR_DB
PH007214,9117911905,+91,Carrier_D,Maharashtra,2016-05-13,,Active,P002530,SYNTH_TELECOM_DB
PH007215,9815873836,+91,Carrier_B,Maharashtra,2024-10-31,,Active,P000154,SYNTH_TELECOM_DB
PH007216,9962922409,+91,Carrier_B,Maharashtra,2019-08-29,,Active,P006902,SYNTH_TELECOM_DB
PH007217,9933668383,+91,Carrier_B,Maharashtra,2017-03-25,,Active,P005876,SYNTH_CDR_DB
PH007218,9402795279,+91,Carrier_C,Maharashtra,2016-10-26,,Active,P006926,SYNTH_TELECOM_DB
PH007219,9888420087,+91,Carrier_C,Maharashtra,2015-11-07,2016-04-07,Suspended,P001318,SYNTH_TELECOM_DB
PH007220,9433086041,+91,Carrier_A,Maharashtra,2021-02-14,2024-04-28,Inactive,P004528,SYNTH_CDR_DB
PH007221,9957867181,+91,Carrier_A,Maharashtra,2026-05-10,,Active,P005586,SYNTH_TELECOM_DB
PH007222,9771523510,+91,Carrier_D,Maharashtra,2011-05-31,,Active,P003346,SYNTH_LEGACY_DB
PH007223,9197630713,+91,Carrier_C,Maharashtra,2015-09-15,,Active,P005821,SYNTH_LEGACY_DB
PH007224,9301374361,+91,Carrier_B,Maharashtra,2023-10-19,,Active,P006747,SYNTH_CDR_DB
PH007225,9101193637,+91,Carrier_B,Maharashtra,2011-05-18,2011-12-24,Reassigned,P006842,SYNTH_CDR_DB
PH007226,9790644503,+91,Carrier_B,Maharashtra,2022-12-24,,Active,P002522,SYNTH_TELECOM_DB
PH007227,9996866411,+91,Carrier_B,Maharashtra,2025-11-12,,Active,P006282,SYNTH_IDENTITY_DB
PH007228,9362621890,+91,Carrier_A,Maharashtra,2024-03-24,,Active,P006582,SYNTH_CDR_DB
PH007229,9301046603,+91,Carrier_C,Maharashtra,2024-11-23,,Active,P006962,SYNTH_TELECOM_DB
PH007230,9246469482,+91,Carrier_B,Maharashtra,2022-03-08,2026-08-09,Inactive,P003131,SYNTH_TELECOM_DB
PH007231,9180048242,+91,Carrier_C,Maharashtra,2016-11-21,,Active,P001268,SYNTH_TELECOM_DB
PH007232,9153308347,+91,Carrier_A,Maharashtra,2014-05-31,,Active,P004704,SYNTH_TELECOM_DB
PH007233,9268708506,+91,Carrier_C,Maharashtra,2011-05-31,,Active,P000364,SYNTH_TELECOM_DB
PH007234,9735229604,+91,Carrier_B,Maharashtra,2023-07-04,,Active,P004874,SYNTH_IDENTITY_DB
PH007235,9990226372,+91,Carrier_A,Maharashtra,2018-07-13,2024-06-08,Inactive,P004466,SYNTH_TELECOM_DB
PH007236,9959030569,+91,Carrier_A,Maharashtra,2010-10-22,,Active,P003733,SYNTH_LEGACY_DB
PH007237,9615416193,+91,Carrier_A,Maharashtra,2010-06-04,2017-03-17,Inactive,P002766,SYNTH_LEGACY_DB
PH007238,9638754114,+91,Carrier_A,Maharashtra,2011-06-04,,Active,P005583,SYNTH_CDR_DB
PH007239,9901296163,+91,Carrier_C,Maharashtra,2014-05-26,,Active,P005383,SYNTH_TELECOM_DB
PH007240,9337357105,+91,Carrier_A,Maharashtra,2019-10-20,2024-08-14,Reassigned,P006246,SYNTH_TELECOM_DB
PH007241,9632499162,+91,Carrier_C,Maharashtra,2011-11-04,,Active,P002826,SYNTH_TELECOM_DB
PH007242,9576552001,+91,Carrier_A,Maharashtra,2024-06-05,,Active,P005513,SYNTH_IDENTITY_DB
PH007243,9851502277,+91,Carrier_A,Maharashtra,2016-07-18,2022-10-31,Inactive,P001912,SYNTH_TELECOM_DB
PH007244,9543606490,+91,Carrier_B,Maharashtra,2010-09-17,2013-06-02,Reassigned,P004672,SYNTH_CDR_DB
PH007245,9182775346,+91,Carrier_A,Maharashtra,2020-05-06,,Active,P000518,SYNTH_TELECOM_DB
PH007246,9348490605,+91,Carrier_D,Maharashtra,2012-01-27,,Active,P002881,SYNTH_TELECOM_DB
PH007247,9478004230,+91,Carrier_B,Maharashtra,2019-02-22,2025-04-16,Inactive,P004385,SYNTH_TELECOM_DB
PH007248,9346916036,+91,Carrier_B,Maharashtra,2025-01-21,2026-08-29,Inactive,P000426,SYNTH_IDENTITY_DB
PH007249,9716500306,+91,Carrier_A,Maharashtra,2020-01-30,,Active,P000340,SYNTH_CDR_DB
PH007250,9374596131,+91,Carrier_C,Maharashtra,2015-11-02,2023-02-06,Reassigned,P004284,SYNTH_CDR_DB
PH007251,9642547454,+91,Carrier_B,Maharashtra,2015-08-20,,Active,P001296,SYNTH_TELECOM_DB
PH007252,9685470420,+91,Carrier_A,Maharashtra,2024-06-22,,Active,P003578,SYNTH_TELECOM_DB
PH007253,9955949095,+91,Carrier_A,Maharashtra,2024-11-22,,Active,P001138,SYNTH_CDR_DB
PH007254,9159255027,+91,Carrier_B,Maharashtra,2016-11-27,,Active,P002671,SYNTH_CDR_DB
PH007255,9347633430,+91,Carrier_A,Maharashtra,2020-11-06,2025-01-25,Inactive,P005988,SYNTH_TELECOM_DB
PH007256,9251830935,+91,Carrier_D,Maharashtra,2023-12-26,2026-08-29,Inactive,P005371,SYNTH_LEGACY_DB
PH007257,9390102689,+91,Carrier_B,Maharashtra,2011-11-02,,Active,P000455,SYNTH_TELECOM_DB
PH007258,9497797924,+91,Carrier_A,Maharashtra,2011-04-08,2013-08-08,Reassigned,P006605,SYNTH_CDR_DB
PH007259,9936492778,+91,Carrier_A,Maharashtra,2020-06-01,,Active,P000975,SYNTH_TELECOM_DB
PH007260,9841572887,+91,Carrier_D,Maharashtra,2015-06-29,,Active,P000580,SYNTH_CDR_DB
PH007261,9743319337,+91,Carrier_E,Maharashtra,2016-07-19,,Active,P004593,SYNTH_IDENTITY_DB
PH007262,9585728715,+91,Carrier_B,Maharashtra,2020-05-31,,Active,P001576,SYNTH_TELECOM_DB
PH007263,9627012379,+91,Carrier_E,Maharashtra,2010-11-16,2011-12-25,Inactive,P000511,SYNTH_TELECOM_DB
PH007264,9954834860,+91,Carrier_E,Maharashtra,2017-06-07,,Active,P003976,SYNTH_TELECOM_DB
PH007265,9379890531,+91,Carrier_A,Maharashtra,2016-08-27,2017-05-06,Inactive,P001019,SYNTH_TELECOM_DB
PH007266,9482365539,+91,Carrier_C,Maharashtra,2011-08-11,,Active,P002245,SYNTH_IDENTITY_DB
PH007267,9172425467,+91,Carrier_C,Maharashtra,2010-09-05,,Active,P004967,SYNTH_TELECOM_DB
PH007268,9751246278,+91,Carrier_D,Maharashtra,2011-11-04,,Active,P000596,SYNTH_LEGACY_DB
PH007269,9189694413,+91,Carrier_A,Maharashtra,2026-06-18,,Active,P006482,SYNTH_TELECOM_DB
PH007270,9624038356,+91,Carrier_D,Maharashtra,2012-02-13,,Active,P000730,SYNTH_TELECOM_DB
PH007271,9718928960,+91,Carrier_C,Maharashtra,2018-10-27,,Active,P004933,SYNTH_TELECOM_DB
PH007272,9996612429,+91,Carrier_B,Maharashtra,2011-09-22,2013-02-22,Inactive,P000361,SYNTH_CDR_DB
PH007273,9765245373,+91,Carrier_D,Maharashtra,2017-10-21,,Active,P005364,SYNTH_CDR_DB
PH007274,9859791648,+91,Carrier_B,Maharashtra,2018-11-24,,Active,P002174,SYNTH_IDENTITY_DB
PH007275,9509285001,+91,Carrier_B,Maharashtra,2020-05-21,,Active,P000334,SYNTH_LEGACY_DB
PH007276,9133946500,+91,Carrier_A,Maharashtra,2010-06-27,,Active,P001936,SYNTH_TELECOM_DB
PH007277,9531632598,+91,Carrier_C,Maharashtra,2018-05-11,2024-01-01,Inactive,P004980,SYNTH_TELECOM_DB
PH007278,9592338666,+91,Carrier_A,Maharashtra,2014-12-22,,Active,P004393,SYNTH_LEGACY_DB
PH007279,9307045734,+91,Carrier_D,Maharashtra,2025-11-06,,Active,P006160,SYNTH_IDENTITY_DB
PH007280,9435802784,+91,Carrier_B,Maharashtra,2017-12-02,,Active,P004611,SYNTH_TELECOM_DB
PH007281,9218920793,+91,Carrier_A,Maharashtra,2021-05-18,,Active,P002058,SYNTH_CDR_DB
PH007282,9476147902,+91,Carrier_B,Maharashtra,2015-09-30,,Active,P002000,SYNTH_IDENTITY_DB
PH007283,9794455014,+91,Carrier_A,Maharashtra,2014-01-11,,Active,P003224,SYNTH_CDR_DB
PH007284,9255673617,+91,Carrier_A,Maharashtra,2021-08-05,2022-03-13,Suspended,P002520,SYNTH_CDR_DB
PH007285,9100322942,+91,Carrier_B,Maharashtra,2019-04-17,,Active,P001385,SYNTH_TELECOM_DB
PH007286,9749656789,+91,Carrier_A,Maharashtra,2017-03-27,,Active,P001725,SYNTH_LEGACY_DB
PH007287,9198892415,+91,Carrier_B,Maharashtra,2025-11-10,,Active,P000031,SYNTH_TELECOM_DB
PH007288,9629011560,+91,Carrier_D,Maharashtra,2016-07-05,,Active,P006376,SYNTH_TELECOM_DB
PH007289,9669133536,+91,Carrier_B,Maharashtra,2014-05-28,,Active,P003639,SYNTH_TELECOM_DB
PH007290,9509909953,+91,Carrier_B,Maharashtra,2015-03-23,,Active,P002840,SYNTH_CDR_DB
PH007291,9840098563,+91,Carrier_C,Maharashtra,2025-05-12,,Active,P004911,SYNTH_TELECOM_DB
PH007292,9377293834,+91,Carrier_E,Maharashtra,2016-10-27,,Active,P006917,SYNTH_TELECOM_DB
PH007293,9803754776,+91,Carrier_B,Maharashtra,2025-11-06,,Active,P005818,SYNTH_CDR_DB
PH007294,9715032167,+91,Carrier_E,Maharashtra,2026-02-22,,Active,P005241,SYNTH_TELECOM_DB
PH007295,9549500867,+91,Carrier_B,Maharashtra,2012-11-26,,Active,P000856,SYNTH_TELECOM_DB
PH007296,9698989674,+91,Carrier_A,Maharashtra,2023-06-27,2023-12-07,Inactive,P005226,SYNTH_TELECOM_DB
PH007297,9252093349,+91,Carrier_A,Maharashtra,2021-04-20,,Active,P002577,SYNTH_TELECOM_DB
PH007298,9258147881,+91,Carrier_C,Maharashtra,2016-02-12,,Active,P003405,SYNTH_TELECOM_DB
PH007299,9535833304,+91,Carrier_B,Maharashtra,2016-12-31,,Active,P004143,SYNTH_TELECOM_DB
PH007300,9655379851,+91,Carrier_A,Maharashtra,2016-07-04,2019-03-02,Suspended,P002286,SYNTH_TELECOM_DB
PH007301,9314155477,+91,Carrier_C,Maharashtra,2025-02-12,,Active,P002466,SYNTH_TELECOM_DB
PH007302,9274621312,+91,Carrier_B,Maharashtra,2016-05-19,,Active,P000624,SYNTH_TELECOM_DB
PH007303,9698911745,+91,Carrier_A,Maharashtra,2024-05-01,,Active,P002238,SYNTH_LEGACY_DB
PH007304,9178392528,+91,Carrier_B,Maharashtra,2017-05-04,,Active,P004312,SYNTH_TELECOM_DB
PH007305,9742374638,+91,Carrier_A,Maharashtra,2014-06-02,2015-12-21,Suspended,P001452,SYNTH_IDENTITY_DB
PH007306,9683706557,+91,Carrier_A,Maharashtra,2010-08-06,,Active,P005312,SYNTH_TELECOM_DB
PH007307,9642515587,+91,Carrier_A,Maharashtra,2016-10-21,,Active,P001804,SYNTH_TELECOM_DB
PH007308,9789055527,+91,Carrier_C,Maharashtra,2023-01-15,,Active,P000225,SYNTH_IDENTITY_DB
PH007309,9215359028,+91,Carrier_A,Maharashtra,2010-07-31,,Active,P003813,SYNTH_TELECOM_DB
PH007310,9270919407,+91,Carrier_D,Maharashtra,2017-10-23,,Active,P006197,SYNTH_CDR_DB
PH007311,9725779981,+91,Carrier_C,Maharashtra,2025-01-15,,Active,P004983,SYNTH_TELECOM_DB
PH007312,9440126050,+91,Carrier_D,Maharashtra,2026-03-06,,Active,P000353,SYNTH_LEGACY_DB
PH007313,9168539654,+91,Carrier_D,Maharashtra,2020-09-26,,Active,P003403,SYNTH_IDENTITY_DB
PH007314,9455298643,+91,Carrier_A,Maharashtra,2021-07-13,,Active,P005289,SYNTH_CDR_DB
PH007315,9515721874,+91,Carrier_B,Maharashtra,2025-05-23,,Active,P000255,SYNTH_TELECOM_DB
PH007316,9304476391,+91,Carrier_C,Maharashtra,2018-12-31,2023-07-28,Inactive,P003419,SYNTH_TELECOM_DB
PH007317,9133292189,+91,Carrier_A,Maharashtra,2023-05-02,,Active,P005991,SYNTH_CDR_DB
PH007318,9995477007,+91,Carrier_B,Maharashtra,2017-06-22,,Active,P002554,SYNTH_CDR_DB
PH007319,9861132411,+91,Carrier_C,Maharashtra,2025-05-29,,Active,P003586,SYNTH_CDR_DB
PH007320,9802146758,+91,Carrier_C,Maharashtra,2026-03-06,,Active,P005208,SYNTH_TELECOM_DB
PH007321,9914122005,+91,Carrier_C,Maharashtra,2015-02-22,,Active,P005280,SYNTH_IDENTITY_DB
PH007322,9466963683,+91,Carrier_B,Maharashtra,2019-05-09,,Active,P004074,SYNTH_IDENTITY_DB
PH007323,9260870996,+91,Carrier_B,Maharashtra,2013-11-30,,Active,P001548,SYNTH_CDR_DB
PH007324,9125530669,+91,Carrier_A,Maharashtra,2023-07-27,2024-10-23,Reassigned,P003147,SYNTH_CDR_DB
PH007325,9437707872,+91,Carrier_A,Maharashtra,2023-04-01,,Active,P004365,SYNTH_CDR_DB
PH007326,9433263628,+91,Carrier_A,Maharashtra,2018-05-02,,Active,P000595,SYNTH_CDR_DB
PH007327,9151147464,+91,Carrier_D,Maharashtra,2025-01-10,,Active,P003363,SYNTH_IDENTITY_DB
PH007328,9675139868,+91,Carrier_B,Maharashtra,2017-06-18,,Active,P004074,SYNTH_TELECOM_DB
PH007329,9256966641,+91,Carrier_B,Maharashtra,2019-03-16,,Active,P006999,SYNTH_TELECOM_DB
PH007330,9679586632,+91,Carrier_E,Maharashtra,2010-11-22,2011-04-12,Inactive,P003843,SYNTH_IDENTITY_DB
PH007331,9714722500,+91,Carrier_A,Maharashtra,2018-03-28,2020-05-13,Inactive,P000801,SYNTH_CDR_DB
PH007332,9796027727,+91,Carrier_C,Maharashtra,2020-11-04,2024-09-12,Inactive,P000926,SYNTH_CDR_DB
PH007333,9946648793,+91,Carrier_A,Maharashtra,2015-10-11,,Active,P004903,SYNTH_TELECOM_DB
PH007334,9347676381,+91,Carrier_A,Maharashtra,2020-11-21,,Active,P003236,SYNTH_TELECOM_DB
PH007335,9496090007,+91,Carrier_A,Maharashtra,2024-05-16,,Active,P001661,SYNTH_IDENTITY_DB
PH007336,9690748697,+91,Carrier_A,Maharashtra,2010-01-20,2012-03-13,Inactive,P006634,SYNTH_CDR_DB
PH007337,9808711609,+91,Carrier_A,Maharashtra,2018-10-13,,Active,P001878,SYNTH_TELECOM_DB
PH007338,9470285287,+91,Carrier_D,Maharashtra,2026-03-02,,Active,P000862,SYNTH_IDENTITY_DB
PH007339,9914052373,+91,Carrier_A,Maharashtra,2018-06-19,2024-03-30,Reassigned,P001327,SYNTH_LEGACY_DB
PH007340,9598429269,+91,Carrier_B,Maharashtra,2017-08-27,2024-02-03,Inactive,P006524,SYNTH_IDENTITY_DB
PH007341,9311883040,+91,Carrier_A,Maharashtra,2016-04-27,,Active,P005793,SYNTH_TELECOM_DB
PH007342,9480830809,+91,Carrier_D,Maharashtra,2016-05-04,,Active,P006558,SYNTH_IDENTITY_DB
PH007343,9455483443,+91,Carrier_A,Maharashtra,2019-12-12,,Active,P000787,SYNTH_CDR_DB
PH007344,9977018268,+91,Carrier_A,Maharashtra,2025-10-31,2026-08-29,Suspended,P004504,SYNTH_TELECOM_DB
PH007345,9272879646,+91,Carrier_C,Maharashtra,2015-10-09,,Active,P002236,SYNTH_IDENTITY_DB
PH007346,9405472811,+91,Carrier_E,Maharashtra,2024-08-19,2026-08-29,Reassigned,P006735,SYNTH_TELECOM_DB
PH007347,9400679745,+91,Carrier_C,Maharashtra,2025-02-03,,Active,P004951,SYNTH_LEGACY_DB
PH007348,9916996817,+91,Carrier_A,Maharashtra,2012-06-09,,Active,P005194,SYNTH_TELECOM_DB
PH007349,9877449396,+91,Carrier_B,Maharashtra,2015-09-06,2019-01-23,Inactive,P004858,SYNTH_TELECOM_DB
PH007350,9900862217,+91,Carrier_A,Maharashtra,2017-06-21,2023-06-12,Reassigned,P006597,SYNTH_IDENTITY_DB
PH007351,9830355303,+91,Carrier_B,Maharashtra,2019-07-14,,Active,P002125,SYNTH_CDR_DB
PH007352,9103428060,+91,Carrier_B,Maharashtra,2013-02-28,,Active,P002981,SYNTH_IDENTITY_DB
PH007353,9158378712,+91,Carrier_A,Maharashtra,2021-04-24,,Active,P000286,SYNTH_IDENTITY_DB
PH007354,9393366086,+91,Carrier_A,Maharashtra,2010-10-02,2011-09-27,Inactive,P002426,SYNTH_TELECOM_DB
PH007355,9261375578,+91,Carrier_C,Maharashtra,2014-06-19,,Active,P001077,SYNTH_TELECOM_DB
PH007356,9294322686,+91,Carrier_B,Maharashtra,2016-11-24,,Active,P001561,SYNTH_LEGACY_DB
PH007357,9254229904,+91,Carrier_B,Maharashtra,2020-03-06,2026-03-24,Reassigned,P005985,SYNTH_TELECOM_DB
PH007358,9809389867,+91,Carrier_A,Maharashtra,2019-02-24,,Active,P001329,SYNTH_CDR_DB
PH007359,9189756592,+91,Carrier_B,Maharashtra,2011-06-18,,Active,P001735,SYNTH_TELECOM_DB
PH007360,9257415338,+91,Carrier_B,Maharashtra,2017-08-08,,Active,P006591,SYNTH_TELECOM_DB
PH007361,9821425216,+91,Carrier_B,Maharashtra,2016-01-06,,Active,P003292,SYNTH_IDENTITY_DB
PH007362,9231975144,+91,Carrier_A,Maharashtra,2017-01-07,,Active,P004244,SYNTH_LEGACY_DB
PH007363,9113348786,+91,Carrier_E,Maharashtra,2013-11-28,,Active,P004015,SYNTH_TELECOM_DB
PH007364,9877840547,+91,Carrier_D,Maharashtra,2018-06-10,,Active,P002683,SYNTH_LEGACY_DB
PH007365,9937529119,+91,Carrier_E,Maharashtra,2020-12-27,,Active,P005139,SYNTH_TELECOM_DB
PH007366,9469220998,+91,Carrier_C,Maharashtra,2021-11-16,2024-02-07,Reassigned,P002669,SYNTH_IDENTITY_DB
PH007367,9781583197,+91,Carrier_B,Maharashtra,2016-10-17,2017-04-20,Suspended,P000688,SYNTH_TELECOM_DB
PH007368,9719529862,+91,Carrier_A,Maharashtra,2024-07-20,,Active,P004423,SYNTH_LEGACY_DB
PH007369,9730676512,+91,Carrier_C,Maharashtra,2025-04-27,,Active,P002950,SYNTH_LEGACY_DB
PH007370,9249522880,+91,Carrier_C,Maharashtra,2022-09-03,,Active,P001398,SYNTH_TELECOM_DB
PH007371,9743345571,+91,Carrier_C,Maharashtra,2019-02-27,,Active,P004653,SYNTH_CDR_DB
PH007372,9780978762,+91,Carrier_A,Maharashtra,2025-05-31,,Active,P004861,SYNTH_LEGACY_DB
PH007373,9149287893,+91,Carrier_A,Maharashtra,2022-05-11,2025-05-31,Inactive,P006569,SYNTH_TELECOM_DB
PH007374,9856448711,+91,Carrier_C,Maharashtra,2010-09-17,2011-01-02,Inactive,P002031,SYNTH_TELECOM_DB
PH007375,9549518351,+91,Carrier_B,Maharashtra,2012-12-23,,Active,P005770,SYNTH_CDR_DB
PH007376,9207229967,+91,Carrier_C,Maharashtra,2012-07-27,,Active,P002224,SYNTH_LEGACY_DB
PH007377,9418441384,+91,Carrier_A,Maharashtra,2020-08-16,2026-08-29,Reassigned,P003887,SYNTH_TELECOM_DB
PH007378,9294075476,+91,Carrier_E,Maharashtra,2015-08-28,,Active,P005176,SYNTH_LEGACY_DB
PH007379,9230682294,+91,Carrier_C,Maharashtra,2022-10-05,,Active,P003282,SYNTH_IDENTITY_DB
PH007380,9374884182,+91,Carrier_B,Maharashtra,2021-03-13,,Active,P005324,SYNTH_IDENTITY_DB
PH007381,9798907310,+91,Carrier_A,Maharashtra,2012-10-11,,Active,P003913,SYNTH_CDR_DB
PH007382,9216450038,+91,Carrier_B,Maharashtra,2015-11-02,,Active,P003853,SYNTH_TELECOM_DB
PH007383,9654051904,+91,Carrier_A,Maharashtra,2023-08-02,,Active,P000530,SYNTH_CDR_DB
PH007384,9913204050,+91,Carrier_A,Maharashtra,2025-02-28,2026-08-29,Inactive,P001399,SYNTH_TELECOM_DB
PH007385,9557264284,+91,Carrier_C,Maharashtra,2018-08-23,,Active,P001750,SYNTH_TELECOM_DB
PH007386,9564050663,+91,Carrier_B,Maharashtra,2019-01-21,,Active,P001030,SYNTH_TELECOM_DB
PH007387,9775763790,+91,Carrier_B,Maharashtra,2015-08-09,,Active,P003013,SYNTH_IDENTITY_DB
PH007388,9956643614,+91,Carrier_B,Maharashtra,2012-03-15,,Active,P002997,SYNTH_CDR_DB
PH007389,9869247468,+91,Carrier_B,Maharashtra,2026-08-29,,Active,P001392,SYNTH_TELECOM_DB
PH007390,9319017580,+91,Carrier_C,Maharashtra,2020-01-13,,Active,P001763,SYNTH_LEGACY_DB
PH007391,9625840871,+91,Carrier_C,Maharashtra,2012-06-08,,Active,P005101,SYNTH_LEGACY_DB
PH007392,9293566038,+91,Carrier_B,Maharashtra,2019-02-27,,Active,P004829,SYNTH_TELECOM_DB
PH007393,9173911122,+91,Carrier_A,Maharashtra,2011-07-06,2012-09-03,Inactive,P005334,SYNTH_TELECOM_DB
PH007394,9986881316,+91,Carrier_B,Maharashtra,2025-03-16,,Active,P003424,SYNTH_TELECOM_DB
PH007395,9771187329,+91,Carrier_D,Maharashtra,2010-09-09,,Active,P005214,SYNTH_LEGACY_DB
PH007396,9875652549,+91,Carrier_B,Maharashtra,2013-06-03,,Active,P004735,SYNTH_TELECOM_DB
PH007397,9248903794,+91,Carrier_A,Maharashtra,2022-10-17,,Active,P005208,SYNTH_TELECOM_DB
PH007398,9976399813,+91,Carrier_A,Maharashtra,2024-08-12,,Active,P006171,SYNTH_IDENTITY_DB
PH007399,9165411506,+91,Carrier_C,Maharashtra,2020-04-08,,Active,P001733,SYNTH_TELECOM_DB
PH007400,9191979216,+91,Carrier_A,Maharashtra,2013-12-29,2019-03-28,Inactive,P006717,SYNTH_IDENTITY_DB
PH007401,9313059998,+91,Carrier_A,Maharashtra,2016-12-15,,Active,P005952,SYNTH_CDR_DB
PH007402,9683541388,+91,Carrier_A,Maharashtra,2016-01-24,,Active,P004146,SYNTH_CDR_DB
PH007403,9579487518,+91,Carrier_B,Maharashtra,2022-02-05,2025-04-21,Inactive,P000792,SYNTH_TELECOM_DB
PH007404,9894858233,+91,Carrier_C,Maharashtra,2013-12-10,,Active,P003523,SYNTH_IDENTITY_DB
PH007405,9983910558,+91,Carrier_C,Maharashtra,2017-02-05,2017-03-06,Suspended,P006423,SYNTH_CDR_DB
PH007406,9643941610,+91,Carrier_C,Maharashtra,2026-05-02,,Active,P005565,SYNTH_TELECOM_DB
PH007407,9774310563,+91,Carrier_E,Maharashtra,2016-12-12,2021-04-12,Inactive,P005164,SYNTH_TELECOM_DB
PH007408,9340799385,+91,Carrier_C,Maharashtra,2017-06-26,,Active,P002341,SYNTH_IDENTITY_DB
PH007409,9976222623,+91,Carrier_B,Maharashtra,2014-07-02,,Active,P000970,SYNTH_TELECOM_DB
PH007410,9634850234,+91,Carrier_D,Maharashtra,2026-02-22,,Active,P003809,SYNTH_CDR_DB
PH007411,9359058386,+91,Carrier_B,Maharashtra,2019-09-25,2023-03-28,Inactive,P001682,SYNTH_TELECOM_DB
PH007412,9502946717,+91,Carrier_A,Maharashtra,2020-12-12,,Active,P000840,SYNTH_CDR_DB
PH007413,9413405620,+91,Carrier_B,Maharashtra,2015-07-12,2015-11-02,Inactive,P001355,SYNTH_CDR_DB
PH007414,9145656933,+91,Carrier_A,Maharashtra,2022-02-13,,Active,P005220,SYNTH_TELECOM_DB
PH007415,9264426094,+91,Carrier_C,Maharashtra,2025-12-11,,Active,P001946,SYNTH_TELECOM_DB
PH007416,9518155819,+91,Carrier_B,Maharashtra,2024-07-20,,Active,P004833,SYNTH_CDR_DB
PH007417,9889843662,+91,Carrier_B,Maharashtra,2010-08-04,2015-01-20,Inactive,P000872,SYNTH_TELECOM_DB
PH007418,9328098610,+91,Carrier_D,Maharashtra,2022-06-05,,Active,P000351,SYNTH_IDENTITY_DB
PH007419,9142566022,+91,Carrier_A,Maharashtra,2016-01-09,,Active,P005422,SYNTH_IDENTITY_DB
PH007420,9753997210,+91,Carrier_C,Maharashtra,2026-01-12,,Active,P001151,SYNTH_TELECOM_DB
PH007421,9869186480,+91,Carrier_A,Maharashtra,2021-12-17,,Active,P003518,SYNTH_IDENTITY_DB
PH007422,9519517515,+91,Carrier_A,Maharashtra,2011-06-10,,Active,P002648,SYNTH_IDENTITY_DB
PH007423,9211865483,+91,Carrier_A,Maharashtra,2021-09-09,,Active,P004658,SYNTH_CDR_DB
PH007424,9558521553,+91,Carrier_A,Maharashtra,2025-07-05,,Active,P005912,SYNTH_TELECOM_DB
PH007425,9466345485,+91,Carrier_A,Maharashtra,2022-03-31,,Active,P006430,SYNTH_TELECOM_DB
PH007426,9474368131,+91,Carrier_C,Maharashtra,2014-12-02,2015-06-16,Suspended,P000804,SYNTH_CDR_DB
PH007427,9897506902,+91,Carrier_A,Maharashtra,2012-08-15,2013-10-02,Inactive,P002482,SYNTH_IDENTITY_DB
PH007428,9105235561,+91,Carrier_C,Maharashtra,2018-08-03,,Active,P003878,SYNTH_TELECOM_DB
PH007429,9129324455,+91,Carrier_D,Maharashtra,2020-01-19,,Active,P002730,SYNTH_TELECOM_DB
PH007430,9955032917,+91,Carrier_B,Maharashtra,2016-07-01,,Active,P006560,SYNTH_CDR_DB
PH007431,9482942054,+91,Carrier_B,Maharashtra,2021-02-24,,Active,P002947,SYNTH_TELECOM_DB
PH007432,9142794117,+91,Carrier_C,Maharashtra,2020-02-29,,Active,P001788,SYNTH_LEGACY_DB
PH007433,9773710806,+91,Carrier_B,Maharashtra,2020-07-03,,Active,P002745,SYNTH_IDENTITY_DB
PH007434,9678390224,+91,Carrier_D,Maharashtra,2022-01-07,,Active,P006957,SYNTH_LEGACY_DB
PH007435,9481431560,+91,Carrier_B,Maharashtra,2018-07-06,,Active,P005998,SYNTH_TELECOM_DB
PH007436,9853858846,+91,Carrier_C,Maharashtra,2020-02-15,,Active,P002890,SYNTH_TELECOM_DB
PH007437,9230938033,+91,Carrier_A,Maharashtra,2016-08-07,,Active,P000879,SYNTH_CDR_DB
PH007438,9981839320,+91,Carrier_B,Maharashtra,2019-10-06,,Active,P006253,SYNTH_CDR_DB
PH007439,9359410395,+91,Carrier_A,Maharashtra,2017-08-21,,Active,P001430,SYNTH_CDR_DB
PH007440,9762173372,+91,Carrier_A,Maharashtra,2013-06-22,,Active,P001559,SYNTH_CDR_DB
PH007441,9393598601,+91,Carrier_A,Maharashtra,2014-06-06,,Active,P001356,SYNTH_CDR_DB
PH007442,9759653583,+91,Carrier_D,Maharashtra,2015-09-29,,Active,P003539,SYNTH_LEGACY_DB
PH007443,9558511705,+91,Carrier_B,Maharashtra,2020-05-23,,Active,P001061,SYNTH_CDR_DB
PH007444,9655088879,+91,Carrier_B,Maharashtra,2019-12-19,,Active,P000018,SYNTH_TELECOM_DB
PH007445,9926433571,+91,Carrier_E,Maharashtra,2013-08-13,,Active,P000385,SYNTH_CDR_DB
PH007446,9725039060,+91,Carrier_A,Maharashtra,2013-08-03,2017-12-22,Inactive,P001001,SYNTH_TELECOM_DB
PH007447,9124757059,+91,Carrier_D,Maharashtra,2017-03-05,,Active,P003427,SYNTH_TELECOM_DB
PH007448,9702387185,+91,Carrier_C,Maharashtra,2024-11-06,,Active,P002911,SYNTH_TELECOM_DB
PH007449,9314590316,+91,Carrier_A,Maharashtra,2013-01-31,,Active,P006404,SYNTH_TELECOM_DB
PH007450,9776590132,+91,Carrier_B,Maharashtra,2025-01-12,,Active,P001421,SYNTH_CDR_DB
PH007451,9593590540,+91,Carrier_A,Maharashtra,2020-02-28,,Active,P002387,SYNTH_TELECOM_DB
PH007452,9638461282,+91,Carrier_B,Maharashtra,2026-05-06,,Active,P006413,SYNTH_LEGACY_DB
PH007453,9866498250,+91,Carrier_B,Maharashtra,2016-06-30,,Active,P006373,SYNTH_CDR_DB
PH007454,9900714306,+91,Carrier_B,Maharashtra,2010-07-11,,Active,P000444,SYNTH_TELECOM_DB
PH007455,9459220133,+91,Carrier_B,Maharashtra,2024-11-19,,Active,P000874,SYNTH_TELECOM_DB
PH007456,9650415986,+91,Carrier_A,Maharashtra,2017-02-19,,Active,P004477,SYNTH_IDENTITY_DB
PH007457,9757996523,+91,Carrier_A,Maharashtra,2020-02-22,2023-01-13,Inactive,P006170,SYNTH_IDENTITY_DB
PH007458,9194313542,+91,Carrier_A,Maharashtra,2013-09-21,,Active,P005337,SYNTH_TELECOM_DB
PH007459,9252707043,+91,Carrier_B,Maharashtra,2025-12-29,2026-08-29,Inactive,P004839,SYNTH_CDR_DB
PH007460,9145240493,+91,Carrier_B,Maharashtra,2019-12-07,2024-09-07,Reassigned,P001425,SYNTH_TELECOM_DB
PH007461,9166571557,+91,Carrier_A,Maharashtra,2024-01-08,2025-08-12,Inactive,P001859,SYNTH_CDR_DB
PH007462,9751798269,+91,Carrier_B,Maharashtra,2017-12-20,2023-03-18,Inactive,P005356,SYNTH_TELECOM_DB
PH007463,9389842429,+91,Carrier_C,Maharashtra,2010-08-22,2013-10-17,Inactive,P002569,SYNTH_TELECOM_DB
PH007464,9114330595,+91,Carrier_A,Maharashtra,2021-12-27,,Active,P004162,SYNTH_TELECOM_DB
PH007465,9407791585,+91,Carrier_D,Maharashtra,2022-10-21,,Active,P003496,SYNTH_TELECOM_DB
PH007466,9463326916,+91,Carrier_A,Maharashtra,2017-12-03,,Active,P005250,SYNTH_LEGACY_DB
PH007467,9466000172,+91,Carrier_A,Maharashtra,2026-06-25,,Active,P003239,SYNTH_TELECOM_DB
PH007468,9201276735,+91,Carrier_A,Maharashtra,2025-04-28,,Active,P000915,SYNTH_TELECOM_DB
PH007469,9639898771,+91,Carrier_B,Maharashtra,2022-10-03,2026-08-29,Reassigned,P006183,SYNTH_TELECOM_DB
PH007470,9610441069,+91,Carrier_B,Maharashtra,2023-08-02,2024-10-25,Inactive,P002089,SYNTH_IDENTITY_DB
PH007471,9179092725,+91,Carrier_C,Maharashtra,2019-08-30,2020-08-30,Suspended,P006893,SYNTH_CDR_DB
PH007472,9535670336,+91,Carrier_A,Maharashtra,2022-11-16,2026-08-29,Inactive,P005581,SYNTH_TELECOM_DB
PH007473,9279527371,+91,Carrier_C,Maharashtra,2019-08-27,2023-09-29,Inactive,P006363,SYNTH_TELECOM_DB
PH007474,9114204335,+91,Carrier_B,Maharashtra,2016-11-18,,Active,P000453,SYNTH_CDR_DB
PH007475,9491357006,+91,Carrier_A,Maharashtra,2021-06-26,,Active,P004173,SYNTH_TELECOM_DB
PH007476,9782005707,+91,Carrier_B,Maharashtra,2013-02-10,,Active,P000464,SYNTH_TELECOM_DB
PH007477,9288927563,+91,Carrier_A,Maharashtra,2016-10-13,,Active,P003315,SYNTH_TELECOM_DB
PH007478,9180790181,+91,Carrier_C,Maharashtra,2010-06-24,,Active,P000008,SYNTH_TELECOM_DB
PH007479,9819159610,+91,Carrier_B,Maharashtra,2017-08-11,,Active,P006279,SYNTH_TELECOM_DB
PH007480,9540112669,+91,Carrier_A,Maharashtra,2023-04-26,,Active,P004298,SYNTH_TELECOM_DB
PH007481,9651676365,+91,Carrier_B,Maharashtra,2011-03-10,,Active,P003783,SYNTH_LEGACY_DB
PH007482,9683133878,+91,Carrier_C,Maharashtra,2013-09-05,,Active,P001405,SYNTH_TELECOM_DB
PH007483,9510938285,+91,Carrier_A,Maharashtra,2026-01-03,,Active,P003554,SYNTH_TELECOM_DB
PH007484,9413628097,+91,Carrier_B,Maharashtra,2023-08-13,2026-08-17,Inactive,P006018,SYNTH_LEGACY_DB
PH007485,9723160702,+91,Carrier_A,Maharashtra,2018-07-16,,Active,P002170,SYNTH_TELECOM_DB
PH007486,9949983308,+91,Carrier_B,Maharashtra,2023-04-11,,Active,P000617,SYNTH_LEGACY_DB
PH007487,9981887362,+91,Carrier_A,Maharashtra,2020-03-23,,Active,P001877,SYNTH_TELECOM_DB
PH007488,9191127168,+91,Carrier_A,Maharashtra,2021-04-27,,Active,P002137,SYNTH_TELECOM_DB
PH007489,9919155495,+91,Carrier_A,Maharashtra,2024-03-15,2026-08-29,Inactive,P002558,SYNTH_TELECOM_DB
PH007490,9286596271,+91,Carrier_A,Maharashtra,2022-07-10,,Active,P000565,SYNTH_CDR_DB
PH007491,9581780585,+91,Carrier_A,Maharashtra,2017-11-13,,Active,P000909,SYNTH_TELECOM_DB
PH007492,9492575248,+91,Carrier_A,Maharashtra,2011-02-09,,Active,P004643,SYNTH_TELECOM_DB
PH007493,9513900646,+91,Carrier_B,Maharashtra,2020-03-28,,Active,P003354,SYNTH_TELECOM_DB
PH007494,9569571544,+91,Carrier_D,Maharashtra,2023-07-23,,Active,P005607,SYNTH_TELECOM_DB
PH007495,9274187681,+91,Carrier_B,Maharashtra,2010-02-14,,Active,P001191,SYNTH_CDR_DB
PH007496,9581561379,+91,Carrier_A,Maharashtra,2019-05-07,2024-12-07,Inactive,P003536,SYNTH_IDENTITY_DB
PH007497,9526291598,+91,Carrier_B,Maharashtra,2026-07-11,,Active,P005051,SYNTH_CDR_DB
PH007498,9184980035,+91,Carrier_C,Maharashtra,2020-11-13,,Active,P000891,SYNTH_TELECOM_DB
PH007499,9278525080,+91,Carrier_E,Maharashtra,2026-06-16,,Active,P000211,SYNTH_TELECOM_DB
PH007500,9607152691,+91,Carrier_A,Maharashtra,2017-11-08,,Active,P000607,SYNTH_TELECOM_DB
PH007501,9654571122,+91,Carrier_A,Maharashtra,2019-10-09,,Active,P000797,SYNTH_CDR_DB
PH007502,9616124813,+91,Carrier_B,Maharashtra,2012-02-01,,Active,P005488,SYNTH_CDR_DB
PH007503,9377678984,+91,Carrier_B,Maharashtra,2015-09-10,,Active,P002258,SYNTH_CDR_DB
PH007504,9151951869,+91,Carrier_A,Maharashtra,2016-10-31,,Active,P003394,SYNTH_IDENTITY_DB
PH007505,9410239007,+91,Carrier_A,Maharashtra,2013-12-23,2019-07-22,Reassigned,P005646,SYNTH_TELECOM_DB
PH007506,9691342054,+91,Carrier_C,Maharashtra,2015-07-28,2017-11-26,Suspended,P005506,SYNTH_LEGACY_DB
PH007507,9410621456,+91,Carrier_C,Maharashtra,2012-07-25,,Active,P004933,SYNTH_LEGACY_DB
PH007508,9690330245,+91,Carrier_A,Maharashtra,2019-03-22,,Active,P004630,SYNTH_CDR_DB
PH007509,9810525008,+91,Carrier_C,Maharashtra,2017-11-03,,Active,P001692,SYNTH_CDR_DB
PH007510,9645454482,+91,Carrier_B,Maharashtra,2010-03-08,,Active,P004931,SYNTH_TELECOM_DB
PH007511,9128381175,+91,Carrier_E,Maharashtra,2011-06-14,,Active,P005618,SYNTH_TELECOM_DB
PH007512,9810651025,+91,Carrier_A,Maharashtra,2025-08-10,2026-08-29,Inactive,P005214,SYNTH_IDENTITY_DB
PH007513,9319093339,+91,Carrier_B,Maharashtra,2013-05-18,,Active,P006089,SYNTH_TELECOM_DB
PH007514,9339207235,+91,Carrier_C,Maharashtra,2015-10-22,,Active,P004337,SYNTH_TELECOM_DB
PH007515,9453707722,+91,Carrier_B,Maharashtra,2010-10-19,,Active,P002213,SYNTH_LEGACY_DB
PH007516,9533565274,+91,Carrier_A,Maharashtra,2022-01-17,,Active,P006221,SYNTH_CDR_DB
PH007517,9438574493,+91,Carrier_A,Maharashtra,2022-06-09,,Active,P002973,SYNTH_CDR_DB
PH007518,9450073548,+91,Carrier_D,Maharashtra,2010-09-26,,Active,P004629,SYNTH_TELECOM_DB
PH007519,9792118437,+91,Carrier_A,Maharashtra,2014-09-25,,Active,P006421,SYNTH_CDR_DB
PH007520,9491274501,+91,Carrier_B,Maharashtra,2014-07-31,,Active,P000856,SYNTH_TELECOM_DB
PH007521,9906337533,+91,Carrier_B,Maharashtra,2011-06-22,,Active,P006656,SYNTH_CDR_DB
PH007522,9170500003,+91,Carrier_A,Maharashtra,2019-01-27,,Active,P001774,SYNTH_CDR_DB
PH007523,9865580612,+91,Carrier_A,Maharashtra,2019-03-09,,Active,P005589,SYNTH_TELECOM_DB
PH007524,9175274251,+91,Carrier_D,Maharashtra,2010-08-29,,Active,P004462,SYNTH_TELECOM_DB
PH007525,9490216732,+91,Carrier_A,Maharashtra,2018-07-22,,Active,P003399,SYNTH_LEGACY_DB
PH007526,9239060435,+91,Carrier_A,Maharashtra,2019-10-17,,Active,P002264,SYNTH_TELECOM_DB
PH007527,9709093646,+91,Carrier_A,Maharashtra,2013-01-02,,Active,P001883,SYNTH_CDR_DB
PH007528,9357373744,+91,Carrier_C,Maharashtra,2021-04-15,,Active,P000570,SYNTH_CDR_DB
PH007529,9904200470,+91,Carrier_B,Maharashtra,2011-05-04,,Active,P003179,SYNTH_TELECOM_DB
PH007530,9870442625,+91,Carrier_A,Maharashtra,2016-02-09,,Active,P002916,SYNTH_TELECOM_DB
PH007531,9506107905,+91,Carrier_C,Maharashtra,2025-07-08,,Active,P005900,SYNTH_CDR_DB
PH007532,9236692417,+91,Carrier_A,Maharashtra,2016-09-29,,Active,P001874,SYNTH_TELECOM_DB
PH007533,9281654994,+91,Carrier_B,Maharashtra,2012-03-28,,Active,P002814,SYNTH_CDR_DB
PH007534,9887462444,+91,Carrier_B,Maharashtra,2019-12-24,,Active,P002197,SYNTH_TELECOM_DB
PH007535,9229365976,+91,Carrier_C,Maharashtra,2021-06-18,2026-08-29,Reassigned,P002036,SYNTH_TELECOM_DB
PH007536,9107038078,+91,Carrier_B,Maharashtra,2013-12-04,2014-09-22,Inactive,P001940,SYNTH_IDENTITY_DB
PH007537,9107106056,+91,Carrier_B,Maharashtra,2011-10-16,,Active,P004862,SYNTH_IDENTITY_DB
PH007538,9527350311,+91,Carrier_A,Maharashtra,2014-02-22,2019-07-20,Inactive,P000612,SYNTH_TELECOM_DB
PH007539,9931655438,+91,Carrier_B,Maharashtra,2012-11-16,,Active,P002420,SYNTH_TELECOM_DB
PH007540,9884992658,+91,Carrier_A,Maharashtra,2015-01-03,2016-07-30,Suspended,P001614,SYNTH_TELECOM_DB
PH007541,9880394027,+91,Carrier_A,Maharashtra,2015-07-16,2021-03-21,Inactive,P006768,SYNTH_CDR_DB
PH007542,9972089798,+91,Carrier_A,Maharashtra,2016-05-08,,Active,P000214,SYNTH_TELECOM_DB
PH007543,9175397312,+91,Carrier_C,Maharashtra,2010-06-12,,Active,P000549,SYNTH_TELECOM_DB
PH007544,9496022041,+91,Carrier_B,Maharashtra,2011-03-03,,Active,P006250,SYNTH_CDR_DB
PH007545,9978890643,+91,Carrier_E,Maharashtra,2017-09-15,,Active,P002676,SYNTH_IDENTITY_DB
PH007546,9797500271,+91,Carrier_B,Maharashtra,2010-02-28,,Active,P001656,SYNTH_TELECOM_DB
PH007547,9524169231,+91,Carrier_E,Maharashtra,2018-11-24,,Active,P005180,SYNTH_CDR_DB
PH007548,9549650558,+91,Carrier_D,Maharashtra,2011-12-31,2012-04-24,Inactive,P004041,SYNTH_CDR_DB
PH007549,9483949686,+91,Carrier_A,Maharashtra,2014-01-30,2014-07-07,Inactive,P006812,SYNTH_TELECOM_DB
PH007550,9855212816,+91,Carrier_A,Maharashtra,2019-12-06,,Active,P005418,SYNTH_TELECOM_DB
PH007551,9950218758,+91,Carrier_B,Maharashtra,2011-12-25,,Active,P005997,SYNTH_IDENTITY_DB
PH007552,9320046015,+91,Carrier_C,Maharashtra,2017-06-09,2022-11-24,Inactive,P001725,SYNTH_TELECOM_DB
PH007553,9922633184,+91,Carrier_A,Maharashtra,2023-04-23,,Active,P001090,SYNTH_IDENTITY_DB
PH007554,9977496218,+91,Carrier_A,Maharashtra,2011-10-06,,Active,P005367,SYNTH_TELECOM_DB
PH007555,9754046361,+91,Carrier_B,Maharashtra,2020-05-29,,Active,P003825,SYNTH_CDR_DB
PH007556,9491237868,+91,Carrier_A,Maharashtra,2022-10-21,,Active,P006932,SYNTH_TELECOM_DB
PH007557,9883202313,+91,Carrier_A,Maharashtra,2018-02-23,2019-07-07,Suspended,P004781,SYNTH_TELECOM_DB
PH007558,9131025664,+91,Carrier_C,Maharashtra,2016-12-16,2022-07-23,Reassigned,P002829,SYNTH_IDENTITY_DB
PH007559,9545729036,+91,Carrier_B,Maharashtra,2018-02-08,,Active,P004321,SYNTH_TELECOM_DB
PH007560,9889844137,+91,Carrier_D,Maharashtra,2016-09-02,,Active,P006927,SYNTH_TELECOM_DB
PH007561,9174443808,+91,Carrier_D,Maharashtra,2013-11-04,,Active,P003471,SYNTH_TELECOM_DB
PH007562,9826917088,+91,Carrier_A,Maharashtra,2011-06-23,,Active,P004283,SYNTH_TELECOM_DB
PH007563,9262725576,+91,Carrier_B,Maharashtra,2019-05-02,,Active,P001986,SYNTH_IDENTITY_DB
PH007564,9504040414,+91,Carrier_A,Maharashtra,2020-07-29,,Active,P001918,SYNTH_CDR_DB
PH007565,9608119369,+91,Carrier_C,Maharashtra,2015-05-14,,Active,P002430,SYNTH_TELECOM_DB
PH007566,9818414106,+91,Carrier_A,Maharashtra,2013-02-14,,Active,P002369,SYNTH_TELECOM_DB
PH007567,9236939752,+91,Carrier_A,Maharashtra,2020-10-25,,Active,P002380,SYNTH_TELECOM_DB
PH007568,9592834466,+91,Carrier_C,Maharashtra,2024-05-30,,Active,P002634,SYNTH_TELECOM_DB
PH007569,9368965267,+91,Carrier_A,Maharashtra,2020-04-11,,Active,P000205,SYNTH_CDR_DB
PH007570,9222302780,+91,Carrier_B,Maharashtra,2017-10-23,,Active,P005356,SYNTH_TELECOM_DB
PH007571,9414936385,+91,Carrier_A,Maharashtra,2020-06-28,,Active,P005272,SYNTH_TELECOM_DB
PH007572,9820623709,+91,Carrier_B,Maharashtra,2010-08-17,,Active,P002880,SYNTH_IDENTITY_DB
PH007573,9986330947,+91,Carrier_B,Maharashtra,2010-07-24,2014-04-28,Inactive,P006477,SYNTH_TELECOM_DB
PH007574,9622912273,+91,Carrier_D,Maharashtra,2025-03-07,,Active,P000350,SYNTH_TELECOM_DB
PH007575,9573581385,+91,Carrier_B,Maharashtra,2026-05-08,,Active,P004194,SYNTH_CDR_DB
PH007576,9646325264,+91,Carrier_B,Maharashtra,2018-07-14,,Active,P000047,SYNTH_TELECOM_DB
PH007577,9765181992,+91,Carrier_A,Maharashtra,2013-03-02,,Active,P004841,SYNTH_TELECOM_DB
PH007578,9171068927,+91,Carrier_A,Maharashtra,2014-12-03,,Active,P002605,SYNTH_CDR_DB
PH007579,9252762151,+91,Carrier_D,Maharashtra,2021-05-16,2022-05-25,Suspended,P005857,SYNTH_CDR_DB
PH007580,9956394139,+91,Carrier_A,Maharashtra,2013-02-20,,Active,P006120,SYNTH_LEGACY_DB
PH007581,9981644139,+91,Carrier_B,Maharashtra,2021-05-12,2026-08-29,Inactive,P002994,SYNTH_CDR_DB
PH007582,9962520552,+91,Carrier_C,Maharashtra,2025-02-03,,Active,P004101,SYNTH_IDENTITY_DB
PH007583,9874124768,+91,Carrier_C,Maharashtra,2019-08-28,,Active,P006300,SYNTH_CDR_DB
PH007584,9874458562,+91,Carrier_A,Maharashtra,2022-09-30,2025-07-18,Inactive,P001443,SYNTH_TELECOM_DB
PH007585,9508171450,+91,Carrier_D,Maharashtra,2016-03-23,2018-05-02,Suspended,P000599,SYNTH_CDR_DB
PH007586,9449757817,+91,Carrier_C,Maharashtra,2017-08-24,,Active,P006058,SYNTH_TELECOM_DB
PH007587,9583831788,+91,Carrier_D,Maharashtra,2021-08-17,,Active,P001196,SYNTH_TELECOM_DB
PH007588,9510130222,+91,Carrier_B,Maharashtra,2011-07-05,,Active,P002486,SYNTH_TELECOM_DB
PH007589,9937671925,+91,Carrier_B,Maharashtra,2023-01-21,2024-07-12,Inactive,P004785,SYNTH_LEGACY_DB
PH007590,9331556035,+91,Carrier_B,Maharashtra,2011-05-19,2014-02-27,Inactive,P000543,SYNTH_CDR_DB
PH007591,9695557934,+91,Carrier_B,Maharashtra,2014-10-05,2019-09-24,Inactive,P004550,SYNTH_TELECOM_DB
PH007592,9311413878,+91,Carrier_B,Maharashtra,2023-11-12,,Active,P002335,SYNTH_TELECOM_DB
PH007593,9933429780,+91,Carrier_B,Maharashtra,2015-05-05,,Active,P006563,SYNTH_TELECOM_DB
PH007594,9230553003,+91,Carrier_A,Maharashtra,2015-04-15,,Active,P000835,SYNTH_LEGACY_DB
PH007595,9732577048,+91,Carrier_B,Maharashtra,2013-02-16,2013-11-11,Inactive,P003504,SYNTH_LEGACY_DB
PH007596,9144946375,+91,Carrier_C,Maharashtra,2010-10-23,,Active,P002680,SYNTH_TELECOM_DB
PH007597,9310655377,+91,Carrier_A,Maharashtra,2018-01-28,2022-01-24,Inactive,P006606,SYNTH_TELECOM_DB
PH007598,9932500968,+91,Carrier_E,Maharashtra,2026-01-29,,Active,P002648,SYNTH_TELECOM_DB
PH007599,9910378908,+91,Carrier_E,Maharashtra,2018-09-26,2024-04-07,Inactive,P006197,SYNTH_TELECOM_DB
PH007600,9297543665,+91,Carrier_A,Maharashtra,2015-05-21,,Active,P000736,SYNTH_TELECOM_DB
PH007601,9141891140,+91,Carrier_C,Maharashtra,2015-03-09,,Active,P006949,SYNTH_TELECOM_DB
PH007602,9839030890,+91,Carrier_D,Maharashtra,2016-07-03,,Active,P003086,SYNTH_IDENTITY_DB
PH007603,9839167017,+91,Carrier_A,Maharashtra,2013-02-24,,Active,P005706,SYNTH_CDR_DB
PH007604,9133737624,+91,Carrier_D,Maharashtra,2017-03-17,,Active,P000051,SYNTH_CDR_DB
PH007605,9911336095,+91,Carrier_C,Maharashtra,2020-12-12,,Active,P006571,SYNTH_TELECOM_DB
PH007606,9932825868,+91,Carrier_A,Maharashtra,2011-11-28,,Active,P005772,SYNTH_TELECOM_DB
PH007607,9328301404,+91,Carrier_A,Maharashtra,2017-06-17,,Active,P004915,SYNTH_CDR_DB
PH007608,9884642992,+91,Carrier_C,Maharashtra,2024-08-03,,Active,P002812,SYNTH_TELECOM_DB
PH007609,9793209267,+91,Carrier_B,Maharashtra,2019-12-19,2022-03-09,Inactive,P006833,SYNTH_TELECOM_DB
PH007610,9801353661,+91,Carrier_A,Maharashtra,2010-08-29,2011-09-22,Suspended,P005541,SYNTH_CDR_DB
PH007611,9264605093,+91,Carrier_C,Maharashtra,2021-04-13,,Active,P005156,SYNTH_LEGACY_DB
PH007612,9748500791,+91,Carrier_E,Maharashtra,2023-03-18,,Active,P005210,SYNTH_CDR_DB
PH007613,9346988794,+91,Carrier_B,Maharashtra,2011-10-07,,Active,P003065,SYNTH_IDENTITY_DB
PH007614,9497620777,+91,Carrier_B,Maharashtra,2021-04-07,,Active,P001576,SYNTH_CDR_DB
PH007615,9889828932,+91,Carrier_D,Maharashtra,2024-08-28,,Active,P001040,SYNTH_IDENTITY_DB
PH007616,9252440351,+91,Carrier_E,Maharashtra,2025-08-05,,Active,P003688,SYNTH_TELECOM_DB
PH007617,9812304258,+91,Carrier_A,Maharashtra,2018-06-21,,Active,P001269,SYNTH_TELECOM_DB
PH007618,9860342537,+91,Carrier_C,Maharashtra,2018-12-23,,Active,P001903,SYNTH_TELECOM_DB
PH007619,9332410179,+91,Carrier_A,Maharashtra,2019-10-15,2026-04-25,Inactive,P002253,SYNTH_CDR_DB
PH007620,9599420671,+91,Carrier_C,Maharashtra,2010-02-02,2011-10-11,Suspended,P005676,SYNTH_LEGACY_DB
PH007621,9439727669,+91,Carrier_C,Maharashtra,2013-11-07,,Active,P001499,SYNTH_TELECOM_DB
PH007622,9432602498,+91,Carrier_C,Maharashtra,2013-10-08,,Active,P002357,SYNTH_IDENTITY_DB
PH007623,9433968987,+91,Carrier_C,Maharashtra,2010-07-23,,Active,P005400,SYNTH_TELECOM_DB
PH007624,9904841429,+91,Carrier_D,Maharashtra,2014-02-03,,Active,P000501,SYNTH_TELECOM_DB
PH007625,9499805367,+91,Carrier_E,Maharashtra,2013-07-02,,Active,P000383,SYNTH_TELECOM_DB
PH007626,9203064859,+91,Carrier_B,Maharashtra,2026-04-07,,Active,P002390,SYNTH_TELECOM_DB
PH007627,9938569995,+91,Carrier_E,Maharashtra,2014-12-31,,Active,P002670,SYNTH_LEGACY_DB
PH007628,9487224431,+91,Carrier_C,Maharashtra,2021-10-16,,Active,P005784,SYNTH_IDENTITY_DB
PH007629,9696890769,+91,Carrier_B,Maharashtra,2018-02-12,2019-05-24,Inactive,P004677,SYNTH_LEGACY_DB
PH007630,9703807903,+91,Carrier_A,Maharashtra,2012-05-06,,Active,P005889,SYNTH_CDR_DB
PH007631,9777780629,+91,Carrier_D,Maharashtra,2010-10-22,,Active,P003440,SYNTH_TELECOM_DB
PH007632,9179867962,+91,Carrier_B,Maharashtra,2015-08-07,2021-07-24,Inactive,P005015,SYNTH_CDR_DB
PH007633,9476588748,+91,Carrier_C,Maharashtra,2016-04-26,,Active,P006203,SYNTH_IDENTITY_DB
PH007634,9502947995,+91,Carrier_A,Maharashtra,2019-12-19,,Active,P006032,SYNTH_TELECOM_DB
PH007635,9359336054,+91,Carrier_C,Maharashtra,2014-11-02,,Active,P006370,SYNTH_IDENTITY_DB
PH007636,9680290999,+91,Carrier_B,Maharashtra,2019-03-12,,Active,P002940,SYNTH_IDENTITY_DB
PH007637,9405926333,+91,Carrier_B,Maharashtra,2012-11-24,2014-09-15,Suspended,P000604,SYNTH_LEGACY_DB
PH007638,9830562906,+91,Carrier_C,Maharashtra,2022-03-12,2026-08-29,Inactive,P006558,SYNTH_CDR_DB
PH007639,9123199592,+91,Carrier_A,Maharashtra,2015-12-12,,Active,P001744,SYNTH_LEGACY_DB
PH007640,9519591757,+91,Carrier_A,Maharashtra,2012-04-09,2014-04-16,Suspended,P000271,SYNTH_LEGACY_DB
PH007641,9666635820,+91,Carrier_D,Maharashtra,2020-11-15,,Active,P000583,SYNTH_TELECOM_DB
PH007642,9684805481,+91,Carrier_B,Maharashtra,2010-10-13,2012-10-12,Inactive,P001530,SYNTH_TELECOM_DB
PH007643,9100135842,+91,Carrier_B,Maharashtra,2016-02-28,,Active,P002241,SYNTH_IDENTITY_DB
PH007644,9295569338,+91,Carrier_B,Maharashtra,2021-07-11,,Active,P004473,SYNTH_IDENTITY_DB
PH007645,9107468627,+91,Carrier_B,Maharashtra,2010-11-25,2011-08-20,Inactive,P000965,SYNTH_CDR_DB
PH007646,9148134352,+91,Carrier_E,Maharashtra,2018-01-27,,Active,P000366,SYNTH_CDR_DB
PH007647,9469599903,+91,Carrier_D,Maharashtra,2010-09-15,2011-07-07,Inactive,P003835,SYNTH_CDR_DB
PH007648,9580552162,+91,Carrier_E,Maharashtra,2013-04-29,,Active,P005004,SYNTH_TELECOM_DB
PH007649,9993546858,+91,Carrier_A,Maharashtra,2025-05-17,,Active,P003905,SYNTH_CDR_DB
PH007650,9494699329,+91,Carrier_A,Maharashtra,2025-05-12,,Active,P000797,SYNTH_TELECOM_DB
PH007651,9939545160,+91,Carrier_B,Maharashtra,2017-12-10,,Active,P003783,SYNTH_TELECOM_DB
PH007652,9407159809,+91,Carrier_C,Maharashtra,2016-08-17,,Active,P002231,SYNTH_TELECOM_DB
PH007653,9395377237,+91,Carrier_A,Maharashtra,2015-11-22,,Active,P001127,SYNTH_IDENTITY_DB
PH007654,9751999121,+91,Carrier_C,Maharashtra,2017-05-14,,Active,P000251,SYNTH_TELECOM_DB
PH007655,9794169508,+91,Carrier_A,Maharashtra,2019-07-20,,Active,P005175,SYNTH_TELECOM_DB
PH007656,9478766197,+91,Carrier_B,Maharashtra,2025-09-20,,Active,P006464,SYNTH_TELECOM_DB
PH007657,9446217051,+91,Carrier_C,Maharashtra,2011-05-25,,Active,P002236,SYNTH_CDR_DB
PH007658,9674073609,+91,Carrier_C,Maharashtra,2015-09-14,2022-07-02,Inactive,P000676,SYNTH_IDENTITY_DB
PH007659,9386658761,+91,Carrier_B,Maharashtra,2017-04-16,,Active,P005873,SYNTH_TELECOM_DB
PH007660,9338029320,+91,Carrier_C,Maharashtra,2017-01-05,2017-02-18,Inactive,P005717,SYNTH_TELECOM_DB
PH007661,9753509358,+91,Carrier_A,Maharashtra,2013-07-26,2015-05-30,Inactive,P000464,SYNTH_TELECOM_DB
PH007662,9939812543,+91,Carrier_A,Maharashtra,2012-12-21,,Active,P002764,SYNTH_TELECOM_DB
PH007663,9621005135,+91,Carrier_C,Maharashtra,2013-05-22,2014-07-15,Inactive,P006950,SYNTH_CDR_DB
PH007664,9447448777,+91,Carrier_E,Maharashtra,2020-05-20,,Active,P006880,SYNTH_IDENTITY_DB
PH007665,9849853551,+91,Carrier_C,Maharashtra,2019-12-07,,Active,P000739,SYNTH_TELECOM_DB
PH007666,9663412758,+91,Carrier_A,Maharashtra,2011-02-13,,Active,P005782,SYNTH_TELECOM_DB
PH007667,9407161274,+91,Carrier_B,Maharashtra,2013-02-05,2017-07-21,Inactive,P004259,SYNTH_LEGACY_DB
PH007668,9206823185,+91,Carrier_B,Maharashtra,2011-02-23,,Active,P000495,SYNTH_CDR_DB
PH007669,9985657202,+91,Carrier_C,Maharashtra,2023-11-27,,Active,P000972,SYNTH_CDR_DB
PH007670,9857586724,+91,Carrier_A,Maharashtra,2014-07-25,,Active,P004748,SYNTH_CDR_DB
PH007671,9711635278,+91,Carrier_A,Maharashtra,2020-09-06,,Active,P005273,SYNTH_TELECOM_DB
PH007672,9946256820,+91,Carrier_D,Maharashtra,2022-11-15,2026-08-29,Inactive,P005697,SYNTH_TELECOM_DB
PH007673,9333456815,+91,Carrier_B,Maharashtra,2013-10-17,,Active,P001796,SYNTH_TELECOM_DB
PH007674,9185774019,+91,Carrier_C,Maharashtra,2021-01-02,,Active,P005587,SYNTH_TELECOM_DB
PH007675,9630713579,+91,Carrier_A,Maharashtra,2016-05-08,,Active,P006078,SYNTH_TELECOM_DB
PH007676,9458295618,+91,Carrier_E,Maharashtra,2017-11-02,,Active,P006519,SYNTH_TELECOM_DB
PH007677,9327370584,+91,Carrier_B,Maharashtra,2010-05-12,,Active,P006831,SYNTH_TELECOM_DB
PH007678,9415838384,+91,Carrier_C,Maharashtra,2025-12-02,,Active,P000253,SYNTH_IDENTITY_DB
PH007679,9476065072,+91,Carrier_B,Maharashtra,2015-05-13,,Active,P001589,SYNTH_IDENTITY_DB
PH007680,9967865102,+91,Carrier_E,Maharashtra,2014-07-21,,Active,P004455,SYNTH_LEGACY_DB
PH007681,9628522376,+91,Carrier_A,Maharashtra,2020-04-22,2026-03-21,Inactive,P005026,SYNTH_TELECOM_DB
PH007682,9595234551,+91,Carrier_A,Maharashtra,2025-04-08,2026-08-29,Reassigned,P004471,SYNTH_IDENTITY_DB
PH007683,9515774993,+91,Carrier_A,Maharashtra,2013-08-24,2014-04-18,Inactive,P005977,SYNTH_CDR_DB
PH007684,9969302424,+91,Carrier_A,Maharashtra,2024-04-06,,Active,P000485,SYNTH_TELECOM_DB
PH007685,9866038823,+91,Carrier_C,Maharashtra,2012-07-03,,Active,P003965,SYNTH_TELECOM_DB
PH007686,9617553042,+91,Carrier_A,Maharashtra,2019-03-10,,Active,P000555,SYNTH_TELECOM_DB
PH007687,9558609071,+91,Carrier_A,Maharashtra,2011-02-10,,Active,P000823,SYNTH_TELECOM_DB
PH007688,9309186197,+91,Carrier_C,Maharashtra,2023-02-25,,Active,P000573,SYNTH_TELECOM_DB
PH007689,9700432355,+91,Carrier_A,Maharashtra,2010-02-01,,Active,P000607,SYNTH_LEGACY_DB
PH007690,9283162448,+91,Carrier_A,Maharashtra,2025-11-05,,Active,P004253,SYNTH_CDR_DB
PH007691,9906293038,+91,Carrier_B,Maharashtra,2013-01-14,,Active,P004152,SYNTH_TELECOM_DB
PH007692,9835905364,+91,Carrier_A,Maharashtra,2016-03-07,,Active,P002029,SYNTH_TELECOM_DB
PH007693,9966879914,+91,Carrier_B,Maharashtra,2014-10-02,,Active,P001057,SYNTH_CDR_DB
PH007694,9239707157,+91,Carrier_B,Maharashtra,2010-03-01,,Active,P006306,SYNTH_IDENTITY_DB
PH007695,9770347092,+91,Carrier_A,Maharashtra,2014-07-20,2018-02-25,Reassigned,P004970,SYNTH_TELECOM_DB
PH007696,9294558300,+91,Carrier_B,Maharashtra,2012-01-23,,Active,P005416,SYNTH_TELECOM_DB
PH007697,9902053840,+91,Carrier_C,Maharashtra,2020-05-14,2024-11-24,Inactive,P003095,SYNTH_LEGACY_DB
PH007698,9745984357,+91,Carrier_A,Maharashtra,2019-02-04,,Active,P000491,SYNTH_TELECOM_DB
PH007699,9246990451,+91,Carrier_C,Maharashtra,2022-11-16,,Active,P001522,SYNTH_TELECOM_DB
PH007700,9316537922,+91,Carrier_C,Maharashtra,2018-04-12,2021-07-19,Inactive,P005445,SYNTH_CDR_DB
PH007701,9706400488,+91,Carrier_C,Maharashtra,2012-02-29,,Active,P002684,SYNTH_IDENTITY_DB
PH007702,9734853281,+91,Carrier_C,Maharashtra,2012-02-17,,Active,P001402,SYNTH_LEGACY_DB
PH007703,9673257881,+91,Carrier_D,Maharashtra,2024-06-27,,Active,P003327,SYNTH_IDENTITY_DB
PH007704,9235027896,+91,Carrier_A,Maharashtra,2025-05-08,,Active,P001611,SYNTH_IDENTITY_DB
PH007705,9549863405,+91,Carrier_A,Maharashtra,2023-02-03,,Active,P000624,SYNTH_LEGACY_DB
PH007706,9119915265,+91,Carrier_A,Maharashtra,2018-05-06,,Active,P006659,SYNTH_TELECOM_DB
PH007707,9413711407,+91,Carrier_C,Maharashtra,2022-02-23,,Active,P006745,SYNTH_TELECOM_DB
PH007708,9947001062,+91,Carrier_B,Maharashtra,2025-10-29,2026-08-29,Suspended,P001361,SYNTH_TELECOM_DB
PH007709,9363285314,+91,Carrier_C,Maharashtra,2013-04-26,2014-11-07,Inactive,P001184,SYNTH_TELECOM_DB
PH007710,9760038734,+91,Carrier_B,Maharashtra,2014-08-05,,Active,P004863,SYNTH_IDENTITY_DB
PH007711,9852466192,+91,Carrier_B,Maharashtra,2025-03-14,,Active,P002980,SYNTH_LEGACY_DB
PH007712,9270094787,+91,Carrier_A,Maharashtra,2013-07-24,,Active,P002926,SYNTH_TELECOM_DB
PH007713,9406513105,+91,Carrier_C,Maharashtra,2024-08-14,,Active,P004137,SYNTH_IDENTITY_DB
PH007714,9448769936,+91,Carrier_C,Maharashtra,2024-08-14,2026-08-29,Inactive,P006020,SYNTH_CDR_DB
PH007715,9910179080,+91,Carrier_A,Maharashtra,2019-01-26,,Active,P006227,SYNTH_TELECOM_DB
PH007716,9937579892,+91,Carrier_C,Maharashtra,2025-11-25,,Active,P002212,SYNTH_LEGACY_DB
PH007717,9453407974,+91,Carrier_A,Maharashtra,2020-10-24,,Active,P006597,SYNTH_TELECOM_DB
PH007718,9545340655,+91,Carrier_B,Maharashtra,2012-10-19,,Active,P004684,SYNTH_IDENTITY_DB
PH007719,9324137417,+91,Carrier_A,Maharashtra,2019-02-14,,Active,P000108,SYNTH_TELECOM_DB
PH007720,9985641944,+91,Carrier_A,Maharashtra,2014-12-20,,Active,P002611,SYNTH_LEGACY_DB
PH007721,9537670124,+91,Carrier_C,Maharashtra,2013-04-05,,Active,P005703,SYNTH_TELECOM_DB
PH007722,9363429071,+91,Carrier_A,Maharashtra,2016-05-06,,Active,P001000,SYNTH_TELECOM_DB
PH007723,9331628220,+91,Carrier_B,Maharashtra,2014-06-24,,Active,P000908,SYNTH_CDR_DB
PH007724,9399109608,+91,Carrier_A,Maharashtra,2025-02-11,2026-08-29,Suspended,P000511,SYNTH_TELECOM_DB
PH007725,9785104970,+91,Carrier_B,Maharashtra,2012-10-22,2013-10-19,Reassigned,P003760,SYNTH_IDENTITY_DB
PH007726,9425517557,+91,Carrier_A,Maharashtra,2016-10-26,,Active,P006213,SYNTH_IDENTITY_DB
PH007727,9951669207,+91,Carrier_B,Maharashtra,2020-03-17,,Active,P000321,SYNTH_TELECOM_DB
PH007728,9139744759,+91,Carrier_A,Maharashtra,2025-08-29,,Active,P005772,SYNTH_TELECOM_DB
PH007729,9521181087,+91,Carrier_C,Maharashtra,2021-04-05,,Active,P006883,SYNTH_CDR_DB
PH007730,9710064697,+91,Carrier_A,Maharashtra,2016-01-23,,Active,P005701,SYNTH_IDENTITY_DB
PH007731,9349202128,+91,Carrier_A,Maharashtra,2026-08-20,2026-08-29,Inactive,P000876,SYNTH_IDENTITY_DB
PH007732,9709457525,+91,Carrier_C,Maharashtra,2022-11-30,,Active,P004155,SYNTH_CDR_DB
PH007733,9634053113,+91,Carrier_B,Maharashtra,2023-08-16,,Active,P005089,SYNTH_IDENTITY_DB
PH007734,9946938698,+91,Carrier_C,Maharashtra,2017-01-23,2017-11-14,Inactive,P005286,SYNTH_TELECOM_DB
PH007735,9124122000,+91,Carrier_B,Maharashtra,2025-03-07,2026-08-29,Inactive,P000594,SYNTH_CDR_DB
PH007736,9968216690,+91,Carrier_B,Maharashtra,2016-10-10,2021-06-19,Inactive,P002003,SYNTH_LEGACY_DB
PH007737,9368961460,+91,Carrier_B,Maharashtra,2011-12-29,,Active,P005255,SYNTH_TELECOM_DB
PH007738,9469780849,+91,Carrier_D,Maharashtra,2014-12-25,,Active,P003007,SYNTH_TELECOM_DB
PH007739,9144656271,+91,Carrier_A,Maharashtra,2016-04-22,,Active,P001529,SYNTH_TELECOM_DB
PH007740,9462721749,+91,Carrier_B,Maharashtra,2012-02-02,,Active,P001700,SYNTH_IDENTITY_DB
PH007741,9947320178,+91,Carrier_A,Maharashtra,2019-05-12,,Active,P005934,SYNTH_TELECOM_DB
PH007742,9944306546,+91,Carrier_E,Maharashtra,2025-12-24,2026-08-29,Suspended,P004445,SYNTH_CDR_DB
PH007743,9269576714,+91,Carrier_A,Maharashtra,2015-06-15,2017-09-28,Inactive,P000718,SYNTH_IDENTITY_DB
PH007744,9817192978,+91,Carrier_B,Maharashtra,2023-10-19,,Active,P002361,SYNTH_CDR_DB
PH007745,9727317882,+91,Carrier_A,Maharashtra,2022-02-03,,Active,P006534,SYNTH_TELECOM_DB
PH007746,9158221924,+91,Carrier_A,Maharashtra,2023-11-30,,Active,P001794,SYNTH_CDR_DB
PH007747,9805508057,+91,Carrier_B,Maharashtra,2021-09-06,2026-08-29,Inactive,P000986,SYNTH_TELECOM_DB
PH007748,9721603034,+91,Carrier_A,Maharashtra,2016-02-07,,Active,P003995,SYNTH_CDR_DB
PH007749,9496882751,+91,Carrier_B,Maharashtra,2012-10-08,2015-08-01,Inactive,P001953,SYNTH_CDR_DB
PH007750,9166260677,+91,Carrier_C,Maharashtra,2020-03-05,,Active,P005482,SYNTH_LEGACY_DB
PH007751,9437756184,+91,Carrier_A,Maharashtra,2011-09-23,2013-12-18,Suspended,P004316,SYNTH_TELECOM_DB
PH007752,9618249807,+91,Carrier_A,Maharashtra,2010-03-17,,Active,P003777,SYNTH_LEGACY_DB
PH007753,9855353085,+91,Carrier_B,Maharashtra,2026-02-21,,Active,P005064,SYNTH_TELECOM_DB
PH007754,9827228788,+91,Carrier_A,Maharashtra,2024-04-21,,Active,P006195,SYNTH_TELECOM_DB
PH007755,9723062530,+91,Carrier_A,Maharashtra,2018-01-07,,Active,P000137,SYNTH_IDENTITY_DB
PH007756,9175356567,+91,Carrier_D,Maharashtra,2010-07-11,,Active,P002327,SYNTH_TELECOM_DB
PH007757,9756034385,+91,Carrier_D,Maharashtra,2015-01-23,,Active,P006947,SYNTH_CDR_DB
PH007758,9528473052,+91,Carrier_A,Maharashtra,2020-02-28,2025-01-25,Inactive,P002248,SYNTH_TELECOM_DB
PH007759,9255927959,+91,Carrier_C,Maharashtra,2011-01-21,,Active,P002814,SYNTH_TELECOM_DB
PH007760,9128288354,+91,Carrier_C,Maharashtra,2023-11-01,,Active,P003067,SYNTH_TELECOM_DB
PH007761,9379711849,+91,Carrier_E,Maharashtra,2019-10-25,,Active,P006467,SYNTH_CDR_DB
PH007762,9830752154,+91,Carrier_B,Maharashtra,2010-06-29,,Active,P004731,SYNTH_IDENTITY_DB
PH007763,9231325969,+91,Carrier_A,Maharashtra,2020-01-22,2023-09-13,Reassigned,P005941,SYNTH_TELECOM_DB
PH007764,9591290171,+91,Carrier_A,Maharashtra,2010-01-21,,Active,P005678,SYNTH_TELECOM_DB
PH007765,9152465400,+91,Carrier_C,Maharashtra,2014-02-13,,Active,P003712,SYNTH_CDR_DB
PH007766,9262244833,+91,Carrier_B,Maharashtra,2012-11-07,,Active,P001333,SYNTH_CDR_DB
PH007767,9218068195,+91,Carrier_D,Maharashtra,2011-08-15,,Active,P003624,SYNTH_IDENTITY_DB
PH007768,9216244233,+91,Carrier_A,Maharashtra,2021-08-28,,Active,P004191,SYNTH_TELECOM_DB
PH007769,9939420599,+91,Carrier_B,Maharashtra,2025-01-29,,Active,P005022,SYNTH_TELECOM_DB
PH007770,9222616932,+91,Carrier_C,Maharashtra,2017-12-03,2023-06-14,Inactive,P002840,SYNTH_LEGACY_DB
PH007771,9703828028,+91,Carrier_B,Maharashtra,2019-09-23,,Active,P006475,SYNTH_TELECOM_DB
PH007772,9258572083,+91,Carrier_B,Maharashtra,2013-11-08,,Active,P004798,SYNTH_CDR_DB
PH007773,9888540786,+91,Carrier_C,Maharashtra,2011-09-12,,Active,P004267,SYNTH_TELECOM_DB
PH007774,9387139558,+91,Carrier_B,Maharashtra,2021-02-28,2026-08-29,Inactive,P000880,SYNTH_CDR_DB
PH007775,9234474512,+91,Carrier_D,Maharashtra,2017-09-29,,Active,P002124,SYNTH_TELECOM_DB
PH007776,9218349117,+91,Carrier_A,Maharashtra,2018-12-31,,Active,P001599,SYNTH_TELECOM_DB
PH007777,9148032634,+91,Carrier_C,Maharashtra,2021-10-07,,Active,P000703,SYNTH_IDENTITY_DB
PH007778,9951821334,+91,Carrier_C,Maharashtra,2025-04-24,2026-08-29,Reassigned,P002333,SYNTH_TELECOM_DB
PH007779,9302356613,+91,Carrier_A,Maharashtra,2026-07-28,,Active,P002966,SYNTH_TELECOM_DB
PH007780,9346614507,+91,Carrier_A,Maharashtra,2016-03-21,,Active,P001667,SYNTH_TELECOM_DB
PH007781,9831635869,+91,Carrier_A,Maharashtra,2026-04-20,,Active,P002057,SYNTH_LEGACY_DB
PH007782,9969789878,+91,Carrier_A,Maharashtra,2018-01-28,,Active,P004683,SYNTH_IDENTITY_DB
PH007783,9183877559,+91,Carrier_D,Maharashtra,2025-09-02,,Active,P002236,SYNTH_LEGACY_DB
PH007784,9992731265,+91,Carrier_B,Maharashtra,2018-10-25,2019-11-08,Inactive,P005097,SYNTH_TELECOM_DB
PH007785,9533430090,+91,Carrier_C,Maharashtra,2015-11-02,,Active,P005111,SYNTH_TELECOM_DB
PH007786,9560062126,+91,Carrier_B,Maharashtra,2014-07-15,,Active,P002893,SYNTH_TELECOM_DB
PH007787,9978553727,+91,Carrier_A,Maharashtra,2012-07-16,,Active,P004706,SYNTH_TELECOM_DB
PH007788,9577070454,+91,Carrier_E,Maharashtra,2017-03-24,2022-03-15,Reassigned,P000375,SYNTH_TELECOM_DB
PH007789,9603499936,+91,Carrier_B,Maharashtra,2011-01-14,2017-05-17,Reassigned,P005069,SYNTH_CDR_DB
PH007790,9843579607,+91,Carrier_E,Maharashtra,2022-04-29,,Active,P000001,SYNTH_TELECOM_DB
PH007791,9713326136,+91,Carrier_D,Maharashtra,2025-10-01,,Active,P003433,SYNTH_LEGACY_DB
PH007792,9842625777,+91,Carrier_A,Maharashtra,2024-01-11,,Active,P001573,SYNTH_TELECOM_DB
PH007793,9764110709,+91,Carrier_B,Maharashtra,2012-03-16,,Active,P000081,SYNTH_IDENTITY_DB
PH007794,9750967898,+91,Carrier_B,Maharashtra,2023-03-29,2026-06-05,Inactive,P002198,SYNTH_TELECOM_DB
PH007795,9217068664,+91,Carrier_D,Maharashtra,2022-01-03,,Active,P002181,SYNTH_IDENTITY_DB
PH007796,9942313801,+91,Carrier_B,Maharashtra,2024-10-31,,Active,P001194,SYNTH_TELECOM_DB
PH007797,9630228741,+91,Carrier_A,Maharashtra,2018-03-03,2023-06-16,Inactive,P006406,SYNTH_TELECOM_DB
PH007798,9947198755,+91,Carrier_B,Maharashtra,2024-03-14,,Active,P003141,SYNTH_IDENTITY_DB
PH007799,9609900142,+91,Carrier_A,Maharashtra,2022-12-18,,Active,P002606,SYNTH_TELECOM_DB
PH007800,9737194216,+91,Carrier_B,Maharashtra,2014-08-07,,Active,P005834,SYNTH_CDR_DB
PH007801,9981496101,+91,Carrier_C,Maharashtra,2013-05-23,,Active,P003818,SYNTH_TELECOM_DB
PH007802,9787028705,+91,Carrier_A,Maharashtra,2020-12-21,,Active,P004159,SYNTH_TELECOM_DB
PH007803,9151164100,+91,Carrier_C,Maharashtra,2019-12-10,,Active,P005215,SYNTH_TELECOM_DB
PH007804,9306666431,+91,Carrier_C,Maharashtra,2021-09-06,2026-08-29,Inactive,P006795,SYNTH_CDR_DB
PH007805,9180601052,+91,Carrier_A,Maharashtra,2025-10-27,,Active,P001431,SYNTH_LEGACY_DB
PH007806,9174356947,+91,Carrier_A,Maharashtra,2021-07-05,2023-09-27,Inactive,P001470,SYNTH_IDENTITY_DB
PH007807,9877684070,+91,Carrier_A,Maharashtra,2013-07-15,,Active,P004924,SYNTH_TELECOM_DB
PH007808,9182850571,+91,Carrier_C,Maharashtra,2020-09-15,,Active,P006660,SYNTH_IDENTITY_DB
PH007809,9691684080,+91,Carrier_B,Maharashtra,2016-02-21,2021-03-24,Inactive,P001545,SYNTH_TELECOM_DB
PH007810,9940775988,+91,Carrier_C,Maharashtra,2016-05-11,2018-12-04,Reassigned,P006139,SYNTH_TELECOM_DB
PH007811,9978119494,+91,Carrier_A,Maharashtra,2024-12-31,,Active,P001514,SYNTH_TELECOM_DB
PH007812,9786021092,+91,Carrier_B,Maharashtra,2017-05-29,,Active,P000970,SYNTH_IDENTITY_DB
PH007813,9400064903,+91,Carrier_D,Maharashtra,2021-02-22,,Active,P000023,SYNTH_TELECOM_DB
PH007814,9200094519,+91,Carrier_B,Maharashtra,2010-06-07,,Active,P006242,SYNTH_LEGACY_DB
PH007815,9120498227,+91,Carrier_D,Maharashtra,2025-09-29,,Active,P003141,SYNTH_TELECOM_DB
PH007816,9636459676,+91,Carrier_B,Maharashtra,2024-12-12,,Active,P005047,SYNTH_IDENTITY_DB
PH007817,9779418303,+91,Carrier_B,Maharashtra,2010-01-09,,Active,P004059,SYNTH_TELECOM_DB
PH007818,9305106387,+91,Carrier_B,Maharashtra,2014-02-15,2015-10-19,Suspended,P002811,SYNTH_TELECOM_DB
PH007819,9497832841,+91,Carrier_B,Maharashtra,2023-04-09,2026-08-29,Reassigned,P001311,SYNTH_TELECOM_DB
PH007820,9527812811,+91,Carrier_D,Maharashtra,2018-05-21,2023-11-09,Inactive,P003869,SYNTH_TELECOM_DB
PH007821,9255211521,+91,Carrier_B,Maharashtra,2026-06-14,,Active,P005990,SYNTH_IDENTITY_DB
PH007822,9681679549,+91,Carrier_C,Maharashtra,2017-05-22,,Active,P004326,SYNTH_TELECOM_DB
PH007823,9780753037,+91,Carrier_A,Maharashtra,2023-11-22,,Active,P001596,SYNTH_CDR_DB
PH007824,9606704193,+91,Carrier_D,Maharashtra,2025-08-09,,Active,P005089,SYNTH_TELECOM_DB
PH007825,9784001966,+91,Carrier_B,Maharashtra,2019-02-11,2023-10-24,Inactive,P006150,SYNTH_LEGACY_DB
PH007826,9585204198,+91,Carrier_C,Maharashtra,2010-06-08,2015-05-16,Reassigned,P004737,SYNTH_TELECOM_DB
PH007827,9480487214,+91,Carrier_B,Maharashtra,2021-03-06,2026-08-29,Inactive,P004610,SYNTH_CDR_DB
PH007828,9372014261,+91,Carrier_C,Maharashtra,2011-02-14,,Active,P000118,SYNTH_TELECOM_DB
PH007829,9323721693,+91,Carrier_B,Maharashtra,2018-08-31,,Active,P002941,SYNTH_TELECOM_DB
PH007830,9878711294,+91,Carrier_D,Maharashtra,2017-03-16,2023-07-29,Inactive,P004431,SYNTH_TELECOM_DB
PH007831,9570124548,+91,Carrier_D,Maharashtra,2010-01-30,2012-08-29,Inactive,P004404,SYNTH_TELECOM_DB
PH007832,9842035294,+91,Carrier_D,Maharashtra,2010-02-09,,Active,P005941,SYNTH_LEGACY_DB
PH007833,9675780598,+91,Carrier_B,Maharashtra,2018-04-22,,Active,P002043,SYNTH_IDENTITY_DB
PH007834,9287092337,+91,Carrier_C,Maharashtra,2026-04-19,,Active,P005896,SYNTH_IDENTITY_DB
PH007835,9685146674,+91,Carrier_C,Maharashtra,2020-01-20,,Active,P002811,SYNTH_CDR_DB
PH007836,9804241717,+91,Carrier_A,Maharashtra,2019-09-25,,Active,P000746,SYNTH_IDENTITY_DB
PH007837,9883231654,+91,Carrier_A,Maharashtra,2012-11-23,,Active,P000533,SYNTH_TELECOM_DB
PH007838,9831608263,+91,Carrier_B,Maharashtra,2021-08-30,,Active,P002721,SYNTH_IDENTITY_DB
PH007839,9583840155,+91,Carrier_B,Maharashtra,2016-10-03,,Active,P000667,SYNTH_IDENTITY_DB
PH007840,9968271807,+91,Carrier_D,Maharashtra,2017-11-01,2019-08-07,Inactive,P000895,SYNTH_TELECOM_DB
PH007841,9503614297,+91,Carrier_D,Maharashtra,2016-07-16,,Active,P006186,SYNTH_IDENTITY_DB
PH007842,9378256323,+91,Carrier_C,Maharashtra,2020-05-18,,Active,P003270,SYNTH_TELECOM_DB
PH007843,9456093107,+91,Carrier_A,Maharashtra,2022-01-30,2026-08-29,Reassigned,P002481,SYNTH_CDR_DB
PH007844,9613202977,+91,Carrier_A,Maharashtra,2019-10-24,,Active,P000657,SYNTH_TELECOM_DB
PH007845,9608329262,+91,Carrier_C,Maharashtra,2012-10-07,,Active,P006365,SYNTH_TELECOM_DB
PH007846,9370657225,+91,Carrier_D,Maharashtra,2013-09-13,2018-08-20,Inactive,P005508,SYNTH_TELECOM_DB
PH007847,9302997616,+91,Carrier_A,Maharashtra,2011-02-25,,Active,P003186,SYNTH_TELECOM_DB
PH007848,9855014061,+91,Carrier_B,Maharashtra,2011-04-16,,Active,P002457,SYNTH_IDENTITY_DB
PH007849,9227834719,+91,Carrier_B,Maharashtra,2021-06-03,,Active,P001707,SYNTH_LEGACY_DB
PH007850,9789726926,+91,Carrier_C,Maharashtra,2022-08-20,,Active,P006102,SYNTH_TELECOM_DB
PH007851,9829074744,+91,Carrier_A,Maharashtra,2013-12-17,,Active,P001928,SYNTH_TELECOM_DB
PH007852,9907357621,+91,Carrier_B,Maharashtra,2018-12-17,2024-04-02,Inactive,P006129,SYNTH_CDR_DB
PH007853,9382917204,+91,Carrier_C,Maharashtra,2013-05-11,2015-10-23,Suspended,P003498,SYNTH_TELECOM_DB
PH007854,9582413048,+91,Carrier_D,Maharashtra,2020-12-10,,Active,P002544,SYNTH_TELECOM_DB
PH007855,9335698995,+91,Carrier_B,Maharashtra,2020-04-23,,Active,P000737,SYNTH_IDENTITY_DB
PH007856,9922716388,+91,Carrier_C,Maharashtra,2020-09-02,,Active,P003878,SYNTH_IDENTITY_DB
PH007857,9217359320,+91,Carrier_B,Maharashtra,2025-11-28,,Active,P000833,SYNTH_LEGACY_DB
PH007858,9903964995,+91,Carrier_A,Maharashtra,2013-10-02,,Active,P006130,SYNTH_CDR_DB
PH007859,9222055479,+91,Carrier_A,Maharashtra,2018-11-14,,Active,P003821,SYNTH_IDENTITY_DB
PH007860,9737229296,+91,Carrier_C,Maharashtra,2021-01-30,,Active,P002901,SYNTH_CDR_DB
PH007861,9995252984,+91,Carrier_E,Maharashtra,2020-01-20,,Active,P005826,SYNTH_LEGACY_DB
PH007862,9575451058,+91,Carrier_A,Maharashtra,2024-06-10,2026-08-29,Suspended,P003465,SYNTH_LEGACY_DB
PH007863,9739232825,+91,Carrier_B,Maharashtra,2017-08-16,,Active,P004711,SYNTH_TELECOM_DB
PH007864,9763793690,+91,Carrier_A,Maharashtra,2015-08-26,2016-05-07,Inactive,P004738,SYNTH_TELECOM_DB
PH007865,9441287643,+91,Carrier_A,Maharashtra,2010-06-03,2012-07-03,Suspended,P001496,SYNTH_TELECOM_DB
PH007866,9835154155,+91,Carrier_B,Maharashtra,2022-05-09,,Active,P001796,SYNTH_TELECOM_DB
PH007867,9849174882,+91,Carrier_A,Maharashtra,2012-12-18,,Active,P001709,SYNTH_TELECOM_DB
PH007868,9123978657,+91,Carrier_A,Maharashtra,2024-09-16,,Active,P006234,SYNTH_TELECOM_DB
PH007869,9301884966,+91,Carrier_B,Maharashtra,2022-08-16,,Active,P004105,SYNTH_CDR_DB
PH007870,9916666380,+91,Carrier_A,Maharashtra,2023-03-11,,Active,P000343,SYNTH_TELECOM_DB
PH007871,9723665198,+91,Carrier_A,Maharashtra,2013-06-20,,Active,P002604,SYNTH_TELECOM_DB
PH007872,9918817120,+91,Carrier_B,Maharashtra,2011-03-31,2012-01-23,Reassigned,P003707,SYNTH_TELECOM_DB
PH007873,9457184910,+91,Carrier_E,Maharashtra,2016-12-16,2020-11-17,Inactive,P006231,SYNTH_CDR_DB
PH007874,9727534921,+91,Carrier_B,Maharashtra,2023-03-26,,Active,P006271,SYNTH_TELECOM_DB
PH007875,9276452581,+91,Carrier_A,Maharashtra,2013-04-20,,Active,P006413,SYNTH_TELECOM_DB
PH007876,9427258731,+91,Carrier_C,Maharashtra,2012-07-10,,Active,P000187,SYNTH_TELECOM_DB
PH007877,9405085332,+91,Carrier_B,Maharashtra,2023-08-31,,Active,P003344,SYNTH_IDENTITY_DB
PH007878,9368929309,+91,Carrier_A,Maharashtra,2017-07-01,2018-12-12,Inactive,P003444,SYNTH_IDENTITY_DB
PH007879,9693992800,+91,Carrier_A,Maharashtra,2020-12-07,,Active,P005752,SYNTH_LEGACY_DB
PH007880,9933616642,+91,Carrier_A,Maharashtra,2015-05-04,2023-01-22,Reassigned,P002921,SYNTH_CDR_DB
PH007881,9535526166,+91,Carrier_B,Maharashtra,2021-11-13,,Active,P000714,SYNTH_TELECOM_DB
PH007882,9821392620,+91,Carrier_D,Maharashtra,2021-08-11,,Active,P005660,SYNTH_TELECOM_DB
PH007883,9844009915,+91,Carrier_A,Maharashtra,2015-05-08,,Active,P006371,SYNTH_TELECOM_DB
PH007884,9120267145,+91,Carrier_A,Maharashtra,2018-11-25,,Active,P002900,SYNTH_LEGACY_DB
PH007885,9384045222,+91,Carrier_A,Maharashtra,2018-03-23,,Active,P000800,SYNTH_TELECOM_DB
PH007886,9419281766,+91,Carrier_B,Maharashtra,2017-12-16,,Active,P004933,SYNTH_IDENTITY_DB
PH007887,9867948226,+91,Carrier_C,Maharashtra,2010-12-19,,Active,P006178,SYNTH_TELECOM_DB
PH007888,9641517409,+91,Carrier_C,Maharashtra,2010-11-03,,Active,P002793,SYNTH_TELECOM_DB
PH007889,9731055928,+91,Carrier_D,Maharashtra,2022-12-08,,Active,P006241,SYNTH_TELECOM_DB
PH007890,9704460871,+91,Carrier_B,Maharashtra,2014-08-24,2016-04-12,Suspended,P001154,SYNTH_CDR_DB
PH007891,9115713581,+91,Carrier_C,Maharashtra,2020-07-18,2023-01-04,Inactive,P005559,SYNTH_IDENTITY_DB
PH007892,9359713084,+91,Carrier_B,Maharashtra,2012-03-19,,Active,P002397,SYNTH_IDENTITY_DB
PH007893,9802282660,+91,Carrier_C,Maharashtra,2012-12-12,2015-09-02,Reassigned,P003392,SYNTH_TELECOM_DB
PH007894,9370956670,+91,Carrier_A,Maharashtra,2014-04-23,2020-05-02,Inactive,P000028,SYNTH_IDENTITY_DB
PH007895,9939542112,+91,Carrier_A,Maharashtra,2023-12-26,,Active,P005451,SYNTH_CDR_DB
PH007896,9578187753,+91,Carrier_A,Maharashtra,2011-10-19,,Active,P006769,SYNTH_TELECOM_DB
PH007897,9775194538,+91,Carrier_D,Maharashtra,2011-02-22,,Active,P006277,SYNTH_LEGACY_DB
PH007898,9313466190,+91,Carrier_B,Maharashtra,2022-09-01,2026-08-29,Inactive,P006758,SYNTH_TELECOM_DB
PH007899,9987407931,+91,Carrier_A,Maharashtra,2021-03-22,,Active,P003785,SYNTH_CDR_DB
PH007900,9864557713,+91,Carrier_C,Maharashtra,2016-02-09,,Active,P001153,SYNTH_TELECOM_DB
PH007901,9334808338,+91,Carrier_A,Maharashtra,2019-09-03,,Active,P004385,SYNTH_TELECOM_DB
PH007902,9106336172,+91,Carrier_C,Maharashtra,2023-11-10,,Active,P002906,SYNTH_TELECOM_DB
PH007903,9182221993,+91,Carrier_A,Maharashtra,2012-10-02,,Active,P003162,SYNTH_TELECOM_DB
PH007904,9137017304,+91,Carrier_C,Maharashtra,2026-03-23,,Active,P005892,SYNTH_IDENTITY_DB
PH007905,9315692344,+91,Carrier_D,Maharashtra,2021-03-04,,Active,P003363,SYNTH_IDENTITY_DB
PH007906,9874934284,+91,Carrier_B,Maharashtra,2023-09-24,2026-08-29,Inactive,P002737,SYNTH_TELECOM_DB
PH007907,9958673049,+91,Carrier_D,Maharashtra,2026-05-13,,Active,P000850,SYNTH_LEGACY_DB
PH007908,9658201107,+91,Carrier_C,Maharashtra,2018-10-02,,Active,P006130,SYNTH_TELECOM_DB
PH007909,9703735170,+91,Carrier_A,Maharashtra,2019-05-14,,Active,P006711,SYNTH_TELECOM_DB
PH007910,9451056568,+91,Carrier_A,Maharashtra,2017-01-02,2022-04-02,Inactive,P000798,SYNTH_IDENTITY_DB
PH007911,9242421976,+91,Carrier_E,Maharashtra,2015-09-05,2016-01-05,Inactive,P002111,SYNTH_TELECOM_DB
PH007912,9789017733,+91,Carrier_A,Maharashtra,2017-02-08,,Active,P000411,SYNTH_TELECOM_DB
PH007913,9515521479,+91,Carrier_A,Maharashtra,2015-10-16,,Active,P003290,SYNTH_TELECOM_DB
PH007914,9652035814,+91,Carrier_A,Maharashtra,2020-06-19,,Active,P002715,SYNTH_TELECOM_DB
PH007915,9998486770,+91,Carrier_B,Maharashtra,2015-01-02,2017-05-06,Reassigned,P000768,SYNTH_TELECOM_DB
PH007916,9749384196,+91,Carrier_B,Maharashtra,2021-09-03,2026-03-24,Inactive,P003602,SYNTH_TELECOM_DB
PH007917,9280058459,+91,Carrier_D,Maharashtra,2019-06-25,,Active,P001964,SYNTH_CDR_DB
PH007918,9187056983,+91,Carrier_B,Maharashtra,2016-10-27,,Active,P005745,SYNTH_IDENTITY_DB
PH007919,9209021507,+91,Carrier_A,Maharashtra,2024-03-17,,Active,P006191,SYNTH_TELECOM_DB
PH007920,9565477293,+91,Carrier_A,Maharashtra,2020-10-01,,Active,P005339,SYNTH_TELECOM_DB
PH007921,9725844819,+91,Carrier_A,Maharashtra,2013-11-03,2015-11-04,Suspended,P002224,SYNTH_LEGACY_DB
PH007922,9275595362,+91,Carrier_B,Maharashtra,2026-02-13,2026-08-29,Suspended,P001141,SYNTH_CDR_DB
PH007923,9129959167,+91,Carrier_E,Maharashtra,2011-02-15,,Active,P000253,SYNTH_TELECOM_DB
PH007924,9765848558,+91,Carrier_A,Maharashtra,2019-07-28,,Active,P005165,SYNTH_TELECOM_DB
PH007925,9766577538,+91,Carrier_A,Maharashtra,2017-05-17,,Active,P000659,SYNTH_TELECOM_DB
PH007926,9354879943,+91,Carrier_D,Maharashtra,2023-01-20,,Active,P006801,SYNTH_LEGACY_DB
PH007927,9923470425,+91,Carrier_B,Maharashtra,2018-12-09,,Active,P000179,SYNTH_IDENTITY_DB
PH007928,9521399296,+91,Carrier_A,Maharashtra,2013-02-07,,Active,P000460,SYNTH_TELECOM_DB
PH007929,9577324500,+91,Carrier_A,Maharashtra,2015-01-07,,Active,P003690,SYNTH_TELECOM_DB
PH007930,9336005713,+91,Carrier_B,Maharashtra,2019-06-17,2022-01-09,Suspended,P002602,SYNTH_IDENTITY_DB
PH007931,9225094003,+91,Carrier_B,Maharashtra,2024-09-29,,Active,P001462,SYNTH_CDR_DB
PH007932,9758363406,+91,Carrier_B,Maharashtra,2021-02-26,2026-08-29,Inactive,P000665,SYNTH_TELECOM_DB
PH007933,9835188309,+91,Carrier_A,Maharashtra,2010-06-28,2012-03-14,Suspended,P004040,SYNTH_TELECOM_DB
PH007934,9790599035,+91,Carrier_A,Maharashtra,2011-07-06,,Active,P006067,SYNTH_TELECOM_DB
PH007935,9500990195,+91,Carrier_D,Maharashtra,2020-04-03,,Active,P005057,SYNTH_TELECOM_DB
PH007936,9253334171,+91,Carrier_B,Maharashtra,2014-03-22,,Active,P002053,SYNTH_CDR_DB
PH007937,9158008113,+91,Carrier_D,Maharashtra,2021-10-05,,Active,P004284,SYNTH_CDR_DB
PH007938,9357082188,+91,Carrier_B,Maharashtra,2025-12-08,,Active,P002447,SYNTH_TELECOM_DB
PH007939,9271085700,+91,Carrier_A,Maharashtra,2012-07-09,,Active,P001078,SYNTH_TELECOM_DB
PH007940,9765063446,+91,Carrier_B,Maharashtra,2024-10-26,2025-04-25,Suspended,P004424,SYNTH_TELECOM_DB
PH007941,9332752920,+91,Carrier_A,Maharashtra,2025-08-10,,Active,P000406,SYNTH_TELECOM_DB
PH007942,9997895486,+91,Carrier_A,Maharashtra,2018-01-12,2022-08-26,Inactive,P003323,SYNTH_IDENTITY_DB
PH007943,9522879837,+91,Carrier_C,Maharashtra,2025-01-06,,Active,P002408,SYNTH_CDR_DB
PH007944,9216696077,+91,Carrier_C,Maharashtra,2026-06-16,,Active,P000527,SYNTH_TELECOM_DB
PH007945,9831888363,+91,Carrier_E,Maharashtra,2025-12-14,2026-08-29,Suspended,P002432,SYNTH_CDR_DB
PH007946,9414269817,+91,Carrier_E,Maharashtra,2014-08-07,,Active,P005585,SYNTH_TELECOM_DB
PH007947,9638223001,+91,Carrier_A,Maharashtra,2014-03-10,2017-06-27,Reassigned,P006071,SYNTH_IDENTITY_DB
PH007948,9957880155,+91,Carrier_B,Maharashtra,2016-03-25,,Active,P000187,SYNTH_TELECOM_DB
PH007949,9555639478,+91,Carrier_A,Maharashtra,2020-04-15,,Active,P003783,SYNTH_TELECOM_DB
PH007950,9436468374,+91,Carrier_B,Maharashtra,2020-02-18,,Active,P003879,SYNTH_IDENTITY_DB
PH007951,9859707375,+91,Carrier_D,Maharashtra,2017-01-15,,Active,P000593,SYNTH_TELECOM_DB
PH007952,9968000599,+91,Carrier_C,Maharashtra,2011-09-24,2013-11-11,Suspended,P002197,SYNTH_TELECOM_DB
PH007953,9650610247,+91,Carrier_C,Maharashtra,2013-12-17,,Active,P001489,SYNTH_TELECOM_DB
PH007954,9432584501,+91,Carrier_A,Maharashtra,2026-06-03,,Active,P002218,SYNTH_LEGACY_DB
PH007955,9640530201,+91,Carrier_C,Maharashtra,2021-01-16,2026-01-05,Inactive,P006836,SYNTH_LEGACY_DB
PH007956,9121898552,+91,Carrier_A,Maharashtra,2025-05-09,2026-08-25,Inactive,P006748,SYNTH_TELECOM_DB
PH007957,9457555592,+91,Carrier_D,Maharashtra,2013-06-28,2019-06-05,Inactive,P006830,SYNTH_TELECOM_DB
PH007958,9943689952,+91,Carrier_A,Maharashtra,2021-04-29,,Active,P004737,SYNTH_CDR_DB
PH007959,9858481201,+91,Carrier_E,Maharashtra,2026-06-28,,Active,P000891,SYNTH_IDENTITY_DB
PH007960,9675016719,+91,Carrier_B,Maharashtra,2019-11-04,,Active,P006067,SYNTH_TELECOM_DB
PH007961,9858756649,+91,Carrier_A,Maharashtra,2022-01-19,,Active,P006352,SYNTH_TELECOM_DB
PH007962,9578241227,+91,Carrier_B,Maharashtra,2026-05-06,2026-08-29,Inactive,P000929,SYNTH_IDENTITY_DB
PH007963,9200111515,+91,Carrier_C,Maharashtra,2011-09-15,,Active,P002174,SYNTH_TELECOM_DB
PH007964,9496781854,+91,Carrier_C,Maharashtra,2021-10-31,2024-04-28,Inactive,P000869,SYNTH_IDENTITY_DB
PH007965,9762886994,+91,Carrier_C,Maharashtra,2019-08-23,,Active,P005324,SYNTH_TELECOM_DB
PH007966,9118032608,+91,Carrier_A,Maharashtra,2018-10-27,,Active,P004536,SYNTH_TELECOM_DB
PH007967,9554377806,+91,Carrier_B,Maharashtra,2024-02-29,2026-08-29,Inactive,P001983,SYNTH_IDENTITY_DB
PH007968,9950174236,+91,Carrier_A,Maharashtra,2021-07-20,,Active,P004900,SYNTH_TELECOM_DB
PH007969,9738606173,+91,Carrier_A,Maharashtra,2015-05-19,,Active,P003819,SYNTH_CDR_DB
PH007970,9633516444,+91,Carrier_A,Maharashtra,2017-07-11,,Active,P003005,SYNTH_TELECOM_DB
PH007971,9758060986,+91,Carrier_B,Maharashtra,2012-06-30,,Active,P002193,SYNTH_TELECOM_DB
PH007972,9751707934,+91,Carrier_C,Maharashtra,2011-05-04,,Active,P001825,SYNTH_TELECOM_DB
PH007973,9809973555,+91,Carrier_C,Maharashtra,2017-02-13,,Active,P000312,SYNTH_CDR_DB
PH007974,9896626482,+91,Carrier_C,Maharashtra,2025-12-16,,Active,P002953,SYNTH_TELECOM_DB
PH007975,9252492263,+91,Carrier_B,Maharashtra,2026-02-04,,Active,P000133,SYNTH_TELECOM_DB
PH007976,9433036807,+91,Carrier_A,Maharashtra,2015-11-16,,Active,P002289,SYNTH_TELECOM_DB
PH007977,9782693317,+91,Carrier_D,Maharashtra,2018-12-29,,Active,P001114,SYNTH_TELECOM_DB
PH007978,9341331276,+91,Carrier_A,Maharashtra,2010-09-29,,Active,P000101,SYNTH_TELECOM_DB
PH007979,9262965314,+91,Carrier_A,Maharashtra,2010-09-18,,Active,P001900,SYNTH_TELECOM_DB
PH007980,9443595564,+91,Carrier_B,Maharashtra,2017-09-24,2021-04-12,Inactive,P006273,SYNTH_CDR_DB
PH007981,9544411082,+91,Carrier_C,Maharashtra,2023-04-19,,Active,P002875,SYNTH_TELECOM_DB
PH007982,9628882492,+91,Carrier_A,Maharashtra,2011-02-09,2013-05-24,Reassigned,P005093,SYNTH_IDENTITY_DB
PH007983,9445086348,+91,Carrier_B,Maharashtra,2023-02-12,,Active,P000008,SYNTH_TELECOM_DB
PH007984,9466341185,+91,Carrier_A,Maharashtra,2023-06-24,,Active,P004056,SYNTH_TELECOM_DB
PH007985,9218641527,+91,Carrier_A,Maharashtra,2023-07-23,,Active,P002658,SYNTH_IDENTITY_DB
PH007986,9747881970,+91,Carrier_C,Maharashtra,2018-11-28,2021-12-04,Inactive,P003762,SYNTH_IDENTITY_DB
PH007987,9134260571,+91,Carrier_D,Maharashtra,2015-03-04,,Active,P000999,SYNTH_TELECOM_DB
PH007988,9393046916,+91,Carrier_A,Maharashtra,2016-03-06,,Active,P006304,SYNTH_CDR_DB
PH007989,9489894140,+91,Carrier_B,Maharashtra,2024-09-25,,Active,P000348,SYNTH_TELECOM_DB
PH007990,9657054160,+91,Carrier_B,Maharashtra,2023-04-14,,Active,P004053,SYNTH_TELECOM_DB
PH007991,9244149992,+91,Carrier_B,Maharashtra,2022-01-17,,Active,P000976,SYNTH_CDR_DB
PH007992,9413665480,+91,Carrier_B,Maharashtra,2017-05-26,,Active,P003744,SYNTH_TELECOM_DB
PH007993,9700632715,+91,Carrier_B,Maharashtra,2020-02-02,,Active,P004209,SYNTH_IDENTITY_DB
PH007994,9919795217,+91,Carrier_B,Maharashtra,2026-08-26,,Active,P003893,SYNTH_LEGACY_DB
PH007995,9200532441,+91,Carrier_B,Maharashtra,2018-02-09,,Active,P001877,SYNTH_CDR_DB
PH007996,9723045920,+91,Carrier_A,Maharashtra,2019-07-22,,Active,P003034,SYNTH_CDR_DB
PH007997,9151661024,+91,Carrier_A,Maharashtra,2020-12-25,,Active,P005671,SYNTH_CDR_DB
PH007998,9648411710,+91,Carrier_C,Maharashtra,2022-02-11,2026-08-29,Inactive,P001884,SYNTH_CDR_DB
PH007999,9776104223,+91,Carrier_B,Maharashtra,2023-11-20,,Active,P001182,SYNTH_IDENTITY_DB
PH008000,9807501001,+91,Carrier_C,Maharashtra,2010-07-01,,Active,P002317,SYNTH_TELECOM_DB
PH008001,9300801421,+91,Carrier_A,Maharashtra,2026-04-20,,Active,P001158,SYNTH_TELECOM_DB
PH008002,9671025599,+91,Carrier_B,Maharashtra,2017-05-10,2019-12-19,Inactive,P002306,SYNTH_TELECOM_DB
PH008003,9861954427,+91,Carrier_C,Maharashtra,2016-07-20,,Active,P004334,SYNTH_TELECOM_DB
PH008004,9510762925,+91,Carrier_B,Maharashtra,2020-01-06,,Active,P006443,SYNTH_CDR_DB
PH008005,9842272204,+91,Carrier_C,Maharashtra,2024-11-05,2026-08-29,Reassigned,P004940,SYNTH_TELECOM_DB
PH008006,9494296131,+91,Carrier_C,Maharashtra,2013-09-27,,Active,P003873,SYNTH_TELECOM_DB
PH008007,9806237114,+91,Carrier_A,Maharashtra,2025-08-21,,Active,P002892,SYNTH_TELECOM_DB
PH008008,9705050385,+91,Carrier_E,Maharashtra,2013-09-06,2014-10-05,Reassigned,P004901,SYNTH_TELECOM_DB
PH008009,9175258915,+91,Carrier_D,Maharashtra,2018-01-05,,Active,P001566,SYNTH_TELECOM_DB
PH008010,9929168841,+91,Carrier_A,Maharashtra,2026-07-09,,Active,P005632,SYNTH_TELECOM_DB
PH008011,9247419258,+91,Carrier_C,Maharashtra,2024-08-28,,Active,P001961,SYNTH_TELECOM_DB
PH008012,9923777594,+91,Carrier_B,Maharashtra,2010-06-20,,Active,P001565,SYNTH_TELECOM_DB
PH008013,9170353344,+91,Carrier_A,Maharashtra,2026-07-09,2026-08-29,Suspended,P004657,SYNTH_IDENTITY_DB
PH008014,9107449062,+91,Carrier_B,Maharashtra,2020-03-31,,Active,P006553,SYNTH_TELECOM_DB
PH008015,9220461194,+91,Carrier_A,Maharashtra,2013-03-14,,Active,P004592,SYNTH_TELECOM_DB
PH008016,9230773136,+91,Carrier_C,Maharashtra,2023-12-29,,Active,P002486,SYNTH_IDENTITY_DB
PH008017,9662096320,+91,Carrier_B,Maharashtra,2025-10-17,,Active,P003251,SYNTH_LEGACY_DB
PH008018,9855371775,+91,Carrier_D,Maharashtra,2024-12-29,2026-08-29,Inactive,P004663,SYNTH_TELECOM_DB
PH008019,9205976239,+91,Carrier_C,Maharashtra,2025-03-20,,Active,P001666,SYNTH_TELECOM_DB
PH008020,9807254715,+91,Carrier_D,Maharashtra,2012-04-13,,Active,P002177,SYNTH_CDR_DB
PH008021,9606591837,+91,Carrier_B,Maharashtra,2021-11-27,,Active,P003876,SYNTH_TELECOM_DB
PH008022,9469030541,+91,Carrier_A,Maharashtra,2024-04-02,,Active,P000413,SYNTH_TELECOM_DB
PH008023,9820714637,+91,Carrier_B,Maharashtra,2024-11-19,,Active,P000896,SYNTH_TELECOM_DB
PH008024,9803588238,+91,Carrier_D,Maharashtra,2010-04-03,,Active,P003594,SYNTH_TELECOM_DB
PH008025,9236347713,+91,Carrier_E,Maharashtra,2020-01-25,,Active,P006539,SYNTH_TELECOM_DB
PH008026,9927045398,+91,Carrier_D,Maharashtra,2020-06-30,2025-01-20,Inactive,P000837,SYNTH_TELECOM_DB
PH008027,9353363957,+91,Carrier_A,Maharashtra,2017-06-04,2022-10-06,Inactive,P000533,SYNTH_TELECOM_DB
PH008028,9535361464,+91,Carrier_C,Maharashtra,2019-01-12,,Active,P001882,SYNTH_TELECOM_DB
PH008029,9406344460,+91,Carrier_A,Maharashtra,2015-02-03,,Active,P005872,SYNTH_CDR_DB
PH008030,9143925244,+91,Carrier_B,Maharashtra,2022-08-14,,Active,P003022,SYNTH_TELECOM_DB
PH008031,9418251758,+91,Carrier_B,Maharashtra,2023-03-09,2026-08-29,Inactive,P003507,SYNTH_TELECOM_DB
PH008032,9355559326,+91,Carrier_B,Maharashtra,2012-06-20,,Active,P003846,SYNTH_TELECOM_DB
PH008033,9620611375,+91,Carrier_A,Maharashtra,2018-04-21,,Active,P002865,SYNTH_TELECOM_DB
PH008034,9423293832,+91,Carrier_B,Maharashtra,2012-12-10,,Active,P000236,SYNTH_TELECOM_DB
PH008035,9737821996,+91,Carrier_D,Maharashtra,2017-04-02,,Active,P001157,SYNTH_TELECOM_DB
PH008036,9897409362,+91,Carrier_D,Maharashtra,2017-08-11,,Active,P006715,SYNTH_TELECOM_DB
PH008037,9682435187,+91,Carrier_D,Maharashtra,2015-05-26,,Active,P003035,SYNTH_TELECOM_DB
PH008038,9775274892,+91,Carrier_A,Maharashtra,2023-05-27,,Active,P001494,SYNTH_LEGACY_DB
PH008039,9252577742,+91,Carrier_A,Maharashtra,2013-06-04,,Active,P002960,SYNTH_CDR_DB
PH008040,9142233132,+91,Carrier_E,Maharashtra,2021-02-08,2023-04-24,Inactive,P005173,SYNTH_TELECOM_DB
PH008041,9206982074,+91,Carrier_C,Maharashtra,2012-07-09,2017-09-22,Inactive,P003004,SYNTH_CDR_DB
PH008042,9824545330,+91,Carrier_A,Maharashtra,2026-02-23,,Active,P005833,SYNTH_CDR_DB
PH008043,9239810768,+91,Carrier_B,Maharashtra,2010-07-20,,Active,P000600,SYNTH_TELECOM_DB
PH008044,9732721910,+91,Carrier_A,Maharashtra,2023-01-29,,Active,P002137,SYNTH_TELECOM_DB
PH008045,9579742285,+91,Carrier_D,Maharashtra,2013-02-27,,Active,P001659,SYNTH_TELECOM_DB
PH008046,9640353079,+91,Carrier_B,Maharashtra,2026-05-09,2026-08-29,Inactive,P000889,SYNTH_IDENTITY_DB
PH008047,9936025639,+91,Carrier_B,Maharashtra,2016-12-28,,Active,P001709,SYNTH_TELECOM_DB
PH008048,9861253188,+91,Carrier_A,Maharashtra,2022-01-22,,Active,P005700,SYNTH_IDENTITY_DB
PH008049,9562942331,+91,Carrier_A,Maharashtra,2013-08-11,,Active,P003272,SYNTH_TELECOM_DB
PH008050,9688024213,+91,Carrier_B,Maharashtra,2021-09-10,2023-05-07,Suspended,P005461,SYNTH_TELECOM_DB
PH008051,9891679971,+91,Carrier_A,Maharashtra,2025-08-26,,Active,P005445,SYNTH_IDENTITY_DB
PH008052,9212924656,+91,Carrier_B,Maharashtra,2011-01-30,2017-11-07,Reassigned,P004440,SYNTH_CDR_DB
PH008053,9272989181,+91,Carrier_C,Maharashtra,2012-03-21,,Active,P002963,SYNTH_TELECOM_DB
PH008054,9260655529,+91,Carrier_A,Maharashtra,2017-02-03,2018-09-16,Inactive,P000588,SYNTH_CDR_DB
PH008055,9129963334,+91,Carrier_A,Maharashtra,2017-05-15,,Active,P001544,SYNTH_TELECOM_DB
PH008056,9676282895,+91,Carrier_B,Maharashtra,2025-11-12,,Active,P000634,SYNTH_CDR_DB
PH008057,9211554137,+91,Carrier_C,Maharashtra,2020-03-13,2020-06-12,Inactive,P001751,SYNTH_CDR_DB
PH008058,9541147647,+91,Carrier_C,Maharashtra,2010-07-01,2012-12-02,Suspended,P005955,SYNTH_TELECOM_DB
PH008059,9599074717,+91,Carrier_C,Maharashtra,2013-09-22,,Active,P004662,SYNTH_LEGACY_DB
PH008060,9159231793,+91,Carrier_A,Maharashtra,2026-03-12,2026-08-29,Inactive,P003769,SYNTH_CDR_DB
PH008061,9540902987,+91,Carrier_C,Maharashtra,2025-06-03,,Active,P006744,SYNTH_CDR_DB
PH008062,9427937922,+91,Carrier_B,Maharashtra,2010-06-18,,Active,P005599,SYNTH_CDR_DB
PH008063,9645964479,+91,Carrier_A,Maharashtra,2016-02-10,,Active,P000949,SYNTH_TELECOM_DB
PH008064,9680997573,+91,Carrier_B,Maharashtra,2023-11-23,2025-04-01,Inactive,P002997,SYNTH_CDR_DB
PH008065,9385569621,+91,Carrier_A,Maharashtra,2023-11-03,,Active,P005704,SYNTH_CDR_DB
PH008066,9696968186,+91,Carrier_A,Maharashtra,2023-12-16,,Active,P004596,SYNTH_IDENTITY_DB
PH008067,9328074078,+91,Carrier_D,Maharashtra,2011-07-23,2012-07-17,Inactive,P006187,SYNTH_LEGACY_DB
PH008068,9178222365,+91,Carrier_B,Maharashtra,2012-05-06,2013-05-04,Inactive,P001791,SYNTH_CDR_DB
PH008069,9532765495,+91,Carrier_A,Maharashtra,2011-09-08,,Active,P006172,SYNTH_LEGACY_DB
PH008070,9972521280,+91,Carrier_C,Maharashtra,2022-04-27,,Active,P003393,SYNTH_TELECOM_DB
PH008071,9683496348,+91,Carrier_D,Maharashtra,2013-05-08,,Active,P000081,SYNTH_TELECOM_DB
PH008072,9394869636,+91,Carrier_C,Maharashtra,2022-05-24,,Active,P002796,SYNTH_TELECOM_DB
PH008073,9695259738,+91,Carrier_B,Maharashtra,2024-12-14,,Active,P002263,SYNTH_TELECOM_DB
PH008074,9735938014,+91,Carrier_B,Maharashtra,2019-07-13,2020-10-08,Suspended,P003381,SYNTH_TELECOM_DB
PH008075,9426340044,+91,Carrier_A,Maharashtra,2012-09-06,2014-10-31,Inactive,P006565,SYNTH_CDR_DB
PH008076,9368456023,+91,Carrier_B,Maharashtra,2026-08-02,,Active,P002956,SYNTH_TELECOM_DB
PH008077,9576480744,+91,Carrier_B,Maharashtra,2010-08-31,,Active,P003065,SYNTH_TELECOM_DB
PH008078,9683097897,+91,Carrier_A,Maharashtra,2017-10-01,,Active,P002430,SYNTH_CDR_DB
PH008079,9780383438,+91,Carrier_B,Maharashtra,2016-08-19,,Active,P003460,SYNTH_CDR_DB
PH008080,9468843607,+91,Carrier_A,Maharashtra,2014-10-27,,Active,P002963,SYNTH_LEGACY_DB
PH008081,9241450097,+91,Carrier_A,Maharashtra,2014-01-24,,Active,P003567,SYNTH_IDENTITY_DB
PH008082,9776296545,+91,Carrier_C,Maharashtra,2012-03-21,,Active,P006373,SYNTH_CDR_DB
PH008083,9197164706,+91,Carrier_D,Maharashtra,2020-10-15,,Active,P004478,SYNTH_TELECOM_DB
PH008084,9195132999,+91,Carrier_C,Maharashtra,2021-08-19,,Active,P002349,SYNTH_TELECOM_DB
PH008085,9902425349,+91,Carrier_C,Maharashtra,2020-02-01,,Active,P003911,SYNTH_TELECOM_DB
PH008086,9923002029,+91,Carrier_B,Maharashtra,2019-01-06,,Active,P000976,SYNTH_TELECOM_DB
PH008087,9612286380,+91,Carrier_A,Maharashtra,2024-02-08,,Active,P006428,SYNTH_TELECOM_DB
PH008088,9368935009,+91,Carrier_D,Maharashtra,2011-05-06,,Active,P000259,SYNTH_IDENTITY_DB
PH008089,9361028118,+91,Carrier_C,Maharashtra,2013-07-16,,Active,P005661,SYNTH_IDENTITY_DB
PH008090,9551092211,+91,Carrier_B,Maharashtra,2011-04-19,,Active,P000823,SYNTH_CDR_DB
PH008091,9850400340,+91,Carrier_A,Maharashtra,2026-04-07,,Active,P004937,SYNTH_LEGACY_DB
PH008092,9245944264,+91,Carrier_D,Maharashtra,2016-05-16,2021-09-28,Inactive,P002086,SYNTH_TELECOM_DB
PH008093,9784323159,+91,Carrier_B,Maharashtra,2018-10-07,,Active,P005642,SYNTH_TELECOM_DB
PH008094,9320703226,+91,Carrier_B,Maharashtra,2024-12-01,,Active,P000906,SYNTH_TELECOM_DB
PH008095,9642811113,+91,Carrier_C,Maharashtra,2023-10-10,,Active,P001048,SYNTH_TELECOM_DB
PH008096,9362743142,+91,Carrier_A,Maharashtra,2010-02-21,,Active,P006025,SYNTH_IDENTITY_DB
PH008097,9450491867,+91,Carrier_A,Maharashtra,2014-05-26,,Active,P003711,SYNTH_IDENTITY_DB
PH008098,9549610935,+91,Carrier_D,Maharashtra,2015-10-30,,Active,P001579,SYNTH_TELECOM_DB
PH008099,9184530948,+91,Carrier_A,Maharashtra,2024-04-18,,Active,P000697,SYNTH_IDENTITY_DB
PH008100,9538143434,+91,Carrier_B,Maharashtra,2022-06-11,,Active,P003348,SYNTH_TELECOM_DB
PH008101,9153864418,+91,Carrier_A,Maharashtra,2015-02-09,,Active,P001482,SYNTH_TELECOM_DB
PH008102,9258971210,+91,Carrier_C,Maharashtra,2013-08-19,,Active,P006349,SYNTH_TELECOM_DB
PH008103,9413033263,+91,Carrier_D,Maharashtra,2023-05-28,2025-09-18,Suspended,P006045,SYNTH_TELECOM_DB
PH008104,9656517221,+91,Carrier_A,Maharashtra,2023-04-16,2026-08-29,Inactive,P002485,SYNTH_TELECOM_DB
PH008105,9870849608,+91,Carrier_D,Maharashtra,2011-07-12,,Active,P000071,SYNTH_CDR_DB
PH008106,9679567098,+91,Carrier_D,Maharashtra,2015-05-29,,Active,P004011,SYNTH_LEGACY_DB
PH008107,9370831177,+91,Carrier_E,Maharashtra,2012-03-19,,Active,P006861,SYNTH_LEGACY_DB
PH008108,9768517197,+91,Carrier_B,Maharashtra,2022-05-20,,Active,P003704,SYNTH_TELECOM_DB
PH008109,9501434740,+91,Carrier_B,Maharashtra,2024-02-19,,Active,P006800,SYNTH_CDR_DB
PH008110,9878283156,+91,Carrier_A,Maharashtra,2013-12-19,2015-11-20,Suspended,P004596,SYNTH_TELECOM_DB
PH008111,9917975921,+91,Carrier_C,Maharashtra,2021-11-17,,Active,P004196,SYNTH_IDENTITY_DB
PH008112,9123249841,+91,Carrier_E,Maharashtra,2013-01-07,,Active,P000770,SYNTH_LEGACY_DB
PH008113,9172667159,+91,Carrier_C,Maharashtra,2022-11-30,,Active,P006323,SYNTH_TELECOM_DB
PH008114,9183391377,+91,Carrier_B,Maharashtra,2025-05-24,,Active,P004122,SYNTH_TELECOM_DB
PH008115,9743724413,+91,Carrier_A,Maharashtra,2018-12-06,,Active,P004065,SYNTH_TELECOM_DB
PH008116,9606899640,+91,Carrier_C,Maharashtra,2023-07-28,2025-11-30,Suspended,P003562,SYNTH_TELECOM_DB
PH008117,9653696323,+91,Carrier_A,Maharashtra,2018-11-02,,Active,P002549,SYNTH_CDR_DB
PH008118,9649669898,+91,Carrier_A,Maharashtra,2013-01-06,,Active,P000403,SYNTH_IDENTITY_DB
PH008119,9396871456,+91,Carrier_B,Maharashtra,2012-02-13,,Active,P000800,SYNTH_LEGACY_DB
PH008120,9153519245,+91,Carrier_D,Maharashtra,2026-05-26,,Active,P003875,SYNTH_TELECOM_DB
PH008121,9607921718,+91,Carrier_A,Maharashtra,2020-01-17,,Active,P000234,SYNTH_CDR_DB
PH008122,9568846482,+91,Carrier_B,Maharashtra,2021-05-10,,Active,P001630,SYNTH_TELECOM_DB
PH008123,9776587238,+91,Carrier_A,Maharashtra,2024-11-22,2026-08-29,Inactive,P000770,SYNTH_TELECOM_DB
PH008124,9866165336,+91,Carrier_B,Maharashtra,2011-11-23,,Active,P005718,SYNTH_TELECOM_DB
PH008125,9423759391,+91,Carrier_C,Maharashtra,2025-03-31,,Active,P002431,SYNTH_CDR_DB
PH008126,9492203846,+91,Carrier_B,Maharashtra,2014-08-12,2019-11-14,Reassigned,P004654,SYNTH_TELECOM_DB
PH008127,9879355651,+91,Carrier_B,Maharashtra,2017-10-23,,Active,P004293,SYNTH_LEGACY_DB
PH008128,9355522666,+91,Carrier_A,Maharashtra,2019-12-19,,Active,P005017,SYNTH_LEGACY_DB
PH008129,9684709187,+91,Carrier_C,Maharashtra,2014-08-06,,Active,P001096,SYNTH_CDR_DB
PH008130,9563022107,+91,Carrier_C,Maharashtra,2018-11-24,,Active,P003767,SYNTH_TELECOM_DB
PH008131,9422597021,+91,Carrier_B,Maharashtra,2014-08-06,,Active,P004392,SYNTH_TELECOM_DB
PH008132,9671614144,+91,Carrier_B,Maharashtra,2025-07-09,2025-08-26,Suspended,P005200,SYNTH_TELECOM_DB
PH008133,9243128586,+91,Carrier_B,Maharashtra,2020-06-06,2023-07-08,Inactive,P004810,SYNTH_TELECOM_DB
PH008134,9134536205,+91,Carrier_C,Maharashtra,2014-03-18,,Active,P003643,SYNTH_CDR_DB
PH008135,9378946318,+91,Carrier_A,Maharashtra,2018-08-10,,Active,P006578,SYNTH_CDR_DB
PH008136,9915246824,+91,Carrier_C,Maharashtra,2015-03-06,,Active,P006921,SYNTH_LEGACY_DB
PH008137,9595124367,+91,Carrier_E,Maharashtra,2010-12-12,,Active,P006933,SYNTH_TELECOM_DB
PH008138,9672868943,+91,Carrier_A,Maharashtra,2022-02-15,2023-02-14,Suspended,P000520,SYNTH_TELECOM_DB
PH008139,9796170046,+91,Carrier_A,Maharashtra,2016-02-24,2018-12-23,Inactive,P003430,SYNTH_TELECOM_DB
PH008140,9192646179,+91,Carrier_A,Maharashtra,2018-12-13,,Active,P006737,SYNTH_LEGACY_DB
PH008141,9244566404,+91,Carrier_A,Maharashtra,2010-05-09,,Active,P006152,SYNTH_TELECOM_DB
PH008142,9308698736,+91,Carrier_B,Maharashtra,2014-10-12,,Active,P000269,SYNTH_TELECOM_DB
PH008143,9224557348,+91,Carrier_E,Maharashtra,2024-03-27,,Active,P001197,SYNTH_TELECOM_DB
PH008144,9157838181,+91,Carrier_B,Maharashtra,2010-06-29,,Active,P001929,SYNTH_LEGACY_DB
PH008145,9904383961,+91,Carrier_B,Maharashtra,2016-02-08,,Active,P003018,SYNTH_CDR_DB
PH008146,9441007225,+91,Carrier_A,Maharashtra,2012-03-14,,Active,P003979,SYNTH_CDR_DB
PH008147,9385995384,+91,Carrier_C,Maharashtra,2024-08-11,2026-08-29,Inactive,P002798,SYNTH_TELECOM_DB
PH008148,9535289250,+91,Carrier_B,Maharashtra,2016-11-18,,Active,P002331,SYNTH_CDR_DB
PH008149,9775115839,+91,Carrier_A,Maharashtra,2018-10-31,,Active,P001001,SYNTH_LEGACY_DB
PH008150,9876779233,+91,Carrier_B,Maharashtra,2023-07-15,,Active,P000637,SYNTH_IDENTITY_DB
PH008151,9579098522,+91,Carrier_C,Maharashtra,2022-10-02,2022-11-27,Inactive,P002916,SYNTH_TELECOM_DB
PH008152,9326500335,+91,Carrier_A,Maharashtra,2017-02-11,,Active,P001706,SYNTH_TELECOM_DB
PH008153,9922208882,+91,Carrier_A,Maharashtra,2023-02-04,,Active,P004012,SYNTH_TELECOM_DB
PH008154,9649643116,+91,Carrier_B,Maharashtra,2010-07-12,,Active,P001602,SYNTH_TELECOM_DB
PH008155,9994838150,+91,Carrier_A,Maharashtra,2024-10-05,,Active,P003720,SYNTH_CDR_DB
PH008156,9289282637,+91,Carrier_B,Maharashtra,2014-06-26,,Active,P001595,SYNTH_TELECOM_DB
PH008157,9663781601,+91,Carrier_A,Maharashtra,2020-02-14,,Active,P004946,SYNTH_TELECOM_DB
PH008158,9657454714,+91,Carrier_A,Maharashtra,2023-10-13,,Active,P005835,SYNTH_IDENTITY_DB
PH008159,9868662072,+91,Carrier_A,Maharashtra,2016-04-04,,Active,P000023,SYNTH_CDR_DB
PH008160,9941057295,+91,Carrier_A,Maharashtra,2026-03-07,,Active,P002564,SYNTH_LEGACY_DB
PH008161,9267449276,+91,Carrier_C,Maharashtra,2026-05-13,2026-08-29,Reassigned,P003532,SYNTH_CDR_DB
PH008162,9896680485,+91,Carrier_B,Maharashtra,2025-09-04,,Active,P006301,SYNTH_TELECOM_DB
PH008163,9181543005,+91,Carrier_C,Maharashtra,2012-01-21,2013-06-13,Suspended,P000579,SYNTH_IDENTITY_DB
PH008164,9987268450,+91,Carrier_B,Maharashtra,2022-04-22,,Active,P005902,SYNTH_TELECOM_DB
PH008165,9431347588,+91,Carrier_B,Maharashtra,2019-06-25,,Active,P006678,SYNTH_TELECOM_DB
PH008166,9555669080,+91,Carrier_B,Maharashtra,2020-07-16,,Active,P003333,SYNTH_LEGACY_DB
PH008167,9181910732,+91,Carrier_A,Maharashtra,2023-09-15,,Active,P004083,SYNTH_CDR_DB
PH008168,9192751065,+91,Carrier_B,Maharashtra,2023-01-19,2025-04-13,Inactive,P005298,SYNTH_TELECOM_DB
PH008169,9494858795,+91,Carrier_D,Maharashtra,2016-05-04,,Active,P006501,SYNTH_IDENTITY_DB
PH008170,9261163605,+91,Carrier_A,Maharashtra,2020-06-16,,Active,P002137,SYNTH_TELECOM_DB
PH008171,9364497637,+91,Carrier_D,Maharashtra,2020-08-15,,Active,P006710,SYNTH_TELECOM_DB
PH008172,9823904118,+91,Carrier_C,Maharashtra,2019-01-08,,Active,P000127,SYNTH_TELECOM_DB
PH008173,9795973421,+91,Carrier_A,Maharashtra,2024-02-26,2026-08-29,Inactive,P000302,SYNTH_IDENTITY_DB
PH008174,9969587755,+91,Carrier_A,Maharashtra,2012-11-19,,Active,P005394,SYNTH_TELECOM_DB
PH008175,9747611517,+91,Carrier_C,Maharashtra,2019-05-08,,Active,P006923,SYNTH_IDENTITY_DB
PH008176,9864124923,+91,Carrier_B,Maharashtra,2015-02-06,,Active,P000973,SYNTH_CDR_DB
PH008177,9781602808,+91,Carrier_B,Maharashtra,2018-07-14,2019-05-02,Inactive,P000287,SYNTH_TELECOM_DB
PH008178,9964049983,+91,Carrier_C,Maharashtra,2023-08-27,,Active,P001010,SYNTH_CDR_DB
PH008179,9628368172,+91,Carrier_A,Maharashtra,2010-10-17,,Active,P004315,SYNTH_TELECOM_DB
PH008180,9193919794,+91,Carrier_C,Maharashtra,2026-06-30,,Active,P006139,SYNTH_TELECOM_DB
PH008181,9423514652,+91,Carrier_C,Maharashtra,2018-07-20,,Active,P005284,SYNTH_TELECOM_DB
PH008182,9832988287,+91,Carrier_C,Maharashtra,2018-03-19,2022-01-12,Inactive,P002687,SYNTH_LEGACY_DB
PH008183,9482172400,+91,Carrier_A,Maharashtra,2017-02-16,,Active,P004603,SYNTH_IDENTITY_DB
PH008184,9303248976,+91,Carrier_C,Maharashtra,2010-10-23,,Active,P000326,SYNTH_LEGACY_DB
PH008185,9946182724,+91,Carrier_C,Maharashtra,2022-02-18,,Active,P000183,SYNTH_IDENTITY_DB
PH008186,9842722706,+91,Carrier_A,Maharashtra,2019-06-08,,Active,P000892,SYNTH_TELECOM_DB
PH008187,9189270424,+91,Carrier_A,Maharashtra,2018-08-10,,Active,P006352,SYNTH_TELECOM_DB
PH008188,9524500540,+91,Carrier_A,Maharashtra,2018-08-24,,Active,P006755,SYNTH_LEGACY_DB
PH008189,9763654762,+91,Carrier_A,Maharashtra,2019-04-06,,Active,P000743,SYNTH_CDR_DB
PH008190,9105368499,+91,Carrier_C,Maharashtra,2025-08-20,,Active,P006912,SYNTH_TELECOM_DB
PH008191,9888396834,+91,Carrier_B,Maharashtra,2020-07-30,2023-04-13,Suspended,P006561,SYNTH_CDR_DB
PH008192,9574269718,+91,Carrier_B,Maharashtra,2017-04-06,,Active,P003818,SYNTH_IDENTITY_DB
PH008193,9355967996,+91,Carrier_B,Maharashtra,2010-05-19,,Active,P002649,SYNTH_CDR_DB
PH008194,9873659769,+91,Carrier_C,Maharashtra,2014-08-29,,Active,P003355,SYNTH_TELECOM_DB
PH008195,9886975909,+91,Carrier_B,Maharashtra,2018-09-04,,Active,P000531,SYNTH_LEGACY_DB
PH008196,9360102943,+91,Carrier_D,Maharashtra,2016-12-02,2020-05-04,Inactive,P005388,SYNTH_TELECOM_DB
PH008197,9867203927,+91,Carrier_C,Maharashtra,2014-02-19,,Active,P004850,SYNTH_IDENTITY_DB
PH008198,9850769945,+91,Carrier_E,Maharashtra,2010-05-17,,Active,P004573,SYNTH_TELECOM_DB
PH008199,9577414483,+91,Carrier_D,Maharashtra,2017-03-15,,Active,P001803,SYNTH_TELECOM_DB
PH008200,9120942243,+91,Carrier_C,Maharashtra,2016-07-26,,Active,P005348,SYNTH_TELECOM_DB
PH008201,9416029792,+91,Carrier_A,Maharashtra,2019-12-23,,Active,P004253,SYNTH_TELECOM_DB
PH008202,9375032730,+91,Carrier_A,Maharashtra,2025-03-24,2026-08-29,Inactive,P004337,SYNTH_LEGACY_DB
PH008203,9906699632,+91,Carrier_D,Maharashtra,2011-07-26,2014-08-10,Inactive,P001080,SYNTH_TELECOM_DB
PH008204,9992512639,+91,Carrier_B,Maharashtra,2010-08-15,,Active,P001502,SYNTH_TELECOM_DB
PH008205,9977490094,+91,Carrier_C,Maharashtra,2026-05-15,,Active,P002564,SYNTH_CDR_DB
PH008206,9168158371,+91,Carrier_A,Maharashtra,2015-04-24,,Active,P002942,SYNTH_TELECOM_DB
PH008207,9983294222,+91,Carrier_A,Maharashtra,2023-11-23,,Active,P001552,SYNTH_LEGACY_DB
PH008208,9377622146,+91,Carrier_B,Maharashtra,2017-08-22,2020-07-23,Inactive,P003713,SYNTH_TELECOM_DB
PH008209,9561774045,+91,Carrier_E,Maharashtra,2018-06-04,,Active,P001168,SYNTH_TELECOM_DB
PH008210,9545387803,+91,Carrier_B,Maharashtra,2024-02-15,,Active,P006314,SYNTH_TELECOM_DB
PH008211,9539168045,+91,Carrier_B,Maharashtra,2019-08-26,,Active,P000704,SYNTH_LEGACY_DB
PH008212,9230431798,+91,Carrier_B,Maharashtra,2012-02-25,2012-09-10,Inactive,P002002,SYNTH_TELECOM_DB
PH008213,9686570746,+91,Carrier_A,Maharashtra,2025-10-19,2026-02-28,Inactive,P003076,SYNTH_LEGACY_DB
PH008214,9218599246,+91,Carrier_A,Maharashtra,2017-11-11,,Active,P005838,SYNTH_TELECOM_DB
PH008215,9819596396,+91,Carrier_C,Maharashtra,2025-05-21,2026-08-29,Reassigned,P003753,SYNTH_TELECOM_DB
PH008216,9935322258,+91,Carrier_C,Maharashtra,2011-10-17,,Active,P001270,SYNTH_TELECOM_DB
PH008217,9507611347,+91,Carrier_B,Maharashtra,2019-10-02,,Active,P005465,SYNTH_CDR_DB
PH008218,9669900733,+91,Carrier_C,Maharashtra,2017-10-27,,Active,P004713,SYNTH_TELECOM_DB
PH008219,9998358242,+91,Carrier_E,Maharashtra,2010-01-19,,Active,P004104,SYNTH_IDENTITY_DB
PH008220,9291428088,+91,Carrier_A,Maharashtra,2023-02-16,2024-08-09,Inactive,P002257,SYNTH_TELECOM_DB
PH008221,9257579308,+91,Carrier_D,Maharashtra,2021-03-18,,Active,P003620,SYNTH_CDR_DB
PH008222,9631459403,+91,Carrier_A,Maharashtra,2013-06-14,,Active,P004595,SYNTH_TELECOM_DB
PH008223,9665739750,+91,Carrier_C,Maharashtra,2018-03-30,2018-05-02,Suspended,P001617,SYNTH_TELECOM_DB
PH008224,9376231191,+91,Carrier_C,Maharashtra,2013-10-06,2014-08-15,Inactive,P005443,SYNTH_TELECOM_DB
PH008225,9239791621,+91,Carrier_E,Maharashtra,2022-04-11,,Active,P002864,SYNTH_CDR_DB
PH008226,9351742790,+91,Carrier_A,Maharashtra,2014-07-05,,Active,P001292,SYNTH_LEGACY_DB
PH008227,9422058706,+91,Carrier_E,Maharashtra,2019-04-07,2023-10-15,Inactive,P001959,SYNTH_CDR_DB
PH008228,9957949032,+91,Carrier_E,Maharashtra,2020-03-05,2022-07-03,Suspended,P001650,SYNTH_TELECOM_DB
PH008229,9376252299,+91,Carrier_B,Maharashtra,2025-05-25,2026-08-29,Suspended,P001582,SYNTH_CDR_DB
PH008230,9202830448,+91,Carrier_B,Maharashtra,2024-08-02,,Active,P003900,SYNTH_CDR_DB
PH008231,9999928160,+91,Carrier_A,Maharashtra,2018-01-09,,Active,P001801,SYNTH_TELECOM_DB
PH008232,9403542302,+91,Carrier_A,Maharashtra,2021-03-12,,Active,P005174,SYNTH_IDENTITY_DB
PH008233,9183784154,+91,Carrier_A,Maharashtra,2013-12-02,,Active,P000124,SYNTH_CDR_DB
PH008234,9548521096,+91,Carrier_D,Maharashtra,2026-07-20,,Active,P005679,SYNTH_TELECOM_DB
PH008235,9467475926,+91,Carrier_A,Maharashtra,2016-04-21,,Active,P004066,SYNTH_CDR_DB
PH008236,9389818168,+91,Carrier_A,Maharashtra,2022-05-24,2026-04-24,Inactive,P005487,SYNTH_TELECOM_DB
PH008237,9496395034,+91,Carrier_B,Maharashtra,2013-12-30,2014-03-17,Inactive,P006688,SYNTH_IDENTITY_DB
PH008238,9632384157,+91,Carrier_C,Maharashtra,2010-07-30,,Active,P000329,SYNTH_LEGACY_DB
PH008239,9574664652,+91,Carrier_D,Maharashtra,2018-08-27,2021-10-02,Inactive,P002045,SYNTH_TELECOM_DB
PH008240,9642551395,+91,Carrier_A,Maharashtra,2015-05-06,2018-02-14,Reassigned,P004731,SYNTH_TELECOM_DB
PH008241,9296869597,+91,Carrier_B,Maharashtra,2020-03-29,,Active,P001023,SYNTH_TELECOM_DB
PH008242,9487158376,+91,Carrier_A,Maharashtra,2014-03-28,,Active,P003084,SYNTH_LEGACY_DB
PH008243,9521726072,+91,Carrier_A,Maharashtra,2021-04-21,2024-12-09,Inactive,P004672,SYNTH_LEGACY_DB
PH008244,9285017635,+91,Carrier_B,Maharashtra,2011-01-06,,Active,P005259,SYNTH_TELECOM_DB
PH008245,9775784705,+91,Carrier_D,Maharashtra,2018-05-30,,Active,P005957,SYNTH_TELECOM_DB
PH008246,9985892049,+91,Carrier_A,Maharashtra,2022-04-13,,Active,P006482,SYNTH_IDENTITY_DB
PH008247,9785331029,+91,Carrier_C,Maharashtra,2021-12-26,,Active,P000002,SYNTH_TELECOM_DB
PH008248,9327618352,+91,Carrier_C,Maharashtra,2022-08-26,,Active,P000381,SYNTH_CDR_DB
PH008249,9582305303,+91,Carrier_B,Maharashtra,2024-10-14,,Active,P006731,SYNTH_LEGACY_DB
PH008250,9610253963,+91,Carrier_A,Maharashtra,2015-09-15,,Active,P001600,SYNTH_IDENTITY_DB
PH008251,9894077512,+91,Carrier_D,Maharashtra,2011-11-18,2013-02-20,Inactive,P004625,SYNTH_TELECOM_DB
PH008252,9437363442,+91,Carrier_A,Maharashtra,2017-08-29,,Active,P000031,SYNTH_TELECOM_DB
PH008253,9940353199,+91,Carrier_B,Maharashtra,2024-09-03,2024-10-12,Suspended,P001387,SYNTH_TELECOM_DB
PH008254,9783856600,+91,Carrier_D,Maharashtra,2019-05-15,,Active,P002195,SYNTH_CDR_DB
PH008255,9454724696,+91,Carrier_B,Maharashtra,2024-01-27,,Active,P006560,SYNTH_CDR_DB
PH008256,9392189542,+91,Carrier_A,Maharashtra,2023-08-22,,Active,P006003,SYNTH_TELECOM_DB
PH008257,9186724706,+91,Carrier_A,Maharashtra,2016-10-10,,Active,P006849,SYNTH_TELECOM_DB
PH008258,9252192603,+91,Carrier_B,Maharashtra,2017-03-28,2018-04-19,Inactive,P004391,SYNTH_TELECOM_DB
PH008259,9482589007,+91,Carrier_A,Maharashtra,2016-08-12,2020-01-27,Inactive,P001183,SYNTH_TELECOM_DB
PH008260,9491045499,+91,Carrier_B,Maharashtra,2012-05-25,,Active,P000718,SYNTH_TELECOM_DB
PH008261,9713572733,+91,Carrier_B,Maharashtra,2020-10-25,,Active,P004028,SYNTH_TELECOM_DB
PH008262,9236244490,+91,Carrier_C,Maharashtra,2011-05-16,2015-02-23,Inactive,P001600,SYNTH_LEGACY_DB
PH008263,9954393920,+91,Carrier_A,Maharashtra,2021-05-31,,Active,P001166,SYNTH_CDR_DB
PH008264,9818365007,+91,Carrier_C,Maharashtra,2025-07-23,,Active,P005992,SYNTH_LEGACY_DB
PH008265,9220090506,+91,Carrier_B,Maharashtra,2024-06-29,,Active,P006670,SYNTH_LEGACY_DB
PH008266,9890954276,+91,Carrier_D,Maharashtra,2011-09-13,,Active,P000879,SYNTH_TELECOM_DB
PH008267,9686100454,+91,Carrier_A,Maharashtra,2012-02-10,,Active,P004584,SYNTH_CDR_DB
PH008268,9297983791,+91,Carrier_C,Maharashtra,2011-10-03,,Active,P006030,SYNTH_TELECOM_DB
PH008269,9753913906,+91,Carrier_A,Maharashtra,2022-11-24,,Active,P001344,SYNTH_TELECOM_DB
PH008270,9102725937,+91,Carrier_E,Maharashtra,2011-03-19,,Active,P001404,SYNTH_LEGACY_DB
PH008271,9114998992,+91,Carrier_B,Maharashtra,2021-11-03,2024-07-14,Inactive,P006285,SYNTH_TELECOM_DB
PH008272,9705565715,+91,Carrier_D,Maharashtra,2026-02-28,,Active,P001519,SYNTH_TELECOM_DB
PH008273,9905189371,+91,Carrier_C,Maharashtra,2013-07-26,2017-09-02,Inactive,P001465,SYNTH_TELECOM_DB
PH008274,9882060986,+91,Carrier_B,Maharashtra,2018-03-08,,Active,P006299,SYNTH_LEGACY_DB
PH008275,9368025979,+91,Carrier_B,Maharashtra,2022-09-21,,Active,P000244,SYNTH_CDR_DB
PH008276,9117560294,+91,Carrier_D,Maharashtra,2018-09-17,,Active,P004733,SYNTH_CDR_DB
PH008277,9456662293,+91,Carrier_C,Maharashtra,2020-02-26,,Active,P005754,SYNTH_TELECOM_DB
PH008278,9335294655,+91,Carrier_B,Maharashtra,2018-01-05,,Active,P005411,SYNTH_TELECOM_DB
PH008279,9591418507,+91,Carrier_A,Maharashtra,2025-12-07,,Active,P001654,SYNTH_TELECOM_DB
PH008280,9719048415,+91,Carrier_A,Maharashtra,2022-04-06,,Active,P005973,SYNTH_TELECOM_DB
PH008281,9465568347,+91,Carrier_C,Maharashtra,2022-05-20,,Active,P003233,SYNTH_TELECOM_DB
PH008282,9769497911,+91,Carrier_E,Maharashtra,2012-11-24,,Active,P003828,SYNTH_IDENTITY_DB
PH008283,9504586202,+91,Carrier_A,Maharashtra,2021-12-08,,Active,P003075,SYNTH_TELECOM_DB
PH008284,9447454290,+91,Carrier_B,Maharashtra,2014-08-14,,Active,P006756,SYNTH_CDR_DB
PH008285,9246423528,+91,Carrier_C,Maharashtra,2024-09-26,,Active,P003700,SYNTH_IDENTITY_DB
PH008286,9496087665,+91,Carrier_B,Maharashtra,2022-05-14,2024-07-25,Inactive,P000716,SYNTH_TELECOM_DB
PH008287,9141207688,+91,Carrier_D,Maharashtra,2023-02-12,,Active,P004698,SYNTH_CDR_DB
PH008288,9755583907,+91,Carrier_B,Maharashtra,2012-10-01,2014-11-08,Suspended,P005483,SYNTH_IDENTITY_DB
PH008289,9457129614,+91,Carrier_A,Maharashtra,2024-06-23,,Active,P002776,SYNTH_CDR_DB
PH008290,9166350168,+91,Carrier_B,Maharashtra,2019-12-14,,Active,P006521,SYNTH_TELECOM_DB
PH008291,9405172424,+91,Carrier_D,Maharashtra,2018-01-08,2020-10-15,Inactive,P002322,SYNTH_LEGACY_DB
PH008292,9916835848,+91,Carrier_A,Maharashtra,2015-05-15,2016-04-13,Inactive,P000247,SYNTH_CDR_DB
PH008293,9296663569,+91,Carrier_C,Maharashtra,2026-08-05,,Active,P001384,SYNTH_TELECOM_DB
PH008294,9813460662,+91,Carrier_E,Maharashtra,2018-11-18,,Active,P000969,SYNTH_TELECOM_DB
PH008295,9581595316,+91,Carrier_D,Maharashtra,2016-06-11,,Active,P000799,SYNTH_TELECOM_DB
PH008296,9242670316,+91,Carrier_A,Maharashtra,2016-11-23,,Active,P004996,SYNTH_IDENTITY_DB
PH008297,9599904346,+91,Carrier_A,Maharashtra,2026-02-20,,Active,P006233,SYNTH_CDR_DB
PH008298,9582605002,+91,Carrier_B,Maharashtra,2021-02-17,,Active,P004141,SYNTH_TELECOM_DB
PH008299,9992503109,+91,Carrier_A,Maharashtra,2015-11-21,2022-10-16,Reassigned,P000777,SYNTH_TELECOM_DB
PH008300,9957294947,+91,Carrier_A,Maharashtra,2020-06-30,,Active,P006916,SYNTH_IDENTITY_DB
PH008301,9905010969,+91,Carrier_B,Maharashtra,2023-08-06,,Active,P003532,SYNTH_CDR_DB
PH008302,9110022565,+91,Carrier_D,Maharashtra,2013-01-25,2018-06-20,Inactive,P005671,SYNTH_IDENTITY_DB
PH008303,9589580432,+91,Carrier_D,Maharashtra,2018-09-16,,Active,P001486,SYNTH_TELECOM_DB
PH008304,9716062942,+91,Carrier_B,Maharashtra,2020-01-23,,Active,P001675,SYNTH_TELECOM_DB
PH008305,9438454441,+91,Carrier_B,Maharashtra,2013-10-28,,Active,P003978,SYNTH_CDR_DB
PH008306,9366202452,+91,Carrier_A,Maharashtra,2013-03-30,,Active,P000896,SYNTH_CDR_DB
PH008307,9702928926,+91,Carrier_B,Maharashtra,2022-01-20,,Active,P005120,SYNTH_IDENTITY_DB
PH008308,9434760564,+91,Carrier_B,Maharashtra,2014-06-03,,Active,P002248,SYNTH_CDR_DB
PH008309,9673960591,+91,Carrier_A,Maharashtra,2025-01-12,2026-08-29,Suspended,P006351,SYNTH_TELECOM_DB
PH008310,9238693629,+91,Carrier_A,Maharashtra,2026-08-10,,Active,P003698,SYNTH_IDENTITY_DB
PH008311,9756602778,+91,Carrier_B,Maharashtra,2024-07-20,2026-08-29,Inactive,P002022,SYNTH_TELECOM_DB
PH008312,9115782224,+91,Carrier_A,Maharashtra,2026-02-02,,Active,P002724,SYNTH_IDENTITY_DB
PH008313,9524944299,+91,Carrier_B,Maharashtra,2023-05-26,,Active,P005091,SYNTH_TELECOM_DB
PH008314,9931138555,+91,Carrier_B,Maharashtra,2010-03-15,,Active,P003499,SYNTH_TELECOM_DB
PH008315,9834018160,+91,Carrier_B,Maharashtra,2025-07-16,,Active,P001970,SYNTH_TELECOM_DB
PH008316,9799178658,+91,Carrier_A,Maharashtra,2024-05-18,,Active,P002707,SYNTH_IDENTITY_DB
PH008317,9484319823,+91,Carrier_C,Maharashtra,2017-04-21,,Active,P006590,SYNTH_IDENTITY_DB
PH008318,9120469210,+91,Carrier_A,Maharashtra,2018-04-30,,Active,P001713,SYNTH_IDENTITY_DB
PH008319,9258605133,+91,Carrier_C,Maharashtra,2026-06-02,,Active,P005290,SYNTH_TELECOM_DB
PH008320,9920201619,+91,Carrier_B,Maharashtra,2023-12-15,,Active,P000619,SYNTH_TELECOM_DB
PH008321,9837919174,+91,Carrier_B,Maharashtra,2018-12-28,,Active,P002281,SYNTH_CDR_DB
PH008322,9132606376,+91,Carrier_A,Maharashtra,2010-07-16,,Active,P005992,SYNTH_CDR_DB
PH008323,9647454711,+91,Carrier_D,Maharashtra,2015-04-11,,Active,P005231,SYNTH_TELECOM_DB
PH008324,9479461154,+91,Carrier_B,Maharashtra,2022-02-17,2023-01-18,Reassigned,P006417,SYNTH_TELECOM_DB
PH008325,9694516988,+91,Carrier_B,Maharashtra,2012-03-22,2014-09-02,Suspended,P004521,SYNTH_TELECOM_DB
PH008326,9725084023,+91,Carrier_C,Maharashtra,2011-06-30,2014-04-17,Inactive,P004586,SYNTH_CDR_DB
PH008327,9833049542,+91,Carrier_C,Maharashtra,2021-04-01,,Active,P003706,SYNTH_TELECOM_DB
PH008328,9580456431,+91,Carrier_E,Maharashtra,2019-12-07,,Active,P005265,SYNTH_TELECOM_DB
PH008329,9952276749,+91,Carrier_B,Maharashtra,2020-10-15,,Active,P005811,SYNTH_IDENTITY_DB
PH008330,9673186528,+91,Carrier_A,Maharashtra,2010-08-16,,Active,P006412,SYNTH_CDR_DB
PH008331,9142350731,+91,Carrier_C,Maharashtra,2024-07-06,2025-02-12,Inactive,P005091,SYNTH_TELECOM_DB
PH008332,9210276515,+91,Carrier_B,Maharashtra,2017-06-08,2019-02-07,Suspended,P006263,SYNTH_LEGACY_DB
PH008333,9752626695,+91,Carrier_C,Maharashtra,2021-06-08,,Active,P002971,SYNTH_TELECOM_DB
PH008334,9614161263,+91,Carrier_B,Maharashtra,2020-01-15,,Active,P001506,SYNTH_LEGACY_DB
PH008335,9202416536,+91,Carrier_A,Maharashtra,2018-12-30,,Active,P001805,SYNTH_IDENTITY_DB
PH008336,9837850384,+91,Carrier_E,Maharashtra,2020-09-13,,Active,P000488,SYNTH_TELECOM_DB
PH008337,9486558664,+91,Carrier_E,Maharashtra,2017-03-16,,Active,P003383,SYNTH_TELECOM_DB
PH008338,9259906436,+91,Carrier_C,Maharashtra,2018-04-12,,Active,P000640,SYNTH_LEGACY_DB
PH008339,9928931418,+91,Carrier_C,Maharashtra,2023-12-29,,Active,P004775,SYNTH_TELECOM_DB
PH008340,9821900978,+91,Carrier_A,Maharashtra,2023-08-17,,Active,P000942,SYNTH_TELECOM_DB
PH008341,9481652809,+91,Carrier_B,Maharashtra,2013-01-10,,Active,P005930,SYNTH_TELECOM_DB
PH008342,9973026222,+91,Carrier_C,Maharashtra,2017-04-19,2017-04-30,Suspended,P003391,SYNTH_IDENTITY_DB
PH008343,9454779093,+91,Carrier_A,Maharashtra,2015-12-17,2023-02-28,Reassigned,P004446,SYNTH_TELECOM_DB
PH008344,9623239258,+91,Carrier_D,Maharashtra,2023-07-08,,Active,P005327,SYNTH_TELECOM_DB
PH008345,9839815880,+91,Carrier_A,Maharashtra,2019-06-11,,Active,P006532,SYNTH_TELECOM_DB
PH008346,9358886912,+91,Carrier_A,Maharashtra,2015-07-08,2015-10-15,Inactive,P004873,SYNTH_LEGACY_DB
PH008347,9276756708,+91,Carrier_A,Maharashtra,2025-09-11,2026-08-29,Reassigned,P000305,SYNTH_LEGACY_DB
PH008348,9431765601,+91,Carrier_C,Maharashtra,2021-12-14,,Active,P005489,SYNTH_TELECOM_DB
PH008349,9363677602,+91,Carrier_A,Maharashtra,2020-03-30,,Active,P001067,SYNTH_TELECOM_DB
PH008350,9623273816,+91,Carrier_A,Maharashtra,2023-07-12,,Active,P005560,SYNTH_LEGACY_DB
PH008351,9405888693,+91,Carrier_B,Maharashtra,2016-10-16,,Active,P002802,SYNTH_TELECOM_DB
PH008352,9652113827,+91,Carrier_A,Maharashtra,2018-08-09,,Active,P002616,SYNTH_TELECOM_DB
PH008353,9175105073,+91,Carrier_A,Maharashtra,2012-12-31,,Active,P004770,SYNTH_TELECOM_DB
PH008354,9613188979,+91,Carrier_C,Maharashtra,2017-04-01,,Active,P002779,SYNTH_IDENTITY_DB
PH008355,9856960356,+91,Carrier_D,Maharashtra,2018-06-06,2019-09-05,Inactive,P004592,SYNTH_CDR_DB
PH008356,9168564942,+91,Carrier_B,Maharashtra,2017-07-09,2021-03-19,Inactive,P003871,SYNTH_TELECOM_DB
PH008357,9619053744,+91,Carrier_B,Maharashtra,2019-01-28,,Active,P005216,SYNTH_TELECOM_DB
PH008358,9899890248,+91,Carrier_C,Maharashtra,2023-06-04,,Active,P001517,SYNTH_TELECOM_DB
PH008359,9201032594,+91,Carrier_A,Maharashtra,2018-04-27,2018-09-13,Suspended,P001718,SYNTH_TELECOM_DB
PH008360,9984277963,+91,Carrier_A,Maharashtra,2017-11-27,2021-01-21,Inactive,P002956,SYNTH_CDR_DB
PH008361,9149789082,+91,Carrier_A,Maharashtra,2021-07-12,,Active,P003126,SYNTH_TELECOM_DB
PH008362,9443535316,+91,Carrier_B,Maharashtra,2022-02-16,,Active,P005653,SYNTH_CDR_DB
PH008363,9306473216,+91,Carrier_B,Maharashtra,2026-07-14,,Active,P002317,SYNTH_CDR_DB
PH008364,9961213018,+91,Carrier_D,Maharashtra,2026-08-06,,Active,P005891,SYNTH_TELECOM_DB
PH008365,9232787214,+91,Carrier_C,Maharashtra,2013-12-05,,Active,P006826,SYNTH_TELECOM_DB
PH008366,9529053949,+91,Carrier_B,Maharashtra,2010-01-15,,Active,P004927,SYNTH_CDR_DB
PH008367,9124378875,+91,Carrier_D,Maharashtra,2023-03-13,,Active,P005445,SYNTH_TELECOM_DB
PH008368,9505287986,+91,Carrier_B,Maharashtra,2012-04-25,,Active,P001376,SYNTH_TELECOM_DB
PH008369,9138362732,+91,Carrier_A,Maharashtra,2020-11-01,2026-08-29,Inactive,P005733,SYNTH_CDR_DB
PH008370,9407359151,+91,Carrier_D,Maharashtra,2018-08-26,,Active,P001010,SYNTH_TELECOM_DB
PH008371,9130113799,+91,Carrier_E,Maharashtra,2015-03-07,,Active,P001034,SYNTH_TELECOM_DB
PH008372,9823529753,+91,Carrier_E,Maharashtra,2011-01-28,,Active,P002571,SYNTH_CDR_DB
PH008373,9466237978,+91,Carrier_E,Maharashtra,2021-02-15,2022-11-06,Inactive,P000371,SYNTH_TELECOM_DB
PH008374,9970875044,+91,Carrier_C,Maharashtra,2025-11-08,,Active,P001782,SYNTH_CDR_DB
PH008375,9814889825,+91,Carrier_A,Maharashtra,2014-03-12,,Active,P001526,SYNTH_LEGACY_DB
PH008376,9272238430,+91,Carrier_D,Maharashtra,2016-07-07,,Active,P003471,SYNTH_CDR_DB
PH008377,9794662731,+91,Carrier_A,Maharashtra,2017-03-28,,Active,P002185,SYNTH_CDR_DB
PH008378,9775170954,+91,Carrier_A,Maharashtra,2012-02-07,,Active,P004246,SYNTH_CDR_DB
PH008379,9827881203,+91,Carrier_D,Maharashtra,2011-03-21,,Active,P006794,SYNTH_CDR_DB
PH008380,9360893141,+91,Carrier_B,Maharashtra,2026-06-10,,Active,P006787,SYNTH_TELECOM_DB
PH008381,9231720957,+91,Carrier_C,Maharashtra,2023-08-03,,Active,P001643,SYNTH_IDENTITY_DB
PH008382,9683614875,+91,Carrier_B,Maharashtra,2013-02-16,2015-02-08,Suspended,P003468,SYNTH_TELECOM_DB
PH008383,9585365946,+91,Carrier_C,Maharashtra,2015-06-10,,Active,P005020,SYNTH_CDR_DB
PH008384,9374464635,+91,Carrier_B,Maharashtra,2018-05-04,2026-02-20,Reassigned,P006537,SYNTH_IDENTITY_DB
PH008385,9600584086,+91,Carrier_B,Maharashtra,2020-01-23,,Active,P004271,SYNTH_IDENTITY_DB
PH008386,9515515892,+91,Carrier_C,Maharashtra,2025-01-02,,Active,P005049,SYNTH_IDENTITY_DB
PH008387,9285435160,+91,Carrier_E,Maharashtra,2022-11-29,,Active,P006468,SYNTH_TELECOM_DB
PH008388,9717224646,+91,Carrier_B,Maharashtra,2025-05-25,,Active,P001425,SYNTH_TELECOM_DB
PH008389,9762934974,+91,Carrier_B,Maharashtra,2026-06-20,,Active,P006092,SYNTH_TELECOM_DB
PH008390,9263372117,+91,Carrier_A,Maharashtra,2020-05-23,,Active,P004915,SYNTH_CDR_DB
PH008391,9108375655,+91,Carrier_C,Maharashtra,2024-10-24,2026-02-12,Inactive,P003468,SYNTH_TELECOM_DB
PH008392,9932366263,+91,Carrier_A,Maharashtra,2020-10-14,,Active,P002991,SYNTH_CDR_DB
PH008393,9693992196,+91,Carrier_A,Maharashtra,2016-04-02,,Active,P003726,SYNTH_TELECOM_DB
PH008394,9956950881,+91,Carrier_C,Maharashtra,2020-11-25,,Active,P002896,SYNTH_TELECOM_DB
PH008395,9201240193,+91,Carrier_B,Maharashtra,2019-06-14,,Active,P001053,SYNTH_TELECOM_DB
PH008396,9416014045,+91,Carrier_A,Maharashtra,2023-01-08,,Active,P002263,SYNTH_LEGACY_DB
PH008397,9351961865,+91,Carrier_C,Maharashtra,2012-06-03,,Active,P002681,SYNTH_TELECOM_DB
PH008398,9689895144,+91,Carrier_E,Maharashtra,2021-11-19,,Active,P005076,SYNTH_TELECOM_DB
PH008399,9807683764,+91,Carrier_C,Maharashtra,2012-01-22,,Active,P004552,SYNTH_TELECOM_DB
PH008400,9347678584,+91,Carrier_A,Maharashtra,2019-09-12,,Active,P003530,SYNTH_CDR_DB
PH008401,9198567660,+91,Carrier_C,Maharashtra,2026-04-16,,Active,P000427,SYNTH_IDENTITY_DB
PH008402,9155499272,+91,Carrier_B,Maharashtra,2019-12-30,2021-12-25,Inactive,P004064,SYNTH_TELECOM_DB
PH008403,9356657132,+91,Carrier_A,Maharashtra,2023-08-16,2024-10-25,Inactive,P003498,SYNTH_TELECOM_DB
PH008404,9814565762,+91,Carrier_D,Maharashtra,2017-07-14,,Active,P004658,SYNTH_IDENTITY_DB
PH008405,9573243867,+91,Carrier_A,Maharashtra,2025-07-29,,Active,P000403,SYNTH_TELECOM_DB
PH008406,9919033649,+91,Carrier_B,Maharashtra,2013-04-23,2014-10-10,Inactive,P003059,SYNTH_LEGACY_DB
PH008407,9235572985,+91,Carrier_C,Maharashtra,2018-12-08,,Active,P004399,SYNTH_TELECOM_DB
PH008408,9892059442,+91,Carrier_A,Maharashtra,2015-04-18,2015-08-16,Inactive,P001066,SYNTH_CDR_DB
PH008409,9591522280,+91,Carrier_A,Maharashtra,2019-05-13,,Active,P005900,SYNTH_CDR_DB
PH008410,9467160975,+91,Carrier_B,Maharashtra,2011-11-08,,Active,P002972,SYNTH_IDENTITY_DB
PH008411,9487487801,+91,Carrier_A,Maharashtra,2024-08-14,2026-08-29,Inactive,P001254,SYNTH_TELECOM_DB
PH008412,9700588164,+91,Carrier_C,Maharashtra,2019-07-16,,Active,P001029,SYNTH_TELECOM_DB
PH008413,9173101757,+91,Carrier_B,Maharashtra,2026-03-25,,Active,P003347,SYNTH_LEGACY_DB
PH008414,9325652848,+91,Carrier_A,Maharashtra,2018-10-13,,Active,P002642,SYNTH_TELECOM_DB
PH008415,9885173942,+91,Carrier_A,Maharashtra,2025-10-12,,Active,P003217,SYNTH_TELECOM_DB
PH008416,9981978964,+91,Carrier_C,Maharashtra,2017-10-22,,Active,P003777,SYNTH_TELECOM_DB
PH008417,9470809789,+91,Carrier_B,Maharashtra,2025-12-30,2026-08-29,Suspended,P003496,SYNTH_CDR_DB
PH008418,9133313369,+91,Carrier_C,Maharashtra,2020-07-25,,Active,P004755,SYNTH_TELECOM_DB
PH008419,9976578254,+91,Carrier_D,Maharashtra,2014-07-31,,Active,P003071,SYNTH_TELECOM_DB
PH008420,9307758393,+91,Carrier_D,Maharashtra,2025-10-20,,Active,P005940,SYNTH_TELECOM_DB
PH008421,9458232352,+91,Carrier_A,Maharashtra,2021-11-03,,Active,P003475,SYNTH_TELECOM_DB
PH008422,9184847468,+91,Carrier_B,Maharashtra,2017-10-18,,Active,P006478,SYNTH_TELECOM_DB
PH008423,9566083550,+91,Carrier_A,Maharashtra,2020-08-03,,Active,P004723,SYNTH_CDR_DB
PH008424,9821280303,+91,Carrier_B,Maharashtra,2025-10-19,,Active,P001079,SYNTH_LEGACY_DB
PH008425,9491987595,+91,Carrier_C,Maharashtra,2011-07-03,,Active,P003167,SYNTH_TELECOM_DB
PH008426,9689845936,+91,Carrier_B,Maharashtra,2020-06-08,,Active,P004012,SYNTH_TELECOM_DB
PH008427,9740411756,+91,Carrier_C,Maharashtra,2011-01-16,,Active,P001840,SYNTH_CDR_DB
PH008428,9350021033,+91,Carrier_B,Maharashtra,2010-03-26,,Active,P005195,SYNTH_LEGACY_DB
PH008429,9670203201,+91,Carrier_B,Maharashtra,2025-08-29,,Active,P005691,SYNTH_TELECOM_DB
PH008430,9770978345,+91,Carrier_D,Maharashtra,2014-06-04,,Active,P001020,SYNTH_LEGACY_DB
PH008431,9730411459,+91,Carrier_B,Maharashtra,2021-09-06,,Active,P003019,SYNTH_TELECOM_DB
PH008432,9132090550,+91,Carrier_B,Maharashtra,2012-02-15,2013-11-16,Reassigned,P006929,SYNTH_CDR_DB
PH008433,9348427582,+91,Carrier_A,Maharashtra,2017-01-28,,Active,P002429,SYNTH_TELECOM_DB
PH008434,9899333321,+91,Carrier_C,Maharashtra,2014-09-24,,Active,P003848,SYNTH_IDENTITY_DB
PH008435,9380029239,+91,Carrier_B,Maharashtra,2017-06-17,,Active,P003264,SYNTH_TELECOM_DB
PH008436,9102249961,+91,Carrier_C,Maharashtra,2024-07-19,,Active,P000920,SYNTH_TELECOM_DB
PH008437,9236991214,+91,Carrier_B,Maharashtra,2018-04-27,,Active,P006775,SYNTH_TELECOM_DB
PH008438,9871502338,+91,Carrier_A,Maharashtra,2015-01-22,,Active,P003005,SYNTH_LEGACY_DB
PH008439,9917653182,+91,Carrier_A,Maharashtra,2015-02-17,,Active,P006603,SYNTH_TELECOM_DB
PH008440,9563089894,+91,Carrier_A,Maharashtra,2012-01-10,,Active,P005525,SYNTH_CDR_DB
PH008441,9267033012,+91,Carrier_C,Maharashtra,2019-05-13,,Active,P000223,SYNTH_CDR_DB
PH008442,9164330896,+91,Carrier_A,Maharashtra,2015-05-01,,Active,P003864,SYNTH_IDENTITY_DB
PH008443,9403552329,+91,Carrier_E,Maharashtra,2026-01-04,,Active,P002609,SYNTH_CDR_DB
PH008444,9684538541,+91,Carrier_E,Maharashtra,2016-07-01,2018-02-19,Inactive,P002017,SYNTH_IDENTITY_DB
PH008445,9247533023,+91,Carrier_A,Maharashtra,2012-04-20,,Active,P006848,SYNTH_TELECOM_DB
PH008446,9468167372,+91,Carrier_D,Maharashtra,2012-07-26,,Active,P002637,SYNTH_TELECOM_DB
PH008447,9942528051,+91,Carrier_A,Maharashtra,2024-11-21,,Active,P005910,SYNTH_TELECOM_DB
PH008448,9299084837,+91,Carrier_B,Maharashtra,2026-07-25,2026-08-29,Suspended,P002756,SYNTH_TELECOM_DB
PH008449,9780946804,+91,Carrier_D,Maharashtra,2019-07-28,2020-02-28,Suspended,P002438,SYNTH_IDENTITY_DB
PH008450,9740601457,+91,Carrier_A,Maharashtra,2010-04-15,2011-02-24,Suspended,P003734,SYNTH_CDR_DB
PH008451,9524542243,+91,Carrier_C,Maharashtra,2021-03-22,,Active,P006820,SYNTH_TELECOM_DB
PH008452,9866457600,+91,Carrier_A,Maharashtra,2020-01-31,,Active,P003466,SYNTH_TELECOM_DB
PH008453,9487192003,+91,Carrier_A,Maharashtra,2022-10-23,,Active,P000128,SYNTH_LEGACY_DB
PH008454,9553619566,+91,Carrier_A,Maharashtra,2015-03-23,,Active,P001629,SYNTH_TELECOM_DB
PH008455,9730943922,+91,Carrier_C,Maharashtra,2024-05-07,,Active,P006039,SYNTH_IDENTITY_DB
PH008456,9233311523,+91,Carrier_C,Maharashtra,2013-01-13,,Active,P002298,SYNTH_TELECOM_DB
PH008457,9207294774,+91,Carrier_A,Maharashtra,2010-11-30,,Active,P005319,SYNTH_IDENTITY_DB
PH008458,9380277313,+91,Carrier_C,Maharashtra,2023-05-13,,Active,P003552,SYNTH_TELECOM_DB
PH008459,9813785964,+91,Carrier_A,Maharashtra,2022-08-21,2026-08-29,Inactive,P001189,SYNTH_CDR_DB
PH008460,9379620943,+91,Carrier_A,Maharashtra,2016-08-23,,Active,P001604,SYNTH_IDENTITY_DB
PH008461,9239775416,+91,Carrier_A,Maharashtra,2010-09-03,2010-10-22,Suspended,P003946,SYNTH_IDENTITY_DB
PH008462,9228435404,+91,Carrier_A,Maharashtra,2025-03-08,,Active,P002829,SYNTH_TELECOM_DB
PH008463,9386063581,+91,Carrier_B,Maharashtra,2014-02-22,2014-06-11,Suspended,P002622,SYNTH_IDENTITY_DB
PH008464,9134905856,+91,Carrier_A,Maharashtra,2024-05-25,,Active,P004273,SYNTH_IDENTITY_DB
PH008465,9741514199,+91,Carrier_A,Maharashtra,2025-03-28,,Active,P004731,SYNTH_TELECOM_DB
PH008466,9461520810,+91,Carrier_A,Maharashtra,2018-04-03,,Active,P004784,SYNTH_CDR_DB
PH008467,9346010524,+91,Carrier_A,Maharashtra,2017-08-03,2019-12-27,Inactive,P002345,SYNTH_TELECOM_DB
PH008468,9718509924,+91,Carrier_D,Maharashtra,2024-09-03,2026-08-29,Inactive,P000983,SYNTH_CDR_DB
PH008469,9948063779,+91,Carrier_B,Maharashtra,2015-09-10,,Active,P003081,SYNTH_TELECOM_DB
PH008470,9594357164,+91,Carrier_A,Maharashtra,2025-07-23,2026-08-29,Suspended,P005885,SYNTH_TELECOM_DB
PH008471,9712445286,+91,Carrier_B,Maharashtra,2018-04-05,,Active,P000298,SYNTH_TELECOM_DB
PH008472,9913825723,+91,Carrier_A,Maharashtra,2019-01-27,2020-01-22,Reassigned,P002236,SYNTH_TELECOM_DB
PH008473,9798115109,+91,Carrier_B,Maharashtra,2021-03-24,,Active,P005015,SYNTH_TELECOM_DB
PH008474,9968506371,+91,Carrier_A,Maharashtra,2021-03-14,2026-08-29,Reassigned,P004842,SYNTH_CDR_DB
PH008475,9692105367,+91,Carrier_B,Maharashtra,2016-01-17,2016-11-13,Inactive,P000712,SYNTH_IDENTITY_DB
PH008476,9606110302,+91,Carrier_A,Maharashtra,2019-06-30,,Active,P002804,SYNTH_TELECOM_DB
PH008477,9431279604,+91,Carrier_B,Maharashtra,2024-03-22,,Active,P006281,SYNTH_TELECOM_DB
PH008478,9867995207,+91,Carrier_B,Maharashtra,2015-06-21,,Active,P000170,SYNTH_TELECOM_DB
PH008479,9786115057,+91,Carrier_B,Maharashtra,2012-05-24,,Active,P005216,SYNTH_TELECOM_DB
PH008480,9774961801,+91,Carrier_A,Maharashtra,2026-07-27,,Active,P002039,SYNTH_LEGACY_DB
PH008481,9874544297,+91,Carrier_A,Maharashtra,2019-02-02,,Active,P005666,SYNTH_TELECOM_DB
PH008482,9825876894,+91,Carrier_C,Maharashtra,2019-09-01,,Active,P005145,SYNTH_TELECOM_DB
PH008483,9315913705,+91,Carrier_A,Maharashtra,2014-04-24,,Active,P001295,SYNTH_TELECOM_DB
PH008484,9945487476,+91,Carrier_A,Maharashtra,2024-08-31,2026-08-29,Suspended,P004457,SYNTH_TELECOM_DB
PH008485,9479954502,+91,Carrier_A,Maharashtra,2018-08-20,,Active,P001720,SYNTH_CDR_DB
PH008486,9293421780,+91,Carrier_C,Maharashtra,2017-11-20,,Active,P005680,SYNTH_IDENTITY_DB
PH008487,9689924351,+91,Carrier_A,Maharashtra,2017-06-30,,Active,P002330,SYNTH_TELECOM_DB
PH008488,9652059110,+91,Carrier_B,Maharashtra,2025-01-21,2026-08-29,Inactive,P004340,SYNTH_TELECOM_DB
PH008489,9428205718,+91,Carrier_B,Maharashtra,2026-07-14,,Active,P001838,SYNTH_CDR_DB
PH008490,9840461997,+91,Carrier_A,Maharashtra,2021-08-24,,Active,P002475,SYNTH_TELECOM_DB
PH008491,9257260396,+91,Carrier_A,Maharashtra,2016-04-23,,Active,P006238,SYNTH_TELECOM_DB
PH008492,9388710388,+91,Carrier_A,Maharashtra,2025-06-19,2026-08-29,Inactive,P000260,SYNTH_TELECOM_DB
PH008493,9527569477,+91,Carrier_E,Maharashtra,2026-05-29,,Active,P003946,SYNTH_CDR_DB
PH008494,9201598342,+91,Carrier_A,Maharashtra,2019-10-26,,Active,P003283,SYNTH_LEGACY_DB
PH008495,9506693792,+91,Carrier_B,Maharashtra,2018-08-07,,Active,P001316,SYNTH_TELECOM_DB
PH008496,9946759336,+91,Carrier_B,Maharashtra,2016-12-09,2018-04-18,Inactive,P000749,SYNTH_CDR_DB
PH008497,9494096126,+91,Carrier_A,Maharashtra,2010-10-01,,Active,P005419,SYNTH_CDR_DB
PH008498,9670887470,+91,Carrier_B,Maharashtra,2023-01-23,2025-08-05,Suspended,P003915,SYNTH_LEGACY_DB
PH008499,9477767960,+91,Carrier_C,Maharashtra,2025-02-17,,Active,P004689,SYNTH_IDENTITY_DB
PH008500,9444276493,+91,Carrier_A,Maharashtra,2010-09-12,,Active,P001261,SYNTH_TELECOM_DB
PH008501,9828937121,+91,Carrier_A,Maharashtra,2012-06-01,,Active,P003730,SYNTH_TELECOM_DB
PH008502,9481384545,+91,Carrier_C,Maharashtra,2025-10-18,2026-08-29,Reassigned,P002514,SYNTH_TELECOM_DB
PH008503,9421683189,+91,Carrier_A,Maharashtra,2022-11-15,,Active,P005854,SYNTH_TELECOM_DB
PH008504,9847070277,+91,Carrier_A,Maharashtra,2011-09-02,,Active,P004878,SYNTH_TELECOM_DB
PH008505,9280443850,+91,Carrier_B,Maharashtra,2024-03-03,,Active,P003518,SYNTH_CDR_DB
PH008506,9716386301,+91,Carrier_B,Maharashtra,2015-10-01,,Active,P003491,SYNTH_CDR_DB
PH008507,9730085327,+91,Carrier_B,Maharashtra,2021-04-09,,Active,P000795,SYNTH_TELECOM_DB
PH008508,9621874848,+91,Carrier_D,Maharashtra,2024-01-29,2025-05-05,Suspended,P006706,SYNTH_TELECOM_DB
PH008509,9318468667,+91,Carrier_B,Maharashtra,2019-03-28,,Active,P003718,SYNTH_TELECOM_DB
PH008510,9268809620,+91,Carrier_C,Maharashtra,2014-10-05,,Active,P005669,SYNTH_TELECOM_DB
PH008511,9867632444,+91,Carrier_A,Maharashtra,2014-03-13,,Active,P003605,SYNTH_TELECOM_DB
PH008512,9817179614,+91,Carrier_D,Maharashtra,2022-10-26,2026-08-29,Reassigned,P006003,SYNTH_CDR_DB
PH008513,9461451342,+91,Carrier_A,Maharashtra,2021-08-26,,Active,P003950,SYNTH_TELECOM_DB
PH008514,9720585745,+91,Carrier_A,Maharashtra,2012-08-01,,Active,P005635,SYNTH_TELECOM_DB
PH008515,9676382583,+91,Carrier_A,Maharashtra,2014-02-26,2015-12-16,Suspended,P002994,SYNTH_TELECOM_DB
PH008516,9437149509,+91,Carrier_C,Maharashtra,2015-09-29,,Active,P001370,SYNTH_CDR_DB
PH008517,9554272314,+91,Carrier_A,Maharashtra,2020-06-18,,Active,P002665,SYNTH_CDR_DB
PH008518,9721330354,+91,Carrier_A,Maharashtra,2018-08-16,,Active,P001105,SYNTH_LEGACY_DB
PH008519,9697750566,+91,Carrier_E,Maharashtra,2014-11-14,,Active,P004523,SYNTH_CDR_DB
PH008520,9259194192,+91,Carrier_A,Maharashtra,2020-09-09,,Active,P000667,SYNTH_TELECOM_DB
PH008521,9333326381,+91,Carrier_A,Maharashtra,2014-07-21,2015-06-11,Inactive,P002394,SYNTH_LEGACY_DB
PH008522,9736333150,+91,Carrier_A,Maharashtra,2011-12-16,2017-03-05,Inactive,P006351,SYNTH_LEGACY_DB
PH008523,9309791428,+91,Carrier_D,Maharashtra,2025-03-16,,Active,P004360,SYNTH_TELECOM_DB
PH008524,9274275014,+91,Carrier_A,Maharashtra,2025-02-26,,Active,P002885,SYNTH_IDENTITY_DB
PH008525,9133126787,+91,Carrier_C,Maharashtra,2017-04-22,2023-05-01,Inactive,P003598,SYNTH_TELECOM_DB
PH008526,9759232094,+91,Carrier_A,Maharashtra,2025-12-17,,Active,P000344,SYNTH_CDR_DB
PH008527,9972219622,+91,Carrier_A,Maharashtra,2017-07-10,,Active,P005182,SYNTH_LEGACY_DB
PH008528,9549318819,+91,Carrier_A,Maharashtra,2010-03-18,2016-10-16,Reassigned,P001067,SYNTH_TELECOM_DB
PH008529,9298510356,+91,Carrier_A,Maharashtra,2022-08-06,,Active,P006973,SYNTH_LEGACY_DB
PH008530,9896698157,+91,Carrier_B,Maharashtra,2023-02-21,,Active,P003301,SYNTH_TELECOM_DB
PH008531,9484647134,+91,Carrier_C,Maharashtra,2014-09-29,,Active,P005926,SYNTH_TELECOM_DB
PH008532,9106156013,+91,Carrier_B,Maharashtra,2013-05-30,2020-01-13,Reassigned,P004431,SYNTH_TELECOM_DB
PH008533,9611985832,+91,Carrier_B,Maharashtra,2025-02-04,,Active,P004727,SYNTH_LEGACY_DB
PH008534,9785959781,+91,Carrier_A,Maharashtra,2025-12-08,,Active,P000383,SYNTH_LEGACY_DB
PH008535,9953741724,+91,Carrier_C,Maharashtra,2015-01-08,,Active,P000304,SYNTH_CDR_DB
PH008536,9586731564,+91,Carrier_C,Maharashtra,2023-02-28,,Active,P001314,SYNTH_CDR_DB
PH008537,9567721556,+91,Carrier_A,Maharashtra,2018-03-22,2021-04-04,Inactive,P004737,SYNTH_TELECOM_DB
PH008538,9846558283,+91,Carrier_D,Maharashtra,2015-06-19,,Active,P004714,SYNTH_LEGACY_DB
PH008539,9364433488,+91,Carrier_C,Maharashtra,2019-09-10,,Active,P001634,SYNTH_TELECOM_DB
PH008540,9217278316,+91,Carrier_B,Maharashtra,2011-02-01,,Active,P000810,SYNTH_LEGACY_DB
PH008541,9626922017,+91,Carrier_A,Maharashtra,2010-08-10,,Active,P004732,SYNTH_TELECOM_DB
PH008542,9201821862,+91,Carrier_C,Maharashtra,2012-03-12,,Active,P001153,SYNTH_CDR_DB
PH008543,9524357532,+91,Carrier_B,Maharashtra,2025-04-08,,Active,P004771,SYNTH_TELECOM_DB
PH008544,9375000879,+91,Carrier_A,Maharashtra,2020-11-01,,Active,P000079,SYNTH_CDR_DB
PH008545,9825990709,+91,Carrier_A,Maharashtra,2010-03-21,2012-08-03,Suspended,P001723,SYNTH_TELECOM_DB
PH008546,9702906525,+91,Carrier_D,Maharashtra,2014-05-26,,Active,P003619,SYNTH_TELECOM_DB
PH008547,9920519728,+91,Carrier_A,Maharashtra,2011-05-25,,Active,P006191,SYNTH_TELECOM_DB
PH008548,9464000267,+91,Carrier_D,Maharashtra,2023-03-21,,Active,P004764,SYNTH_LEGACY_DB
PH008549,9454503626,+91,Carrier_A,Maharashtra,2013-03-13,,Active,P002601,SYNTH_TELECOM_DB
PH008550,9937115392,+91,Carrier_C,Maharashtra,2014-09-16,,Active,P001701,SYNTH_TELECOM_DB
PH008551,9474318668,+91,Carrier_B,Maharashtra,2011-06-26,2014-10-27,Inactive,P002457,SYNTH_TELECOM_DB
PH008552,9636550272,+91,Carrier_A,Maharashtra,2010-01-29,,Active,P003292,SYNTH_TELECOM_DB
PH008553,9257830159,+91,Carrier_A,Maharashtra,2010-01-18,,Active,P005585,SYNTH_CDR_DB
PH008554,9465622629,+91,Carrier_A,Maharashtra,2025-06-06,2026-08-29,Reassigned,P000014,SYNTH_CDR_DB
PH008555,9913172399,+91,Carrier_E,Maharashtra,2025-04-05,,Active,P006856,SYNTH_TELECOM_DB
PH008556,9751964235,+91,Carrier_E,Maharashtra,2023-03-20,,Active,P000226,SYNTH_TELECOM_DB
PH008557,9453152639,+91,Carrier_C,Maharashtra,2018-01-19,,Active,P005496,SYNTH_IDENTITY_DB
PH008558,9141700342,+91,Carrier_A,Maharashtra,2026-07-14,,Active,P005741,SYNTH_IDENTITY_DB
PH008559,9512666997,+91,Carrier_B,Maharashtra,2017-01-19,2019-01-31,Inactive,P000990,SYNTH_TELECOM_DB
PH008560,9774220095,+91,Carrier_E,Maharashtra,2012-04-25,2016-06-15,Inactive,P000816,SYNTH_TELECOM_DB
PH008561,9410692263,+91,Carrier_B,Maharashtra,2013-02-14,,Active,P002388,SYNTH_TELECOM_DB
PH008562,9926489628,+91,Carrier_A,Maharashtra,2017-05-27,,Active,P002672,SYNTH_TELECOM_DB
PH008563,9343804319,+91,Carrier_D,Maharashtra,2025-10-16,,Active,P004797,SYNTH_TELECOM_DB
PH008564,9842131392,+91,Carrier_B,Maharashtra,2026-03-08,,Active,P003308,SYNTH_TELECOM_DB
PH008565,9653662668,+91,Carrier_C,Maharashtra,2012-11-06,,Active,P000321,SYNTH_TELECOM_DB
PH008566,9159586765,+91,Carrier_C,Maharashtra,2020-01-22,,Active,P005903,SYNTH_CDR_DB
PH008567,9887703352,+91,Carrier_A,Maharashtra,2024-12-26,2025-10-30,Suspended,P001118,SYNTH_TELECOM_DB
PH008568,9993570894,+91,Carrier_E,Maharashtra,2013-08-23,2019-07-14,Inactive,P005317,SYNTH_TELECOM_DB
PH008569,9448697700,+91,Carrier_B,Maharashtra,2019-09-30,,Active,P002675,SYNTH_TELECOM_DB
PH008570,9327369539,+91,Carrier_D,Maharashtra,2013-08-10,,Active,P002094,SYNTH_TELECOM_DB
PH008571,9304661052,+91,Carrier_A,Maharashtra,2024-12-03,,Active,P001510,SYNTH_CDR_DB
PH008572,9444704307,+91,Carrier_A,Maharashtra,2025-08-09,,Active,P006597,SYNTH_TELECOM_DB
PH008573,9961571063,+91,Carrier_C,Maharashtra,2022-01-16,,Active,P000322,SYNTH_CDR_DB
PH008574,9142891346,+91,Carrier_A,Maharashtra,2026-05-11,,Active,P006692,SYNTH_LEGACY_DB
PH008575,9770549260,+91,Carrier_B,Maharashtra,2023-12-19,,Active,P003342,SYNTH_TELECOM_DB
PH008576,9200027248,+91,Carrier_A,Maharashtra,2024-04-14,,Active,P002815,SYNTH_IDENTITY_DB
PH008577,9713336980,+91,Carrier_C,Maharashtra,2017-04-25,,Active,P004232,SYNTH_TELECOM_DB
PH008578,9248107886,+91,Carrier_B,Maharashtra,2017-03-21,2018-09-14,Inactive,P003096,SYNTH_LEGACY_DB
PH008579,9485008316,+91,Carrier_B,Maharashtra,2010-12-23,,Active,P004131,SYNTH_IDENTITY_DB
PH008580,9580573897,+91,Carrier_B,Maharashtra,2018-01-03,,Active,P003016,SYNTH_IDENTITY_DB
PH008581,9790231818,+91,Carrier_A,Maharashtra,2023-03-14,,Active,P003325,SYNTH_TELECOM_DB
PH008582,9490928713,+91,Carrier_A,Maharashtra,2018-06-28,,Active,P004555,SYNTH_CDR_DB
PH008583,9664985347,+91,Carrier_A,Maharashtra,2020-10-03,2020-12-19,Inactive,P003393,SYNTH_TELECOM_DB
PH008584,9433244805,+91,Carrier_C,Maharashtra,2015-01-31,2016-10-12,Inactive,P002316,SYNTH_IDENTITY_DB
PH008585,9680437542,+91,Carrier_A,Maharashtra,2022-08-09,,Active,P003684,SYNTH_IDENTITY_DB
PH008586,9957897057,+91,Carrier_A,Maharashtra,2025-12-13,,Active,P003755,SYNTH_TELECOM_DB
PH008587,9389258301,+91,Carrier_A,Maharashtra,2021-01-03,2021-02-26,Inactive,P004984,SYNTH_TELECOM_DB
PH008588,9357553969,+91,Carrier_A,Maharashtra,2012-03-27,,Active,P006190,SYNTH_TELECOM_DB
PH008589,9207717412,+91,Carrier_A,Maharashtra,2020-02-17,,Active,P000357,SYNTH_LEGACY_DB
PH008590,9710170289,+91,Carrier_D,Maharashtra,2022-10-18,,Active,P003510,SYNTH_TELECOM_DB
PH008591,9359075281,+91,Carrier_A,Maharashtra,2019-06-22,,Active,P003151,SYNTH_IDENTITY_DB
PH008592,9761988494,+91,Carrier_B,Maharashtra,2010-05-06,,Active,P000719,SYNTH_TELECOM_DB
PH008593,9973998448,+91,Carrier_D,Maharashtra,2018-08-22,,Active,P006597,SYNTH_IDENTITY_DB
PH008594,9626872008,+91,Carrier_E,Maharashtra,2010-03-23,,Active,P000037,SYNTH_CDR_DB
PH008595,9281274408,+91,Carrier_B,Maharashtra,2016-07-02,,Active,P003930,SYNTH_LEGACY_DB
PH008596,9559316803,+91,Carrier_A,Maharashtra,2018-05-03,2018-06-30,Inactive,P001143,SYNTH_TELECOM_DB
PH008597,9396019475,+91,Carrier_B,Maharashtra,2017-12-01,,Active,P004499,SYNTH_CDR_DB
PH008598,9857930121,+91,Carrier_A,Maharashtra,2011-03-11,,Active,P002017,SYNTH_IDENTITY_DB
PH008599,9150230220,+91,Carrier_D,Maharashtra,2018-11-24,,Active,P005805,SYNTH_IDENTITY_DB
PH008600,9840799337,+91,Carrier_B,Maharashtra,2014-03-30,,Active,P002413,SYNTH_CDR_DB
PH008601,9463621180,+91,Carrier_D,Maharashtra,2021-08-15,,Active,P000684,SYNTH_CDR_DB
PH008602,9740760585,+91,Carrier_C,Maharashtra,2017-09-05,,Active,P000525,SYNTH_IDENTITY_DB
PH008603,9560144873,+91,Carrier_A,Maharashtra,2025-12-05,,Active,P002765,SYNTH_TELECOM_DB
PH008604,9928548700,+91,Carrier_A,Maharashtra,2020-05-09,2025-06-26,Inactive,P002225,SYNTH_LEGACY_DB
PH008605,9725443326,+91,Carrier_A,Maharashtra,2011-03-22,,Active,P000909,SYNTH_CDR_DB
PH008606,9659080019,+91,Carrier_A,Maharashtra,2014-04-06,2016-11-17,Suspended,P006222,SYNTH_TELECOM_DB
PH008607,9260487722,+91,Carrier_B,Maharashtra,2011-12-06,,Active,P000481,SYNTH_LEGACY_DB
PH008608,9411966092,+91,Carrier_A,Maharashtra,2021-09-03,,Active,P005760,SYNTH_TELECOM_DB
PH008609,9573508115,+91,Carrier_A,Maharashtra,2025-11-15,,Active,P004126,SYNTH_CDR_DB
PH008610,9110654297,+91,Carrier_A,Maharashtra,2017-04-17,,Active,P003602,SYNTH_TELECOM_DB
PH008611,9492043802,+91,Carrier_C,Maharashtra,2025-07-22,2026-08-29,Inactive,P001557,SYNTH_TELECOM_DB
PH008612,9897570769,+91,Carrier_B,Maharashtra,2021-12-22,,Active,P003092,SYNTH_TELECOM_DB
PH008613,9312363232,+91,Carrier_C,Maharashtra,2022-02-13,2026-08-29,Inactive,P002461,SYNTH_IDENTITY_DB
PH008614,9464032411,+91,Carrier_A,Maharashtra,2015-05-12,2021-02-16,Inactive,P006959,SYNTH_CDR_DB
PH008615,9690180230,+91,Carrier_B,Maharashtra,2018-05-30,,Active,P001813,SYNTH_CDR_DB
PH008616,9911339907,+91,Carrier_B,Maharashtra,2011-06-30,,Active,P003282,SYNTH_CDR_DB
PH008617,9218190788,+91,Carrier_A,Maharashtra,2010-07-13,,Active,P005310,SYNTH_TELECOM_DB
PH008618,9393265122,+91,Carrier_C,Maharashtra,2023-02-16,,Active,P000509,SYNTH_TELECOM_DB
PH008619,9122379093,+91,Carrier_B,Maharashtra,2025-08-11,,Active,P006952,SYNTH_LEGACY_DB
PH008620,9918625289,+91,Carrier_C,Maharashtra,2014-07-02,2014-10-04,Inactive,P006746,SYNTH_LEGACY_DB
PH008621,9359604993,+91,Carrier_A,Maharashtra,2016-03-08,,Active,P005927,SYNTH_TELECOM_DB
PH008622,9221762160,+91,Carrier_A,Maharashtra,2013-12-27,2017-01-12,Inactive,P001615,SYNTH_TELECOM_DB
PH008623,9952704242,+91,Carrier_E,Maharashtra,2022-07-24,,Active,P003866,SYNTH_LEGACY_DB
PH008624,9170722687,+91,Carrier_A,Maharashtra,2024-01-29,,Active,P002086,SYNTH_LEGACY_DB
PH008625,9608492641,+91,Carrier_E,Maharashtra,2026-03-16,,Active,P000539,SYNTH_CDR_DB
PH008626,9328167686,+91,Carrier_D,Maharashtra,2023-12-15,,Active,P004364,SYNTH_CDR_DB
PH008627,9330974262,+91,Carrier_E,Maharashtra,2017-12-29,2022-06-14,Inactive,P004059,SYNTH_CDR_DB
PH008628,9359491711,+91,Carrier_D,Maharashtra,2026-01-31,2026-08-29,Inactive,P005849,SYNTH_TELECOM_DB
PH008629,9648191874,+91,Carrier_B,Maharashtra,2015-10-15,2018-10-08,Inactive,P006393,SYNTH_CDR_DB
PH008630,9478555428,+91,Carrier_D,Maharashtra,2012-05-04,,Active,P006755,SYNTH_IDENTITY_DB
PH008631,9432977545,+91,Carrier_C,Maharashtra,2022-08-05,,Active,P005741,SYNTH_TELECOM_DB
PH008632,9339505990,+91,Carrier_D,Maharashtra,2011-02-10,,Active,P006518,SYNTH_TELECOM_DB
PH008633,9419333297,+91,Carrier_A,Maharashtra,2014-12-06,,Active,P004642,SYNTH_TELECOM_DB
PH008634,9980128442,+91,Carrier_A,Maharashtra,2022-10-13,2026-08-29,Inactive,P003945,SYNTH_LEGACY_DB
PH008635,9553236005,+91,Carrier_B,Maharashtra,2022-10-14,,Active,P005064,SYNTH_TELECOM_DB
PH008636,9398663482,+91,Carrier_B,Maharashtra,2020-08-24,,Active,P002499,SYNTH_CDR_DB
PH008637,9752981843,+91,Carrier_A,Maharashtra,2025-10-27,2026-08-29,Reassigned,P002629,SYNTH_TELECOM_DB
PH008638,9675396460,+91,Carrier_B,Maharashtra,2018-04-02,,Active,P002121,SYNTH_CDR_DB
PH008639,9778938542,+91,Carrier_A,Maharashtra,2014-05-11,,Active,P006761,SYNTH_LEGACY_DB
PH008640,9273263863,+91,Carrier_B,Maharashtra,2014-08-11,,Active,P002373,SYNTH_TELECOM_DB
PH008641,9255795486,+91,Carrier_B,Maharashtra,2017-04-26,,Active,P005129,SYNTH_TELECOM_DB
PH008642,9475949341,+91,Carrier_C,Maharashtra,2013-05-27,,Active,P004991,SYNTH_LEGACY_DB
PH008643,9423470362,+91,Carrier_C,Maharashtra,2012-04-23,,Active,P003096,SYNTH_TELECOM_DB
PH008644,9657809904,+91,Carrier_A,Maharashtra,2017-07-20,,Active,P000340,SYNTH_IDENTITY_DB
PH008645,9504200812,+91,Carrier_B,Maharashtra,2013-05-16,,Active,P005970,SYNTH_TELECOM_DB
PH008646,9757332181,+91,Carrier_A,Maharashtra,2018-01-01,,Active,P001604,SYNTH_TELECOM_DB
PH008647,9115426487,+91,Carrier_A,Maharashtra,2012-08-02,,Active,P005359,SYNTH_CDR_DB
PH008648,9462382353,+91,Carrier_B,Maharashtra,2021-12-06,,Active,P003152,SYNTH_TELECOM_DB
PH008649,9927973034,+91,Carrier_C,Maharashtra,2023-08-15,,Active,P001258,SYNTH_LEGACY_DB
PH008650,9882562059,+91,Carrier_A,Maharashtra,2016-10-26,,Active,P000128,SYNTH_TELECOM_DB
PH008651,9221760576,+91,Carrier_C,Maharashtra,2013-03-30,2019-01-16,Reassigned,P002904,SYNTH_IDENTITY_DB
PH008652,9474775816,+91,Carrier_C,Maharashtra,2021-03-18,,Active,P004951,SYNTH_TELECOM_DB
PH008653,9196612419,+91,Carrier_A,Maharashtra,2016-06-18,,Active,P003007,SYNTH_LEGACY_DB
PH008654,9843172294,+91,Carrier_C,Maharashtra,2011-02-16,,Active,P005244,SYNTH_CDR_DB
PH008655,9613999345,+91,Carrier_A,Maharashtra,2016-06-21,,Active,P002335,SYNTH_TELECOM_DB
PH008656,9716243968,+91,Carrier_B,Maharashtra,2023-11-06,,Active,P002266,SYNTH_TELECOM_DB
PH008657,9315164728,+91,Carrier_B,Maharashtra,2021-12-15,2022-11-15,Inactive,P002445,SYNTH_CDR_DB
PH008658,9427700416,+91,Carrier_D,Maharashtra,2023-03-21,,Active,P006448,SYNTH_CDR_DB
PH008659,9988187956,+91,Carrier_B,Maharashtra,2024-11-22,,Active,P000074,SYNTH_CDR_DB
PH008660,9481859276,+91,Carrier_A,Maharashtra,2019-02-03,2019-09-08,Suspended,P002862,SYNTH_IDENTITY_DB
PH008661,9622446343,+91,Carrier_B,Maharashtra,2018-07-24,,Active,P004689,SYNTH_IDENTITY_DB
PH008662,9551590689,+91,Carrier_B,Maharashtra,2020-02-20,,Active,P000204,SYNTH_TELECOM_DB
PH008663,9945969403,+91,Carrier_A,Maharashtra,2018-06-23,,Active,P003429,SYNTH_TELECOM_DB
PH008664,9356600749,+91,Carrier_B,Maharashtra,2019-07-31,,Active,P001514,SYNTH_LEGACY_DB
PH008665,9755467672,+91,Carrier_C,Maharashtra,2011-04-21,2012-10-03,Suspended,P002345,SYNTH_TELECOM_DB
PH008666,9116657132,+91,Carrier_A,Maharashtra,2020-02-03,,Active,P002621,SYNTH_TELECOM_DB
PH008667,9715947124,+91,Carrier_B,Maharashtra,2015-07-20,,Active,P003954,SYNTH_CDR_DB
PH008668,9837838519,+91,Carrier_B,Maharashtra,2024-04-14,2026-08-29,Inactive,P003611,SYNTH_TELECOM_DB
PH008669,9383228013,+91,Carrier_A,Maharashtra,2025-09-23,,Active,P003265,SYNTH_TELECOM_DB
PH008670,9394284045,+91,Carrier_B,Maharashtra,2018-03-09,,Active,P006134,SYNTH_CDR_DB
PH008671,9587947050,+91,Carrier_B,Maharashtra,2012-09-12,,Active,P000057,SYNTH_IDENTITY_DB
PH008672,9569072545,+91,Carrier_A,Maharashtra,2015-01-06,,Active,P004185,SYNTH_TELECOM_DB
PH008673,9715181773,+91,Carrier_A,Maharashtra,2017-07-19,,Active,P003215,SYNTH_LEGACY_DB
PH008674,9528698050,+91,Carrier_C,Maharashtra,2021-08-07,,Active,P001876,SYNTH_IDENTITY_DB
PH008675,9371186232,+91,Carrier_B,Maharashtra,2017-09-09,,Active,P001407,SYNTH_LEGACY_DB
PH008676,9748177981,+91,Carrier_B,Maharashtra,2025-10-16,2026-08-29,Suspended,P004276,SYNTH_TELECOM_DB
PH008677,9617142766,+91,Carrier_C,Maharashtra,2018-09-22,,Active,P000786,SYNTH_LEGACY_DB
PH008678,9178687185,+91,Carrier_D,Maharashtra,2013-08-13,,Active,P003682,SYNTH_TELECOM_DB
PH008679,9134312602,+91,Carrier_D,Maharashtra,2013-11-16,,Active,P000854,SYNTH_LEGACY_DB
PH008680,9742369512,+91,Carrier_B,Maharashtra,2013-11-15,,Active,P006416,SYNTH_TELECOM_DB
PH008681,9180097271,+91,Carrier_D,Maharashtra,2013-04-30,,Active,P003103,SYNTH_TELECOM_DB
PH008682,9382989427,+91,Carrier_D,Maharashtra,2012-04-01,,Active,P001397,SYNTH_TELECOM_DB
PH008683,9635547005,+91,Carrier_B,Maharashtra,2020-03-21,,Active,P003743,SYNTH_TELECOM_DB
PH008684,9593682064,+91,Carrier_B,Maharashtra,2013-05-22,,Active,P005468,SYNTH_TELECOM_DB
PH008685,9412191932,+91,Carrier_D,Maharashtra,2020-08-02,,Active,P006752,SYNTH_TELECOM_DB
PH008686,9603664321,+91,Carrier_A,Maharashtra,2014-07-31,,Active,P002220,SYNTH_IDENTITY_DB
PH008687,9152236131,+91,Carrier_A,Maharashtra,2020-04-21,,Active,P002825,SYNTH_TELECOM_DB
PH008688,9482945884,+91,Carrier_B,Maharashtra,2016-05-15,,Active,P004488,SYNTH_CDR_DB
PH008689,9502482423,+91,Carrier_B,Maharashtra,2018-03-23,,Active,P005423,SYNTH_TELECOM_DB
PH008690,9645131745,+91,Carrier_A,Maharashtra,2013-10-24,,Active,P001958,SYNTH_TELECOM_DB
PH008691,9500974633,+91,Carrier_E,Maharashtra,2017-03-22,,Active,P006694,SYNTH_CDR_DB
PH008692,9794797993,+91,Carrier_E,Maharashtra,2025-05-08,2026-08-29,Inactive,P002330,SYNTH_TELECOM_DB
PH008693,9323881555,+91,Carrier_E,Maharashtra,2016-12-19,2019-10-19,Inactive,P006259,SYNTH_TELECOM_DB
PH008694,9458830540,+91,Carrier_D,Maharashtra,2021-10-07,2021-11-07,Inactive,P005112,SYNTH_TELECOM_DB
PH008695,9198053072,+91,Carrier_B,Maharashtra,2020-03-05,,Active,P002947,SYNTH_IDENTITY_DB
PH008696,9790577879,+91,Carrier_C,Maharashtra,2020-11-05,,Active,P000160,SYNTH_TELECOM_DB
PH008697,9973388564,+91,Carrier_A,Maharashtra,2011-03-06,,Active,P006895,SYNTH_IDENTITY_DB
PH008698,9229093734,+91,Carrier_C,Maharashtra,2023-11-13,,Active,P005802,SYNTH_TELECOM_DB
PH008699,9269393848,+91,Carrier_A,Maharashtra,2021-06-21,,Active,P004042,SYNTH_CDR_DB
PH008700,9504372822,+91,Carrier_C,Maharashtra,2012-03-14,,Active,P004770,SYNTH_TELECOM_DB
PH008701,9713437053,+91,Carrier_A,Maharashtra,2025-08-13,2026-08-29,Reassigned,P001912,SYNTH_TELECOM_DB
PH008702,9924660004,+91,Carrier_C,Maharashtra,2014-10-06,,Active,P000919,SYNTH_TELECOM_DB
PH008703,9347605320,+91,Carrier_A,Maharashtra,2019-02-07,,Active,P002903,SYNTH_CDR_DB
PH008704,9203741282,+91,Carrier_A,Maharashtra,2022-07-17,2026-08-29,Inactive,P005128,SYNTH_IDENTITY_DB
PH008705,9462109472,+91,Carrier_D,Maharashtra,2022-10-10,,Active,P003685,SYNTH_TELECOM_DB
PH008706,9389799943,+91,Carrier_A,Maharashtra,2012-08-28,,Active,P004811,SYNTH_TELECOM_DB
PH008707,9721060721,+91,Carrier_D,Maharashtra,2024-10-01,,Active,P000443,SYNTH_LEGACY_DB
PH008708,9355793571,+91,Carrier_B,Maharashtra,2025-07-22,2026-08-29,Inactive,P003032,SYNTH_CDR_DB
PH008709,9861828638,+91,Carrier_B,Maharashtra,2011-09-09,,Active,P000154,SYNTH_CDR_DB
PH008710,9343434481,+91,Carrier_D,Maharashtra,2025-06-09,,Active,P006957,SYNTH_IDENTITY_DB
PH008711,9650009897,+91,Carrier_D,Maharashtra,2018-05-13,,Active,P002115,SYNTH_TELECOM_DB
PH008712,9797584117,+91,Carrier_C,Maharashtra,2011-08-07,,Active,P002873,SYNTH_TELECOM_DB
PH008713,9616036847,+91,Carrier_B,Maharashtra,2022-05-06,,Active,P001992,SYNTH_LEGACY_DB
PH008714,9147567975,+91,Carrier_C,Maharashtra,2021-09-28,2026-08-29,Inactive,P003925,SYNTH_TELECOM_DB
PH008715,9213949763,+91,Carrier_A,Maharashtra,2011-02-13,,Active,P004625,SYNTH_TELECOM_DB
PH008716,9656187287,+91,Carrier_C,Maharashtra,2019-10-01,2026-04-04,Inactive,P004814,SYNTH_CDR_DB
PH008717,9366677087,+91,Carrier_C,Maharashtra,2012-09-05,,Active,P003610,SYNTH_TELECOM_DB
PH008718,9945755762,+91,Carrier_B,Maharashtra,2011-08-04,,Active,P000582,SYNTH_LEGACY_DB
PH008719,9551744822,+91,Carrier_A,Maharashtra,2023-02-01,,Active,P005226,SYNTH_TELECOM_DB
PH008720,9251300604,+91,Carrier_A,Maharashtra,2011-08-14,,Active,P005023,SYNTH_CDR_DB
PH008721,9326691575,+91,Carrier_B,Maharashtra,2013-03-11,2019-10-10,Inactive,P006636,SYNTH_TELECOM_DB
PH008722,9129253111,+91,Carrier_B,Maharashtra,2014-04-09,2020-09-28,Inactive,P005467,SYNTH_TELECOM_DB
PH008723,9379039376,+91,Carrier_C,Maharashtra,2026-03-18,,Active,P005096,SYNTH_IDENTITY_DB
PH008724,9795690421,+91,Carrier_A,Maharashtra,2012-02-20,,Active,P002438,SYNTH_TELECOM_DB
PH008725,9145897868,+91,Carrier_B,Maharashtra,2011-04-10,,Active,P001402,SYNTH_IDENTITY_DB
PH008726,9466371206,+91,Carrier_A,Maharashtra,2014-11-16,2020-02-28,Inactive,P002258,SYNTH_TELECOM_DB
PH008727,9820855303,+91,Carrier_C,Maharashtra,2014-08-23,,Active,P002519,SYNTH_CDR_DB
PH008728,9960031602,+91,Carrier_B,Maharashtra,2023-08-04,2026-08-29,Inactive,P003331,SYNTH_TELECOM_DB
PH008729,9910691576,+91,Carrier_A,Maharashtra,2018-08-17,,Active,P002908,SYNTH_CDR_DB
PH008730,9568424614,+91,Carrier_D,Maharashtra,2010-02-02,,Active,P001794,SYNTH_TELECOM_DB
PH008731,9123340613,+91,Carrier_D,Maharashtra,2011-10-19,2018-06-23,Reassigned,P006692,SYNTH_IDENTITY_DB
PH008732,9840307561,+91,Carrier_A,Maharashtra,2024-06-28,,Active,P006217,SYNTH_LEGACY_DB
PH008733,9145877823,+91,Carrier_C,Maharashtra,2016-11-02,,Active,P004569,SYNTH_CDR_DB
PH008734,9919043893,+91,Carrier_A,Maharashtra,2017-07-27,,Active,P002630,SYNTH_TELECOM_DB
PH008735,9480859228,+91,Carrier_D,Maharashtra,2017-10-24,,Active,P000752,SYNTH_TELECOM_DB
PH008736,9915335295,+91,Carrier_A,Maharashtra,2014-07-12,,Active,P002718,SYNTH_IDENTITY_DB
PH008737,9869097657,+91,Carrier_E,Maharashtra,2026-01-06,2026-01-31,Suspended,P001438,SYNTH_IDENTITY_DB
PH008738,9974923354,+91,Carrier_B,Maharashtra,2020-07-06,,Active,P004183,SYNTH_TELECOM_DB
PH008739,9643091038,+91,Carrier_B,Maharashtra,2011-02-22,,Active,P004857,SYNTH_TELECOM_DB
PH008740,9275064737,+91,Carrier_A,Maharashtra,2013-01-19,,Active,P005267,SYNTH_TELECOM_DB
PH008741,9215492910,+91,Carrier_C,Maharashtra,2019-01-06,,Active,P000936,SYNTH_IDENTITY_DB
PH008742,9462479279,+91,Carrier_B,Maharashtra,2014-09-21,2016-11-13,Inactive,P002852,SYNTH_CDR_DB
PH008743,9775768744,+91,Carrier_A,Maharashtra,2013-03-13,,Active,P002783,SYNTH_TELECOM_DB
PH008744,9268627415,+91,Carrier_B,Maharashtra,2026-04-14,,Active,P004433,SYNTH_TELECOM_DB
PH008745,9342095217,+91,Carrier_A,Maharashtra,2015-09-22,2016-03-31,Inactive,P005673,SYNTH_LEGACY_DB
PH008746,9528026631,+91,Carrier_A,Maharashtra,2022-11-10,,Active,P001970,SYNTH_LEGACY_DB
PH008747,9107772194,+91,Carrier_B,Maharashtra,2022-11-28,,Active,P002904,SYNTH_LEGACY_DB
PH008748,9522281505,+91,Carrier_E,Maharashtra,2012-01-03,,Active,P003288,SYNTH_CDR_DB
PH008749,9618947457,+91,Carrier_A,Maharashtra,2010-12-29,,Active,P002750,SYNTH_TELECOM_DB
PH008750,9769978347,+91,Carrier_A,Maharashtra,2017-10-29,,Active,P006799,SYNTH_TELECOM_DB
PH008751,9998728770,+91,Carrier_B,Maharashtra,2018-12-26,,Active,P006168,SYNTH_LEGACY_DB
PH008752,9550392750,+91,Carrier_B,Maharashtra,2021-12-12,,Active,P004083,SYNTH_LEGACY_DB
PH008753,9666594706,+91,Carrier_A,Maharashtra,2025-07-11,,Active,P006982,SYNTH_CDR_DB
PH008754,9845508534,+91,Carrier_B,Maharashtra,2023-11-24,,Active,P002539,SYNTH_TELECOM_DB
PH008755,9838938020,+91,Carrier_C,Maharashtra,2022-08-29,,Active,P005146,SYNTH_IDENTITY_DB
PH008756,9158509387,+91,Carrier_B,Maharashtra,2020-07-24,,Active,P006285,SYNTH_CDR_DB
PH008757,9512463224,+91,Carrier_A,Maharashtra,2025-12-22,,Active,P002574,SYNTH_TELECOM_DB
PH008758,9322549536,+91,Carrier_D,Maharashtra,2023-10-18,2024-08-28,Inactive,P003246,SYNTH_TELECOM_DB
PH008759,9204136744,+91,Carrier_B,Maharashtra,2016-07-03,,Active,P005877,SYNTH_CDR_DB
PH008760,9902714256,+91,Carrier_B,Maharashtra,2021-11-13,,Active,P000982,SYNTH_IDENTITY_DB
PH008761,9811936130,+91,Carrier_B,Maharashtra,2010-01-22,,Active,P003689,SYNTH_LEGACY_DB
PH008762,9664437133,+91,Carrier_B,Maharashtra,2011-11-25,,Active,P002484,SYNTH_CDR_DB
PH008763,9238972137,+91,Carrier_D,Maharashtra,2017-09-02,,Active,P001158,SYNTH_CDR_DB
PH008764,9496303236,+91,Carrier_A,Maharashtra,2010-12-28,,Active,P006267,SYNTH_TELECOM_DB
PH008765,9355797006,+91,Carrier_B,Maharashtra,2013-03-24,,Active,P002801,SYNTH_CDR_DB
PH008766,9861149316,+91,Carrier_B,Maharashtra,2015-11-13,2016-10-22,Suspended,P001799,SYNTH_IDENTITY_DB
PH008767,9672524639,+91,Carrier_A,Maharashtra,2017-05-26,,Active,P003798,SYNTH_LEGACY_DB
PH008768,9326375812,+91,Carrier_C,Maharashtra,2017-09-23,,Active,P006317,SYNTH_IDENTITY_DB
PH008769,9870155235,+91,Carrier_A,Maharashtra,2022-08-07,,Active,P000590,SYNTH_TELECOM_DB
PH008770,9403532048,+91,Carrier_D,Maharashtra,2019-02-26,,Active,P006300,SYNTH_TELECOM_DB
PH008771,9417007824,+91,Carrier_E,Maharashtra,2018-10-09,2024-10-20,Inactive,P006235,SYNTH_LEGACY_DB
PH008772,9997639816,+91,Carrier_A,Maharashtra,2015-03-11,,Active,P003702,SYNTH_LEGACY_DB
PH008773,9310884231,+91,Carrier_B,Maharashtra,2025-08-11,,Active,P000924,SYNTH_TELECOM_DB
PH008774,9475744108,+91,Carrier_C,Maharashtra,2016-08-04,,Active,P000877,SYNTH_TELECOM_DB
PH008775,9998887393,+91,Carrier_B,Maharashtra,2016-08-19,,Active,P004411,SYNTH_IDENTITY_DB
PH008776,9540863038,+91,Carrier_C,Maharashtra,2020-09-11,,Active,P004331,SYNTH_TELECOM_DB
PH008777,9236924537,+91,Carrier_A,Maharashtra,2020-01-20,,Active,P002686,SYNTH_TELECOM_DB
PH008778,9760035955,+91,Carrier_D,Maharashtra,2022-12-20,,Active,P004208,SYNTH_LEGACY_DB
PH008779,9618014003,+91,Carrier_C,Maharashtra,2024-03-18,2025-03-31,Suspended,P005059,SYNTH_CDR_DB
PH008780,9267274608,+91,Carrier_B,Maharashtra,2019-05-29,,Active,P006692,SYNTH_CDR_DB
PH008781,9798883654,+91,Carrier_A,Maharashtra,2014-09-02,,Active,P006087,SYNTH_TELECOM_DB
PH008782,9467423966,+91,Carrier_B,Maharashtra,2019-08-05,,Active,P000532,SYNTH_TELECOM_DB
PH008783,9810289134,+91,Carrier_A,Maharashtra,2015-01-01,,Active,P003823,SYNTH_IDENTITY_DB
PH008784,9613228944,+91,Carrier_D,Maharashtra,2020-12-05,2022-09-25,Suspended,P005934,SYNTH_CDR_DB
PH008785,9430101829,+91,Carrier_B,Maharashtra,2010-04-24,,Active,P000914,SYNTH_IDENTITY_DB
PH008786,9973324485,+91,Carrier_E,Maharashtra,2016-04-19,,Active,P004682,SYNTH_TELECOM_DB
PH008787,9994673408,+91,Carrier_A,Maharashtra,2023-03-25,2026-08-29,Inactive,P003171,SYNTH_TELECOM_DB
PH008788,9451618355,+91,Carrier_A,Maharashtra,2020-03-24,,Active,P003299,SYNTH_IDENTITY_DB
PH008789,9783336214,+91,Carrier_B,Maharashtra,2019-08-01,2026-03-05,Inactive,P000478,SYNTH_TELECOM_DB
PH008790,9645645913,+91,Carrier_C,Maharashtra,2013-11-09,2017-11-29,Reassigned,P004713,SYNTH_IDENTITY_DB
PH008791,9498584508,+91,Carrier_A,Maharashtra,2026-02-27,,Active,P005828,SYNTH_TELECOM_DB
PH008792,9898457509,+91,Carrier_C,Maharashtra,2019-11-20,,Active,P001001,SYNTH_TELECOM_DB
PH008793,9804752536,+91,Carrier_A,Maharashtra,2023-09-22,,Active,P005386,SYNTH_IDENTITY_DB
PH008794,9546199045,+91,Carrier_B,Maharashtra,2017-04-03,,Active,P000455,SYNTH_TELECOM_DB
PH008795,9416034194,+91,Carrier_D,Maharashtra,2012-08-21,,Active,P005770,SYNTH_TELECOM_DB
PH008796,9711108718,+91,Carrier_C,Maharashtra,2017-01-01,2017-06-28,Suspended,P006298,SYNTH_TELECOM_DB
PH008797,9101036185,+91,Carrier_C,Maharashtra,2020-10-06,2022-08-01,Inactive,P005781,SYNTH_TELECOM_DB
PH008798,9734341964,+91,Carrier_B,Maharashtra,2012-01-30,,Active,P006612,SYNTH_CDR_DB
PH008799,9672141924,+91,Carrier_D,Maharashtra,2016-01-16,,Active,P004236,SYNTH_TELECOM_DB
PH008800,9683113860,+91,Carrier_A,Maharashtra,2011-12-20,2013-12-17,Suspended,P003360,SYNTH_IDENTITY_DB
PH008801,9614664808,+91,Carrier_C,Maharashtra,2013-02-12,2017-08-23,Inactive,P004925,SYNTH_CDR_DB
PH008802,9955577235,+91,Carrier_A,Maharashtra,2016-05-04,2018-11-27,Reassigned,P001062,SYNTH_IDENTITY_DB
PH008803,9342373824,+91,Carrier_D,Maharashtra,2010-07-26,,Active,P003995,SYNTH_TELECOM_DB
PH008804,9741086878,+91,Carrier_B,Maharashtra,2018-07-25,,Active,P000446,SYNTH_IDENTITY_DB
PH008805,9471865581,+91,Carrier_B,Maharashtra,2018-10-08,,Active,P001334,SYNTH_TELECOM_DB
PH008806,9504463196,+91,Carrier_E,Maharashtra,2021-04-17,,Active,P005316,SYNTH_CDR_DB
PH008807,9788791075,+91,Carrier_B,Maharashtra,2023-10-14,,Active,P006781,SYNTH_TELECOM_DB
PH008808,9782907473,+91,Carrier_A,Maharashtra,2021-04-03,,Active,P006141,SYNTH_IDENTITY_DB
PH008809,9582268445,+91,Carrier_A,Maharashtra,2020-03-15,,Active,P004203,SYNTH_TELECOM_DB
PH008810,9346042867,+91,Carrier_A,Maharashtra,2022-11-11,,Active,P003439,SYNTH_LEGACY_DB
PH008811,9522665225,+91,Carrier_B,Maharashtra,2017-01-08,,Active,P002443,SYNTH_TELECOM_DB
PH008812,9682735319,+91,Carrier_D,Maharashtra,2025-03-24,,Active,P004560,SYNTH_CDR_DB
PH008813,9751049400,+91,Carrier_D,Maharashtra,2015-06-17,2017-07-05,Inactive,P000324,SYNTH_TELECOM_DB
PH008814,9730755320,+91,Carrier_A,Maharashtra,2017-07-04,,Active,P004461,SYNTH_CDR_DB
PH008815,9555457639,+91,Carrier_A,Maharashtra,2024-03-18,2026-08-29,Reassigned,P006377,SYNTH_TELECOM_DB
PH008816,9159792538,+91,Carrier_A,Maharashtra,2015-12-19,,Active,P005615,SYNTH_IDENTITY_DB
PH008817,9933745504,+91,Carrier_B,Maharashtra,2017-03-10,,Active,P000650,SYNTH_IDENTITY_DB
PH008818,9978118306,+91,Carrier_B,Maharashtra,2026-02-15,,Active,P003295,SYNTH_CDR_DB
PH008819,9639089226,+91,Carrier_A,Maharashtra,2023-02-24,,Active,P000849,SYNTH_IDENTITY_DB
PH008820,9371714647,+91,Carrier_B,Maharashtra,2017-05-01,,Active,P005575,SYNTH_CDR_DB
PH008821,9433097979,+91,Carrier_B,Maharashtra,2023-11-19,,Active,P004815,SYNTH_IDENTITY_DB
PH008822,9485811031,+91,Carrier_B,Maharashtra,2024-02-02,2024-06-15,Inactive,P004438,SYNTH_LEGACY_DB
PH008823,9357255611,+91,Carrier_B,Maharashtra,2024-04-17,,Active,P004957,SYNTH_TELECOM_DB
PH008824,9958446197,+91,Carrier_B,Maharashtra,2022-12-31,2025-10-19,Inactive,P006284,SYNTH_TELECOM_DB
PH008825,9502118555,+91,Carrier_D,Maharashtra,2014-09-09,,Active,P003931,SYNTH_CDR_DB
PH008826,9392398312,+91,Carrier_C,Maharashtra,2019-12-03,,Active,P002704,SYNTH_TELECOM_DB
PH008827,9571143872,+91,Carrier_B,Maharashtra,2010-01-15,2013-09-27,Inactive,P005967,SYNTH_CDR_DB
PH008828,9520608883,+91,Carrier_B,Maharashtra,2021-10-17,,Active,P004566,SYNTH_CDR_DB
PH008829,9914953801,+91,Carrier_B,Maharashtra,2010-04-15,2011-08-20,Reassigned,P006786,SYNTH_TELECOM_DB
PH008830,9865109327,+91,Carrier_A,Maharashtra,2014-11-17,,Active,P002073,SYNTH_TELECOM_DB
PH008831,9644026982,+91,Carrier_C,Maharashtra,2019-06-27,,Active,P005466,SYNTH_LEGACY_DB
PH008832,9257902900,+91,Carrier_B,Maharashtra,2018-10-13,2026-07-18,Reassigned,P004391,SYNTH_TELECOM_DB
PH008833,9692291754,+91,Carrier_B,Maharashtra,2017-10-07,,Active,P006414,SYNTH_TELECOM_DB
PH008834,9779132713,+91,Carrier_C,Maharashtra,2014-06-25,,Active,P001797,SYNTH_IDENTITY_DB
PH008835,9901691227,+91,Carrier_E,Maharashtra,2017-04-26,,Active,P000718,SYNTH_LEGACY_DB
PH008836,9809717798,+91,Carrier_A,Maharashtra,2021-10-03,2026-08-29,Inactive,P005644,SYNTH_TELECOM_DB
PH008837,9429031978,+91,Carrier_B,Maharashtra,2023-03-10,2026-08-29,Inactive,P003234,SYNTH_CDR_DB
PH008838,9249985981,+91,Carrier_B,Maharashtra,2010-11-11,,Active,P006887,SYNTH_IDENTITY_DB
PH008839,9638261760,+91,Carrier_B,Maharashtra,2013-04-04,2016-02-23,Inactive,P005384,SYNTH_IDENTITY_DB
PH008840,9757632748,+91,Carrier_B,Maharashtra,2018-05-08,2019-08-01,Reassigned,P004057,SYNTH_IDENTITY_DB
PH008841,9332938068,+91,Carrier_B,Maharashtra,2019-09-03,,Active,P002722,SYNTH_TELECOM_DB
PH008842,9924147238,+91,Carrier_A,Maharashtra,2021-06-02,2022-07-22,Suspended,P006490,SYNTH_TELECOM_DB
PH008843,9973918146,+91,Carrier_A,Maharashtra,2020-10-18,,Active,P006978,SYNTH_TELECOM_DB
PH008844,9389064812,+91,Carrier_A,Maharashtra,2021-07-19,2024-07-28,Inactive,P002074,SYNTH_CDR_DB
PH008845,9556553018,+91,Carrier_C,Maharashtra,2013-08-03,,Active,P001624,SYNTH_TELECOM_DB
PH008846,9662897324,+91,Carrier_A,Maharashtra,2018-08-01,2019-02-28,Reassigned,P001098,SYNTH_IDENTITY_DB
PH008847,9881882790,+91,Carrier_B,Maharashtra,2018-06-30,,Active,P002194,SYNTH_IDENTITY_DB
PH008848,9845547539,+91,Carrier_B,Maharashtra,2025-09-09,,Active,P000116,SYNTH_TELECOM_DB
PH008849,9767956157,+91,Carrier_B,Maharashtra,2021-03-04,,Active,P003178,SYNTH_TELECOM_DB
PH008850,9984577659,+91,Carrier_B,Maharashtra,2014-04-22,2016-07-06,Inactive,P004811,SYNTH_TELECOM_DB
PH008851,9840844595,+91,Carrier_B,Maharashtra,2015-03-07,2016-03-11,Inactive,P000318,SYNTH_TELECOM_DB
PH008852,9776991540,+91,Carrier_B,Maharashtra,2024-12-15,,Active,P002396,SYNTH_TELECOM_DB
PH008853,9345615755,+91,Carrier_B,Maharashtra,2024-11-24,,Active,P001642,SYNTH_LEGACY_DB
PH008854,9532132256,+91,Carrier_A,Maharashtra,2017-03-25,,Active,P001072,SYNTH_TELECOM_DB
PH008855,9365097397,+91,Carrier_A,Maharashtra,2012-11-25,,Active,P002575,SYNTH_LEGACY_DB
PH008856,9211239537,+91,Carrier_C,Maharashtra,2019-06-08,,Active,P001600,SYNTH_IDENTITY_DB
PH008857,9400956899,+91,Carrier_A,Maharashtra,2020-09-10,,Active,P005372,SYNTH_TELECOM_DB
PH008858,9870873127,+91,Carrier_B,Maharashtra,2015-12-15,,Active,P003878,SYNTH_TELECOM_DB
PH008859,9368623755,+91,Carrier_A,Maharashtra,2014-05-23,,Active,P000202,SYNTH_TELECOM_DB
PH008860,9814885890,+91,Carrier_B,Maharashtra,2024-01-05,,Active,P006637,SYNTH_TELECOM_DB
PH008861,9881331544,+91,Carrier_B,Maharashtra,2018-05-25,2019-06-01,Suspended,P000729,SYNTH_CDR_DB
PH008862,9281746232,+91,Carrier_C,Maharashtra,2018-10-02,,Active,P002010,SYNTH_LEGACY_DB
PH008863,9432300482,+91,Carrier_B,Maharashtra,2019-06-29,,Active,P005589,SYNTH_TELECOM_DB
PH008864,9803271576,+91,Carrier_A,Maharashtra,2015-08-14,,Active,P000909,SYNTH_TELECOM_DB
PH008865,9249837836,+91,Carrier_B,Maharashtra,2017-12-20,,Active,P001843,SYNTH_TELECOM_DB
PH008866,9478778213,+91,Carrier_B,Maharashtra,2010-12-24,2011-04-10,Inactive,P004888,SYNTH_TELECOM_DB
PH008867,9783567325,+91,Carrier_A,Maharashtra,2012-09-01,,Active,P004884,SYNTH_IDENTITY_DB
PH008868,9172697946,+91,Carrier_A,Maharashtra,2019-04-22,2022-02-07,Inactive,P004459,SYNTH_CDR_DB
PH008869,9883658273,+91,Carrier_C,Maharashtra,2020-06-13,2023-01-01,Suspended,P005244,SYNTH_IDENTITY_DB
PH008870,9249925102,+91,Carrier_B,Maharashtra,2023-06-06,,Active,P004540,SYNTH_TELECOM_DB
PH008871,9878171540,+91,Carrier_B,Maharashtra,2022-05-16,,Active,P004132,SYNTH_TELECOM_DB
PH008872,9793639253,+91,Carrier_A,Maharashtra,2022-01-25,,Active,P006751,SYNTH_LEGACY_DB
PH008873,9840042779,+91,Carrier_A,Maharashtra,2016-11-21,,Active,P005303,SYNTH_TELECOM_DB
PH008874,9691146664,+91,Carrier_A,Maharashtra,2012-06-23,2015-03-06,Inactive,P005411,SYNTH_CDR_DB
PH008875,9939608309,+91,Carrier_E,Maharashtra,2025-10-28,2026-08-29,Inactive,P006211,SYNTH_TELECOM_DB
PH008876,9703318513,+91,Carrier_B,Maharashtra,2021-12-29,,Active,P001005,SYNTH_TELECOM_DB
PH008877,9478237721,+91,Carrier_D,Maharashtra,2020-07-28,2024-06-02,Reassigned,P003901,SYNTH_TELECOM_DB
PH008878,9931634099,+91,Carrier_C,Maharashtra,2025-07-01,2025-11-29,Suspended,P000676,SYNTH_IDENTITY_DB
PH008879,9961872512,+91,Carrier_A,Maharashtra,2012-12-14,,Active,P004913,SYNTH_CDR_DB
PH008880,9504018349,+91,Carrier_C,Maharashtra,2021-12-28,,Active,P000129,SYNTH_TELECOM_DB
PH008881,9982820924,+91,Carrier_B,Maharashtra,2021-04-02,2026-08-29,Inactive,P006003,SYNTH_CDR_DB
PH008882,9944497315,+91,Carrier_C,Maharashtra,2011-02-25,,Active,P006475,SYNTH_TELECOM_DB
PH008883,9715483159,+91,Carrier_A,Maharashtra,2016-02-08,,Active,P002563,SYNTH_IDENTITY_DB
PH008884,9126772909,+91,Carrier_A,Maharashtra,2012-06-24,2014-08-30,Reassigned,P005527,SYNTH_CDR_DB
PH008885,9124179088,+91,Carrier_C,Maharashtra,2021-09-10,,Active,P002087,SYNTH_TELECOM_DB
PH008886,9889921548,+91,Carrier_C,Maharashtra,2021-09-08,,Active,P005055,SYNTH_CDR_DB
PH008887,9619242067,+91,Carrier_D,Maharashtra,2025-01-26,,Active,P002615,SYNTH_LEGACY_DB
PH008888,9525244581,+91,Carrier_E,Maharashtra,2010-01-26,,Active,P001486,SYNTH_CDR_DB
PH008889,9693129202,+91,Carrier_D,Maharashtra,2014-11-11,,Active,P006833,SYNTH_IDENTITY_DB
PH008890,9643116338,+91,Carrier_A,Maharashtra,2023-12-05,,Active,P005973,SYNTH_CDR_DB
PH008891,9124689180,+91,Carrier_C,Maharashtra,2026-06-07,,Active,P002834,SYNTH_TELECOM_DB
PH008892,9456272656,+91,Carrier_C,Maharashtra,2012-03-25,,Active,P004783,SYNTH_TELECOM_DB
PH008893,9372344553,+91,Carrier_A,Maharashtra,2018-08-31,,Active,P006996,SYNTH_TELECOM_DB
PH008894,9422029321,+91,Carrier_A,Maharashtra,2024-03-22,,Active,P003313,SYNTH_CDR_DB
PH008895,9989494771,+91,Carrier_A,Maharashtra,2017-01-17,,Active,P004228,SYNTH_TELECOM_DB
PH008896,9673352459,+91,Carrier_B,Maharashtra,2012-09-05,,Active,P003564,SYNTH_TELECOM_DB
PH008897,9475159818,+91,Carrier_B,Maharashtra,2024-07-06,2026-08-29,Inactive,P005992,SYNTH_IDENTITY_DB
PH008898,9642189370,+91,Carrier_A,Maharashtra,2022-11-06,,Active,P002264,SYNTH_IDENTITY_DB
PH008899,9583747877,+91,Carrier_C,Maharashtra,2024-04-03,,Active,P001389,SYNTH_LEGACY_DB
PH008900,9771826971,+91,Carrier_C,Maharashtra,2012-01-06,,Active,P002967,SYNTH_TELECOM_DB
PH008901,9506101485,+91,Carrier_A,Maharashtra,2021-02-24,,Active,P005663,SYNTH_IDENTITY_DB
PH008902,9192269424,+91,Carrier_D,Maharashtra,2018-08-05,2021-01-26,Inactive,P004056,SYNTH_TELECOM_DB
PH008903,9625500791,+91,Carrier_B,Maharashtra,2010-11-15,2011-01-03,Suspended,P000375,SYNTH_TELECOM_DB
PH008904,9331434065,+91,Carrier_B,Maharashtra,2014-12-16,,Active,P004875,SYNTH_IDENTITY_DB
PH008905,9840016978,+91,Carrier_E,Maharashtra,2024-08-29,,Active,P001050,SYNTH_LEGACY_DB
PH008906,9193004171,+91,Carrier_A,Maharashtra,2013-12-20,,Active,P003310,SYNTH_LEGACY_DB
PH008907,9552232051,+91,Carrier_A,Maharashtra,2021-11-17,,Active,P000976,SYNTH_TELECOM_DB
PH008908,9307153158,+91,Carrier_D,Maharashtra,2014-11-03,2021-04-13,Inactive,P006910,SYNTH_CDR_DB
PH008909,9463466446,+91,Carrier_A,Maharashtra,2025-11-24,,Active,P006309,SYNTH_TELECOM_DB
PH008910,9976199085,+91,Carrier_B,Maharashtra,2025-12-02,,Active,P004663,SYNTH_TELECOM_DB
PH008911,9903179056,+91,Carrier_A,Maharashtra,2023-12-23,,Active,P004502,SYNTH_TELECOM_DB
PH008912,9403854514,+91,Carrier_C,Maharashtra,2024-07-01,,Active,P006244,SYNTH_TELECOM_DB
PH008913,9502894554,+91,Carrier_A,Maharashtra,2010-12-06,,Active,P002961,SYNTH_CDR_DB
PH008914,9425606367,+91,Carrier_A,Maharashtra,2019-01-09,2021-08-26,Suspended,P003584,SYNTH_CDR_DB
PH008915,9491029536,+91,Carrier_A,Maharashtra,2019-03-22,,Active,P000603,SYNTH_IDENTITY_DB
PH008916,9274872958,+91,Carrier_D,Maharashtra,2013-09-17,,Active,P000204,SYNTH_TELECOM_DB
PH008917,9731850213,+91,Carrier_A,Maharashtra,2019-07-03,,Active,P005247,SYNTH_TELECOM_DB
PH008918,9884422795,+91,Carrier_A,Maharashtra,2011-01-25,,Active,P006095,SYNTH_CDR_DB
PH008919,9747762702,+91,Carrier_A,Maharashtra,2012-02-21,,Active,P005340,SYNTH_IDENTITY_DB
PH008920,9433887355,+91,Carrier_D,Maharashtra,2022-10-07,,Active,P000242,SYNTH_LEGACY_DB
PH008921,9229649221,+91,Carrier_D,Maharashtra,2014-11-21,,Active,P003798,SYNTH_CDR_DB
PH008922,9543297200,+91,Carrier_D,Maharashtra,2025-07-04,,Active,P001331,SYNTH_TELECOM_DB
PH008923,9790308111,+91,Carrier_C,Maharashtra,2023-02-10,,Active,P003962,SYNTH_TELECOM_DB
PH008924,9769426763,+91,Carrier_A,Maharashtra,2026-06-15,,Active,P003614,SYNTH_TELECOM_DB
PH008925,9505981651,+91,Carrier_E,Maharashtra,2026-01-17,,Active,P002346,SYNTH_CDR_DB
PH008926,9969536733,+91,Carrier_D,Maharashtra,2019-04-23,,Active,P004214,SYNTH_CDR_DB
PH008927,9821224971,+91,Carrier_B,Maharashtra,2017-01-09,,Active,P001510,SYNTH_IDENTITY_DB
PH008928,9922512713,+91,Carrier_A,Maharashtra,2020-12-26,2022-02-04,Suspended,P004003,SYNTH_IDENTITY_DB
PH008929,9773556144,+91,Carrier_B,Maharashtra,2018-05-14,,Active,P004495,SYNTH_TELECOM_DB
PH008930,9731957912,+91,Carrier_C,Maharashtra,2024-11-09,,Active,P005912,SYNTH_LEGACY_DB
PH008931,9601215166,+91,Carrier_A,Maharashtra,2013-10-07,2014-03-02,Inactive,P002084,SYNTH_TELECOM_DB
PH008932,9715170427,+91,Carrier_A,Maharashtra,2018-03-06,,Active,P000060,SYNTH_TELECOM_DB
PH008933,9158682410,+91,Carrier_D,Maharashtra,2020-04-01,2025-04-05,Reassigned,P001395,SYNTH_TELECOM_DB
PH008934,9875374738,+91,Carrier_B,Maharashtra,2024-12-13,,Active,P006291,SYNTH_TELECOM_DB
PH008935,9160880901,+91,Carrier_B,Maharashtra,2011-10-17,,Active,P000252,SYNTH_LEGACY_DB
PH008936,9304236957,+91,Carrier_A,Maharashtra,2020-07-21,2020-12-23,Inactive,P005433,SYNTH_CDR_DB
PH008937,9849729562,+91,Carrier_C,Maharashtra,2019-01-22,,Active,P005233,SYNTH_TELECOM_DB
PH008938,9667959860,+91,Carrier_C,Maharashtra,2016-08-02,2017-09-01,Reassigned,P000629,SYNTH_IDENTITY_DB
PH008939,9250984841,+91,Carrier_B,Maharashtra,2026-03-27,,Active,P005643,SYNTH_CDR_DB
PH008940,9126598507,+91,Carrier_A,Maharashtra,2014-04-01,,Active,P003008,SYNTH_TELECOM_DB
PH008941,9130304361,+91,Carrier_B,Maharashtra,2023-10-13,,Active,P000767,SYNTH_CDR_DB
PH008942,9485676651,+91,Carrier_A,Maharashtra,2016-11-27,,Active,P000679,SYNTH_CDR_DB
PH008943,9369262960,+91,Carrier_A,Maharashtra,2020-09-06,,Active,P006652,SYNTH_LEGACY_DB
PH008944,9714732988,+91,Carrier_E,Maharashtra,2016-06-09,,Active,P001885,SYNTH_TELECOM_DB
PH008945,9832746827,+91,Carrier_C,Maharashtra,2021-10-25,2026-08-29,Reassigned,P003415,SYNTH_LEGACY_DB
PH008946,9570693406,+91,Carrier_D,Maharashtra,2012-11-17,,Active,P000620,SYNTH_TELECOM_DB
PH008947,9586963163,+91,Carrier_A,Maharashtra,2021-11-18,,Active,P000464,SYNTH_CDR_DB
PH008948,9352628581,+91,Carrier_C,Maharashtra,2019-03-16,,Active,P003355,SYNTH_TELECOM_DB
PH008949,9882607168,+91,Carrier_B,Maharashtra,2012-12-25,,Active,P005717,SYNTH_CDR_DB
PH008950,9463450083,+91,Carrier_C,Maharashtra,2010-10-05,,Active,P002728,SYNTH_TELECOM_DB
PH008951,9216438437,+91,Carrier_C,Maharashtra,2024-11-26,,Active,P001541,SYNTH_TELECOM_DB
PH008952,9915523021,+91,Carrier_B,Maharashtra,2012-07-27,2013-05-30,Inactive,P001050,SYNTH_TELECOM_DB
PH008953,9328491900,+91,Carrier_A,Maharashtra,2019-09-07,,Active,P003312,SYNTH_CDR_DB
PH008954,9158239979,+91,Carrier_C,Maharashtra,2018-01-31,,Active,P001864,SYNTH_TELECOM_DB
PH008955,9593339333,+91,Carrier_A,Maharashtra,2020-01-18,,Active,P000711,SYNTH_TELECOM_DB
PH008956,9431212025,+91,Carrier_A,Maharashtra,2012-03-05,,Active,P003592,SYNTH_IDENTITY_DB
PH008957,9709573724,+91,Carrier_A,Maharashtra,2020-06-19,,Active,P003914,SYNTH_LEGACY_DB
PH008958,9342904738,+91,Carrier_C,Maharashtra,2013-02-23,,Active,P005989,SYNTH_TELECOM_DB
PH008959,9558529499,+91,Carrier_A,Maharashtra,2018-08-15,,Active,P004187,SYNTH_CDR_DB
PH008960,9956601050,+91,Carrier_D,Maharashtra,2024-09-25,2024-12-24,Suspended,P003198,SYNTH_TELECOM_DB
PH008961,9141625171,+91,Carrier_A,Maharashtra,2025-03-25,,Active,P005011,SYNTH_TELECOM_DB
PH008962,9420567711,+91,Carrier_B,Maharashtra,2018-09-01,2019-11-29,Inactive,P005166,SYNTH_TELECOM_DB
PH008963,9276986159,+91,Carrier_A,Maharashtra,2015-08-12,2019-08-19,Reassigned,P004459,SYNTH_IDENTITY_DB
PH008964,9776975012,+91,Carrier_A,Maharashtra,2015-03-24,,Active,P005864,SYNTH_CDR_DB
PH008965,9145527731,+91,Carrier_B,Maharashtra,2024-05-12,,Active,P005371,SYNTH_TELECOM_DB
PH008966,9389858212,+91,Carrier_C,Maharashtra,2014-01-26,2020-02-15,Inactive,P001317,SYNTH_LEGACY_DB
PH008967,9812358091,+91,Carrier_B,Maharashtra,2019-09-06,2024-04-28,Reassigned,P002577,SYNTH_LEGACY_DB
PH008968,9339677637,+91,Carrier_C,Maharashtra,2010-05-15,,Active,P006236,SYNTH_TELECOM_DB
PH008969,9998722836,+91,Carrier_D,Maharashtra,2013-08-21,,Active,P004060,SYNTH_TELECOM_DB
PH008970,9736313411,+91,Carrier_B,Maharashtra,2026-05-05,2026-08-29,Inactive,P000464,SYNTH_TELECOM_DB
PH008971,9331374889,+91,Carrier_D,Maharashtra,2011-03-21,,Active,P006330,SYNTH_CDR_DB
PH008972,9613553764,+91,Carrier_C,Maharashtra,2014-11-02,2015-02-26,Inactive,P006586,SYNTH_IDENTITY_DB
PH008973,9562967892,+91,Carrier_A,Maharashtra,2024-05-09,2025-06-25,Suspended,P005903,SYNTH_CDR_DB
PH008974,9790629295,+91,Carrier_B,Maharashtra,2023-07-11,,Active,P003672,SYNTH_TELECOM_DB
PH008975,9941952083,+91,Carrier_A,Maharashtra,2020-10-13,,Active,P000661,SYNTH_IDENTITY_DB
PH008976,9911120154,+91,Carrier_C,Maharashtra,2024-11-06,2026-08-29,Suspended,P000189,SYNTH_TELECOM_DB
PH008977,9511733871,+91,Carrier_B,Maharashtra,2012-07-09,,Active,P001822,SYNTH_LEGACY_DB
PH008978,9808464060,+91,Carrier_A,Maharashtra,2011-08-20,,Active,P005939,SYNTH_TELECOM_DB
PH008979,9211597232,+91,Carrier_A,Maharashtra,2014-05-07,2018-12-25,Inactive,P002380,SYNTH_TELECOM_DB
PH008980,9445378639,+91,Carrier_B,Maharashtra,2018-05-25,,Active,P004036,SYNTH_TELECOM_DB
PH008981,9423340870,+91,Carrier_C,Maharashtra,2016-03-04,,Active,P003320,SYNTH_TELECOM_DB
PH008982,9910313217,+91,Carrier_B,Maharashtra,2012-05-09,,Active,P001166,SYNTH_TELECOM_DB
PH008983,9712718797,+91,Carrier_B,Maharashtra,2014-12-16,2017-03-23,Reassigned,P003315,SYNTH_CDR_DB
PH008984,9491146209,+91,Carrier_A,Maharashtra,2024-07-02,2026-02-17,Reassigned,P004506,SYNTH_TELECOM_DB
PH008985,9511307433,+91,Carrier_A,Maharashtra,2022-08-16,,Active,P005777,SYNTH_TELECOM_DB
PH008986,9831460632,+91,Carrier_B,Maharashtra,2018-12-20,,Active,P000140,SYNTH_TELECOM_DB
PH008987,9529065917,+91,Carrier_B,Maharashtra,2018-04-07,,Active,P004546,SYNTH_TELECOM_DB
PH008988,9628272678,+91,Carrier_B,Maharashtra,2016-01-09,,Active,P002828,SYNTH_TELECOM_DB
PH008989,9841126039,+91,Carrier_B,Maharashtra,2019-09-01,,Active,P002130,SYNTH_TELECOM_DB
PH008990,9551854646,+91,Carrier_D,Maharashtra,2022-05-15,,Active,P006621,SYNTH_CDR_DB
PH008991,9235011845,+91,Carrier_C,Maharashtra,2014-08-10,2014-11-11,Suspended,P001514,SYNTH_LEGACY_DB
PH008992,9757267339,+91,Carrier_B,Maharashtra,2017-12-22,,Active,P003074,SYNTH_TELECOM_DB
PH008993,9775999419,+91,Carrier_B,Maharashtra,2025-07-15,,Active,P004015,SYNTH_TELECOM_DB
PH008994,9414557323,+91,Carrier_B,Maharashtra,2019-05-19,,Active,P006622,SYNTH_TELECOM_DB
PH008995,9258146092,+91,Carrier_B,Maharashtra,2017-07-31,,Active,P000243,SYNTH_CDR_DB
PH008996,9793872110,+91,Carrier_D,Maharashtra,2011-10-16,2016-08-28,Inactive,P006132,SYNTH_TELECOM_DB
PH008997,9805966922,+91,Carrier_B,Maharashtra,2017-06-15,,Active,P004173,SYNTH_TELECOM_DB
PH008998,9623269090,+91,Carrier_B,Maharashtra,2022-10-14,,Active,P001404,SYNTH_CDR_DB
PH008999,9167424663,+91,Carrier_A,Maharashtra,2022-08-08,2024-06-08,Inactive,P002387,SYNTH_IDENTITY_DB
PH009000,9742973057,+91,Carrier_D,Maharashtra,2013-12-18,2014-08-21,Inactive,P004322,SYNTH_TELECOM_DB
PH009001,9375510946,+91,Carrier_C,Maharashtra,2023-01-11,,Active,P002984,SYNTH_CDR_DB
PH009002,9445063826,+91,Carrier_A,Maharashtra,2011-06-06,2012-05-01,Inactive,P006068,SYNTH_TELECOM_DB
PH009003,9947396291,+91,Carrier_E,Maharashtra,2021-08-09,2026-08-29,Inactive,P005781,SYNTH_TELECOM_DB
PH009004,9515897438,+91,Carrier_B,Maharashtra,2015-10-17,2016-11-07,Inactive,P003684,SYNTH_IDENTITY_DB
PH009005,9841723304,+91,Carrier_C,Maharashtra,2020-04-11,,Active,P003649,SYNTH_CDR_DB
PH009006,9438148062,+91,Carrier_D,Maharashtra,2022-07-18,,Active,P002033,SYNTH_CDR_DB
PH009007,9753818137,+91,Carrier_A,Maharashtra,2020-07-05,2021-07-23,Inactive,P002907,SYNTH_TELECOM_DB
PH009008,9574461618,+91,Carrier_B,Maharashtra,2011-11-23,,Active,P006818,SYNTH_TELECOM_DB
PH009009,9409874611,+91,Carrier_B,Maharashtra,2015-08-19,,Active,P002838,SYNTH_TELECOM_DB
PH009010,9804724598,+91,Carrier_C,Maharashtra,2019-01-15,2021-12-30,Inactive,P004514,SYNTH_LEGACY_DB
PH009011,9622726248,+91,Carrier_A,Maharashtra,2010-01-17,2010-08-14,Inactive,P003370,SYNTH_TELECOM_DB
PH009012,9193416059,+91,Carrier_A,Maharashtra,2025-10-19,2026-08-29,Suspended,P001004,SYNTH_TELECOM_DB
PH009013,9366450841,+91,Carrier_C,Maharashtra,2025-04-29,,Active,P000930,SYNTH_TELECOM_DB
PH009014,9600005496,+91,Carrier_B,Maharashtra,2014-02-22,,Active,P004318,SYNTH_IDENTITY_DB
PH009015,9784102224,+91,Carrier_E,Maharashtra,2025-11-01,,Active,P003297,SYNTH_IDENTITY_DB
PH009016,9303972362,+91,Carrier_A,Maharashtra,2023-10-24,,Active,P003762,SYNTH_IDENTITY_DB
PH009017,9108970796,+91,Carrier_A,Maharashtra,2012-04-22,2017-04-29,Inactive,P005992,SYNTH_TELECOM_DB
PH009018,9875411274,+91,Carrier_A,Maharashtra,2019-09-03,,Active,P003023,SYNTH_TELECOM_DB
PH009019,9774372041,+91,Carrier_A,Maharashtra,2019-06-03,,Active,P004199,SYNTH_TELECOM_DB
PH009020,9735883116,+91,Carrier_E,Maharashtra,2013-11-16,2014-08-16,Suspended,P001279,SYNTH_LEGACY_DB
PH009021,9413920785,+91,Carrier_C,Maharashtra,2014-01-06,,Active,P006900,SYNTH_TELECOM_DB
PH009022,9550676258,+91,Carrier_C,Maharashtra,2025-06-30,,Active,P002211,SYNTH_IDENTITY_DB
PH009023,9476347600,+91,Carrier_D,Maharashtra,2025-04-21,,Active,P006582,SYNTH_IDENTITY_DB
PH009024,9303375671,+91,Carrier_E,Maharashtra,2021-07-05,2023-06-24,Suspended,P001572,SYNTH_CDR_DB
PH009025,9428456633,+91,Carrier_D,Maharashtra,2024-05-16,2024-12-10,Inactive,P004305,SYNTH_LEGACY_DB
PH009026,9803365961,+91,Carrier_A,Maharashtra,2012-10-06,,Active,P003250,SYNTH_IDENTITY_DB
PH009027,9301796302,+91,Carrier_B,Maharashtra,2013-09-16,,Active,P000401,SYNTH_LEGACY_DB
PH009028,9986072824,+91,Carrier_D,Maharashtra,2013-10-10,,Active,P004337,SYNTH_TELECOM_DB
PH009029,9840110419,+91,Carrier_B,Maharashtra,2020-08-29,,Active,P002417,SYNTH_CDR_DB
PH009030,9246936133,+91,Carrier_C,Maharashtra,2015-02-15,,Active,P005230,SYNTH_TELECOM_DB
PH009031,9516507883,+91,Carrier_C,Maharashtra,2025-07-11,,Active,P003928,SYNTH_TELECOM_DB
PH009032,9257317790,+91,Carrier_E,Maharashtra,2025-10-19,,Active,P002081,SYNTH_TELECOM_DB
PH009033,9317914657,+91,Carrier_C,Maharashtra,2018-09-11,,Active,P003798,SYNTH_TELECOM_DB
PH009034,9185012586,+91,Carrier_E,Maharashtra,2019-03-19,,Active,P000890,SYNTH_CDR_DB
PH009035,9522586008,+91,Carrier_D,Maharashtra,2020-12-17,,Active,P004270,SYNTH_IDENTITY_DB
PH009036,9492998916,+91,Carrier_A,Maharashtra,2021-09-24,,Active,P005007,SYNTH_TELECOM_DB
PH009037,9973907447,+91,Carrier_C,Maharashtra,2015-05-29,2020-10-07,Inactive,P005551,SYNTH_TELECOM_DB
PH009038,9987262521,+91,Carrier_B,Maharashtra,2025-02-02,,Active,P003354,SYNTH_TELECOM_DB
PH009039,9775365604,+91,Carrier_A,Maharashtra,2022-10-25,,Active,P006544,SYNTH_CDR_DB
PH009040,9630972681,+91,Carrier_A,Maharashtra,2017-09-22,2021-01-24,Inactive,P001241,SYNTH_LEGACY_DB
PH009041,9701179666,+91,Carrier_C,Maharashtra,2020-12-21,,Active,P001646,SYNTH_IDENTITY_DB
PH009042,9811997768,+91,Carrier_B,Maharashtra,2014-08-11,,Active,P006877,SYNTH_LEGACY_DB
PH009043,9437389015,+91,Carrier_A,Maharashtra,2022-10-06,2026-08-29,Inactive,P006437,SYNTH_CDR_DB
PH009044,9412114690,+91,Carrier_C,Maharashtra,2023-02-06,2025-07-12,Suspended,P002728,SYNTH_TELECOM_DB
PH009045,9696880488,+91,Carrier_A,Maharashtra,2021-06-15,,Active,P000428,SYNTH_CDR_DB
PH009046,9890290706,+91,Carrier_E,Maharashtra,2014-10-17,,Active,P002510,SYNTH_TELECOM_DB
PH009047,9206041589,+91,Carrier_D,Maharashtra,2012-04-15,,Active,P005724,SYNTH_CDR_DB
PH009048,9389239105,+91,Carrier_E,Maharashtra,2011-04-23,,Active,P000337,SYNTH_LEGACY_DB
PH009049,9494622839,+91,Carrier_D,Maharashtra,2016-02-08,,Active,P002229,SYNTH_TELECOM_DB
PH009050,9763913640,+91,Carrier_E,Maharashtra,2014-09-24,,Active,P002329,SYNTH_CDR_DB
PH009051,9521958412,+91,Carrier_C,Maharashtra,2020-09-04,,Active,P001509,SYNTH_TELECOM_DB
PH009052,9748541257,+91,Carrier_C,Maharashtra,2018-05-15,,Active,P006190,SYNTH_CDR_DB
PH009053,9302742921,+91,Carrier_A,Maharashtra,2012-09-23,,Active,P000237,SYNTH_TELECOM_DB
PH009054,9267800754,+91,Carrier_A,Maharashtra,2012-06-14,,Active,P002591,SYNTH_TELECOM_DB
PH009055,9155919914,+91,Carrier_A,Maharashtra,2012-01-09,2013-02-08,Suspended,P006010,SYNTH_IDENTITY_DB
PH009056,9690294250,+91,Carrier_A,Maharashtra,2010-12-28,,Active,P006652,SYNTH_TELECOM_DB
PH009057,9542257741,+91,Carrier_C,Maharashtra,2022-10-03,,Active,P002584,SYNTH_TELECOM_DB
PH009058,9960076804,+91,Carrier_C,Maharashtra,2025-07-31,,Active,P006478,SYNTH_TELECOM_DB
PH009059,9363787075,+91,Carrier_A,Maharashtra,2023-10-10,,Active,P001203,SYNTH_TELECOM_DB
PH009060,9411708007,+91,Carrier_A,Maharashtra,2011-07-03,,Active,P004720,SYNTH_TELECOM_DB
PH009061,9202755285,+91,Carrier_A,Maharashtra,2024-03-01,2024-10-06,Suspended,P005294,SYNTH_TELECOM_DB
PH009062,9104005357,+91,Carrier_C,Maharashtra,2026-08-13,,Active,P002137,SYNTH_TELECOM_DB
PH009063,9166112309,+91,Carrier_D,Maharashtra,2026-08-13,,Active,P004540,SYNTH_CDR_DB
PH009064,9877931178,+91,Carrier_E,Maharashtra,2019-01-10,,Active,P004487,SYNTH_LEGACY_DB
PH009065,9250833776,+91,Carrier_B,Maharashtra,2018-07-15,,Active,P004092,SYNTH_TELECOM_DB
PH009066,9341685014,+91,Carrier_B,Maharashtra,2016-05-27,,Active,P001400,SYNTH_TELECOM_DB
PH009067,9140705682,+91,Carrier_A,Maharashtra,2024-11-13,2026-08-29,Inactive,P000448,SYNTH_TELECOM_DB
PH009068,9121360376,+91,Carrier_A,Maharashtra,2010-02-07,2017-09-30,Reassigned,P005070,SYNTH_IDENTITY_DB
PH009069,9870686287,+91,Carrier_D,Maharashtra,2012-05-29,,Active,P000416,SYNTH_TELECOM_DB
PH009070,9273967227,+91,Carrier_C,Maharashtra,2013-11-26,,Active,P003538,SYNTH_TELECOM_DB
PH009071,9673597154,+91,Carrier_A,Maharashtra,2014-06-29,,Active,P003778,SYNTH_TELECOM_DB
PH009072,9243044687,+91,Carrier_B,Maharashtra,2016-03-03,,Active,P006309,SYNTH_CDR_DB
PH009073,9441173410,+91,Carrier_B,Maharashtra,2011-10-24,,Active,P001985,SYNTH_TELECOM_DB
PH009074,9437260870,+91,Carrier_A,Maharashtra,2019-07-10,,Active,P004953,SYNTH_TELECOM_DB
PH009075,9759355324,+91,Carrier_C,Maharashtra,2016-05-30,,Active,P005544,SYNTH_TELECOM_DB
PH009076,9480464353,+91,Carrier_C,Maharashtra,2013-03-07,2015-04-03,Suspended,P002752,SYNTH_TELECOM_DB
PH009077,9762501687,+91,Carrier_E,Maharashtra,2023-09-19,,Active,P002722,SYNTH_TELECOM_DB
PH009078,9468739832,+91,Carrier_D,Maharashtra,2010-01-19,,Active,P001950,SYNTH_TELECOM_DB
PH009079,9644971378,+91,Carrier_D,Maharashtra,2012-04-05,2013-12-21,Suspended,P006869,SYNTH_CDR_DB
PH009080,9716649251,+91,Carrier_A,Maharashtra,2020-07-12,,Active,P004785,SYNTH_TELECOM_DB
PH009081,9675910849,+91,Carrier_B,Maharashtra,2024-01-16,,Active,P000199,SYNTH_TELECOM_DB
PH009082,9402092880,+91,Carrier_B,Maharashtra,2010-07-30,,Active,P006522,SYNTH_IDENTITY_DB
PH009083,9164741816,+91,Carrier_D,Maharashtra,2025-10-08,,Active,P000275,SYNTH_CDR_DB
PH009084,9994135234,+91,Carrier_B,Maharashtra,2020-07-08,,Active,P004948,SYNTH_IDENTITY_DB
PH009085,9104750500,+91,Carrier_B,Maharashtra,2018-10-21,,Active,P002593,SYNTH_TELECOM_DB
PH009086,9377047389,+91,Carrier_D,Maharashtra,2016-07-17,,Active,P001305,SYNTH_TELECOM_DB
PH009087,9262572598,+91,Carrier_B,Maharashtra,2023-05-28,,Active,P004012,SYNTH_CDR_DB
PH009088,9420842348,+91,Carrier_C,Maharashtra,2016-01-09,,Active,P002579,SYNTH_IDENTITY_DB
PH009089,9102774464,+91,Carrier_B,Maharashtra,2025-04-06,,Active,P001126,SYNTH_LEGACY_DB
PH009090,9406548447,+91,Carrier_C,Maharashtra,2015-08-11,,Active,P002474,SYNTH_TELECOM_DB
PH009091,9734968908,+91,Carrier_E,Maharashtra,2019-07-23,2020-08-18,Inactive,P005288,SYNTH_CDR_DB
PH009092,9460921343,+91,Carrier_A,Maharashtra,2014-03-15,2019-02-19,Inactive,P000999,SYNTH_TELECOM_DB
PH009093,9510277249,+91,Carrier_A,Maharashtra,2022-07-23,,Active,P005276,SYNTH_IDENTITY_DB
PH009094,9418194584,+91,Carrier_C,Maharashtra,2011-09-20,,Active,P002071,SYNTH_TELECOM_DB
PH009095,9478795933,+91,Carrier_B,Maharashtra,2012-11-07,,Active,P003849,SYNTH_CDR_DB
PH009096,9961026395,+91,Carrier_D,Maharashtra,2022-02-12,,Active,P006041,SYNTH_IDENTITY_DB
PH009097,9930671256,+91,Carrier_C,Maharashtra,2023-03-07,,Active,P000623,SYNTH_LEGACY_DB
PH009098,9128430519,+91,Carrier_C,Maharashtra,2013-07-08,,Active,P003527,SYNTH_CDR_DB
PH009099,9237671811,+91,Carrier_B,Maharashtra,2022-03-11,,Active,P000443,SYNTH_TELECOM_DB
PH009100,9260542968,+91,Carrier_A,Maharashtra,2010-10-31,,Active,P006095,SYNTH_CDR_DB
PH009101,9921344249,+91,Carrier_C,Maharashtra,2012-04-26,,Active,P005233,SYNTH_IDENTITY_DB
PH009102,9964516288,+91,Carrier_D,Maharashtra,2017-03-18,,Active,P006721,SYNTH_TELECOM_DB
PH009103,9228988120,+91,Carrier_D,Maharashtra,2019-03-10,,Active,P002691,SYNTH_IDENTITY_DB
PH009104,9382437355,+91,Carrier_A,Maharashtra,2025-05-30,,Active,P004465,SYNTH_IDENTITY_DB
PH009105,9377544570,+91,Carrier_B,Maharashtra,2010-09-15,,Active,P001697,SYNTH_TELECOM_DB
PH009106,9224248213,+91,Carrier_A,Maharashtra,2020-07-13,2021-09-26,Suspended,P002386,SYNTH_TELECOM_DB
PH009107,9525038584,+91,Carrier_A,Maharashtra,2025-06-15,2025-08-07,Inactive,P006589,SYNTH_TELECOM_DB
PH009108,9460150913,+91,Carrier_B,Maharashtra,2019-03-29,2024-05-04,Inactive,P006407,SYNTH_TELECOM_DB
PH009109,9371596355,+91,Carrier_A,Maharashtra,2022-12-09,,Active,P005568,SYNTH_LEGACY_DB
PH009110,9427037501,+91,Carrier_A,Maharashtra,2020-09-17,,Active,P004761,SYNTH_CDR_DB
PH009111,9193051162,+91,Carrier_A,Maharashtra,2015-09-18,,Active,P004592,SYNTH_LEGACY_DB
PH009112,9215504016,+91,Carrier_C,Maharashtra,2024-12-25,,Active,P003818,SYNTH_LEGACY_DB
PH009113,9595632855,+91,Carrier_E,Maharashtra,2023-10-19,2025-10-05,Suspended,P003649,SYNTH_LEGACY_DB
PH009114,9812796534,+91,Carrier_A,Maharashtra,2019-10-04,,Active,P006022,SYNTH_TELECOM_DB
PH009115,9399708635,+91,Carrier_A,Maharashtra,2010-11-22,,Active,P005889,SYNTH_TELECOM_DB
PH009116,9115711524,+91,Carrier_B,Maharashtra,2023-11-04,2025-03-13,Inactive,P002879,SYNTH_TELECOM_DB
PH009117,9664727152,+91,Carrier_A,Maharashtra,2018-10-30,,Active,P000052,SYNTH_CDR_DB
PH009118,9426125395,+91,Carrier_B,Maharashtra,2010-05-07,2015-05-31,Inactive,P005971,SYNTH_LEGACY_DB
PH009119,9831610877,+91,Carrier_B,Maharashtra,2014-08-08,2015-06-28,Suspended,P006452,SYNTH_TELECOM_DB
PH009120,9641995504,+91,Carrier_B,Maharashtra,2015-05-18,,Active,P004153,SYNTH_TELECOM_DB
PH009121,9806410443,+91,Carrier_C,Maharashtra,2012-01-04,,Active,P002591,SYNTH_LEGACY_DB
PH009122,9306496391,+91,Carrier_A,Maharashtra,2026-02-23,,Active,P005660,SYNTH_CDR_DB
PH009123,9748472480,+91,Carrier_D,Maharashtra,2021-11-27,,Active,P001562,SYNTH_LEGACY_DB
PH009124,9157296121,+91,Carrier_B,Maharashtra,2024-09-17,,Active,P006233,SYNTH_CDR_DB
PH009125,9253641741,+91,Carrier_A,Maharashtra,2013-10-07,2014-05-10,Suspended,P006028,SYNTH_TELECOM_DB
PH009126,9169941605,+91,Carrier_B,Maharashtra,2025-06-27,,Active,P006997,SYNTH_IDENTITY_DB
PH009127,9573402040,+91,Carrier_B,Maharashtra,2016-06-07,,Active,P002462,SYNTH_TELECOM_DB
PH009128,9342163265,+91,Carrier_E,Maharashtra,2020-10-28,,Active,P002536,SYNTH_TELECOM_DB
PH009129,9531220668,+91,Carrier_A,Maharashtra,2016-06-08,,Active,P006363,SYNTH_LEGACY_DB
PH009130,9876244977,+91,Carrier_C,Maharashtra,2022-12-12,,Active,P001515,SYNTH_TELECOM_DB
PH009131,9760272710,+91,Carrier_D,Maharashtra,2019-08-03,,Active,P006904,SYNTH_TELECOM_DB
PH009132,9825495752,+91,Carrier_B,Maharashtra,2019-10-14,2021-03-21,Suspended,P002950,SYNTH_TELECOM_DB
PH009133,9174580461,+91,Carrier_C,Maharashtra,2022-11-11,,Active,P002308,SYNTH_CDR_DB
PH009134,9104706057,+91,Carrier_C,Maharashtra,2021-08-08,2024-07-30,Inactive,P005173,SYNTH_IDENTITY_DB
PH009135,9663057198,+91,Carrier_B,Maharashtra,2022-05-27,,Active,P000355,SYNTH_TELECOM_DB
PH009136,9719999143,+91,Carrier_E,Maharashtra,2018-01-06,2021-10-26,Inactive,P006137,SYNTH_TELECOM_DB
PH009137,9777139527,+91,Carrier_D,Maharashtra,2022-02-24,,Active,P004993,SYNTH_TELECOM_DB
PH009138,9870796216,+91,Carrier_C,Maharashtra,2020-07-01,,Active,P006607,SYNTH_TELECOM_DB
PH009139,9186236453,+91,Carrier_E,Maharashtra,2024-07-17,2026-08-29,Inactive,P002418,SYNTH_CDR_DB
PH009140,9425453037,+91,Carrier_B,Maharashtra,2013-12-26,,Active,P006651,SYNTH_TELECOM_DB
PH009141,9987761103,+91,Carrier_C,Maharashtra,2026-08-27,,Active,P005883,SYNTH_CDR_DB
PH009142,9304982878,+91,Carrier_D,Maharashtra,2021-07-24,,Active,P003757,SYNTH_LEGACY_DB
PH009143,9916726105,+91,Carrier_D,Maharashtra,2025-11-12,2026-05-09,Suspended,P000235,SYNTH_TELECOM_DB
PH009144,9675796069,+91,Carrier_A,Maharashtra,2012-04-02,,Active,P001804,SYNTH_TELECOM_DB
PH009145,9100386218,+91,Carrier_C,Maharashtra,2020-11-09,,Active,P003514,SYNTH_TELECOM_DB
PH009146,9865286531,+91,Carrier_B,Maharashtra,2018-03-30,,Active,P002771,SYNTH_LEGACY_DB
PH009147,9480545333,+91,Carrier_B,Maharashtra,2013-03-05,2019-08-05,Inactive,P005883,SYNTH_CDR_DB
PH009148,9768078014,+91,Carrier_A,Maharashtra,2018-02-20,,Active,P002757,SYNTH_TELECOM_DB
PH009149,9658665780,+91,Carrier_B,Maharashtra,2020-04-24,2023-06-26,Inactive,P005452,SYNTH_LEGACY_DB
PH009150,9610844099,+91,Carrier_B,Maharashtra,2014-01-13,,Active,P003356,SYNTH_TELECOM_DB
PH009151,9567505994,+91,Carrier_B,Maharashtra,2026-07-12,2026-08-29,Inactive,P002432,SYNTH_IDENTITY_DB
PH009152,9767512935,+91,Carrier_C,Maharashtra,2020-12-08,,Active,P004908,SYNTH_TELECOM_DB
PH009153,9437368853,+91,Carrier_A,Maharashtra,2014-06-07,,Active,P000945,SYNTH_TELECOM_DB
PH009154,9905352117,+91,Carrier_A,Maharashtra,2019-05-29,,Active,P000758,SYNTH_TELECOM_DB
PH009155,9337471312,+91,Carrier_A,Maharashtra,2016-09-30,,Active,P003467,SYNTH_TELECOM_DB
PH009156,9466385989,+91,Carrier_D,Maharashtra,2010-06-03,,Active,P000886,SYNTH_TELECOM_DB
PH009157,9704227105,+91,Carrier_A,Maharashtra,2023-02-01,2026-05-04,Reassigned,P000401,SYNTH_TELECOM_DB
PH009158,9444529652,+91,Carrier_C,Maharashtra,2022-01-20,,Active,P001614,SYNTH_TELECOM_DB
PH009159,9606134642,+91,Carrier_A,Maharashtra,2019-04-27,,Active,P004378,SYNTH_TELECOM_DB
PH009160,9634460977,+91,Carrier_D,Maharashtra,2021-04-07,,Active,P005350,SYNTH_TELECOM_DB
PH009161,9970264570,+91,Carrier_C,Maharashtra,2018-12-05,,Active,P002375,SYNTH_TELECOM_DB
PH009162,9236703404,+91,Carrier_A,Maharashtra,2015-10-08,,Active,P000926,SYNTH_LEGACY_DB
PH009163,9281342252,+91,Carrier_E,Maharashtra,2023-07-27,,Active,P006320,SYNTH_IDENTITY_DB
PH009164,9323576782,+91,Carrier_E,Maharashtra,2022-10-27,,Active,P000089,SYNTH_CDR_DB
PH009165,9418529323,+91,Carrier_B,Maharashtra,2022-01-09,2026-01-20,Inactive,P002187,SYNTH_TELECOM_DB
PH009166,9451121110,+91,Carrier_B,Maharashtra,2011-10-06,,Active,P001027,SYNTH_TELECOM_DB
PH009167,9274900881,+91,Carrier_A,Maharashtra,2012-06-30,,Active,P003891,SYNTH_TELECOM_DB
PH009168,9805572599,+91,Carrier_D,Maharashtra,2013-05-23,,Active,P001866,SYNTH_CDR_DB
PH009169,9460876127,+91,Carrier_A,Maharashtra,2012-02-28,,Active,P003961,SYNTH_TELECOM_DB
PH009170,9954738019,+91,Carrier_A,Maharashtra,2018-07-07,2020-07-05,Reassigned,P005772,SYNTH_CDR_DB
PH009171,9783660853,+91,Carrier_C,Maharashtra,2014-08-18,,Active,P000708,SYNTH_IDENTITY_DB
PH009172,9194317096,+91,Carrier_C,Maharashtra,2011-11-08,,Active,P002121,SYNTH_IDENTITY_DB
PH009173,9156228130,+91,Carrier_A,Maharashtra,2025-06-06,,Active,P005823,SYNTH_TELECOM_DB
PH009174,9204372045,+91,Carrier_D,Maharashtra,2011-03-15,2016-10-30,Inactive,P002016,SYNTH_TELECOM_DB
PH009175,9112399798,+91,Carrier_E,Maharashtra,2023-12-05,2026-08-29,Inactive,P000298,SYNTH_TELECOM_DB
PH009176,9220082280,+91,Carrier_C,Maharashtra,2014-08-18,2014-10-29,Inactive,P001184,SYNTH_TELECOM_DB
PH009177,9831852106,+91,Carrier_A,Maharashtra,2025-11-08,,Active,P001382,SYNTH_IDENTITY_DB
PH009178,9373247192,+91,Carrier_A,Maharashtra,2016-01-10,,Active,P005066,SYNTH_CDR_DB
PH009179,9933098609,+91,Carrier_C,Maharashtra,2012-05-29,2013-10-30,Reassigned,P006863,SYNTH_TELECOM_DB
PH009180,9825522615,+91,Carrier_C,Maharashtra,2011-03-20,2013-01-22,Suspended,P003256,SYNTH_CDR_DB
PH009181,9783909675,+91,Carrier_A,Maharashtra,2014-06-01,,Active,P004089,SYNTH_IDENTITY_DB
PH009182,9392846018,+91,Carrier_C,Maharashtra,2017-01-01,2019-04-06,Suspended,P002416,SYNTH_TELECOM_DB
PH009183,9804440552,+91,Carrier_A,Maharashtra,2025-07-10,2026-02-14,Inactive,P003428,SYNTH_TELECOM_DB
PH009184,9754834287,+91,Carrier_B,Maharashtra,2019-04-06,,Active,P006966,SYNTH_TELECOM_DB
PH009185,9125440147,+91,Carrier_C,Maharashtra,2014-09-24,,Active,P003523,SYNTH_TELECOM_DB
PH009186,9745190306,+91,Carrier_A,Maharashtra,2022-07-03,,Active,P003591,SYNTH_IDENTITY_DB
PH009187,9407386073,+91,Carrier_A,Maharashtra,2017-12-06,2019-05-28,Inactive,P004174,SYNTH_TELECOM_DB
PH009188,9351317167,+91,Carrier_D,Maharashtra,2019-03-31,,Active,P006078,SYNTH_TELECOM_DB
PH009189,9979516503,+91,Carrier_B,Maharashtra,2011-06-10,,Active,P001158,SYNTH_TELECOM_DB
PH009190,9915300132,+91,Carrier_C,Maharashtra,2011-11-08,2014-10-20,Reassigned,P004214,SYNTH_TELECOM_DB
PH009191,9172318340,+91,Carrier_A,Maharashtra,2013-12-28,,Active,P004238,SYNTH_IDENTITY_DB
PH009192,9399810430,+91,Carrier_E,Maharashtra,2025-03-26,,Active,P000182,SYNTH_TELECOM_DB
PH009193,9293349478,+91,Carrier_B,Maharashtra,2017-10-02,,Active,P000334,SYNTH_LEGACY_DB
PH009194,9647618024,+91,Carrier_A,Maharashtra,2019-07-30,,Active,P000680,SYNTH_TELECOM_DB
PH009195,9668994879,+91,Carrier_B,Maharashtra,2014-01-28,,Active,P003184,SYNTH_CDR_DB
PH009196,9403474343,+91,Carrier_B,Maharashtra,2026-03-08,,Active,P003918,SYNTH_TELECOM_DB
PH009197,9111146905,+91,Carrier_C,Maharashtra,2010-12-07,,Active,P003472,SYNTH_TELECOM_DB
PH009198,9206203604,+91,Carrier_A,Maharashtra,2011-03-07,,Active,P003928,SYNTH_TELECOM_DB
PH009199,9947024221,+91,Carrier_B,Maharashtra,2012-09-30,2018-07-05,Inactive,P005859,SYNTH_TELECOM_DB
PH009200,9904469898,+91,Carrier_C,Maharashtra,2016-06-26,,Active,P004494,SYNTH_IDENTITY_DB
PH009201,9829048652,+91,Carrier_C,Maharashtra,2019-01-08,,Active,P006016,SYNTH_TELECOM_DB
PH009202,9949786068,+91,Carrier_B,Maharashtra,2021-07-26,,Active,P000485,SYNTH_CDR_DB
PH009203,9758860970,+91,Carrier_A,Maharashtra,2018-05-20,2020-06-17,Inactive,P005131,SYNTH_TELECOM_DB
PH009204,9749569382,+91,Carrier_B,Maharashtra,2018-05-31,,Active,P000697,SYNTH_IDENTITY_DB
PH009205,9319670511,+91,Carrier_A,Maharashtra,2020-07-21,,Active,P001935,SYNTH_LEGACY_DB
PH009206,9125059721,+91,Carrier_B,Maharashtra,2023-08-16,2026-08-29,Reassigned,P001898,SYNTH_IDENTITY_DB
PH009207,9734324858,+91,Carrier_C,Maharashtra,2010-02-21,,Active,P002491,SYNTH_IDENTITY_DB
PH009208,9182546634,+91,Carrier_B,Maharashtra,2018-04-10,,Active,P003710,SYNTH_CDR_DB
PH009209,9827131470,+91,Carrier_C,Maharashtra,2011-02-26,,Active,P004133,SYNTH_CDR_DB
PH009210,9931259522,+91,Carrier_C,Maharashtra,2016-12-12,,Active,P000007,SYNTH_LEGACY_DB
PH009211,9388301354,+91,Carrier_A,Maharashtra,2023-09-09,,Active,P004377,SYNTH_IDENTITY_DB
PH009212,9329737966,+91,Carrier_C,Maharashtra,2022-04-27,2023-11-13,Inactive,P004424,SYNTH_CDR_DB
PH009213,9241280134,+91,Carrier_A,Maharashtra,2016-01-29,,Active,P003877,SYNTH_IDENTITY_DB
PH009214,9416814890,+91,Carrier_A,Maharashtra,2020-09-03,,Active,P006489,SYNTH_TELECOM_DB
PH009215,9115398771,+91,Carrier_C,Maharashtra,2022-09-07,2026-08-29,Inactive,P002078,SYNTH_LEGACY_DB
PH009216,9352083654,+91,Carrier_A,Maharashtra,2019-08-04,,Active,P000263,SYNTH_TELECOM_DB
PH009217,9653985528,+91,Carrier_C,Maharashtra,2026-04-02,2026-08-29,Reassigned,P005959,SYNTH_CDR_DB
PH009218,9642419804,+91,Carrier_A,Maharashtra,2023-08-12,,Active,P005096,SYNTH_IDENTITY_DB
PH009219,9248269996,+91,Carrier_A,Maharashtra,2022-01-23,2026-08-29,Inactive,P002069,SYNTH_CDR_DB
PH009220,9415559410,+91,Carrier_C,Maharashtra,2016-04-10,2016-08-02,Suspended,P001457,SYNTH_LEGACY_DB
PH009221,9947141480,+91,Carrier_B,Maharashtra,2012-04-09,2014-04-17,Suspended,P003354,SYNTH_TELECOM_DB
PH009222,9148104559,+91,Carrier_A,Maharashtra,2019-02-27,,Active,P003619,SYNTH_TELECOM_DB
PH009223,9277865296,+91,Carrier_A,Maharashtra,2023-08-29,,Active,P002366,SYNTH_TELECOM_DB
PH009224,9751265544,+91,Carrier_A,Maharashtra,2011-07-02,,Active,P005915,SYNTH_IDENTITY_DB
PH009225,9791006467,+91,Carrier_A,Maharashtra,2021-06-05,,Active,P006966,SYNTH_TELECOM_DB
PH009226,9954978511,+91,Carrier_A,Maharashtra,2018-09-21,,Active,P006829,SYNTH_TELECOM_DB
PH009227,9928739874,+91,Carrier_C,Maharashtra,2010-02-07,,Active,P005682,SYNTH_TELECOM_DB
PH009228,9830698643,+91,Carrier_A,Maharashtra,2017-05-19,,Active,P005453,SYNTH_IDENTITY_DB
PH009229,9141984238,+91,Carrier_A,Maharashtra,2026-03-30,2026-08-29,Inactive,P000158,SYNTH_TELECOM_DB
PH009230,9269301650,+91,Carrier_B,Maharashtra,2023-06-29,2026-08-29,Inactive,P002142,SYNTH_TELECOM_DB
PH009231,9575736020,+91,Carrier_A,Maharashtra,2026-03-30,,Active,P002912,SYNTH_CDR_DB
PH009232,9559492007,+91,Carrier_C,Maharashtra,2012-03-01,2012-05-07,Suspended,P005152,SYNTH_TELECOM_DB
PH009233,9619599728,+91,Carrier_C,Maharashtra,2020-04-08,2024-04-19,Inactive,P006526,SYNTH_TELECOM_DB
PH009234,9592977600,+91,Carrier_D,Maharashtra,2025-11-13,,Active,P004391,SYNTH_IDENTITY_DB
PH009235,9871848953,+91,Carrier_A,Maharashtra,2011-06-06,,Active,P004413,SYNTH_TELECOM_DB
PH009236,9647889467,+91,Carrier_E,Maharashtra,2022-04-24,,Active,P004588,SYNTH_IDENTITY_DB
PH009237,9892522357,+91,Carrier_C,Maharashtra,2023-09-18,,Active,P002721,SYNTH_CDR_DB
PH009238,9804585899,+91,Carrier_C,Maharashtra,2026-02-17,,Active,P005499,SYNTH_TELECOM_DB
PH009239,9460500638,+91,Carrier_D,Maharashtra,2023-01-26,,Active,P005024,SYNTH_LEGACY_DB
PH009240,9171027660,+91,Carrier_E,Maharashtra,2015-09-27,2018-06-16,Inactive,P001486,SYNTH_TELECOM_DB
PH009241,9893291421,+91,Carrier_A,Maharashtra,2025-05-13,,Active,P000775,SYNTH_CDR_DB
PH009242,9784645372,+91,Carrier_A,Maharashtra,2014-01-26,,Active,P004948,SYNTH_TELECOM_DB
PH009243,9941579108,+91,Carrier_A,Maharashtra,2023-06-17,2024-12-20,Inactive,P005200,SYNTH_TELECOM_DB
PH009244,9594251853,+91,Carrier_B,Maharashtra,2017-02-28,,Active,P000543,SYNTH_TELECOM_DB
PH009245,9336173399,+91,Carrier_D,Maharashtra,2024-08-08,,Active,P000894,SYNTH_IDENTITY_DB
PH009246,9139171832,+91,Carrier_B,Maharashtra,2011-05-27,2011-08-13,Inactive,P000160,SYNTH_CDR_DB
PH009247,9137646110,+91,Carrier_B,Maharashtra,2023-05-05,,Active,P003342,SYNTH_TELECOM_DB
PH009248,9693988624,+91,Carrier_A,Maharashtra,2011-07-18,,Active,P002542,SYNTH_LEGACY_DB
PH009249,9211013460,+91,Carrier_B,Maharashtra,2022-07-16,,Active,P006912,SYNTH_TELECOM_DB
PH009250,9382036556,+91,Carrier_A,Maharashtra,2015-02-14,,Active,P000394,SYNTH_TELECOM_DB
PH009251,9243067270,+91,Carrier_A,Maharashtra,2020-05-06,,Active,P002765,SYNTH_TELECOM_DB
PH009252,9321165299,+91,Carrier_A,Maharashtra,2022-01-20,2026-08-29,Inactive,P006525,SYNTH_CDR_DB
PH009253,9873274108,+91,Carrier_B,Maharashtra,2013-01-28,,Active,P000077,SYNTH_TELECOM_DB
PH009254,9294951605,+91,Carrier_D,Maharashtra,2018-03-18,2020-07-07,Inactive,P002498,SYNTH_TELECOM_DB
PH009255,9659791132,+91,Carrier_C,Maharashtra,2017-12-27,,Active,P004778,SYNTH_TELECOM_DB
PH009256,9914611338,+91,Carrier_A,Maharashtra,2010-06-30,,Active,P000729,SYNTH_TELECOM_DB
PH009257,9465934858,+91,Carrier_C,Maharashtra,2022-11-26,,Active,P001943,SYNTH_LEGACY_DB
PH009258,9138585118,+91,Carrier_B,Maharashtra,2021-07-07,,Active,P004505,SYNTH_TELECOM_DB
PH009259,9959856386,+91,Carrier_B,Maharashtra,2015-09-27,,Active,P003334,SYNTH_TELECOM_DB
PH009260,9853101853,+91,Carrier_C,Maharashtra,2010-08-29,,Active,P006786,SYNTH_CDR_DB
PH009261,9139768355,+91,Carrier_A,Maharashtra,2022-10-08,,Active,P005702,SYNTH_IDENTITY_DB
PH009262,9691655187,+91,Carrier_C,Maharashtra,2019-09-06,,Active,P001066,SYNTH_IDENTITY_DB
PH009263,9516404338,+91,Carrier_A,Maharashtra,2017-12-25,,Active,P001219,SYNTH_IDENTITY_DB
PH009264,9310983005,+91,Carrier_C,Maharashtra,2017-09-16,,Active,P004838,SYNTH_TELECOM_DB
PH009265,9886309646,+91,Carrier_D,Maharashtra,2018-05-21,,Active,P005563,SYNTH_TELECOM_DB
PH009266,9182225243,+91,Carrier_A,Maharashtra,2011-10-10,2014-07-16,Inactive,P003776,SYNTH_LEGACY_DB
PH009267,9380656103,+91,Carrier_C,Maharashtra,2022-07-14,,Active,P004402,SYNTH_CDR_DB
PH009268,9576381592,+91,Carrier_A,Maharashtra,2020-10-28,,Active,P002258,SYNTH_TELECOM_DB
PH009269,9134230194,+91,Carrier_A,Maharashtra,2020-07-31,,Active,P003263,SYNTH_IDENTITY_DB
PH009270,9912901481,+91,Carrier_E,Maharashtra,2012-09-26,,Active,P001974,SYNTH_IDENTITY_DB
PH009271,9781831004,+91,Carrier_A,Maharashtra,2021-03-29,,Active,P002619,SYNTH_CDR_DB
PH009272,9568409167,+91,Carrier_D,Maharashtra,2022-08-01,,Active,P002737,SYNTH_CDR_DB
PH009273,9518089256,+91,Carrier_A,Maharashtra,2023-10-13,,Active,P000857,SYNTH_CDR_DB
PH009274,9560097173,+91,Carrier_B,Maharashtra,2011-12-20,,Active,P005394,SYNTH_TELECOM_DB
PH009275,9722890755,+91,Carrier_B,Maharashtra,2010-05-14,,Active,P004105,SYNTH_TELECOM_DB
PH009276,9753637451,+91,Carrier_C,Maharashtra,2023-06-24,,Active,P001195,SYNTH_CDR_DB
PH009277,9662167489,+91,Carrier_B,Maharashtra,2013-09-24,,Active,P004867,SYNTH_TELECOM_DB
PH009278,9504523017,+91,Carrier_D,Maharashtra,2011-02-14,,Active,P004050,SYNTH_CDR_DB
PH009279,9784502661,+91,Carrier_A,Maharashtra,2024-07-27,,Active,P000654,SYNTH_TELECOM_DB
PH009280,9770681651,+91,Carrier_A,Maharashtra,2015-12-29,,Active,P003317,SYNTH_CDR_DB
PH009281,9199739837,+91,Carrier_A,Maharashtra,2026-05-28,,Active,P002852,SYNTH_CDR_DB
PH009282,9990028934,+91,Carrier_C,Maharashtra,2010-03-05,2011-01-01,Inactive,P005468,SYNTH_TELECOM_DB
PH009283,9103857008,+91,Carrier_A,Maharashtra,2015-12-06,,Active,P006983,SYNTH_TELECOM_DB
PH009284,9567394934,+91,Carrier_B,Maharashtra,2011-03-30,,Active,P000649,SYNTH_LEGACY_DB
PH009285,9173217954,+91,Carrier_D,Maharashtra,2010-06-26,,Active,P001299,SYNTH_TELECOM_DB
PH009286,9588641938,+91,Carrier_B,Maharashtra,2023-02-19,,Active,P006384,SYNTH_TELECOM_DB
PH009287,9305269380,+91,Carrier_B,Maharashtra,2015-11-27,,Active,P002518,SYNTH_CDR_DB
PH009288,9474309742,+91,Carrier_B,Maharashtra,2023-11-30,,Active,P006865,SYNTH_TELECOM_DB
PH009289,9170523975,+91,Carrier_A,Maharashtra,2025-09-04,,Active,P005503,SYNTH_TELECOM_DB
PH009290,9256350094,+91,Carrier_C,Maharashtra,2019-05-09,,Active,P003416,SYNTH_TELECOM_DB
PH009291,9300526481,+91,Carrier_A,Maharashtra,2017-09-27,,Active,P005664,SYNTH_TELECOM_DB
PH009292,9996939584,+91,Carrier_C,Maharashtra,2014-06-30,,Active,P002809,SYNTH_LEGACY_DB
PH009293,9269329809,+91,Carrier_B,Maharashtra,2014-07-20,,Active,P005794,SYNTH_CDR_DB
PH009294,9486006585,+91,Carrier_B,Maharashtra,2014-12-17,2021-01-08,Reassigned,P004713,SYNTH_TELECOM_DB
PH009295,9229296060,+91,Carrier_A,Maharashtra,2014-03-14,2015-09-03,Suspended,P002130,SYNTH_TELECOM_DB
PH009296,9770519112,+91,Carrier_C,Maharashtra,2017-07-11,,Active,P001520,SYNTH_TELECOM_DB
PH009297,9609123307,+91,Carrier_B,Maharashtra,2023-06-19,,Active,P004523,SYNTH_CDR_DB
PH009298,9910925959,+91,Carrier_D,Maharashtra,2015-08-06,,Active,P006301,SYNTH_CDR_DB
PH009299,9501495726,+91,Carrier_E,Maharashtra,2016-08-12,,Active,P003514,SYNTH_TELECOM_DB
PH009300,9633955857,+91,Carrier_A,Maharashtra,2025-07-08,,Active,P000899,SYNTH_LEGACY_DB
PH009301,9524881636,+91,Carrier_A,Maharashtra,2023-06-02,2023-09-13,Inactive,P004920,SYNTH_CDR_DB
PH009302,9486971401,+91,Carrier_D,Maharashtra,2022-07-30,2023-03-15,Reassigned,P002432,SYNTH_TELECOM_DB
PH009303,9797639296,+91,Carrier_C,Maharashtra,2021-12-13,,Active,P002756,SYNTH_TELECOM_DB
PH009304,9661000618,+91,Carrier_C,Maharashtra,2019-12-15,,Active,P005944,SYNTH_IDENTITY_DB
PH009305,9504012297,+91,Carrier_A,Maharashtra,2021-09-11,,Active,P004858,SYNTH_CDR_DB
PH009306,9511426805,+91,Carrier_A,Maharashtra,2014-10-29,,Active,P002279,SYNTH_TELECOM_DB
PH009307,9847434715,+91,Carrier_A,Maharashtra,2012-05-25,,Active,P000875,SYNTH_TELECOM_DB
PH009308,9339369188,+91,Carrier_E,Maharashtra,2026-05-01,,Active,P000221,SYNTH_TELECOM_DB
PH009309,9687073354,+91,Carrier_E,Maharashtra,2024-08-16,,Active,P003635,SYNTH_IDENTITY_DB
PH009310,9311224263,+91,Carrier_C,Maharashtra,2013-09-30,,Active,P002387,SYNTH_IDENTITY_DB
PH009311,9187770652,+91,Carrier_A,Maharashtra,2018-09-30,,Active,P003375,SYNTH_TELECOM_DB
PH009312,9929003352,+91,Carrier_A,Maharashtra,2021-05-06,,Active,P006276,SYNTH_IDENTITY_DB
PH009313,9309564872,+91,Carrier_A,Maharashtra,2013-04-17,,Active,P004433,SYNTH_TELECOM_DB
PH009314,9697325700,+91,Carrier_B,Maharashtra,2016-07-17,,Active,P002305,SYNTH_IDENTITY_DB
PH009315,9119954036,+91,Carrier_B,Maharashtra,2026-02-02,2026-04-14,Suspended,P003804,SYNTH_CDR_DB
PH009316,9864251391,+91,Carrier_A,Maharashtra,2011-01-13,,Active,P005075,SYNTH_LEGACY_DB
PH009317,9108330825,+91,Carrier_B,Maharashtra,2024-09-19,2026-08-29,Inactive,P001155,SYNTH_TELECOM_DB
PH009318,9381198928,+91,Carrier_A,Maharashtra,2012-08-15,,Active,P000636,SYNTH_TELECOM_DB
PH009319,9786374857,+91,Carrier_B,Maharashtra,2016-08-19,,Active,P005312,SYNTH_CDR_DB
PH009320,9772117156,+91,Carrier_B,Maharashtra,2019-08-28,,Active,P000207,SYNTH_TELECOM_DB
PH009321,9521189232,+91,Carrier_B,Maharashtra,2021-05-18,2022-07-22,Suspended,P001324,SYNTH_CDR_DB
PH009322,9802650539,+91,Carrier_C,Maharashtra,2023-05-14,,Active,P005911,SYNTH_TELECOM_DB
PH009323,9369921246,+91,Carrier_C,Maharashtra,2025-02-03,,Active,P006881,SYNTH_IDENTITY_DB
PH009324,9740326149,+91,Carrier_B,Maharashtra,2015-07-26,,Active,P002909,SYNTH_TELECOM_DB
PH009325,9212145850,+91,Carrier_A,Maharashtra,2019-05-28,2021-08-09,Inactive,P000646,SYNTH_TELECOM_DB
PH009326,9339120033,+91,Carrier_C,Maharashtra,2024-11-13,2026-08-29,Inactive,P006907,SYNTH_LEGACY_DB
PH009327,9747417389,+91,Carrier_B,Maharashtra,2017-05-26,,Active,P003633,SYNTH_TELECOM_DB
PH009328,9652195425,+91,Carrier_E,Maharashtra,2011-05-31,,Active,P001125,SYNTH_LEGACY_DB
PH009329,9670656094,+91,Carrier_E,Maharashtra,2020-01-24,,Active,P003372,SYNTH_IDENTITY_DB
PH009330,9316375878,+91,Carrier_C,Maharashtra,2013-10-05,,Active,P003474,SYNTH_LEGACY_DB
PH009331,9387629658,+91,Carrier_A,Maharashtra,2016-09-12,,Active,P005044,SYNTH_TELECOM_DB
PH009332,9948365039,+91,Carrier_D,Maharashtra,2012-10-26,,Active,P005447,SYNTH_IDENTITY_DB
PH009333,9283358352,+91,Carrier_B,Maharashtra,2011-08-22,2012-05-06,Inactive,P003209,SYNTH_TELECOM_DB
PH009334,9155292228,+91,Carrier_B,Maharashtra,2011-01-05,,Active,P002249,SYNTH_LEGACY_DB
PH009335,9358899267,+91,Carrier_A,Maharashtra,2011-08-13,,Active,P004235,SYNTH_TELECOM_DB
PH009336,9430033595,+91,Carrier_A,Maharashtra,2017-06-14,,Active,P005181,SYNTH_TELECOM_DB
PH009337,9492954611,+91,Carrier_A,Maharashtra,2014-08-24,2022-06-27,Reassigned,P000305,SYNTH_CDR_DB
PH009338,9698811549,+91,Carrier_B,Maharashtra,2021-08-23,,Active,P002660,SYNTH_TELECOM_DB
PH009339,9619138151,+91,Carrier_D,Maharashtra,2011-11-06,,Active,P004924,SYNTH_LEGACY_DB
PH009340,9278813909,+91,Carrier_C,Maharashtra,2023-10-27,2025-07-17,Reassigned,P002520,SYNTH_CDR_DB
PH009341,9417120701,+91,Carrier_A,Maharashtra,2019-04-18,,Active,P005774,SYNTH_TELECOM_DB
PH009342,9107665674,+91,Carrier_A,Maharashtra,2016-02-10,2021-11-26,Inactive,P002042,SYNTH_TELECOM_DB
PH009343,9776903490,+91,Carrier_C,Maharashtra,2015-10-27,,Active,P006414,SYNTH_LEGACY_DB
PH009344,9467104998,+91,Carrier_B,Maharashtra,2018-10-23,2020-11-05,Inactive,P003557,SYNTH_CDR_DB
PH009345,9487026688,+91,Carrier_B,Maharashtra,2013-03-10,2013-11-24,Suspended,P000961,SYNTH_TELECOM_DB
PH009346,9671981403,+91,Carrier_A,Maharashtra,2010-07-31,,Active,P006923,SYNTH_CDR_DB
PH009347,9775535302,+91,Carrier_B,Maharashtra,2022-12-15,,Active,P005764,SYNTH_LEGACY_DB
PH009348,9191593860,+91,Carrier_B,Maharashtra,2020-01-04,,Active,P003081,SYNTH_IDENTITY_DB
PH009349,9998641547,+91,Carrier_B,Maharashtra,2013-10-03,2014-11-16,Reassigned,P005641,SYNTH_TELECOM_DB
PH009350,9924381436,+91,Carrier_B,Maharashtra,2022-04-06,,Active,P002794,SYNTH_IDENTITY_DB
PH009351,9936592067,+91,Carrier_B,Maharashtra,2023-12-07,,Active,P003271,SYNTH_LEGACY_DB
PH009352,9648078272,+91,Carrier_A,Maharashtra,2015-03-08,2018-02-17,Inactive,P002230,SYNTH_IDENTITY_DB
PH009353,9278970502,+91,Carrier_D,Maharashtra,2023-07-23,2026-06-06,Inactive,P003347,SYNTH_TELECOM_DB
PH009354,9460780033,+91,Carrier_C,Maharashtra,2010-12-27,,Active,P003214,SYNTH_TELECOM_DB
PH009355,9160087954,+91,Carrier_C,Maharashtra,2024-12-01,,Active,P003362,SYNTH_TELECOM_DB
PH009356,9517790439,+91,Carrier_B,Maharashtra,2012-04-28,,Active,P002981,SYNTH_TELECOM_DB
PH009357,9680104781,+91,Carrier_A,Maharashtra,2021-04-21,,Active,P002510,SYNTH_TELECOM_DB
PH009358,9348820919,+91,Carrier_D,Maharashtra,2015-07-26,,Active,P001014,SYNTH_CDR_DB
PH009359,9735052197,+91,Carrier_A,Maharashtra,2015-06-17,,Active,P004361,SYNTH_TELECOM_DB
PH009360,9743507504,+91,Carrier_A,Maharashtra,2018-08-10,,Active,P006540,SYNTH_TELECOM_DB
PH009361,9352691335,+91,Carrier_A,Maharashtra,2018-06-30,,Active,P004156,SYNTH_TELECOM_DB
PH009362,9420827866,+91,Carrier_C,Maharashtra,2022-12-09,2023-11-10,Inactive,P004814,SYNTH_TELECOM_DB
PH009363,9671441397,+91,Carrier_A,Maharashtra,2024-10-11,2026-01-12,Reassigned,P001133,SYNTH_TELECOM_DB
PH009364,9407151720,+91,Carrier_C,Maharashtra,2021-10-12,,Active,P003189,SYNTH_TELECOM_DB
PH009365,9401184974,+91,Carrier_B,Maharashtra,2021-08-24,,Active,P005261,SYNTH_TELECOM_DB
PH009366,9345438610,+91,Carrier_C,Maharashtra,2014-02-20,2018-02-11,Inactive,P000891,SYNTH_TELECOM_DB
PH009367,9461732738,+91,Carrier_A,Maharashtra,2018-08-12,,Active,P000946,SYNTH_TELECOM_DB
PH009368,9526544136,+91,Carrier_A,Maharashtra,2025-07-09,,Active,P002554,SYNTH_CDR_DB
PH009369,9617697990,+91,Carrier_B,Maharashtra,2023-10-10,,Active,P005234,SYNTH_IDENTITY_DB
PH009370,9342604928,+91,Carrier_B,Maharashtra,2012-05-16,,Active,P005611,SYNTH_TELECOM_DB
PH009371,9862370862,+91,Carrier_B,Maharashtra,2013-06-04,,Active,P005128,SYNTH_TELECOM_DB
PH009372,9178268507,+91,Carrier_C,Maharashtra,2016-04-22,,Active,P000316,SYNTH_TELECOM_DB
PH009373,9898614768,+91,Carrier_A,Maharashtra,2019-06-06,,Active,P000417,SYNTH_IDENTITY_DB
PH009374,9973046827,+91,Carrier_A,Maharashtra,2014-05-08,,Active,P003613,SYNTH_TELECOM_DB
PH009375,9182175358,+91,Carrier_C,Maharashtra,2023-03-29,,Active,P001912,SYNTH_TELECOM_DB
PH009376,9172643062,+91,Carrier_C,Maharashtra,2014-10-09,2017-09-02,Inactive,P006077,SYNTH_CDR_DB
PH009377,9978003996,+91,Carrier_C,Maharashtra,2020-07-21,,Active,P003833,SYNTH_TELECOM_DB
PH009378,9855688039,+91,Carrier_E,Maharashtra,2018-05-17,,Active,P004686,SYNTH_TELECOM_DB
PH009379,9508076326,+91,Carrier_A,Maharashtra,2015-11-24,,Active,P002246,SYNTH_TELECOM_DB
PH009380,9752322302,+91,Carrier_B,Maharashtra,2023-07-29,,Active,P003233,SYNTH_CDR_DB
PH009381,9808643045,+91,Carrier_B,Maharashtra,2023-03-13,,Active,P006395,SYNTH_TELECOM_DB
PH009382,9903634111,+91,Carrier_C,Maharashtra,2019-08-29,,Active,P006814,SYNTH_TELECOM_DB
PH009383,9433958041,+91,Carrier_A,Maharashtra,2021-04-18,2026-08-29,Reassigned,P004987,SYNTH_TELECOM_DB
PH009384,9969345336,+91,Carrier_A,Maharashtra,2023-05-27,,Active,P000221,SYNTH_TELECOM_DB
PH009385,9455913173,+91,Carrier_B,Maharashtra,2016-07-23,,Active,P002967,SYNTH_TELECOM_DB
PH009386,9761337807,+91,Carrier_D,Maharashtra,2017-12-20,2021-08-24,Inactive,P002015,SYNTH_TELECOM_DB
PH009387,9257947779,+91,Carrier_D,Maharashtra,2016-07-18,,Active,P006267,SYNTH_TELECOM_DB
PH009388,9372403708,+91,Carrier_A,Maharashtra,2024-06-01,,Active,P002289,SYNTH_TELECOM_DB
PH009389,9377076694,+91,Carrier_A,Maharashtra,2024-09-03,,Active,P006733,SYNTH_CDR_DB
PH009390,9442244909,+91,Carrier_B,Maharashtra,2020-06-13,2023-08-05,Inactive,P003996,SYNTH_TELECOM_DB
PH009391,9838403705,+91,Carrier_B,Maharashtra,2020-05-02,,Active,P003149,SYNTH_TELECOM_DB
PH009392,9860593894,+91,Carrier_A,Maharashtra,2010-11-12,,Active,P001327,SYNTH_IDENTITY_DB
PH009393,9783630559,+91,Carrier_C,Maharashtra,2012-11-06,,Active,P004056,SYNTH_IDENTITY_DB
PH009394,9224936885,+91,Carrier_B,Maharashtra,2011-03-20,,Active,P003184,SYNTH_LEGACY_DB
PH009395,9480306507,+91,Carrier_C,Maharashtra,2017-03-11,,Active,P000415,SYNTH_TELECOM_DB
PH009396,9358845772,+91,Carrier_A,Maharashtra,2016-01-20,,Active,P006155,SYNTH_LEGACY_DB
PH009397,9395610475,+91,Carrier_C,Maharashtra,2013-07-07,2013-10-13,Suspended,P000794,SYNTH_IDENTITY_DB
PH009398,9790587662,+91,Carrier_B,Maharashtra,2016-05-12,,Active,P005617,SYNTH_CDR_DB
PH009399,9628656068,+91,Carrier_B,Maharashtra,2022-03-23,,Active,P001730,SYNTH_IDENTITY_DB
PH009400,9288062318,+91,Carrier_B,Maharashtra,2013-05-13,,Active,P003779,SYNTH_TELECOM_DB
PH009401,9769227929,+91,Carrier_B,Maharashtra,2018-07-21,2019-06-02,Inactive,P001162,SYNTH_TELECOM_DB
PH009402,9247592821,+91,Carrier_A,Maharashtra,2020-10-21,,Active,P002590,SYNTH_IDENTITY_DB
PH009403,9688669016,+91,Carrier_A,Maharashtra,2026-05-10,2026-08-29,Inactive,P001877,SYNTH_IDENTITY_DB
PH009404,9533131445,+91,Carrier_B,Maharashtra,2025-05-27,2026-08-29,Reassigned,P002073,SYNTH_TELECOM_DB
PH009405,9170038613,+91,Carrier_A,Maharashtra,2018-03-05,,Active,P004663,SYNTH_TELECOM_DB
PH009406,9460946491,+91,Carrier_D,Maharashtra,2010-02-03,,Active,P002105,SYNTH_IDENTITY_DB
PH009407,9597128757,+91,Carrier_A,Maharashtra,2023-03-17,,Active,P003121,SYNTH_IDENTITY_DB
PH009408,9799140062,+91,Carrier_A,Maharashtra,2022-02-08,,Active,P006579,SYNTH_TELECOM_DB
PH009409,9182613072,+91,Carrier_B,Maharashtra,2010-09-07,,Active,P003070,SYNTH_IDENTITY_DB
PH009410,9638212689,+91,Carrier_D,Maharashtra,2022-05-21,,Active,P000644,SYNTH_LEGACY_DB
PH009411,9649881729,+91,Carrier_B,Maharashtra,2011-02-03,,Active,P004967,SYNTH_CDR_DB
PH009412,9953797577,+91,Carrier_A,Maharashtra,2011-04-03,2013-03-01,Suspended,P002583,SYNTH_TELECOM_DB
PH009413,9683905150,+91,Carrier_C,Maharashtra,2021-09-06,2021-10-20,Inactive,P000264,SYNTH_TELECOM_DB
PH009414,9812735004,+91,Carrier_C,Maharashtra,2015-02-23,,Active,P006914,SYNTH_TELECOM_DB
PH009415,9935036290,+91,Carrier_A,Maharashtra,2012-05-11,,Active,P005206,SYNTH_IDENTITY_DB
PH009416,9243061940,+91,Carrier_D,Maharashtra,2019-02-09,2019-08-03,Inactive,P001960,SYNTH_TELECOM_DB
PH009417,9626446954,+91,Carrier_E,Maharashtra,2021-05-28,,Active,P006151,SYNTH_CDR_DB
PH009418,9669275703,+91,Carrier_B,Maharashtra,2018-01-10,,Active,P000837,SYNTH_TELECOM_DB
PH009419,9318871955,+91,Carrier_B,Maharashtra,2013-09-01,,Active,P005333,SYNTH_TELECOM_DB
PH009420,9434180104,+91,Carrier_B,Maharashtra,2012-01-24,2016-11-06,Inactive,P002501,SYNTH_IDENTITY_DB
PH009421,9892489517,+91,Carrier_A,Maharashtra,2017-04-22,,Active,P001128,SYNTH_TELECOM_DB
PH009422,9772092622,+91,Carrier_C,Maharashtra,2024-03-22,,Active,P006297,SYNTH_IDENTITY_DB
PH009423,9199492270,+91,Carrier_A,Maharashtra,2010-10-05,,Active,P005394,SYNTH_TELECOM_DB
PH009424,9292291880,+91,Carrier_B,Maharashtra,2025-11-24,,Active,P001684,SYNTH_TELECOM_DB
PH009425,9522176464,+91,Carrier_A,Maharashtra,2022-06-17,2024-09-05,Suspended,P006768,SYNTH_TELECOM_DB
PH009426,9550073091,+91,Carrier_E,Maharashtra,2022-01-23,2026-08-29,Reassigned,P003018,SYNTH_TELECOM_DB
PH009427,9754730052,+91,Carrier_C,Maharashtra,2025-03-18,,Active,P002596,SYNTH_CDR_DB
PH009428,9511917559,+91,Carrier_A,Maharashtra,2025-04-30,,Active,P003890,SYNTH_CDR_DB
PH009429,9275948452,+91,Carrier_A,Maharashtra,2016-08-25,2017-11-04,Inactive,P000186,SYNTH_TELECOM_DB
PH009430,9222491122,+91,Carrier_D,Maharashtra,2013-12-02,,Active,P000146,SYNTH_CDR_DB
PH009431,9657918731,+91,Carrier_A,Maharashtra,2017-05-20,,Active,P001741,SYNTH_TELECOM_DB
PH009432,9406740461,+91,Carrier_A,Maharashtra,2014-12-02,,Active,P000320,SYNTH_LEGACY_DB
PH009433,9315134243,+91,Carrier_C,Maharashtra,2022-07-16,,Active,P005308,SYNTH_TELECOM_DB
PH009434,9115247347,+91,Carrier_C,Maharashtra,2024-10-27,2026-02-03,Suspended,P005260,SYNTH_IDENTITY_DB
PH009435,9553310463,+91,Carrier_A,Maharashtra,2024-05-30,,Active,P004219,SYNTH_TELECOM_DB
PH009436,9310449329,+91,Carrier_A,Maharashtra,2026-01-19,,Active,P006090,SYNTH_TELECOM_DB
PH009437,9204255428,+91,Carrier_B,Maharashtra,2013-01-04,2013-11-28,Suspended,P005495,SYNTH_IDENTITY_DB
PH009438,9360536368,+91,Carrier_C,Maharashtra,2012-06-04,,Active,P002509,SYNTH_CDR_DB
PH009439,9757937232,+91,Carrier_A,Maharashtra,2025-04-15,,Active,P001292,SYNTH_CDR_DB
PH009440,9543708620,+91,Carrier_C,Maharashtra,2014-07-10,,Active,P001680,SYNTH_IDENTITY_DB
PH009441,9115279228,+91,Carrier_C,Maharashtra,2015-04-08,2017-06-05,Inactive,P001720,SYNTH_TELECOM_DB
PH009442,9732103533,+91,Carrier_D,Maharashtra,2011-11-23,2016-11-06,Inactive,P003460,SYNTH_TELECOM_DB
PH009443,9850129373,+91,Carrier_C,Maharashtra,2012-06-18,,Active,P006713,SYNTH_TELECOM_DB
PH009444,9961901840,+91,Carrier_A,Maharashtra,2013-12-12,,Active,P003151,SYNTH_TELECOM_DB
PH009445,9817494868,+91,Carrier_B,Maharashtra,2022-08-10,,Active,P005144,SYNTH_TELECOM_DB
PH009446,9685213262,+91,Carrier_A,Maharashtra,2024-12-15,,Active,P006911,SYNTH_TELECOM_DB
PH009447,9667664153,+91,Carrier_D,Maharashtra,2022-07-02,,Active,P006871,SYNTH_LEGACY_DB
PH009448,9760077215,+91,Carrier_D,Maharashtra,2013-07-10,,Active,P004201,SYNTH_LEGACY_DB
PH009449,9288273440,+91,Carrier_B,Maharashtra,2022-02-12,,Active,P001471,SYNTH_TELECOM_DB
PH009450,9674829174,+91,Carrier_A,Maharashtra,2017-07-27,,Active,P001554,SYNTH_IDENTITY_DB
PH009451,9942307855,+91,Carrier_C,Maharashtra,2018-06-28,,Active,P004707,SYNTH_CDR_DB
PH009452,9603175916,+91,Carrier_A,Maharashtra,2021-01-06,,Active,P005213,SYNTH_IDENTITY_DB
PH009453,9310281530,+91,Carrier_A,Maharashtra,2014-08-18,,Active,P003851,SYNTH_TELECOM_DB
PH009454,9267927961,+91,Carrier_A,Maharashtra,2012-07-23,,Active,P006246,SYNTH_TELECOM_DB
PH009455,9120171248,+91,Carrier_A,Maharashtra,2020-07-27,2020-09-11,Inactive,P000976,SYNTH_TELECOM_DB
PH009456,9913018359,+91,Carrier_A,Maharashtra,2021-07-14,,Active,P006135,SYNTH_TELECOM_DB
PH009457,9281431044,+91,Carrier_B,Maharashtra,2021-10-30,,Active,P000624,SYNTH_TELECOM_DB
PH009458,9704658157,+91,Carrier_A,Maharashtra,2020-08-05,2024-12-14,Inactive,P002779,SYNTH_IDENTITY_DB
PH009459,9604699852,+91,Carrier_C,Maharashtra,2023-12-09,,Active,P001374,SYNTH_LEGACY_DB
PH009460,9606103412,+91,Carrier_B,Maharashtra,2016-09-15,,Active,P006496,SYNTH_TELECOM_DB
PH009461,9180416122,+91,Carrier_B,Maharashtra,2011-08-30,2013-07-27,Inactive,P005480,SYNTH_TELECOM_DB
PH009462,9960801616,+91,Carrier_A,Maharashtra,2021-03-05,,Active,P004068,SYNTH_LEGACY_DB
PH009463,9795037486,+91,Carrier_C,Maharashtra,2021-10-30,,Active,P004177,SYNTH_CDR_DB
PH009464,9998485304,+91,Carrier_C,Maharashtra,2024-06-12,,Active,P000837,SYNTH_TELECOM_DB
PH009465,9320488418,+91,Carrier_C,Maharashtra,2018-04-10,,Active,P000541,SYNTH_TELECOM_DB
PH009466,9114109911,+91,Carrier_A,Maharashtra,2025-09-27,2026-08-29,Suspended,P001731,SYNTH_TELECOM_DB
PH009467,9773372322,+91,Carrier_D,Maharashtra,2015-05-06,2020-04-04,Inactive,P005386,SYNTH_TELECOM_DB
PH009468,9623945721,+91,Carrier_B,Maharashtra,2015-05-12,2016-02-04,Inactive,P000590,SYNTH_TELECOM_DB
PH009469,9293512239,+91,Carrier_B,Maharashtra,2019-06-30,,Active,P006082,SYNTH_TELECOM_DB
PH009470,9799066116,+91,Carrier_A,Maharashtra,2024-04-10,,Active,P001616,SYNTH_CDR_DB
PH009471,9128663687,+91,Carrier_D,Maharashtra,2013-10-29,,Active,P005508,SYNTH_TELECOM_DB
PH009472,9818550247,+91,Carrier_B,Maharashtra,2023-12-22,,Active,P003393,SYNTH_CDR_DB
PH009473,9429129171,+91,Carrier_C,Maharashtra,2016-10-15,,Active,P004400,SYNTH_TELECOM_DB
PH009474,9100227864,+91,Carrier_B,Maharashtra,2025-12-31,,Active,P002578,SYNTH_CDR_DB
PH009475,9993783437,+91,Carrier_D,Maharashtra,2020-03-19,,Active,P000821,SYNTH_TELECOM_DB
PH009476,9385586303,+91,Carrier_A,Maharashtra,2010-11-26,,Active,P006697,SYNTH_TELECOM_DB
PH009477,9819509723,+91,Carrier_C,Maharashtra,2024-12-09,,Active,P003428,SYNTH_CDR_DB
PH009478,9952032946,+91,Carrier_C,Maharashtra,2014-11-23,,Active,P006031,SYNTH_IDENTITY_DB
PH009479,9732194609,+91,Carrier_D,Maharashtra,2016-10-22,,Active,P005976,SYNTH_CDR_DB
PH009480,9908105748,+91,Carrier_A,Maharashtra,2026-02-17,2026-08-29,Inactive,P001432,SYNTH_LEGACY_DB
PH009481,9819162729,+91,Carrier_A,Maharashtra,2024-01-02,,Active,P005662,SYNTH_TELECOM_DB
PH009482,9774630705,+91,Carrier_C,Maharashtra,2012-07-12,,Active,P006866,SYNTH_CDR_DB
PH009483,9227043058,+91,Carrier_C,Maharashtra,2010-12-04,2013-11-10,Inactive,P001983,SYNTH_CDR_DB
PH009484,9391847890,+91,Carrier_B,Maharashtra,2010-05-10,,Active,P005597,SYNTH_CDR_DB
PH009485,9744019953,+91,Carrier_B,Maharashtra,2010-02-17,2016-08-21,Inactive,P000838,SYNTH_IDENTITY_DB
PH009486,9680391545,+91,Carrier_A,Maharashtra,2023-01-16,,Active,P001635,SYNTH_TELECOM_DB
PH009487,9569615356,+91,Carrier_A,Maharashtra,2013-01-31,,Active,P004981,SYNTH_CDR_DB
PH009488,9217529619,+91,Carrier_A,Maharashtra,2023-08-10,,Active,P002448,SYNTH_TELECOM_DB
PH009489,9550756650,+91,Carrier_B,Maharashtra,2025-06-18,2026-03-23,Suspended,P004567,SYNTH_IDENTITY_DB
PH009490,9248632269,+91,Carrier_B,Maharashtra,2024-07-31,,Active,P003887,SYNTH_TELECOM_DB
PH009491,9478016269,+91,Carrier_A,Maharashtra,2021-03-18,2024-09-30,Inactive,P005319,SYNTH_TELECOM_DB
PH009492,9587858566,+91,Carrier_A,Maharashtra,2015-06-17,,Active,P004671,SYNTH_TELECOM_DB
PH009493,9667922012,+91,Carrier_B,Maharashtra,2014-02-16,,Active,P000475,SYNTH_TELECOM_DB
PH009494,9929185375,+91,Carrier_A,Maharashtra,2014-02-12,2015-12-27,Suspended,P004603,SYNTH_TELECOM_DB
PH009495,9396098900,+91,Carrier_B,Maharashtra,2015-11-29,,Active,P003325,SYNTH_IDENTITY_DB
PH009496,9369452388,+91,Carrier_A,Maharashtra,2021-02-16,2026-08-29,Inactive,P000192,SYNTH_IDENTITY_DB
PH009497,9737520270,+91,Carrier_A,Maharashtra,2011-05-06,2015-10-24,Inactive,P004770,SYNTH_LEGACY_DB
PH009498,9681291068,+91,Carrier_A,Maharashtra,2012-08-14,2013-06-07,Suspended,P004241,SYNTH_TELECOM_DB
PH009499,9721775377,+91,Carrier_A,Maharashtra,2016-09-11,2016-12-01,Suspended,P003221,SYNTH_TELECOM_DB
PH009500,9733931382,+91,Carrier_B,Maharashtra,2013-06-04,2015-10-05,Suspended,P000691,SYNTH_TELECOM_DB
PH009501,9635742633,+91,Carrier_A,Maharashtra,2026-07-27,2026-08-29,Inactive,P003439,SYNTH_TELECOM_DB
PH009502,9359295315,+91,Carrier_B,Maharashtra,2016-12-25,,Active,P006701,SYNTH_TELECOM_DB
PH009503,9759563394,+91,Carrier_D,Maharashtra,2010-11-10,,Active,P004321,SYNTH_IDENTITY_DB
PH009504,9680715198,+91,Carrier_A,Maharashtra,2015-11-29,,Active,P001705,SYNTH_TELECOM_DB
PH009505,9366123045,+91,Carrier_A,Maharashtra,2023-03-04,,Active,P002488,SYNTH_TELECOM_DB
PH009506,9202408555,+91,Carrier_A,Maharashtra,2020-04-29,,Active,P003758,SYNTH_CDR_DB
PH009507,9941141424,+91,Carrier_A,Maharashtra,2025-10-24,2026-08-29,Reassigned,P002045,SYNTH_TELECOM_DB
PH009508,9478060627,+91,Carrier_A,Maharashtra,2025-02-10,,Active,P002386,SYNTH_TELECOM_DB
PH009509,9165210400,+91,Carrier_A,Maharashtra,2011-02-15,,Active,P003544,SYNTH_IDENTITY_DB
PH009510,9900739213,+91,Carrier_A,Maharashtra,2019-10-05,2026-07-12,Inactive,P003417,SYNTH_IDENTITY_DB
PH009511,9591393790,+91,Carrier_B,Maharashtra,2024-12-12,,Active,P000162,SYNTH_CDR_DB
PH009512,9300986213,+91,Carrier_B,Maharashtra,2010-02-23,,Active,P000553,SYNTH_IDENTITY_DB
PH009513,9903032724,+91,Carrier_B,Maharashtra,2024-04-17,2025-01-12,Suspended,P000681,SYNTH_LEGACY_DB
PH009514,9405585223,+91,Carrier_A,Maharashtra,2012-12-24,,Active,P006047,SYNTH_CDR_DB
PH009515,9719285370,+91,Carrier_B,Maharashtra,2010-08-12,2010-10-14,Suspended,P004733,SYNTH_TELECOM_DB
PH009516,9315551156,+91,Carrier_A,Maharashtra,2011-11-09,,Active,P000836,SYNTH_TELECOM_DB
PH009517,9258219580,+91,Carrier_B,Maharashtra,2019-05-02,,Active,P005001,SYNTH_IDENTITY_DB
PH009518,9980902056,+91,Carrier_E,Maharashtra,2018-11-16,,Active,P004180,SYNTH_IDENTITY_DB
PH009519,9227141636,+91,Carrier_B,Maharashtra,2017-08-02,,Active,P001395,SYNTH_CDR_DB
PH009520,9169162260,+91,Carrier_A,Maharashtra,2016-09-25,,Active,P006219,SYNTH_TELECOM_DB
PH009521,9267849024,+91,Carrier_A,Maharashtra,2012-03-08,,Active,P001576,SYNTH_CDR_DB
PH009522,9194808913,+91,Carrier_C,Maharashtra,2018-08-25,,Active,P005649,SYNTH_TELECOM_DB
PH009523,9170827939,+91,Carrier_A,Maharashtra,2013-09-16,,Active,P002904,SYNTH_TELECOM_DB
PH009524,9719101614,+91,Carrier_B,Maharashtra,2020-06-18,,Active,P001576,SYNTH_TELECOM_DB
PH009525,9140993407,+91,Carrier_D,Maharashtra,2022-04-29,2026-08-29,Reassigned,P005864,SYNTH_LEGACY_DB
PH009526,9481257370,+91,Carrier_A,Maharashtra,2017-01-17,2018-01-18,Suspended,P003631,SYNTH_TELECOM_DB
PH009527,9104561575,+91,Carrier_A,Maharashtra,2023-08-01,,Active,P006905,SYNTH_TELECOM_DB
PH009528,9578025837,+91,Carrier_B,Maharashtra,2014-05-30,,Active,P002687,SYNTH_TELECOM_DB
PH009529,9587095716,+91,Carrier_B,Maharashtra,2016-06-03,2017-01-15,Suspended,P006877,SYNTH_IDENTITY_DB
PH009530,9476095055,+91,Carrier_C,Maharashtra,2010-08-18,2014-11-11,Inactive,P002889,SYNTH_TELECOM_DB
PH009531,9669472069,+91,Carrier_C,Maharashtra,2019-02-16,2023-09-16,Inactive,P002073,SYNTH_IDENTITY_DB
PH009532,9308832387,+91,Carrier_B,Maharashtra,2020-04-05,2020-10-21,Inactive,P006077,SYNTH_CDR_DB
PH009533,9592512707,+91,Carrier_B,Maharashtra,2021-03-08,,Active,P006536,SYNTH_IDENTITY_DB
PH009534,9951538532,+91,Carrier_B,Maharashtra,2010-07-04,,Active,P004512,SYNTH_CDR_DB
PH009535,9251602688,+91,Carrier_A,Maharashtra,2021-10-29,,Active,P006845,SYNTH_IDENTITY_DB
PH009536,9105723220,+91,Carrier_D,Maharashtra,2020-09-05,,Active,P002698,SYNTH_TELECOM_DB
PH009537,9337377892,+91,Carrier_B,Maharashtra,2014-02-26,,Active,P005844,SYNTH_TELECOM_DB
PH009538,9890922962,+91,Carrier_C,Maharashtra,2014-01-20,,Active,P002684,SYNTH_LEGACY_DB
PH009539,9462875280,+91,Carrier_B,Maharashtra,2018-05-29,,Active,P005708,SYNTH_CDR_DB
PH009540,9362941298,+91,Carrier_C,Maharashtra,2022-12-21,2026-08-29,Reassigned,P003731,SYNTH_TELECOM_DB
PH009541,9974306835,+91,Carrier_A,Maharashtra,2025-07-28,,Active,P002654,SYNTH_LEGACY_DB
PH009542,9307043311,+91,Carrier_D,Maharashtra,2011-03-24,2016-06-09,Inactive,P003823,SYNTH_IDENTITY_DB
PH009543,9729983245,+91,Carrier_B,Maharashtra,2016-10-30,,Active,P006586,SYNTH_TELECOM_DB
PH009544,9136920330,+91,Carrier_A,Maharashtra,2022-04-28,,Active,P005895,SYNTH_TELECOM_DB
PH009545,9693005432,+91,Carrier_B,Maharashtra,2017-07-29,,Active,P001147,SYNTH_TELECOM_DB
PH009546,9269682197,+91,Carrier_B,Maharashtra,2010-08-20,2015-11-11,Inactive,P006613,SYNTH_TELECOM_DB
PH009547,9889603382,+91,Carrier_B,Maharashtra,2018-09-27,,Active,P005738,SYNTH_TELECOM_DB
PH009548,9982160898,+91,Carrier_C,Maharashtra,2026-06-21,,Active,P002788,SYNTH_TELECOM_DB
PH009549,9667647865,+91,Carrier_A,Maharashtra,2018-11-04,2022-09-06,Inactive,P003606,SYNTH_TELECOM_DB
PH009550,9340189290,+91,Carrier_A,Maharashtra,2019-01-24,,Active,P005003,SYNTH_IDENTITY_DB
PH009551,9970532695,+91,Carrier_B,Maharashtra,2024-05-24,,Active,P003900,SYNTH_TELECOM_DB
PH009552,9529258835,+91,Carrier_C,Maharashtra,2020-12-28,,Active,P006935,SYNTH_LEGACY_DB
PH009553,9146380469,+91,Carrier_B,Maharashtra,2012-03-24,,Active,P001857,SYNTH_IDENTITY_DB
PH009554,9898083357,+91,Carrier_A,Maharashtra,2022-10-25,2023-07-12,Suspended,P003662,SYNTH_TELECOM_DB
PH009555,9386486966,+91,Carrier_C,Maharashtra,2019-11-14,2025-06-23,Inactive,P000605,SYNTH_TELECOM_DB
PH009556,9437222627,+91,Carrier_D,Maharashtra,2020-07-14,,Active,P006261,SYNTH_LEGACY_DB
PH009557,9231513185,+91,Carrier_B,Maharashtra,2013-09-25,2016-05-23,Inactive,P004093,SYNTH_IDENTITY_DB
PH009558,9237847634,+91,Carrier_C,Maharashtra,2026-02-12,2026-08-29,Inactive,P002050,SYNTH_LEGACY_DB
PH009559,9871335085,+91,Carrier_A,Maharashtra,2022-06-12,,Active,P004513,SYNTH_IDENTITY_DB
PH009560,9844435647,+91,Carrier_D,Maharashtra,2012-08-04,2014-06-18,Suspended,P004037,SYNTH_TELECOM_DB
PH009561,9268669407,+91,Carrier_B,Maharashtra,2015-01-12,,Active,P003947,SYNTH_TELECOM_DB
PH009562,9858539167,+91,Carrier_A,Maharashtra,2013-12-28,,Active,P005618,SYNTH_TELECOM_DB
PH009563,9895256922,+91,Carrier_E,Maharashtra,2025-11-18,2026-08-29,Inactive,P000256,SYNTH_TELECOM_DB
PH009564,9788159991,+91,Carrier_C,Maharashtra,2013-08-05,,Active,P000402,SYNTH_LEGACY_DB
PH009565,9275510469,+91,Carrier_D,Maharashtra,2016-10-05,,Active,P006337,SYNTH_CDR_DB
PH009566,9487556260,+91,Carrier_C,Maharashtra,2022-08-25,,Active,P004511,SYNTH_TELECOM_DB
PH009567,9727752882,+91,Carrier_C,Maharashtra,2014-07-11,,Active,P005420,SYNTH_TELECOM_DB
PH009568,9561886839,+91,Carrier_C,Maharashtra,2024-11-17,,Active,P001514,SYNTH_IDENTITY_DB
PH009569,9608303850,+91,Carrier_A,Maharashtra,2019-08-07,2021-01-27,Reassigned,P002415,SYNTH_IDENTITY_DB
PH009570,9176637307,+91,Carrier_A,Maharashtra,2011-12-20,,Active,P003249,SYNTH_TELECOM_DB
PH009571,9998094067,+91,Carrier_C,Maharashtra,2015-03-31,,Active,P003463,SYNTH_IDENTITY_DB
PH009572,9921420041,+91,Carrier_C,Maharashtra,2015-06-09,,Active,P006038,SYNTH_LEGACY_DB
PH009573,9987462744,+91,Carrier_B,Maharashtra,2011-11-26,,Active,P006154,SYNTH_TELECOM_DB
PH009574,9338804892,+91,Carrier_D,Maharashtra,2017-08-30,,Active,P002096,SYNTH_IDENTITY_DB
PH009575,9474117345,+91,Carrier_C,Maharashtra,2025-08-29,,Active,P005551,SYNTH_TELECOM_DB
PH009576,9601965015,+91,Carrier_B,Maharashtra,2013-03-22,2017-03-22,Inactive,P005386,SYNTH_TELECOM_DB
PH009577,9258511218,+91,Carrier_B,Maharashtra,2023-05-24,,Active,P004493,SYNTH_IDENTITY_DB
PH009578,9729943877,+91,Carrier_B,Maharashtra,2019-05-29,,Active,P001205,SYNTH_IDENTITY_DB
PH009579,9426506661,+91,Carrier_A,Maharashtra,2015-01-02,,Active,P006474,SYNTH_TELECOM_DB
PH009580,9212604359,+91,Carrier_A,Maharashtra,2017-09-04,2018-04-29,Suspended,P000689,SYNTH_TELECOM_DB
PH009581,9553658630,+91,Carrier_E,Maharashtra,2015-01-08,,Active,P001542,SYNTH_TELECOM_DB
PH009582,9113704858,+91,Carrier_A,Maharashtra,2020-11-27,,Active,P000212,SYNTH_CDR_DB
PH009583,9159260567,+91,Carrier_B,Maharashtra,2012-10-16,,Active,P001282,SYNTH_IDENTITY_DB
PH009584,9267450267,+91,Carrier_C,Maharashtra,2014-08-11,,Active,P005504,SYNTH_TELECOM_DB
PH009585,9117220563,+91,Carrier_C,Maharashtra,2025-10-26,,Active,P006010,SYNTH_CDR_DB
PH009586,9582693487,+91,Carrier_B,Maharashtra,2021-05-02,,Active,P005170,SYNTH_TELECOM_DB
PH009587,9918037881,+91,Carrier_C,Maharashtra,2014-12-01,,Active,P006894,SYNTH_IDENTITY_DB
PH009588,9699222077,+91,Carrier_A,Maharashtra,2012-05-28,,Active,P000341,SYNTH_TELECOM_DB
PH009589,9161649126,+91,Carrier_D,Maharashtra,2025-02-28,,Active,P004037,SYNTH_TELECOM_DB
PH009590,9215030760,+91,Carrier_A,Maharashtra,2011-01-26,,Active,P001683,SYNTH_LEGACY_DB
PH009591,9316017608,+91,Carrier_B,Maharashtra,2023-05-07,,Active,P000743,SYNTH_TELECOM_DB
PH009592,9720715293,+91,Carrier_B,Maharashtra,2011-12-19,2013-09-07,Inactive,P003280,SYNTH_IDENTITY_DB
PH009593,9675579777,+91,Carrier_A,Maharashtra,2021-05-10,,Active,P001371,SYNTH_IDENTITY_DB
PH009594,9504404424,+91,Carrier_D,Maharashtra,2015-11-23,2016-10-29,Suspended,P004732,SYNTH_TELECOM_DB
PH009595,9245469582,+91,Carrier_C,Maharashtra,2023-01-25,,Active,P006388,SYNTH_TELECOM_DB
PH009596,9408351960,+91,Carrier_B,Maharashtra,2010-11-28,,Active,P001770,SYNTH_TELECOM_DB
PH009597,9209384209,+91,Carrier_B,Maharashtra,2019-11-13,2021-02-06,Inactive,P001512,SYNTH_CDR_DB
PH009598,9888157088,+91,Carrier_A,Maharashtra,2025-04-28,,Active,P005569,SYNTH_TELECOM_DB
PH009599,9812722372,+91,Carrier_A,Maharashtra,2010-02-16,,Active,P002454,SYNTH_IDENTITY_DB
PH009600,9966158998,+91,Carrier_A,Maharashtra,2015-03-03,,Active,P003546,SYNTH_CDR_DB
PH009601,9858931896,+91,Carrier_B,Maharashtra,2013-01-09,,Active,P006236,SYNTH_TELECOM_DB
PH009602,9726313972,+91,Carrier_A,Maharashtra,2010-05-05,,Active,P002224,SYNTH_TELECOM_DB
PH009603,9334262858,+91,Carrier_A,Maharashtra,2016-10-28,,Active,P005074,SYNTH_TELECOM_DB
PH009604,9747194549,+91,Carrier_C,Maharashtra,2012-02-24,,Active,P004416,SYNTH_TELECOM_DB
PH009605,9618195013,+91,Carrier_C,Maharashtra,2023-07-16,,Active,P002031,SYNTH_CDR_DB
PH009606,9476022089,+91,Carrier_C,Maharashtra,2022-07-22,2026-08-29,Inactive,P006918,SYNTH_CDR_DB
PH009607,9555631824,+91,Carrier_A,Maharashtra,2025-05-15,,Active,P004222,SYNTH_TELECOM_DB
PH009608,9955193632,+91,Carrier_A,Maharashtra,2021-10-28,2026-08-29,Inactive,P001244,SYNTH_TELECOM_DB
PH009609,9282869926,+91,Carrier_C,Maharashtra,2018-11-19,,Active,P004338,SYNTH_TELECOM_DB
PH009610,9636433259,+91,Carrier_D,Maharashtra,2024-03-10,,Active,P000534,SYNTH_IDENTITY_DB
PH009611,9479114529,+91,Carrier_D,Maharashtra,2026-01-26,,Active,P000975,SYNTH_CDR_DB
PH009612,9117297003,+91,Carrier_C,Maharashtra,2017-06-01,,Active,P005675,SYNTH_TELECOM_DB
PH009613,9819810868,+91,Carrier_B,Maharashtra,2017-01-06,,Active,P003085,SYNTH_CDR_DB
PH009614,9854799597,+91,Carrier_D,Maharashtra,2026-07-15,,Active,P001240,SYNTH_IDENTITY_DB
PH009615,9136769059,+91,Carrier_C,Maharashtra,2023-10-26,,Active,P000871,SYNTH_IDENTITY_DB
PH009616,9423512549,+91,Carrier_A,Maharashtra,2010-11-13,,Active,P001211,SYNTH_TELECOM_DB
PH009617,9434181616,+91,Carrier_B,Maharashtra,2011-04-30,2017-03-17,Reassigned,P001434,SYNTH_TELECOM_DB
PH009618,9136434308,+91,Carrier_A,Maharashtra,2021-03-19,,Active,P004867,SYNTH_IDENTITY_DB
PH009619,9672122457,+91,Carrier_B,Maharashtra,2016-01-29,,Active,P006363,SYNTH_TELECOM_DB
PH009620,9746906913,+91,Carrier_B,Maharashtra,2011-01-16,,Active,P004002,SYNTH_TELECOM_DB
PH009621,9186473534,+91,Carrier_B,Maharashtra,2025-10-30,2026-08-29,Inactive,P003165,SYNTH_CDR_DB
PH009622,9702620371,+91,Carrier_B,Maharashtra,2019-06-18,,Active,P001106,SYNTH_IDENTITY_DB
PH009623,9789837676,+91,Carrier_C,Maharashtra,2026-01-18,,Active,P002711,SYNTH_TELECOM_DB
PH009624,9323355468,+91,Carrier_C,Maharashtra,2016-06-12,,Active,P001889,SYNTH_TELECOM_DB
PH009625,9839679786,+91,Carrier_A,Maharashtra,2024-10-04,2026-08-29,Inactive,P002730,SYNTH_TELECOM_DB
PH009626,9891025292,+91,Carrier_C,Maharashtra,2016-03-17,2017-01-15,Inactive,P003752,SYNTH_TELECOM_DB
PH009627,9858144344,+91,Carrier_A,Maharashtra,2021-08-04,,Active,P000426,SYNTH_LEGACY_DB
PH009628,9522552494,+91,Carrier_B,Maharashtra,2017-04-02,,Active,P006522,SYNTH_TELECOM_DB
PH009629,9496479717,+91,Carrier_D,Maharashtra,2020-08-21,,Active,P004106,SYNTH_IDENTITY_DB
PH009630,9301854867,+91,Carrier_B,Maharashtra,2011-03-03,,Active,P000053,SYNTH_TELECOM_DB
PH009631,9667754141,+91,Carrier_D,Maharashtra,2024-09-03,,Active,P003724,SYNTH_LEGACY_DB
PH009632,9373655766,+91,Carrier_B,Maharashtra,2012-07-02,,Active,P001865,SYNTH_TELECOM_DB
PH009633,9571535736,+91,Carrier_C,Maharashtra,2024-05-30,,Active,P006289,SYNTH_TELECOM_DB
PH009634,9759121188,+91,Carrier_B,Maharashtra,2022-05-07,2026-08-29,Reassigned,P000769,SYNTH_CDR_DB
PH009635,9898594784,+91,Carrier_C,Maharashtra,2021-04-09,2025-11-20,Inactive,P003525,SYNTH_LEGACY_DB
PH009636,9411777718,+91,Carrier_A,Maharashtra,2022-11-16,,Active,P002584,SYNTH_CDR_DB
PH009637,9350356717,+91,Carrier_A,Maharashtra,2012-04-21,2012-10-02,Inactive,P004010,SYNTH_IDENTITY_DB
PH009638,9236986898,+91,Carrier_C,Maharashtra,2018-07-06,2020-06-22,Suspended,P000299,SYNTH_IDENTITY_DB
PH009639,9488522884,+91,Carrier_B,Maharashtra,2014-03-18,,Active,P003449,SYNTH_TELECOM_DB
PH009640,9935135260,+91,Carrier_A,Maharashtra,2024-06-19,,Active,P006150,SYNTH_TELECOM_DB
PH009641,9202062452,+91,Carrier_C,Maharashtra,2026-04-26,,Active,P004580,SYNTH_TELECOM_DB
PH009642,9229447637,+91,Carrier_B,Maharashtra,2013-01-03,2019-08-29,Inactive,P000361,SYNTH_TELECOM_DB
PH009643,9728331787,+91,Carrier_B,Maharashtra,2018-10-27,2019-11-14,Inactive,P002368,SYNTH_IDENTITY_DB
PH009644,9902729146,+91,Carrier_C,Maharashtra,2013-03-20,,Active,P004363,SYNTH_TELECOM_DB
PH009645,9890144840,+91,Carrier_C,Maharashtra,2024-07-20,,Active,P000460,SYNTH_TELECOM_DB
PH009646,9959809754,+91,Carrier_A,Maharashtra,2013-06-01,2017-12-20,Inactive,P000403,SYNTH_CDR_DB
PH009647,9177467607,+91,Carrier_D,Maharashtra,2022-10-07,,Active,P005407,SYNTH_TELECOM_DB
PH009648,9268274753,+91,Carrier_B,Maharashtra,2024-12-18,,Active,P006794,SYNTH_TELECOM_DB
PH009649,9361465869,+91,Carrier_B,Maharashtra,2020-06-22,,Active,P001258,SYNTH_TELECOM_DB
PH009650,9716589165,+91,Carrier_D,Maharashtra,2018-04-01,,Active,P003272,SYNTH_TELECOM_DB
PH009651,9556661647,+91,Carrier_A,Maharashtra,2023-09-06,,Active,P001748,SYNTH_TELECOM_DB
PH009652,9746420686,+91,Carrier_A,Maharashtra,2014-01-05,,Active,P006810,SYNTH_CDR_DB
PH009653,9800646211,+91,Carrier_D,Maharashtra,2012-11-29,2020-10-04,Reassigned,P006210,SYNTH_TELECOM_DB
PH009654,9846538296,+91,Carrier_C,Maharashtra,2023-03-28,,Active,P004486,SYNTH_CDR_DB
PH009655,9528124524,+91,Carrier_A,Maharashtra,2019-12-20,,Active,P002681,SYNTH_TELECOM_DB
PH009656,9398769866,+91,Carrier_A,Maharashtra,2021-05-01,,Active,P001598,SYNTH_LEGACY_DB
PH009657,9109021002,+91,Carrier_D,Maharashtra,2011-12-02,,Active,P005521,SYNTH_IDENTITY_DB
PH009658,9956802655,+91,Carrier_D,Maharashtra,2018-02-16,,Active,P005007,SYNTH_IDENTITY_DB
PH009659,9249032648,+91,Carrier_B,Maharashtra,2014-10-03,,Active,P005887,SYNTH_CDR_DB
PH009660,9443549300,+91,Carrier_B,Maharashtra,2014-07-19,,Active,P004727,SYNTH_IDENTITY_DB
PH009661,9374901013,+91,Carrier_B,Maharashtra,2019-01-21,,Active,P004708,SYNTH_TELECOM_DB
PH009662,9937257630,+91,Carrier_B,Maharashtra,2025-02-24,,Active,P002166,SYNTH_LEGACY_DB
PH009663,9755084418,+91,Carrier_C,Maharashtra,2013-07-30,2018-04-08,Inactive,P003563,SYNTH_TELECOM_DB
PH009664,9982485624,+91,Carrier_A,Maharashtra,2015-01-31,,Active,P002482,SYNTH_TELECOM_DB
PH009665,9955102956,+91,Carrier_B,Maharashtra,2015-02-21,,Active,P004685,SYNTH_CDR_DB
PH009666,9547247081,+91,Carrier_A,Maharashtra,2017-08-01,,Active,P000396,SYNTH_TELECOM_DB
PH009667,9472481267,+91,Carrier_B,Maharashtra,2011-02-16,,Active,P004414,SYNTH_CDR_DB
PH009668,9536698662,+91,Carrier_D,Maharashtra,2022-07-30,,Active,P002259,SYNTH_CDR_DB
PH009669,9196306768,+91,Carrier_A,Maharashtra,2013-09-02,,Active,P006415,SYNTH_CDR_DB
PH009670,9971886614,+91,Carrier_A,Maharashtra,2013-01-28,2014-01-26,Suspended,P005822,SYNTH_CDR_DB
PH009671,9386662625,+91,Carrier_A,Maharashtra,2010-05-22,2017-02-16,Inactive,P001370,SYNTH_TELECOM_DB
PH009672,9571754837,+91,Carrier_C,Maharashtra,2017-07-06,,Active,P003807,SYNTH_TELECOM_DB
PH009673,9960373983,+91,Carrier_A,Maharashtra,2018-09-27,2023-02-27,Reassigned,P006094,SYNTH_IDENTITY_DB
PH009674,9963983283,+91,Carrier_C,Maharashtra,2011-06-18,,Active,P004921,SYNTH_CDR_DB
PH009675,9356179581,+91,Carrier_A,Maharashtra,2010-11-08,,Active,P002579,SYNTH_TELECOM_DB
PH009676,9905847715,+91,Carrier_D,Maharashtra,2012-12-26,,Active,P002294,SYNTH_TELECOM_DB
PH009677,9972671489,+91,Carrier_C,Maharashtra,2020-07-12,,Active,P006040,SYNTH_TELECOM_DB
PH009678,9403966145,+91,Carrier_C,Maharashtra,2021-02-15,2022-05-28,Suspended,P004300,SYNTH_TELECOM_DB
PH009679,9980118669,+91,Carrier_B,Maharashtra,2015-03-14,,Active,P004169,SYNTH_TELECOM_DB
PH009680,9481797919,+91,Carrier_A,Maharashtra,2017-04-04,,Active,P002577,SYNTH_TELECOM_DB
PH009681,9559662666,+91,Carrier_A,Maharashtra,2014-02-21,,Active,P001564,SYNTH_TELECOM_DB
PH009682,9840364494,+91,Carrier_B,Maharashtra,2021-09-03,,Active,P003415,SYNTH_IDENTITY_DB
PH009683,9567608886,+91,Carrier_C,Maharashtra,2019-06-20,,Active,P005410,SYNTH_TELECOM_DB
PH009684,9139512234,+91,Carrier_D,Maharashtra,2022-12-04,,Active,P001733,SYNTH_IDENTITY_DB
PH009685,9493178161,+91,Carrier_B,Maharashtra,2012-08-10,,Active,P000323,SYNTH_CDR_DB
PH009686,9477820939,+91,Carrier_C,Maharashtra,2014-02-06,,Active,P005009,SYNTH_LEGACY_DB
PH009687,9997030825,+91,Carrier_C,Maharashtra,2018-11-19,,Active,P005294,SYNTH_TELECOM_DB
PH009688,9957499099,+91,Carrier_A,Maharashtra,2014-10-19,,Active,P002979,SYNTH_CDR_DB
PH009689,9249386001,+91,Carrier_A,Maharashtra,2010-02-24,,Active,P005144,SYNTH_CDR_DB
PH009690,9284608411,+91,Carrier_C,Maharashtra,2016-08-03,2023-01-09,Inactive,P000299,SYNTH_IDENTITY_DB
PH009691,9331787720,+91,Carrier_C,Maharashtra,2017-04-04,,Active,P000106,SYNTH_IDENTITY_DB
PH009692,9719774499,+91,Carrier_C,Maharashtra,2014-09-01,,Active,P003160,SYNTH_TELECOM_DB
PH009693,9346285161,+91,Carrier_D,Maharashtra,2023-11-23,2025-01-06,Suspended,P005974,SYNTH_TELECOM_DB
PH009694,9652275276,+91,Carrier_A,Maharashtra,2016-01-25,,Active,P005215,SYNTH_LEGACY_DB
PH009695,9188233674,+91,Carrier_D,Maharashtra,2011-09-30,,Active,P006331,SYNTH_TELECOM_DB
PH009696,9351554915,+91,Carrier_A,Maharashtra,2025-04-12,,Active,P001738,SYNTH_TELECOM_DB
PH009697,9250042828,+91,Carrier_A,Maharashtra,2013-02-02,2017-07-23,Inactive,P002955,SYNTH_TELECOM_DB
PH009698,9162877098,+91,Carrier_A,Maharashtra,2022-12-29,,Active,P003088,SYNTH_CDR_DB
PH009699,9793832037,+91,Carrier_C,Maharashtra,2018-02-26,,Active,P005845,SYNTH_TELECOM_DB
PH009700,9148220378,+91,Carrier_D,Maharashtra,2011-08-01,,Active,P006981,SYNTH_TELECOM_DB
PH009701,9627208543,+91,Carrier_D,Maharashtra,2016-03-27,,Active,P006914,SYNTH_TELECOM_DB
PH009702,9934683334,+91,Carrier_B,Maharashtra,2018-08-10,,Active,P004323,SYNTH_LEGACY_DB
PH009703,9669480775,+91,Carrier_D,Maharashtra,2026-02-20,2026-08-16,Suspended,P006725,SYNTH_TELECOM_DB
PH009704,9832772611,+91,Carrier_C,Maharashtra,2018-06-20,,Active,P004953,SYNTH_CDR_DB
PH009705,9328351166,+91,Carrier_B,Maharashtra,2022-06-02,,Active,P003524,SYNTH_IDENTITY_DB
PH009706,9610597247,+91,Carrier_C,Maharashtra,2014-12-12,2018-01-02,Inactive,P003892,SYNTH_TELECOM_DB
PH009707,9885554258,+91,Carrier_E,Maharashtra,2011-01-13,,Active,P005374,SYNTH_CDR_DB
PH009708,9898088298,+91,Carrier_C,Maharashtra,2025-05-31,,Active,P006809,SYNTH_LEGACY_DB
PH009709,9592094944,+91,Carrier_C,Maharashtra,2015-07-31,,Active,P004219,SYNTH_TELECOM_DB
PH009710,9249517210,+91,Carrier_B,Maharashtra,2023-01-11,,Active,P005237,SYNTH_LEGACY_DB
PH009711,9403205437,+91,Carrier_E,Maharashtra,2015-08-19,2015-11-08,Inactive,P003811,SYNTH_TELECOM_DB
PH009712,9221130370,+91,Carrier_A,Maharashtra,2018-08-10,,Active,P004965,SYNTH_TELECOM_DB
PH009713,9411632398,+91,Carrier_B,Maharashtra,2023-07-08,,Active,P003799,SYNTH_TELECOM_DB
PH009714,9235581918,+91,Carrier_C,Maharashtra,2017-04-30,,Active,P001095,SYNTH_TELECOM_DB
PH009715,9234141324,+91,Carrier_B,Maharashtra,2013-03-13,,Active,P004868,SYNTH_CDR_DB
PH009716,9442036947,+91,Carrier_B,Maharashtra,2012-05-09,,Active,P000905,SYNTH_LEGACY_DB
PH009717,9895677564,+91,Carrier_B,Maharashtra,2011-03-19,,Active,P003704,SYNTH_IDENTITY_DB
PH009718,9338694596,+91,Carrier_C,Maharashtra,2010-09-04,,Active,P000023,SYNTH_CDR_DB
PH009719,9705731224,+91,Carrier_A,Maharashtra,2018-04-22,,Active,P006475,SYNTH_CDR_DB
PH009720,9349897647,+91,Carrier_B,Maharashtra,2011-09-14,,Active,P002164,SYNTH_TELECOM_DB
PH009721,9823423982,+91,Carrier_C,Maharashtra,2021-10-07,,Active,P001652,SYNTH_IDENTITY_DB
PH009722,9160265675,+91,Carrier_A,Maharashtra,2022-02-02,,Active,P002684,SYNTH_LEGACY_DB
PH009723,9355819483,+91,Carrier_A,Maharashtra,2025-07-30,2026-08-29,Inactive,P006262,SYNTH_LEGACY_DB
PH009724,9638448744,+91,Carrier_C,Maharashtra,2010-11-27,,Active,P006399,SYNTH_IDENTITY_DB
PH009725,9259257240,+91,Carrier_A,Maharashtra,2023-12-23,,Active,P000898,SYNTH_TELECOM_DB
PH009726,9848394263,+91,Carrier_D,Maharashtra,2015-10-22,,Active,P002363,SYNTH_TELECOM_DB
PH009727,9546417389,+91,Carrier_A,Maharashtra,2017-01-30,,Active,P003569,SYNTH_TELECOM_DB
PH009728,9144148652,+91,Carrier_D,Maharashtra,2022-08-04,,Active,P002654,SYNTH_TELECOM_DB
PH009729,9549469408,+91,Carrier_B,Maharashtra,2012-11-06,,Active,P002745,SYNTH_TELECOM_DB
PH009730,9403175768,+91,Carrier_A,Maharashtra,2010-11-25,,Active,P001703,SYNTH_TELECOM_DB
PH009731,9337725718,+91,Carrier_A,Maharashtra,2026-07-09,2026-08-29,Inactive,P006348,SYNTH_TELECOM_DB
PH009732,9176121608,+91,Carrier_A,Maharashtra,2019-07-23,,Active,P005843,SYNTH_CDR_DB
PH009733,9751353572,+91,Carrier_C,Maharashtra,2023-02-09,,Active,P004987,SYNTH_IDENTITY_DB
PH009734,9484107122,+91,Carrier_B,Maharashtra,2011-01-27,,Active,P003106,SYNTH_TELECOM_DB
PH009735,9856379634,+91,Carrier_A,Maharashtra,2016-01-06,,Active,P005155,SYNTH_TELECOM_DB
PH009736,9672791312,+91,Carrier_B,Maharashtra,2018-11-05,,Active,P003119,SYNTH_TELECOM_DB
PH009737,9810876400,+91,Carrier_A,Maharashtra,2013-04-23,,Active,P004077,SYNTH_TELECOM_DB
PH009738,9896877175,+91,Carrier_C,Maharashtra,2010-01-27,,Active,P003753,SYNTH_CDR_DB
PH009739,9595760041,+91,Carrier_A,Maharashtra,2017-07-14,,Active,P006470,SYNTH_TELECOM_DB
PH009740,9596103151,+91,Carrier_B,Maharashtra,2015-07-25,,Active,P004339,SYNTH_TELECOM_DB
PH009741,9556003361,+91,Carrier_B,Maharashtra,2012-02-18,,Active,P002372,SYNTH_TELECOM_DB
PH009742,9460618223,+91,Carrier_B,Maharashtra,2021-05-08,,Active,P004932,SYNTH_TELECOM_DB
PH009743,9588098422,+91,Carrier_A,Maharashtra,2015-09-20,2019-12-30,Inactive,P006659,SYNTH_CDR_DB
PH009744,9330728672,+91,Carrier_B,Maharashtra,2015-02-15,,Active,P006998,SYNTH_TELECOM_DB
PH009745,9983615371,+91,Carrier_A,Maharashtra,2012-04-01,2014-07-10,Suspended,P003819,SYNTH_CDR_DB
PH009746,9218946807,+91,Carrier_A,Maharashtra,2019-12-14,,Active,P001516,SYNTH_TELECOM_DB
PH009747,9131585818,+91,Carrier_A,Maharashtra,2019-12-04,,Active,P001914,SYNTH_CDR_DB
PH009748,9990489157,+91,Carrier_D,Maharashtra,2011-03-07,,Active,P001896,SYNTH_IDENTITY_DB
PH009749,9314333154,+91,Carrier_A,Maharashtra,2023-10-31,2026-08-29,Reassigned,P004987,SYNTH_TELECOM_DB
PH009750,9157525674,+91,Carrier_E,Maharashtra,2015-08-07,,Active,P004404,SYNTH_CDR_DB
PH009751,9573032512,+91,Carrier_A,Maharashtra,2015-02-21,,Active,P005733,SYNTH_TELECOM_DB
PH009752,9134891208,+91,Carrier_A,Maharashtra,2022-09-17,,Active,P004983,SYNTH_TELECOM_DB
PH009753,9766091146,+91,Carrier_A,Maharashtra,2014-04-11,,Active,P001801,SYNTH_TELECOM_DB
PH009754,9506701013,+91,Carrier_A,Maharashtra,2017-10-08,,Active,P001067,SYNTH_TELECOM_DB
PH009755,9344725501,+91,Carrier_A,Maharashtra,2014-04-16,,Active,P005662,SYNTH_CDR_DB
PH009756,9232803093,+91,Carrier_A,Maharashtra,2012-09-02,,Active,P002188,SYNTH_TELECOM_DB
PH009757,9729809139,+91,Carrier_C,Maharashtra,2023-10-23,,Active,P005166,SYNTH_TELECOM_DB
PH009758,9468179024,+91,Carrier_A,Maharashtra,2020-03-02,,Active,P002834,SYNTH_TELECOM_DB
PH009759,9130941645,+91,Carrier_B,Maharashtra,2012-06-15,2012-11-28,Suspended,P005691,SYNTH_LEGACY_DB
PH009760,9404912433,+91,Carrier_A,Maharashtra,2023-06-10,,Active,P001842,SYNTH_TELECOM_DB
PH009761,9323648927,+91,Carrier_D,Maharashtra,2017-12-24,,Active,P003860,SYNTH_LEGACY_DB
PH009762,9927063491,+91,Carrier_A,Maharashtra,2014-07-22,,Active,P005103,SYNTH_TELECOM_DB
PH009763,9143451447,+91,Carrier_A,Maharashtra,2019-08-29,,Active,P005180,SYNTH_TELECOM_DB
PH009764,9338943608,+91,Carrier_D,Maharashtra,2011-03-04,,Active,P000290,SYNTH_LEGACY_DB
PH009765,9664341569,+91,Carrier_A,Maharashtra,2020-10-20,2026-08-07,Inactive,P001101,SYNTH_TELECOM_DB
PH009766,9830772287,+91,Carrier_A,Maharashtra,2026-02-15,,Active,P000083,SYNTH_TELECOM_DB
PH009767,9396382934,+91,Carrier_B,Maharashtra,2012-05-18,2013-04-13,Inactive,P001470,SYNTH_IDENTITY_DB
PH009768,9145701468,+91,Carrier_B,Maharashtra,2013-06-12,2017-06-30,Reassigned,P000894,SYNTH_TELECOM_DB
PH009769,9127622623,+91,Carrier_C,Maharashtra,2016-02-02,,Active,P002821,SYNTH_TELECOM_DB
PH009770,9625956319,+91,Carrier_A,Maharashtra,2019-09-12,2021-01-29,Suspended,P001230,SYNTH_CDR_DB
PH009771,9273463829,+91,Carrier_A,Maharashtra,2012-08-14,,Active,P004352,SYNTH_TELECOM_DB
PH009772,9879040156,+91,Carrier_A,Maharashtra,2019-05-08,,Active,P000137,SYNTH_TELECOM_DB
PH009773,9361324603,+91,Carrier_A,Maharashtra,2023-10-09,2025-01-22,Inactive,P000557,SYNTH_IDENTITY_DB
PH009774,9423987120,+91,Carrier_B,Maharashtra,2024-02-22,,Active,P006746,SYNTH_CDR_DB
PH009775,9931905827,+91,Carrier_B,Maharashtra,2011-08-18,,Active,P003174,SYNTH_TELECOM_DB
PH009776,9855648873,+91,Carrier_B,Maharashtra,2014-03-03,,Active,P003742,SYNTH_TELECOM_DB
PH009777,9676188979,+91,Carrier_D,Maharashtra,2016-01-23,,Active,P002618,SYNTH_TELECOM_DB
PH009778,9241874862,+91,Carrier_C,Maharashtra,2012-06-26,,Active,P006412,SYNTH_TELECOM_DB
PH009779,9864847050,+91,Carrier_B,Maharashtra,2023-05-20,,Active,P001102,SYNTH_IDENTITY_DB
PH009780,9902181312,+91,Carrier_D,Maharashtra,2022-03-21,,Active,P003104,SYNTH_CDR_DB
PH009781,9372060797,+91,Carrier_B,Maharashtra,2011-03-08,,Active,P000396,SYNTH_TELECOM_DB
PH009782,9698417657,+91,Carrier_A,Maharashtra,2024-04-27,,Active,P003084,SYNTH_TELECOM_DB
PH009783,9430215265,+91,Carrier_B,Maharashtra,2021-05-02,2023-12-03,Suspended,P005248,SYNTH_TELECOM_DB
PH009784,9877965392,+91,Carrier_A,Maharashtra,2026-07-13,,Active,P004036,SYNTH_TELECOM_DB
PH009785,9118720224,+91,Carrier_A,Maharashtra,2018-02-21,,Active,P002137,SYNTH_CDR_DB
PH009786,9311030775,+91,Carrier_B,Maharashtra,2016-05-01,,Active,P001015,SYNTH_TELECOM_DB
PH009787,9621108058,+91,Carrier_B,Maharashtra,2014-12-30,,Active,P003044,SYNTH_TELECOM_DB
PH009788,9310765970,+91,Carrier_A,Maharashtra,2021-04-24,2026-05-07,Inactive,P000616,SYNTH_CDR_DB
PH009789,9971528155,+91,Carrier_D,Maharashtra,2015-08-21,,Active,P003404,SYNTH_TELECOM_DB
PH009790,9658357148,+91,Carrier_A,Maharashtra,2017-06-20,,Active,P000015,SYNTH_TELECOM_DB
PH009791,9662171586,+91,Carrier_C,Maharashtra,2012-11-25,,Active,P000829,SYNTH_TELECOM_DB
PH009792,9625155357,+91,Carrier_C,Maharashtra,2018-12-11,2023-03-05,Inactive,P002947,SYNTH_IDENTITY_DB
PH009793,9410090477,+91,Carrier_C,Maharashtra,2013-04-27,,Active,P000995,SYNTH_TELECOM_DB
PH009794,9559182848,+91,Carrier_A,Maharashtra,2012-02-14,2012-10-03,Inactive,P003422,SYNTH_LEGACY_DB
PH009795,9366682423,+91,Carrier_C,Maharashtra,2016-01-29,,Active,P003747,SYNTH_CDR_DB
PH009796,9148917920,+91,Carrier_A,Maharashtra,2023-07-25,,Active,P005377,SYNTH_TELECOM_DB
PH009797,9683439916,+91,Carrier_A,Maharashtra,2024-09-06,,Active,P004233,SYNTH_TELECOM_DB
PH009798,9573009992,+91,Carrier_A,Maharashtra,2019-01-16,,Active,P004314,SYNTH_IDENTITY_DB
PH009799,9528776298,+91,Carrier_B,Maharashtra,2012-04-22,,Active,P003664,SYNTH_TELECOM_DB
PH009800,9540794968,+91,Carrier_D,Maharashtra,2023-09-12,,Active,P006914,SYNTH_LEGACY_DB
PH009801,9295188010,+91,Carrier_A,Maharashtra,2022-09-26,2023-08-02,Suspended,P006506,SYNTH_TELECOM_DB
PH009802,9118397163,+91,Carrier_A,Maharashtra,2024-07-09,2026-08-29,Suspended,P001184,SYNTH_TELECOM_DB
PH009803,9391371971,+91,Carrier_A,Maharashtra,2024-12-14,,Active,P002904,SYNTH_CDR_DB
PH009804,9304246006,+91,Carrier_E,Maharashtra,2023-11-02,2026-08-29,Reassigned,P005658,SYNTH_TELECOM_DB
PH009805,9206526328,+91,Carrier_B,Maharashtra,2017-11-03,,Active,P001974,SYNTH_IDENTITY_DB
PH009806,9618549319,+91,Carrier_B,Maharashtra,2020-07-12,,Active,P004931,SYNTH_TELECOM_DB
PH009807,9832743232,+91,Carrier_B,Maharashtra,2015-03-21,2017-03-30,Suspended,P002920,SYNTH_TELECOM_DB
PH009808,9258025977,+91,Carrier_B,Maharashtra,2017-12-10,,Active,P005087,SYNTH_LEGACY_DB
PH009809,9563351724,+91,Carrier_A,Maharashtra,2021-08-02,,Active,P005849,SYNTH_CDR_DB
PH009810,9401340196,+91,Carrier_B,Maharashtra,2025-04-02,,Active,P002163,SYNTH_LEGACY_DB
PH009811,9590181090,+91,Carrier_A,Maharashtra,2021-06-25,2022-06-20,Suspended,P003103,SYNTH_CDR_DB
PH009812,9663552773,+91,Carrier_B,Maharashtra,2010-07-05,,Active,P000271,SYNTH_TELECOM_DB
PH009813,9791245062,+91,Carrier_E,Maharashtra,2015-09-25,2015-11-26,Inactive,P005136,SYNTH_TELECOM_DB
PH009814,9594773112,+91,Carrier_D,Maharashtra,2014-12-31,2015-09-21,Inactive,P003685,SYNTH_LEGACY_DB
PH009815,9751997421,+91,Carrier_B,Maharashtra,2016-01-05,,Active,P003588,SYNTH_TELECOM_DB
PH009816,9362008068,+91,Carrier_B,Maharashtra,2018-08-13,,Active,P000669,SYNTH_IDENTITY_DB
PH009817,9617787560,+91,Carrier_A,Maharashtra,2011-12-27,,Active,P005982,SYNTH_TELECOM_DB
PH009818,9383879776,+91,Carrier_C,Maharashtra,2024-04-03,,Active,P002941,SYNTH_LEGACY_DB
PH009819,9327108241,+91,Carrier_A,Maharashtra,2024-05-03,,Active,P002007,SYNTH_TELECOM_DB
PH009820,9112514402,+91,Carrier_B,Maharashtra,2014-12-25,,Active,P002912,SYNTH_CDR_DB
PH009821,9904718763,+91,Carrier_A,Maharashtra,2015-05-26,2020-08-10,Inactive,P002740,SYNTH_TELECOM_DB
PH009822,9708623665,+91,Carrier_D,Maharashtra,2012-08-26,,Active,P004835,SYNTH_CDR_DB
PH009823,9515655542,+91,Carrier_E,Maharashtra,2025-06-22,2026-08-29,Suspended,P004613,SYNTH_TELECOM_DB
PH009824,9706765181,+91,Carrier_B,Maharashtra,2022-04-01,,Active,P001526,SYNTH_CDR_DB
PH009825,9447003994,+91,Carrier_D,Maharashtra,2014-06-23,,Active,P001508,SYNTH_IDENTITY_DB
PH009826,9890028577,+91,Carrier_B,Maharashtra,2019-09-08,,Active,P002566,SYNTH_LEGACY_DB
PH009827,9281535049,+91,Carrier_A,Maharashtra,2023-09-20,,Active,P002410,SYNTH_IDENTITY_DB
PH009828,9495105654,+91,Carrier_B,Maharashtra,2022-02-23,,Active,P002400,SYNTH_TELECOM_DB
PH009829,9299709150,+91,Carrier_E,Maharashtra,2018-10-07,,Active,P004251,SYNTH_TELECOM_DB
PH009830,9233708084,+91,Carrier_A,Maharashtra,2012-08-10,,Active,P003135,SYNTH_TELECOM_DB
PH009831,9991034289,+91,Carrier_A,Maharashtra,2016-09-10,,Active,P005034,SYNTH_IDENTITY_DB
PH009832,9465991583,+91,Carrier_B,Maharashtra,2023-05-17,,Active,P003419,SYNTH_CDR_DB
PH009833,9535056393,+91,Carrier_C,Maharashtra,2022-04-29,,Active,P003440,SYNTH_TELECOM_DB
PH009834,9397560463,+91,Carrier_A,Maharashtra,2011-03-19,,Active,P003163,SYNTH_TELECOM_DB
PH009835,9536549494,+91,Carrier_B,Maharashtra,2022-11-09,,Active,P003992,SYNTH_LEGACY_DB
PH009836,9231110811,+91,Carrier_D,Maharashtra,2011-10-18,,Active,P003996,SYNTH_IDENTITY_DB
PH009837,9275486671,+91,Carrier_B,Maharashtra,2010-05-04,,Active,P000219,SYNTH_CDR_DB
PH009838,9672095068,+91,Carrier_C,Maharashtra,2015-02-07,2015-12-09,Inactive,P002256,SYNTH_TELECOM_DB
PH009839,9511937265,+91,Carrier_A,Maharashtra,2013-11-27,,Active,P001542,SYNTH_TELECOM_DB
PH009840,9721750027,+91,Carrier_A,Maharashtra,2020-11-26,2021-02-17,Inactive,P006528,SYNTH_TELECOM_DB
PH009841,9970050510,+91,Carrier_D,Maharashtra,2022-12-19,,Active,P005124,SYNTH_CDR_DB
PH009842,9205217171,+91,Carrier_B,Maharashtra,2024-12-06,2026-08-29,Inactive,P003991,SYNTH_LEGACY_DB
PH009843,9448415555,+91,Carrier_C,Maharashtra,2024-12-17,2026-08-29,Inactive,P004675,SYNTH_CDR_DB
PH009844,9794120600,+91,Carrier_B,Maharashtra,2012-10-31,,Active,P004021,SYNTH_CDR_DB
PH009845,9480040325,+91,Carrier_E,Maharashtra,2024-11-25,,Active,P006000,SYNTH_TELECOM_DB
PH009846,9469011514,+91,Carrier_A,Maharashtra,2013-02-07,,Active,P005548,SYNTH_IDENTITY_DB
PH009847,9835074825,+91,Carrier_B,Maharashtra,2025-07-26,2026-07-15,Suspended,P005669,SYNTH_TELECOM_DB
PH009848,9739751652,+91,Carrier_A,Maharashtra,2013-04-10,,Active,P000830,SYNTH_CDR_DB
PH009849,9166284394,+91,Carrier_A,Maharashtra,2025-09-28,,Active,P002902,SYNTH_TELECOM_DB
PH009850,9468362947,+91,Carrier_A,Maharashtra,2026-07-30,2026-08-29,Suspended,P000631,SYNTH_TELECOM_DB
PH009851,9601650689,+91,Carrier_A,Maharashtra,2015-04-22,,Active,P000771,SYNTH_TELECOM_DB
PH009852,9570724745,+91,Carrier_B,Maharashtra,2015-02-12,,Active,P002825,SYNTH_LEGACY_DB
PH009853,9510013571,+91,Carrier_B,Maharashtra,2010-03-13,,Active,P000519,SYNTH_CDR_DB
PH009854,9879690800,+91,Carrier_C,Maharashtra,2020-03-25,,Active,P006697,SYNTH_TELECOM_DB
PH009855,9813970306,+91,Carrier_B,Maharashtra,2019-07-28,2026-01-11,Inactive,P005656,SYNTH_TELECOM_DB
PH009856,9763037920,+91,Carrier_C,Maharashtra,2017-11-11,,Active,P002785,SYNTH_IDENTITY_DB
PH009857,9538963756,+91,Carrier_A,Maharashtra,2011-11-06,,Active,P001329,SYNTH_CDR_DB
PH009858,9903875409,+91,Carrier_A,Maharashtra,2011-05-05,,Active,P004018,SYNTH_CDR_DB
PH009859,9494791769,+91,Carrier_A,Maharashtra,2018-10-27,,Active,P003883,SYNTH_CDR_DB
PH009860,9110689613,+91,Carrier_A,Maharashtra,2013-05-22,2014-10-09,Inactive,P005703,SYNTH_TELECOM_DB
PH009861,9898418476,+91,Carrier_A,Maharashtra,2017-10-27,,Active,P001673,SYNTH_TELECOM_DB
PH009862,9863642939,+91,Carrier_C,Maharashtra,2015-08-06,,Active,P006810,SYNTH_TELECOM_DB
PH009863,9331309064,+91,Carrier_B,Maharashtra,2018-08-07,,Active,P006703,SYNTH_TELECOM_DB
PH009864,9859610273,+91,Carrier_E,Maharashtra,2024-02-20,,Active,P004879,SYNTH_CDR_DB
PH009865,9746356008,+91,Carrier_D,Maharashtra,2024-06-11,2024-12-10,Suspended,P003606,SYNTH_IDENTITY_DB
PH009866,9585692991,+91,Carrier_B,Maharashtra,2014-03-01,,Active,P001989,SYNTH_CDR_DB
PH009867,9251906050,+91,Carrier_D,Maharashtra,2017-02-13,,Active,P006637,SYNTH_TELECOM_DB
PH009868,9788404600,+91,Carrier_D,Maharashtra,2015-08-20,2019-01-13,Inactive,P004516,SYNTH_CDR_DB
PH009869,9388720968,+91,Carrier_A,Maharashtra,2019-09-23,,Active,P000264,SYNTH_TELECOM_DB
PH009870,9785145709,+91,Carrier_C,Maharashtra,2022-09-20,,Active,P004811,SYNTH_LEGACY_DB
PH009871,9954209504,+91,Carrier_B,Maharashtra,2015-07-08,,Active,P005454,SYNTH_TELECOM_DB
PH009872,9647038071,+91,Carrier_A,Maharashtra,2014-10-23,,Active,P005814,SYNTH_TELECOM_DB
PH009873,9874686276,+91,Carrier_D,Maharashtra,2018-04-11,,Active,P006908,SYNTH_IDENTITY_DB
PH009874,9705100903,+91,Carrier_D,Maharashtra,2019-10-15,,Active,P000403,SYNTH_TELECOM_DB
PH009875,9693849153,+91,Carrier_A,Maharashtra,2024-05-07,,Active,P005038,SYNTH_TELECOM_DB
PH009876,9217042735,+91,Carrier_A,Maharashtra,2019-01-22,,Active,P004723,SYNTH_TELECOM_DB
PH009877,9223001356,+91,Carrier_B,Maharashtra,2021-12-12,,Active,P003512,SYNTH_TELECOM_DB
PH009878,9457921086,+91,Carrier_A,Maharashtra,2022-07-14,,Active,P000287,SYNTH_TELECOM_DB
PH009879,9182229715,+91,Carrier_B,Maharashtra,2010-12-13,,Active,P003113,SYNTH_TELECOM_DB
PH009880,9473440553,+91,Carrier_A,Maharashtra,2019-11-17,2021-08-29,Suspended,P000475,SYNTH_IDENTITY_DB
PH009881,9732707633,+91,Carrier_B,Maharashtra,2012-10-04,,Active,P005223,SYNTH_TELECOM_DB
PH009882,9433876209,+91,Carrier_D,Maharashtra,2016-06-16,2020-02-28,Inactive,P000065,SYNTH_IDENTITY_DB
PH009883,9571820641,+91,Carrier_D,Maharashtra,2023-06-08,2026-04-25,Inactive,P005298,SYNTH_TELECOM_DB
PH009884,9413051126,+91,Carrier_A,Maharashtra,2024-07-02,,Active,P004825,SYNTH_IDENTITY_DB
PH009885,9467232361,+91,Carrier_B,Maharashtra,2013-12-03,,Active,P002198,SYNTH_TELECOM_DB
PH009886,9149571523,+91,Carrier_A,Maharashtra,2022-12-22,2025-12-02,Inactive,P004611,SYNTH_TELECOM_DB
PH009887,9522623052,+91,Carrier_C,Maharashtra,2023-09-24,,Active,P000588,SYNTH_TELECOM_DB
PH009888,9156115128,+91,Carrier_A,Maharashtra,2025-04-03,,Active,P000926,SYNTH_TELECOM_DB
PH009889,9618891858,+91,Carrier_A,Maharashtra,2015-03-14,,Active,P000467,SYNTH_TELECOM_DB
PH009890,9123550314,+91,Carrier_D,Maharashtra,2019-03-20,,Active,P006946,SYNTH_CDR_DB
PH009891,9716833404,+91,Carrier_E,Maharashtra,2010-04-22,,Active,P004291,SYNTH_CDR_DB
PH009892,9235524707,+91,Carrier_D,Maharashtra,2013-07-09,,Active,P002085,SYNTH_IDENTITY_DB
PH009893,9918380673,+91,Carrier_A,Maharashtra,2012-12-07,,Active,P004893,SYNTH_TELECOM_DB
PH009894,9173998995,+91,Carrier_A,Maharashtra,2015-09-04,,Active,P002480,SYNTH_TELECOM_DB
PH009895,9802039634,+91,Carrier_C,Maharashtra,2019-08-26,2021-07-21,Inactive,P006611,SYNTH_TELECOM_DB
PH009896,9549623203,+91,Carrier_C,Maharashtra,2021-03-16,,Active,P005241,SYNTH_TELECOM_DB
PH009897,9240609078,+91,Carrier_C,Maharashtra,2017-02-13,2019-02-09,Inactive,P003619,SYNTH_TELECOM_DB
PH009898,9817822756,+91,Carrier_A,Maharashtra,2018-06-13,,Active,P001526,SYNTH_TELECOM_DB
PH009899,9734202914,+91,Carrier_C,Maharashtra,2023-06-20,2026-08-29,Inactive,P002419,SYNTH_TELECOM_DB
PH009900,9681676020,+91,Carrier_B,Maharashtra,2013-03-30,,Active,P001430,SYNTH_TELECOM_DB
PH009901,9613868472,+91,Carrier_A,Maharashtra,2025-08-25,,Active,P004896,SYNTH_TELECOM_DB
PH009902,9706502732,+91,Carrier_A,Maharashtra,2021-08-30,2022-04-06,Inactive,P005001,SYNTH_TELECOM_DB
PH009903,9788246030,+91,Carrier_D,Maharashtra,2024-07-07,,Active,P001251,SYNTH_CDR_DB
PH009904,9142341177,+91,Carrier_B,Maharashtra,2015-03-29,2021-01-24,Inactive,P004658,SYNTH_TELECOM_DB
PH009905,9355740147,+91,Carrier_A,Maharashtra,2013-06-24,,Active,P005076,SYNTH_LEGACY_DB
PH009906,9412375216,+91,Carrier_D,Maharashtra,2012-12-24,,Active,P000548,SYNTH_TELECOM_DB
PH009907,9462298357,+91,Carrier_B,Maharashtra,2011-12-25,,Active,P005929,SYNTH_TELECOM_DB
PH009908,9190723044,+91,Carrier_D,Maharashtra,2011-05-14,,Active,P003685,SYNTH_TELECOM_DB
PH009909,9676585707,+91,Carrier_A,Maharashtra,2014-03-02,2019-09-27,Inactive,P002429,SYNTH_IDENTITY_DB
PH009910,9544058252,+91,Carrier_C,Maharashtra,2015-09-14,2020-01-05,Inactive,P005443,SYNTH_TELECOM_DB
PH009911,9474186035,+91,Carrier_B,Maharashtra,2014-01-18,,Active,P003196,SYNTH_IDENTITY_DB
PH009912,9220243383,+91,Carrier_A,Maharashtra,2015-12-02,,Active,P004529,SYNTH_IDENTITY_DB
PH009913,9258586286,+91,Carrier_B,Maharashtra,2020-12-06,2021-04-06,Inactive,P003264,SYNTH_IDENTITY_DB
PH009914,9929754488,+91,Carrier_A,Maharashtra,2011-03-14,,Active,P003881,SYNTH_TELECOM_DB
PH009915,9790036460,+91,Carrier_A,Maharashtra,2017-10-18,2019-12-14,Reassigned,P001669,SYNTH_TELECOM_DB
PH009916,9869968613,+91,Carrier_D,Maharashtra,2024-03-15,,Active,P006608,SYNTH_IDENTITY_DB
PH009917,9464242791,+91,Carrier_C,Maharashtra,2016-11-06,,Active,P001327,SYNTH_IDENTITY_DB
PH009918,9650497300,+91,Carrier_B,Maharashtra,2017-03-24,,Active,P000427,SYNTH_LEGACY_DB
PH009919,9172984901,+91,Carrier_A,Maharashtra,2021-01-09,,Active,P005616,SYNTH_CDR_DB
PH009920,9298011834,+91,Carrier_C,Maharashtra,2013-06-25,,Active,P001180,SYNTH_LEGACY_DB
PH009921,9618789526,+91,Carrier_C,Maharashtra,2020-08-11,,Active,P005697,SYNTH_LEGACY_DB
PH009922,9985560624,+91,Carrier_A,Maharashtra,2021-05-26,,Active,P001230,SYNTH_TELECOM_DB
PH009923,9182965642,+91,Carrier_C,Maharashtra,2021-03-16,,Active,P001781,SYNTH_LEGACY_DB
PH009924,9191065271,+91,Carrier_E,Maharashtra,2012-03-01,,Active,P005714,SYNTH_IDENTITY_DB
PH009925,9853506508,+91,Carrier_A,Maharashtra,2017-10-25,2022-05-17,Inactive,P006010,SYNTH_CDR_DB
PH009926,9850850179,+91,Carrier_A,Maharashtra,2023-02-23,,Active,P000234,SYNTH_IDENTITY_DB
PH009927,9995722697,+91,Carrier_C,Maharashtra,2015-01-01,,Active,P004833,SYNTH_TELECOM_DB
PH009928,9839154810,+91,Carrier_E,Maharashtra,2011-03-01,,Active,P005773,SYNTH_IDENTITY_DB
PH009929,9651801098,+91,Carrier_B,Maharashtra,2013-06-28,,Active,P005985,SYNTH_TELECOM_DB
PH009930,9912436975,+91,Carrier_D,Maharashtra,2014-10-26,2020-12-06,Inactive,P001858,SYNTH_IDENTITY_DB
PH009931,9740065482,+91,Carrier_A,Maharashtra,2018-03-10,2022-04-05,Inactive,P005983,SYNTH_TELECOM_DB
PH009932,9518473155,+91,Carrier_D,Maharashtra,2017-12-30,2023-08-24,Inactive,P003576,SYNTH_IDENTITY_DB
PH009933,9372860700,+91,Carrier_E,Maharashtra,2019-07-22,,Active,P005796,SYNTH_TELECOM_DB
PH009934,9468971827,+91,Carrier_B,Maharashtra,2022-05-29,,Active,P002316,SYNTH_TELECOM_DB
PH009935,9931857544,+91,Carrier_D,Maharashtra,2011-04-13,2018-02-14,Inactive,P005665,SYNTH_TELECOM_DB
PH009936,9204738871,+91,Carrier_A,Maharashtra,2018-03-16,2018-07-09,Inactive,P002658,SYNTH_IDENTITY_DB
PH009937,9866703697,+91,Carrier_B,Maharashtra,2012-07-14,,Active,P006193,SYNTH_LEGACY_DB
PH009938,9616523915,+91,Carrier_A,Maharashtra,2013-08-08,,Active,P000078,SYNTH_TELECOM_DB
PH009939,9669649463,+91,Carrier_A,Maharashtra,2016-07-20,2017-10-08,Inactive,P001696,SYNTH_TELECOM_DB
PH009940,9403727077,+91,Carrier_B,Maharashtra,2013-10-20,2015-04-15,Inactive,P006424,SYNTH_TELECOM_DB
PH009941,9305333522,+91,Carrier_A,Maharashtra,2024-04-28,,Active,P001186,SYNTH_CDR_DB
PH009942,9677918156,+91,Carrier_A,Maharashtra,2018-04-22,2019-03-24,Inactive,P005512,SYNTH_CDR_DB
PH009943,9197798013,+91,Carrier_A,Maharashtra,2019-01-18,,Active,P005812,SYNTH_TELECOM_DB
PH009944,9182990100,+91,Carrier_B,Maharashtra,2024-01-29,,Active,P004538,SYNTH_IDENTITY_DB
PH009945,9387692776,+91,Carrier_A,Maharashtra,2014-11-29,2016-07-10,Inactive,P005106,SYNTH_CDR_DB
PH009946,9514310484,+91,Carrier_A,Maharashtra,2021-03-02,,Active,P006311,SYNTH_TELECOM_DB
PH009947,9730221330,+91,Carrier_A,Maharashtra,2021-03-08,,Active,P004648,SYNTH_TELECOM_DB
PH009948,9863838833,+91,Carrier_E,Maharashtra,2014-11-03,,Active,P001799,SYNTH_TELECOM_DB
PH009949,9761406870,+91,Carrier_B,Maharashtra,2011-06-21,,Active,P005447,SYNTH_TELECOM_DB
PH009950,9387083456,+91,Carrier_A,Maharashtra,2014-10-11,,Active,P005429,SYNTH_TELECOM_DB
PH009951,9642522306,+91,Carrier_C,Maharashtra,2010-09-13,2016-05-15,Reassigned,P001003,SYNTH_TELECOM_DB
PH009952,9217615173,+91,Carrier_A,Maharashtra,2021-06-28,,Active,P002483,SYNTH_TELECOM_DB
PH009953,9806628624,+91,Carrier_D,Maharashtra,2017-01-24,,Active,P002963,SYNTH_CDR_DB
PH009954,9299729970,+91,Carrier_B,Maharashtra,2011-07-26,,Active,P005978,SYNTH_TELECOM_DB
PH009955,9239538365,+91,Carrier_A,Maharashtra,2025-12-07,,Active,P003152,SYNTH_TELECOM_DB
PH009956,9194837441,+91,Carrier_B,Maharashtra,2023-08-07,,Active,P002267,SYNTH_TELECOM_DB
PH009957,9561105039,+91,Carrier_A,Maharashtra,2016-12-21,2018-11-16,Inactive,P005696,SYNTH_TELECOM_DB
PH009958,9520867373,+91,Carrier_A,Maharashtra,2010-06-16,,Active,P001595,SYNTH_CDR_DB
PH009959,9935871994,+91,Carrier_A,Maharashtra,2012-05-14,,Active,P006784,SYNTH_TELECOM_DB
PH009960,9377427757,+91,Carrier_B,Maharashtra,2016-11-05,,Active,P006497,SYNTH_CDR_DB
PH009961,9339460640,+91,Carrier_C,Maharashtra,2013-01-11,,Active,P001717,SYNTH_TELECOM_DB
PH009962,9998625861,+91,Carrier_B,Maharashtra,2019-10-03,,Active,P002710,SYNTH_TELECOM_DB
PH009963,9846347359,+91,Carrier_A,Maharashtra,2013-05-15,,Active,P002006,SYNTH_TELECOM_DB
PH009964,9885831361,+91,Carrier_D,Maharashtra,2026-08-10,,Active,P006608,SYNTH_LEGACY_DB
PH009965,9621036139,+91,Carrier_A,Maharashtra,2026-06-29,,Active,P001984,SYNTH_TELECOM_DB
PH009966,9145733040,+91,Carrier_C,Maharashtra,2023-12-30,,Active,P002888,SYNTH_TELECOM_DB
PH009967,9596004238,+91,Carrier_D,Maharashtra,2011-11-30,,Active,P006259,SYNTH_IDENTITY_DB
PH009968,9501240021,+91,Carrier_B,Maharashtra,2023-10-10,,Active,P002765,SYNTH_TELECOM_DB
PH009969,9402639030,+91,Carrier_C,Maharashtra,2010-09-18,2016-09-06,Inactive,P004838,SYNTH_CDR_DB
PH009970,9831008839,+91,Carrier_C,Maharashtra,2019-03-10,,Active,P000313,SYNTH_IDENTITY_DB
PH009971,9758858415,+91,Carrier_E,Maharashtra,2011-01-06,,Active,P006095,SYNTH_TELECOM_DB
PH009972,9243990813,+91,Carrier_A,Maharashtra,2017-03-22,,Active,P000098,SYNTH_CDR_DB
PH009973,9796839194,+91,Carrier_A,Maharashtra,2021-02-20,,Active,P000989,SYNTH_TELECOM_DB
PH009974,9398415661,+91,Carrier_E,Maharashtra,2017-08-21,2024-01-17,Inactive,P004794,SYNTH_TELECOM_DB
PH009975,9616232887,+91,Carrier_B,Maharashtra,2023-10-12,,Active,P000095,SYNTH_IDENTITY_DB
PH009976,9160432254,+91,Carrier_C,Maharashtra,2018-06-03,,Active,P004340,SYNTH_TELECOM_DB
PH009977,9572139834,+91,Carrier_B,Maharashtra,2026-03-18,,Active,P005109,SYNTH_LEGACY_DB
PH009978,9871278952,+91,Carrier_A,Maharashtra,2024-11-15,,Active,P000607,SYNTH_TELECOM_DB
PH009979,9979837359,+91,Carrier_D,Maharashtra,2016-03-08,,Active,P001691,SYNTH_TELECOM_DB
PH009980,9913311061,+91,Carrier_D,Maharashtra,2021-02-09,2026-08-29,Inactive,P006868,SYNTH_IDENTITY_DB
PH009981,9197072297,+91,Carrier_C,Maharashtra,2013-06-21,2015-12-22,Inactive,P004132,SYNTH_IDENTITY_DB
PH009982,9284970430,+91,Carrier_B,Maharashtra,2026-04-25,,Active,P005557,SYNTH_TELECOM_DB
PH009983,9836568498,+91,Carrier_B,Maharashtra,2026-04-15,,Active,P000658,SYNTH_TELECOM_DB
PH009984,9499964175,+91,Carrier_A,Maharashtra,2017-03-18,2020-07-30,Inactive,P005424,SYNTH_IDENTITY_DB
PH009985,9578669077,+91,Carrier_A,Maharashtra,2015-09-15,,Active,P003900,SYNTH_TELECOM_DB
PH009986,9184985559,+91,Carrier_D,Maharashtra,2019-07-15,,Active,P001219,SYNTH_TELECOM_DB
PH009987,9749964704,+91,Carrier_C,Maharashtra,2025-05-06,2026-08-29,Inactive,P003169,SYNTH_IDENTITY_DB
PH009988,9768872969,+91,Carrier_D,Maharashtra,2024-09-08,,Active,P000007,SYNTH_TELECOM_DB
PH009989,9142302064,+91,Carrier_D,Maharashtra,2014-12-18,,Active,P000008,SYNTH_IDENTITY_DB
PH009990,9512626428,+91,Carrier_B,Maharashtra,2014-02-21,,Active,P001590,SYNTH_TELECOM_DB
PH009991,9344493322,+91,Carrier_B,Maharashtra,2014-06-23,,Active,P002615,SYNTH_TELECOM_DB
PH009992,9411835273,+91,Carrier_B,Maharashtra,2014-02-09,,Active,P005159,SYNTH_CDR_DB
PH009993,9989285024,+91,Carrier_A,Maharashtra,2010-07-15,,Active,P005716,SYNTH_IDENTITY_DB
PH009994,9159724722,+91,Carrier_B,Maharashtra,2024-03-06,2026-08-29,Inactive,P006090,SYNTH_TELECOM_DB
PH009995,9771969074,+91,Carrier_A,Maharashtra,2010-06-22,,Active,P004086,SYNTH_TELECOM_DB
PH009996,9728173433,+91,Carrier_A,Maharashtra,2013-04-12,2014-12-16,Inactive,P000375,SYNTH_TELECOM_DB
PH009997,9159386463,+91,Carrier_A,Maharashtra,2024-01-28,,Active,P000986,SYNTH_IDENTITY_DB
PH009998,9669296506,+91,Carrier_A,Maharashtra,2012-12-13,2013-05-21,Inactive,P000955,SYNTH_TELECOM_DB
PH009999,9307312363,+91,Carrier_D,Maharashtra,2012-02-24,,Active,P006287,SYNTH_CDR_DB
PH010000,9307162274,+91,Carrier_A,Maharashtra,2021-09-16,,Active,P002208,SYNTH_TELECOM_DB
